-- MySQL dump 10.13  Distrib 8.0.36, for Win64 (x86_64)
--
-- Host: 3.110.25.168    Database: testdatabase
-- ------------------------------------------------------
-- Server version	8.4.0

/*!40101 SET @OLD_CHARACTER_SET_CLIENT=@@CHARACTER_SET_CLIENT */;
/*!40101 SET @OLD_CHARACTER_SET_RESULTS=@@CHARACTER_SET_RESULTS */;
/*!40101 SET @OLD_COLLATION_CONNECTION=@@COLLATION_CONNECTION */;
/*!50503 SET NAMES utf8mb4 */;
/*!40103 SET @OLD_TIME_ZONE=@@TIME_ZONE */;
/*!40103 SET TIME_ZONE='+00:00' */;
/*!40014 SET @OLD_UNIQUE_CHECKS=@@UNIQUE_CHECKS, UNIQUE_CHECKS=0 */;
/*!40014 SET @OLD_FOREIGN_KEY_CHECKS=@@FOREIGN_KEY_CHECKS, FOREIGN_KEY_CHECKS=0 */;
/*!40101 SET @OLD_SQL_MODE=@@SQL_MODE, SQL_MODE='NO_AUTO_VALUE_ON_ZERO' */;
/*!40111 SET @OLD_SQL_NOTES=@@SQL_NOTES, SQL_NOTES=0 */;

--
-- Table structure for table `TaskUploadModels`
--

DROP TABLE IF EXISTS `TaskUploadModels`;
/*!40101 SET @saved_cs_client     = @@character_set_client */;
/*!50503 SET character_set_client = utf8mb4 */;
CREATE TABLE `TaskUploadModels` (
  `id` int NOT NULL AUTO_INCREMENT,
  `text` varchar(255) DEFAULT NULL,
  `fileUrl` varchar(255) DEFAULT NULL,
  `audioUrl` varchar(255) DEFAULT NULL,
  `isExtendedTask` tinyint(1) DEFAULT '0',
  `createdAt` datetime NOT NULL,
  `updatedAt` datetime NOT NULL,
  `userId` int DEFAULT NULL,
  `programId` int DEFAULT NULL,
  `taskId` int DEFAULT NULL,
  `shapeId` int DEFAULT NULL,
  `customerId` int DEFAULT NULL,
  PRIMARY KEY (`id`),
  KEY `userId` (`userId`),
  KEY `programId` (`programId`),
  KEY `taskId` (`taskId`),
  KEY `shapeId` (`shapeId`),
  KEY `customerId` (`customerId`),
  CONSTRAINT `TaskUploadModels_ibfk_1` FOREIGN KEY (`userId`) REFERENCES `users` (`id`) ON DELETE SET NULL ON UPDATE CASCADE,
  CONSTRAINT `TaskUploadModels_ibfk_2` FOREIGN KEY (`programId`) REFERENCES `programs` (`id`) ON DELETE SET NULL ON UPDATE CASCADE,
  CONSTRAINT `TaskUploadModels_ibfk_3` FOREIGN KEY (`taskId`) REFERENCES `tasks` (`id`) ON DELETE SET NULL ON UPDATE CASCADE,
  CONSTRAINT `TaskUploadModels_ibfk_4` FOREIGN KEY (`shapeId`) REFERENCES `shapes` (`id`) ON DELETE SET NULL ON UPDATE CASCADE,
  CONSTRAINT `TaskUploadModels_ibfk_5` FOREIGN KEY (`customerId`) REFERENCES `customers` (`id`)
) ENGINE=InnoDB AUTO_INCREMENT=452 DEFAULT CHARSET=utf8mb4 COLLATE=utf8mb4_0900_ai_ci;
/*!40101 SET character_set_client = @saved_cs_client */;

--
-- Dumping data for table `TaskUploadModels`
--

LOCK TABLES `TaskUploadModels` WRITE;
/*!40000 ALTER TABLE `TaskUploadModels` DISABLE KEYS */;
INSERT INTO `TaskUploadModels` VALUES (1,'jogging doneeeeeeeeeeeeeeee',NULL,NULL,0,'2024-04-24 07:06:47','2024-06-08 10:31:52',9,9,53,67,1),(2,'jogging doneeeeeeeeeeeeeeee :)','https://postactionsbucket.s3.ap-south-1.amazonaws.com/uploads/images/Tue%20Apr%2023%202024%2018%3A55%3A29%20GMT%2B0000%20%28Coordinated%20Universal%20Time%29_1713942560269317170944468650.jpg',NULL,0,'2024-04-24 07:09:30','2024-06-08 10:31:52',9,2,8,59,1),(3,'Subu, Datta and Nithish','https://postactionsbucket.s3.ap-south-1.amazonaws.com/uploads/images/Tue+Apr+23+2024+18%3A55%3A29+GMT%2B0000+%28Coordinated+Universal+Time%29_17139433755969997492900804058.jpg','https://postactionsbucket.s3.ap-south-1.amazonaws.com/uploads/audio/Tue%20Apr%2023%202024%2018%3A55%3A29%20GMT%2B0000%20%28Coordinated%20Universal%20Time%29_Recorder_20240424_125243.m4a',0,'2024-04-24 07:23:21','2024-06-08 10:31:52',8,2,8,52,1),(4,'did',NULL,'https://postactionsbucket.s3.ap-south-1.amazonaws.com/uploads/audio/Wed%20Apr%2024%202024%2007%3A22%3A40%20GMT%2B0000%20%28Coordinated%20Universal%20Time%29_Recorder_20240424_125341.m4a',0,'2024-04-24 07:23:48','2024-06-08 10:31:52',8,9,53,59,1),(5,'halllo','https://postactionsbucket.s3.ap-south-1.amazonaws.com/uploads/images/Wed+Apr+24+2024+07%3A22%3A40+GMT%2B0000+%28Coordinated+Universal+Time%29_17139437476150797068578629607.jpg',NULL,0,'2024-04-24 07:29:26','2024-06-08 10:31:52',10,9,53,76,1),(6,'hallo','https://postactionsbucket.s3.ap-south-1.amazonaws.com/uploads/images/Wed%20Apr%2024%202024%2007%3A22%3A40%20GMT%2B0000%20%28Coordinated%20Universal%20Time%29_17139439598529558602455437885.jpg',NULL,0,'2024-04-24 07:32:57','2024-06-08 10:31:52',10,2,8,33,1),(7,'ggggghhhgggggggggggggggggggg',NULL,NULL,0,'2024-04-24 07:59:55','2024-06-08 10:31:52',7,2,8,28,1),(8,'dddddddddddddddddssdddddddd',NULL,NULL,0,'2024-04-24 08:00:09','2024-06-08 10:31:52',7,9,53,51,1),(9,'jsnndndnndndndnndndndndbdbb',NULL,NULL,0,'2024-04-24 08:09:29','2024-06-08 10:31:52',11,2,8,4,1),(10,'hdhdbdnndnfnfnfbbfbfhfbfbbfhf',NULL,NULL,0,'2024-04-24 08:09:42','2024-06-08 10:31:52',11,11,67,3,1),(11,'jogging doneeeeeeeeeeeeeeee','https://postactionsbucket.s3.ap-south-1.amazonaws.com/uploads/images/Wed%20Apr%2024%202024%2007%3A56%3A49%20GMT%2B0000%20%28Coordinated%20Universal%20Time%29_17139487565998081001522069435.jpg',NULL,0,'2024-04-24 08:53:34','2024-06-08 10:31:52',12,9,53,37,2),(12,'I have jotted down 3 unique selling points for pitch','https://postactionsbucket.s3.ap-south-1.amazonaws.com/uploads/images/Wed+Apr+24+2024+07%3A56%3A49+GMT%2B0000+%28Coordinated+Universal+Time%29_VID-20240311-WA0013.mp4',NULL,0,'2024-04-24 08:54:34','2024-06-08 10:31:52',12,2,8,33,2),(13,'hsjsjsjdjdjdjdhdjdjdjdjdjdjdjsjdj',NULL,NULL,0,'2024-04-24 11:42:21','2024-06-08 10:31:52',14,10,60,22,1),(14,'yehdjdjdjdjdjdkdkdjdjdjdjdnd',NULL,NULL,0,'2024-04-24 11:42:37','2024-06-08 10:31:52',14,2,8,74,1),(15,'spent 5 minutes on the sales pitch','https://postactionsbucket.s3.ap-south-1.amazonaws.com/uploads/images/Thu%20Apr%2025%202024%2006%3A15%3A43%20GMT%2B0000%20%28Coordinated%20Universal%20Time%29_Snapchat-980639256.mp4',NULL,0,'2024-04-25 06:28:50','2024-06-08 10:31:53',10,2,9,18,1),(16,'taken the stairs for 5minutes ,practiced for 5minutes','https://postactionsbucket.s3.ap-south-1.amazonaws.com/uploads/images/Thu+Apr+25+2024+06%3A15%3A43+GMT%2B0000+%28Coordinated+Universal+Time%29_VID_20240425_120034.mp4',NULL,0,'2024-04-25 06:31:09','2024-06-08 10:31:53',10,9,54,33,1),(17,'have taken the stairs while coming to office','https://postactionsbucket.s3.ap-south-1.amazonaws.com/uploads/images/Thu%20Apr%2025%202024%2006%3A15%3A43%20GMT%2B0000%20%28Coordinated%20Universal%20Time%29_IMG-20240424-WA0040.jpg',NULL,0,'2024-04-25 07:29:04','2024-06-08 10:31:53',12,9,54,6,2),(18,'n','https://postactionsbucket.s3.ap-south-1.amazonaws.com/uploads/images/Thu%20Apr%2025%202024%2006%3A15%3A43%20GMT%2B0000%20%28Coordinated%20Universal%20Time%29_Screenshot_2024-04-25-11-56-18-266_com.app.aspire.jpg','https://postactionsbucket.s3.ap-south-1.amazonaws.com/uploads/audio/Thu%20Apr%2025%202024%2006%3A15%3A43%20GMT%2B0000%20%28Coordinated%20Universal%20Time%29_Recorder_20240425_010933.m4a',0,'2024-04-25 07:39:50','2024-06-08 10:31:53',15,5,28,46,1),(19,NULL,NULL,'https://postactionsbucket.s3.ap-south-1.amazonaws.com/uploads/audio/Thu%20Apr%2025%202024%2006%3A15%3A43%20GMT%2B0000%20%28Coordinated%20Universal%20Time%29_Recorder_20240425_010933.m4a',0,'2024-04-25 07:40:05','2024-06-08 10:31:53',15,9,53,1,1),(20,'testttttttttttttttttttttttt',NULL,NULL,0,'2024-04-25 07:44:23','2024-06-08 10:31:53',12,2,9,58,2),(21,'testShould we enable the customer to add any number of programs? (discuss with KP) - We need to have a screen if there is restriction to assign no. of programs for a user',NULL,NULL,0,'2024-04-25 11:29:04','2024-06-08 10:31:53',12,10,60,37,2),(22,'tShould we enable the customer to add any number of programs? (discuss with KP) - We need to have a screen if there is restriction to assign no. of programs for a user',NULL,NULL,0,'2024-04-25 11:29:55','2024-06-08 10:31:53',12,11,67,36,2),(23,'testShould we enable the customer to add any number of programs? (discuss with KP) - We need to have a screen if there is restriction to assign no. of programs for a user',NULL,NULL,0,'2024-04-25 11:32:57','2024-06-08 10:31:53',12,13,81,43,2),(24,'Should we enable the customer to add any number of programs? (discuss with KP) - We need to have a screen if there is restriction to assign no. of programs for a user',NULL,NULL,0,'2024-04-25 11:33:26','2024-06-08 10:31:53',12,14,88,55,2),(25,'yes, I woke up at 6:30am today',NULL,NULL,0,'2024-04-25 13:48:53','2024-06-08 10:31:53',19,11,67,17,1),(26,'- Jil\njunh\njuk shfndodnosnso',NULL,NULL,0,'2024-04-25 13:50:01','2024-06-08 10:31:53',19,2,8,37,1),(27,'\r\nHello, I have completed todays task','https://postactionsbucket.s3.ap-south-1.amazonaws.com/uploads/images/Thu%20Apr%2025%202024%2006%3A15%3A43%20GMT%2B0000%20%28Coordinated%20Universal%20Time%29_imagefile.jpg','https://postactionsbucket.s3.ap-south-1.amazonaws.com/uploads/audio/Thu%20Apr%2025%202024%2006%3A15%3A43%20GMT%2B0000%20%28Coordinated%20Universal%20Time%29_audio.m4a',0,'2024-04-25 14:04:38','2024-06-08 10:31:53',18,2,8,6,1),(28,'\r\n',NULL,'https://postactionsbucket.s3.ap-south-1.amazonaws.com/uploads/audio/Thu%20Apr%2025%202024%2006%3A15%3A43%20GMT%2B0000%20%28Coordinated%20Universal%20Time%29_audio.m4a',0,'2024-04-25 14:05:06','2024-06-08 10:31:53',18,9,53,68,1),(29,'\r\nThis is to make me fit. I’ll do it regularly.',NULL,NULL,0,'2024-04-25 16:09:27','2024-06-08 10:31:53',20,9,53,6,1),(30,'\r\nThis is a test sample to check the app. This is working properly.',NULL,NULL,0,'2024-04-25 16:10:27','2024-06-08 10:31:53',20,2,8,28,1),(31,'\r\nThis activity is done. This act is done. This act is done.',NULL,NULL,0,'2024-04-25 16:14:11','2024-06-08 10:31:53',20,14,88,63,1),(32,'\r\nI have set the alarm. The alarm will be ringing by 10 am. I need to get up.',NULL,NULL,0,'2024-04-25 16:17:00','2024-06-08 10:31:53',20,11,67,70,1),(33,'\r\nIve done the task for today. Im very happy that I have done this.',NULL,NULL,0,'2024-04-25 16:32:30','2024-06-08 10:31:53',20,13,81,2,1),(34,'done','https://postactionsbucket.s3.ap-south-1.amazonaws.com/uploads/images/Thu+Apr+25+2024+17%3A17%3A30+GMT%2B0000+%28Coordinated+Universal+Time%29_VID_20240422_180512.mp4',NULL,0,'2024-04-25 20:03:05','2024-06-08 10:31:54',10,10,60,61,1),(35,'done','https://postactionsbucket.s3.ap-south-1.amazonaws.com/uploads/images/Fri%20Apr%2026%202024%2003%3A52%3A13%20GMT%2B0000%20%28Coordinated%20Universal%20Time%29_1714104491342439290586723491.jpg',NULL,0,'2024-04-26 04:08:23','2024-06-08 10:31:54',10,10,61,57,1),(36,'done','https://postactionsbucket.s3.ap-south-1.amazonaws.com/uploads/images/Fri%20Apr%2026%202024%2003%3A52%3A13%20GMT%2B0000%20%28Coordinated%20Universal%20Time%29_17141045085444140611492535282.jpg',NULL,0,'2024-04-26 04:08:32','2024-06-08 10:31:54',10,9,54,6,1),(37,'done','https://postactionsbucket.s3.ap-south-1.amazonaws.com/uploads/images/Fri%20Apr%2026%202024%2003%3A52%3A13%20GMT%2B0000%20%28Coordinated%20Universal%20Time%29_17141045177980568172626595447.jpg',NULL,0,'2024-04-26 04:08:42','2024-06-08 10:31:54',10,2,9,60,1),(38,'testinggggggggggggggggggggg',NULL,NULL,0,'2024-04-26 09:45:43','2024-06-08 10:31:54',12,9,54,52,2),(39,'testinggggggggggggggggggggg',NULL,NULL,0,'2024-04-26 09:45:56','2024-06-08 10:31:54',12,2,9,46,2),(40,'testinggggggggggggggggggggg',NULL,NULL,0,'2024-04-26 09:48:00','2024-06-08 10:31:54',12,13,82,45,2),(41,'done','https://postactionsbucket.s3.ap-south-1.amazonaws.com/uploads/images/Fri%20Apr%2026%202024%2010%3A38%3A51%20GMT%2B0000%20%28Coordinated%20Universal%20Time%29_IMG-20240426-WA0003.jpg',NULL,0,'2024-04-26 11:34:39','2024-06-08 10:31:54',10,1,1,54,1),(42,'something okay imma okay okay is',NULL,NULL,0,'2024-04-26 11:36:41','2024-06-08 10:31:54',24,2,8,4,1),(43,'okay okay is is of is us us yes',NULL,NULL,0,'2024-04-26 11:36:58','2024-06-08 10:31:54',24,11,67,56,1),(44,'Jogged for 5 minutes in the park today.',NULL,NULL,0,'2024-04-26 12:36:22','2024-06-08 10:31:54',23,9,53,74,1),(45,'point 1, Point 2, point 3',NULL,NULL,0,'2024-04-26 12:37:43','2024-06-08 10:31:54',23,2,8,33,1),(46,'wemmmamskskksksksksksks jajaskak',NULL,NULL,0,'2024-04-26 13:09:23','2024-06-08 10:31:54',8,2,9,24,1),(47,'done','https://postactionsbucket.s3.ap-south-1.amazonaws.com/uploads/images/Sat%20Apr%2027%202024%2004%3A16%3A07%20GMT%2B0000%20%28Coordinated%20Universal%20Time%29_17141941248760319607399909747.jpg',NULL,0,'2024-04-27 05:02:11','2024-06-08 10:31:54',10,1,2,35,1),(48,'alarm set at 6AM','https://postactionsbucket.s3.ap-south-1.amazonaws.com/uploads/images/Sat%20Apr%2027%202024%2005%3A01%3A59%20GMT%2B0000%20%28Coordinated%20Universal%20Time%29_Screenshot_20240427_083459_Instagram.png',NULL,0,'2024-04-27 08:11:17','2024-06-08 10:31:54',26,11,67,4,1),(49,'product quality, coustermer demand, impact of the product',NULL,NULL,0,'2024-04-27 08:12:02','2024-06-08 10:31:54',26,2,8,32,1),(50,'\r\nTesting tests  test test test',NULL,NULL,0,'2024-04-27 09:10:07','2024-06-08 10:31:54',18,9,54,36,1),(51,NULL,NULL,'https://postactionsbucket.s3.ap-south-1.amazonaws.com/uploads/audio/Sat%20Apr%2027%202024%2005%3A01%3A59%20GMT%2B0000%20%28Coordinated%20Universal%20Time%29_Recorder_20240427_025555.m4a',0,'2024-04-27 09:26:07','2024-06-08 10:31:54',35,3,15,66,1),(52,NULL,'https://postactionsbucket.s3.ap-south-1.amazonaws.com/uploads/images/Sat%20Apr%2027%202024%2005%3A01%3A59%20GMT%2B0000%20%28Coordinated%20Universal%20Time%29_Screenshot_20240427_145604.jpg','https://postactionsbucket.s3.ap-south-1.amazonaws.com/uploads/audio/Sat%20Apr%2027%202024%2005%3A01%3A59%20GMT%2B0000%20%28Coordinated%20Universal%20Time%29_Recorder_20240427_025631.m4a',0,'2024-04-27 09:27:00','2024-06-08 10:31:54',35,11,67,58,1),(53,NULL,'https://postactionsbucket.s3.ap-south-1.amazonaws.com/uploads/images/Sat%20Apr%2027%202024%2005%3A01%3A59%20GMT%2B0000%20%28Coordinated%20Universal%20Time%29_17142111405266237459780209969.jpg','https://postactionsbucket.s3.ap-south-1.amazonaws.com/uploads/audio/Sat%20Apr%2027%202024%2005%3A01%3A59%20GMT%2B0000%20%28Coordinated%20Universal%20Time%29_Recorder_20240427_031529.m4a',0,'2024-04-27 09:45:54','2024-06-08 10:31:54',35,10,60,60,1),(54,'\r\nHahsjeieieuueuenfnclpwplwlkwkwkeke',NULL,NULL,0,'2024-04-27 10:32:11','2024-06-08 10:31:54',36,1,1,21,1),(55,'\r\nHello 1 hello 2\n\nHello 1 hello 2\n\nHello 1 hello 2',NULL,'https://postactionsbucket.s3.ap-south-1.amazonaws.com/uploads/audio/Sat%20Apr%2027%202024%2005%3A01%3A59%20GMT%2B0000%20%28Coordinated%20Universal%20Time%29_audio.m4a',0,'2024-04-27 10:32:50','2024-06-08 10:31:55',36,11,67,79,1),(56,'aaevfvgcggggghffggghhhggghhh',NULL,NULL,0,'2024-04-27 11:57:17','2024-06-08 10:31:55',8,2,9,18,1),(57,'..,.........................',NULL,NULL,0,'2024-04-28 07:37:53','2024-06-08 10:31:55',10,10,61,75,1),(58,NULL,'https://postactionsbucket.s3.ap-south-1.amazonaws.com/uploads/images/Sun%20Apr%2028%202024%2007%3A55%3A55%20GMT%2B0000%20%28Coordinated%20Universal%20Time%29_IMG-20240427-WA0049.jpg',NULL,0,'2024-04-28 07:58:09','2024-06-08 10:31:55',10,1,2,77,1),(59,'\r\nThere didn’t xbsidpellebsbsbs dxxx.','https://postactionsbucket.s3.ap-south-1.amazonaws.com/uploads/images/Sun%20Apr%2028%202024%2007%3A55%3A55%20GMT%2B0000%20%28Coordinated%20Universal%20Time%29_imagefile.jpg','https://postactionsbucket.s3.ap-south-1.amazonaws.com/uploads/audio/Sun%20Apr%2028%202024%2007%3A55%3A55%20GMT%2B0000%20%28Coordinated%20Universal%20Time%29_audio.m4a',0,'2024-04-28 10:46:08','2024-06-08 10:31:55',37,9,53,77,1),(60,'\r\nHi \nHello \nHow are you dfffghg',NULL,NULL,0,'2024-04-28 10:46:56','2024-06-08 10:31:55',37,2,8,75,1),(61,NULL,NULL,'https://postactionsbucket.s3.ap-south-1.amazonaws.com/uploads/audio/Mon%20Apr%2029%202024%2010%3A07%3A32%20GMT%2B0000%20%28Coordinated%20Universal%20Time%29_Recorder_20240429_033722.m4a',0,'2024-04-29 10:07:32','2024-06-08 10:31:55',21,2,8,42,1),(62,NULL,'https://postactionsbucket.s3.ap-south-1.amazonaws.com/uploads/images/Mon%20Apr%2029%202024%2010%3A07%3A54%20GMT%2B0000%20%28Coordinated%20Universal%20Time%29_171438526289203393904012515.jpg','https://postactionsbucket.s3.ap-south-1.amazonaws.com/uploads/audio/Mon%20Apr%2029%202024%2010%3A07%3A54%20GMT%2B0000%20%28Coordinated%20Universal%20Time%29_Recorder_20240429_033722.m4a',0,'2024-04-29 10:07:54','2024-06-08 10:31:55',21,9,53,56,1),(63,'yufjfufjcjcidjdidjxfkckcifkckckc',NULL,NULL,0,'2024-04-29 10:55:21','2024-06-08 10:31:55',8,9,54,15,1),(64,NULL,NULL,'https://postactionsbucket.s3.ap-south-1.amazonaws.com/uploads/audio/Mon%20Apr%2029%202024%2010%3A57%3A12%20GMT%2B0000%20%28Coordinated%20Universal%20Time%29_Recorder_20240429_042659.m4a',0,'2024-04-29 10:57:12','2024-06-08 10:31:55',7,2,9,15,1),(65,'t','https://postactionsbucket.s3.ap-south-1.amazonaws.com/uploads/images/Mon%20Apr%2029%202024%2013%3A29%3A04%20GMT%2B0000%20%28Coordinated%20Universal%20Time%29_17143972737575534849311859635.jpg',NULL,0,'2024-04-29 13:29:04','2024-06-08 10:31:55',10,1,2,54,1),(66,NULL,NULL,'https://postactionsbucket.s3.ap-south-1.amazonaws.com/uploads/audio/Mon%20Apr%2029%202024%2013%3A31%3A13%20GMT%2B0000%20%28Coordinated%20Universal%20Time%29_Recorder_20240429_070058.m4a',0,'2024-04-29 13:31:13','2024-06-08 10:31:55',10,10,61,27,1),(67,NULL,'https://postactionsbucket.s3.ap-south-1.amazonaws.com/uploads/images/Mon%20Apr%2029%202024%2014%3A24%3A17%20GMT%2B0000%20%28Coordinated%20Universal%20Time%29_17144006374914512991861578845.jpg',NULL,0,'2024-04-29 14:24:17','2024-06-08 10:31:55',10,9,54,18,1),(68,NULL,NULL,'https://postactionsbucket.s3.ap-south-1.amazonaws.com/uploads/audio/Mon%20Apr%2029%202024%2014%3A28%3A35%20GMT%2B0000%20%28Coordinated%20Universal%20Time%29_Recorder_20240429_075514.m4a',0,'2024-04-29 14:28:35','2024-06-08 10:31:55',10,2,9,58,1),(69,NULL,NULL,'https://postactionsbucket.s3.ap-south-1.amazonaws.com/uploads/audio/Mon%20Apr%2029%202024%2017%3A32%3A25%20GMT%2B0000%20%28Coordinated%20Universal%20Time%29_Recorder_20240429_110222.m4a',0,'2024-04-29 17:32:25','2024-06-08 10:31:55',12,13,82,43,2),(70,'Done','https://postactionsbucket.s3.ap-south-1.amazonaws.com/uploads/images/Tue%20Apr%2030%202024%2002%3A12%3A51%20GMT%2B0000%20%28Coordinated%20Universal%20Time%29_17144431611404261379753482407.jpg',NULL,0,'2024-04-30 02:12:52','2024-06-08 10:31:55',21,10,60,30,1),(71,'uploaded','https://postactionsbucket.s3.ap-south-1.amazonaws.com/uploads/images/Tue%20Apr%2030%202024%2004%3A28%3A50%20GMT%2B0000%20%28Coordinated%20Universal%20Time%29_Screenshot_20240429-182156.png','https://postactionsbucket.s3.ap-south-1.amazonaws.com/uploads/audio/Tue%20Apr%2030%202024%2004%3A28%3A51%20GMT%2B0000%20%28Coordinated%20Universal%20Time%29_Recorder_20240430_095728.m4a',0,'2024-04-30 04:28:51','2024-06-08 10:31:55',41,10,60,4,1),(72,'what is an customer empathy map',NULL,'https://postactionsbucket.s3.ap-south-1.amazonaws.com/uploads/audio/Tue%20Apr%2030%202024%2004%3A29%3A58%20GMT%2B0000%20%28Coordinated%20Universal%20Time%29_Recorder_20240430_095728.m4a',0,'2024-04-30 04:29:58','2024-06-08 10:31:55',41,3,15,72,1),(73,NULL,'https://postactionsbucket.s3.ap-south-1.amazonaws.com/uploads/images/Tue%20Apr%2030%202024%2007%3A05%3A32%20GMT%2B0000%20%28Coordinated%20Universal%20Time%29_Screenshot_20240430-121717_Aspire.jpg',NULL,0,'2024-04-30 07:05:32','2024-06-08 10:31:55',42,3,15,42,1),(74,NULL,NULL,'https://postactionsbucket.s3.ap-south-1.amazonaws.com/uploads/audio/Tue%20Apr%2030%202024%2007%3A06%3A04%20GMT%2B0000%20%28Coordinated%20Universal%20Time%29_Recorder_20240430_123559.m4a',0,'2024-04-30 07:06:05','2024-06-08 10:31:55',42,11,67,60,1),(75,'bsnsndnnsjsjsjjssjsjhdjdjjdjd','https://postactionsbucket.s3.ap-south-1.amazonaws.com/uploads/images/Tue%20Apr%2030%202024%2008%3A57%3A18%20GMT%2B0000%20%28Coordinated%20Universal%20Time%29_17144674271969444886090844067.jpg','https://postactionsbucket.s3.ap-south-1.amazonaws.com/uploads/audio/Tue%20Apr%2030%202024%2008%3A57%3A18%20GMT%2B0000%20%28Coordinated%20Universal%20Time%29_Recorder_20240430_022647.m4a',0,'2024-04-30 08:57:18','2024-06-08 10:31:55',47,2,8,18,1),(76,'hello I have completed my today task',NULL,'https://postactionsbucket.s3.ap-south-1.amazonaws.com/uploads/audio/Tue%20Apr%2030%202024%2008%3A57%3A53%20GMT%2B0000%20%28Coordinated%20Universal%20Time%29_Recorder_20240430_022647.m4a',0,'2024-04-30 08:57:53','2024-06-08 10:31:56',47,10,60,53,1),(77,'completed','https://postactionsbucket.s3.ap-south-1.amazonaws.com/uploads/images/Tue%20Apr%2030%202024%2009%3A22%3A30%20GMT%2B0000%20%28Coordinated%20Universal%20Time%29_IMG-20240429-WA0023.jpg',NULL,0,'2024-04-30 09:22:30','2024-06-08 10:31:56',45,2,8,78,1),(78,'completed','https://postactionsbucket.s3.ap-south-1.amazonaws.com/uploads/images/Tue%20Apr%2030%202024%2009%3A22%3A55%20GMT%2B0000%20%28Coordinated%20Universal%20Time%29_IMG-20240430-WA0004.jpg',NULL,0,'2024-04-30 09:22:55','2024-06-08 10:31:56',45,9,53,52,1),(79,'\r\n','https://postactionsbucket.s3.ap-south-1.amazonaws.com/uploads/images/Tue%20Apr%2030%202024%2009%3A27%3A33%20GMT%2B0000%20%28Coordinated%20Universal%20Time%29_imagefile.jpg',NULL,0,'2024-04-30 09:27:33','2024-06-08 10:31:56',46,9,53,50,1),(80,'\r\nHidhudvuevusbubeudbybeyebyebybeybeybe',NULL,NULL,0,'2024-04-30 09:28:03','2024-06-08 10:31:56',46,2,8,1,1),(81,'bicycle done',NULL,'https://postactionsbucket.s3.ap-south-1.amazonaws.com/uploads/audio/Tue%20Apr%2030%202024%2009%3A39%3A21%20GMT%2B0000%20%28Coordinated%20Universal%20Time%29_Recorder_20240430_030919.m4a',0,'2024-04-30 09:39:21','2024-06-08 10:31:56',12,10,61,26,2),(82,'\r\nBanana Republic has been in existence since before World of Darkness and the other ones have gone extinct',NULL,NULL,0,'2024-04-30 10:21:47','2024-06-08 10:31:56',5,11,67,50,1),(83,'test','https://postactionsbucket.s3.ap-south-1.amazonaws.com/uploads/images/Tue%20Apr%2030%202024%2013%3A16%3A39%20GMT%2B0000%20%28Coordinated%20Universal%20Time%29_17144829877789917128696548106.jpg',NULL,0,'2024-04-30 13:16:39','2024-06-08 10:31:56',12,13,82,47,2),(84,NULL,'https://postactionsbucket.s3.ap-south-1.amazonaws.com/uploads/images/Wed%20May%2001%202024%2014%3A06%3A34%20GMT%2B0000%20%28Coordinated%20Universal%20Time%29_Screenshot_2024-05-01-14-49-58-70_acdd706dd8c4bb0cda4b7c1fb2e1752b.jpg',NULL,0,'2024-05-01 14:06:35','2024-06-08 10:31:56',47,2,9,4,1),(85,NULL,'https://postactionsbucket.s3.ap-south-1.amazonaws.com/uploads/images/Wed%20May%2001%202024%2014%3A07%3A28%20GMT%2B0000%20%28Coordinated%20Universal%20Time%29_Screenshot_2024-04-30-14-31-56-63_acdd706dd8c4bb0cda4b7c1fb2e1752b.jpg',NULL,0,'2024-05-01 14:07:28','2024-06-08 10:31:56',47,10,61,21,1),(86,'Fantastic it has been since I have been doing this.','https://postactionsbucket.s3.ap-south-1.amazonaws.com/uploads/images/Wed%20May%2001%202024%2015%3A04%3A01%20GMT%2B0000%20%28Coordinated%20Universal%20Time%29_IMG-20240430-WA0032.jpg','https://postactionsbucket.s3.ap-south-1.amazonaws.com/uploads/audio/Wed%20May%2001%202024%2015%3A04%3A01%20GMT%2B0000%20%28Coordinated%20Universal%20Time%29_Recorder_20240501_083319.m4a',0,'2024-05-01 15:04:02','2024-06-08 10:31:56',8,9,54,46,1),(87,'Amazing pitch to a new customer today','https://postactionsbucket.s3.ap-south-1.amazonaws.com/uploads/images/Wed+May+01+2024+15%3A09%3A31+GMT%2B0000+%28Coordinated+Universal+Time%29_1714576157821129166227505757.jpg','https://postactionsbucket.s3.ap-south-1.amazonaws.com/uploads/audio/Wed%20May%2001%202024%2015%3A09%3A31%20GMT%2B0000%20%28Coordinated%20Universal%20Time%29_Recorder_20240501_083915.m4a',0,'2024-05-01 15:09:31','2024-06-08 10:31:56',8,2,9,22,1),(88,'done today\'s task..........','https://postactionsbucket.s3.ap-south-1.amazonaws.com/uploads/images/Wed%20May%2001%202024%2018%3A26%3A36%20GMT%2B0000%20%28Coordinated%20Universal%20Time%29_17145879958960255126275347141.jpg',NULL,0,'2024-05-01 18:26:36','2024-06-08 10:31:56',10,1,2,29,1),(89,NULL,'https://postactionsbucket.s3.ap-south-1.amazonaws.com/uploads/images/Thu%20May%2002%202024%2005%3A28%3A50%20GMT%2B0000%20%28Coordinated%20Universal%20Time%29_17146277125510366407307778872.jpg',NULL,0,'2024-05-02 05:28:50','2024-06-08 10:31:56',47,10,61,36,1),(90,'I completed my today task','https://postactionsbucket.s3.ap-south-1.amazonaws.com/uploads/images/Thu%20May%2002%202024%2006%3A12%3A59%20GMT%2B0000%20%28Coordinated%20Universal%20Time%29_IMG20240501234241.jpg','https://postactionsbucket.s3.ap-south-1.amazonaws.com/uploads/audio/Thu%20May%2002%202024%2006%3A13%3A00%20GMT%2B0000%20%28Coordinated%20Universal%20Time%29_Recorder_20240502_114223.m4a',0,'2024-05-02 06:13:00','2024-06-08 10:31:56',47,2,9,37,1),(91,NULL,'https://postactionsbucket.s3.ap-south-1.amazonaws.com/uploads/images/Thu%20May%2002%202024%2007%3A05%3A29%20GMT%2B0000%20%28Coordinated%20Universal%20Time%29_17146335105422493130927763945.jpg',NULL,0,'2024-05-02 07:05:29','2024-06-08 10:31:56',10,10,61,24,1),(92,'testinggggggggjsjsjsjdjdndhd','https://postactionsbucket.s3.ap-south-1.amazonaws.com/uploads/images/Thu+May+02+2024+08%3A30%3A53+GMT%2B0000+%28Coordinated+Universal+Time%29_17146385941405038529137782035.jpg',NULL,0,'2024-05-02 08:30:53','2024-06-08 10:31:56',12,13,82,31,2),(93,'testingggggggggggggggggggg','https://postactionsbucket.s3.ap-south-1.amazonaws.com/uploads/images/Thu%20May%2002%202024%2008%3A35%3A51%20GMT%2B0000%20%28Coordinated%20Universal%20Time%29_IMG_20240502_123503.jpg',NULL,0,'2024-05-02 08:35:51','2024-06-08 10:31:56',12,10,61,19,2),(94,'jogging doneeeeeeeeeeeeeeee','https://postactionsbucket.s3.ap-south-1.amazonaws.com/uploads/images/Thu+May+02+2024+08%3A37%3A35+GMT%2B0000+%28Coordinated+Universal+Time%29_VID_29320325_201820_424.mp4',NULL,0,'2024-05-02 08:37:36','2024-06-08 10:31:56',12,9,54,36,2),(95,'i have worked on sales pitch',NULL,NULL,0,'2024-05-02 08:38:29','2024-06-08 10:31:56',12,2,9,73,2),(96,NULL,'https://postactionsbucket.s3.ap-south-1.amazonaws.com/uploads/images/Thu%20May%2002%202024%2011%3A37%3A27%20GMT%2B0000%20%28Coordinated%20Universal%20Time%29_17146498085264372803908760817.jpg',NULL,0,'2024-05-02 11:37:27','2024-06-08 10:31:56',46,2,9,41,1),(97,'Awesome pose but didn\'t do the task','https://postactionsbucket.s3.ap-south-1.amazonaws.com/uploads/images/Thu%20May%2002%202024%2013%3A41%3A49%20GMT%2B0000%20%28Coordinated%20Universal%20Time%29_Snapchat-1898350179.jpg',NULL,0,'2024-05-02 13:41:50','2024-06-08 10:31:56',8,9,54,37,1),(98,'Had a very great day. Thank you Aspire!','https://postactionsbucket.s3.ap-south-1.amazonaws.com/uploads/images/Thu+May+02+2024+13%3A44%3A47+GMT%2B0000+%28Coordinated+Universal+Time%29_1714657423749534621838406680.jpg',NULL,0,'2024-05-02 13:44:48','2024-06-08 10:31:57',8,2,9,69,1),(99,'hhhhhhggfgggggggggvhgbbbhhv',NULL,NULL,0,'2024-05-02 14:50:34','2024-06-08 10:31:57',12,12,74,73,2),(100,'hellooooooooooooooooooooooo',NULL,NULL,0,'2024-05-02 14:50:50','2024-06-08 10:31:57',12,14,89,44,2),(101,'hellowwwwwwwwwwwwwwweeewwww',NULL,NULL,0,'2024-05-02 14:51:24','2024-06-08 10:31:57',12,11,68,23,2),(102,'\r\nDone of the dawn of the apes',NULL,NULL,0,'2024-05-02 16:35:19','2024-06-08 10:31:57',47,9,53,60,1),(103,'\r\nI feel energetic and fresh now.',NULL,NULL,0,'2024-05-02 18:02:35','2024-06-08 10:31:57',48,10,60,75,1),(104,'\r\nI was able to read 1 page of the book and I learnt a new word.',NULL,NULL,0,'2024-05-02 18:07:52','2024-06-08 10:31:57',48,15,95,65,1),(105,'testinggggggggggggggggggggg',NULL,NULL,0,'2024-05-03 05:20:29','2024-06-08 10:31:57',12,14,89,62,2),(106,'testinggggggggggggggggggggg','https://postactionsbucket.s3.ap-south-1.amazonaws.com/uploads/images/Fri%20May%2003%202024%2005%3A21%3A18%20GMT%2B0000%20%28Coordinated%20Universal%20Time%29_17147136713131809436028882183.jpg',NULL,0,'2024-05-03 05:21:18','2024-06-08 10:31:57',12,2,9,41,2),(107,'testinggggggggggggggggggggg','https://postactionsbucket.s3.ap-south-1.amazonaws.com/uploads/images/Fri%20May%2003%202024%2005%3A22%3A56%20GMT%2B0000%20%28Coordinated%20Universal%20Time%29_IMG_20240317_063316.jpg',NULL,0,'2024-05-03 05:22:57','2024-06-08 10:31:57',12,13,82,58,2),(108,'ならたさひぬひさかなかなはさあらなをたやまからたらまさらりまはまらた',NULL,NULL,0,'2024-05-03 07:11:53','2024-06-08 10:31:57',8,9,54,46,1),(109,'これは素晴らしい瞬間です Translate this❤️','https://postactionsbucket.s3.ap-south-1.amazonaws.com/uploads/images/Fri+May+03+2024+07%3A13%3A42+GMT%2B0000+%28Coordinated+Universal+Time%29_17147204081427948564389578592.jpg',NULL,0,'2024-05-03 07:13:43','2024-06-08 10:31:57',8,2,9,76,1),(110,NULL,'https://postactionsbucket.s3.ap-south-1.amazonaws.com/uploads/images/Fri%20May%2003%202024%2012%3A40%3A30%20GMT%2B0000%20%28Coordinated%20Universal%20Time%29_IMG-20240503-WA0015.jpg',NULL,0,'2024-05-03 12:40:31','2024-06-08 10:31:57',51,3,15,48,1),(111,NULL,'https://postactionsbucket.s3.ap-south-1.amazonaws.com/uploads/images/Fri%20May%2003%202024%2012%3A41%3A20%20GMT%2B0000%20%28Coordinated%20Universal%20Time%29_17147400474871148680756742621.jpg',NULL,0,'2024-05-03 12:41:20','2024-06-08 10:31:57',51,9,53,42,1),(112,'\r\nIt was nice stretching after a long day.',NULL,NULL,0,'2024-05-03 12:58:03','2024-06-08 10:31:57',48,10,61,25,1),(113,NULL,'https://postactionsbucket.s3.ap-south-1.amazonaws.com/uploads/images/Fri%20May%2003%202024%2013%3A41%3A51%20GMT%2B0000%20%28Coordinated%20Universal%20Time%29_17147437035015708191737125417.jpg',NULL,0,'2024-05-03 13:41:51','2024-06-08 10:31:57',12,9,54,41,2),(114,NULL,'https://postactionsbucket.s3.ap-south-1.amazonaws.com/uploads/images/Fri%20May%2003%202024%2013%3A45%3A19%20GMT%2B0000%20%28Coordinated%20Universal%20Time%29_17147439104520127582842064868.jpg',NULL,0,'2024-05-03 13:45:19','2024-06-08 10:31:57',12,11,68,69,2),(115,'Doneeeeeeeeeeeeeeeeeeeeeeee',NULL,NULL,0,'2024-05-03 13:45:46','2024-06-08 10:31:57',12,12,75,42,2),(116,'Testttttttttttttttttttttttt',NULL,NULL,0,'2024-05-03 13:45:58','2024-06-08 10:31:57',12,10,61,41,2),(117,'cjcjfifififigigoggogogfittjt',NULL,NULL,0,'2024-05-04 07:22:52','2024-06-08 10:31:57',7,2,9,42,1),(118,'Done watching sales tutorial','https://postactionsbucket.s3.ap-south-1.amazonaws.com/uploads/images/Sat%20May%2004%202024%2011%3A01%3A06%20GMT%2B0000%20%28Coordinated%20Universal%20Time%29_17148203541382399801987977781.jpg',NULL,0,'2024-05-04 11:01:07','2024-06-08 10:31:58',10,1,2,72,1),(119,'Taken stairs for 5 minutes',NULL,NULL,0,'2024-05-04 11:04:31','2024-06-08 10:31:58',47,9,54,31,1),(120,NULL,NULL,'https://postactionsbucket.s3.ap-south-1.amazonaws.com/uploads/audio/Sat%20May%2004%202024%2011%3A06%3A42%20GMT%2B0000%20%28Coordinated%20Universal%20Time%29_Recorder_20240504_043633.m4a',0,'2024-05-04 11:06:42','2024-06-08 10:31:58',47,10,61,6,1),(121,'............................',NULL,NULL,0,'2024-05-04 11:07:05','2024-06-08 10:31:58',47,2,9,45,1),(122,'Testinggggggggggggggggggggg',NULL,NULL,0,'2024-05-05 05:47:10','2024-06-08 10:31:58',12,12,75,24,2),(123,'I have taken stairs for 5 minutes',NULL,NULL,0,'2024-05-05 05:48:08','2024-06-08 10:31:58',12,9,54,19,2),(124,'I have spent 5 mins on sales pitch today',NULL,NULL,0,'2024-05-05 05:48:35','2024-06-08 10:31:58',12,2,9,32,2),(125,'Read 2 pages from a hard copy book before sleeping',NULL,NULL,0,'2024-05-05 05:49:25','2024-06-08 10:31:58',12,14,89,2,2),(126,'Restinggggggghhhhhhhhjsjsjdjdjd',NULL,NULL,0,'2024-05-05 05:49:54','2024-06-08 10:31:58',12,13,82,22,2),(127,'Bla bla bla bla bla bla bla',NULL,NULL,0,'2024-05-05 05:50:13','2024-06-08 10:31:58',12,11,68,66,2),(128,NULL,'https://postactionsbucket.s3.ap-south-1.amazonaws.com/uploads/images/Sun%20May%2005%202024%2007%3A21%3A41%20GMT%2B0000%20%28Coordinated%20Universal%20Time%29_17148936765149776007845816307.jpg',NULL,0,'2024-05-05 07:21:41','2024-06-08 10:31:58',10,1,2,39,1),(129,NULL,'https://postactionsbucket.s3.ap-south-1.amazonaws.com/uploads/images/Sun+May+05+2024+07%3A23%3A35+GMT%2B0000+%28Coordinated+Universal+Time%29_VID-20240504-WA0018.mp4',NULL,0,'2024-05-05 07:23:35','2024-06-08 10:31:58',10,10,61,79,1),(130,NULL,'https://postactionsbucket.s3.ap-south-1.amazonaws.com/uploads/images/Sun+May+05+2024+07%3A27%3A50+GMT%2B0000+%28Coordinated+Universal+Time%29_VID-20240310-WA0078.mp4',NULL,0,'2024-05-05 07:27:51','2024-06-08 10:31:58',10,9,54,48,1),(131,NULL,'https://postactionsbucket.s3.ap-south-1.amazonaws.com/uploads/images/Sun+May+05+2024+07%3A31%3A39+GMT%2B0000+%28Coordinated+Universal+Time%29_VID_20240422_181121.mp4',NULL,0,'2024-05-05 07:31:39','2024-06-08 10:31:58',10,2,9,67,1),(132,'Did bicycle crunches for 5 mins',NULL,NULL,0,'2024-05-05 10:53:22','2024-06-08 10:31:58',12,10,61,57,2),(133,'I had a lift so didn\'t use the stairs','https://postactionsbucket.s3.ap-south-1.amazonaws.com/uploads/images/Sun%20May%2005%202024%2014%3A07%3A22%20GMT%2B0000%20%28Coordinated%20Universal%20Time%29_VID-20240505-WA0018.mp4',NULL,0,'2024-05-05 14:07:22','2024-06-08 10:31:58',8,9,54,62,1),(134,'testinggggggggggggggggggggg',NULL,NULL,0,'2024-05-06 06:30:31','2024-06-08 10:31:58',12,2,9,20,2),(135,'Testinggggggggggggggggggggg',NULL,NULL,0,'2024-05-06 08:08:22','2024-06-08 10:31:58',12,12,75,42,2),(136,'testinggggggggggggggggggggg',NULL,NULL,0,'2024-05-06 08:09:44','2024-06-08 10:31:58',12,9,54,26,2),(137,'\r\nI had done 40 minutes of walk',NULL,NULL,0,'2024-05-06 09:49:11','2024-06-08 10:31:58',50,9,53,35,1),(138,'\r\nHad a self reflection time',NULL,NULL,0,'2024-05-06 09:50:17','2024-06-08 10:31:58',50,15,95,15,1),(139,'Testinggggggggggggggggggggg',NULL,NULL,0,'2024-05-06 09:56:21','2024-06-08 10:31:59',12,14,89,70,2),(140,'Testinggggggggggggggggggggg','https://postactionsbucket.s3.ap-south-1.amazonaws.com/uploads/images/Mon%20May%2006%202024%2009%3A56%3A45%20GMT%2B0000%20%28Coordinated%20Universal%20Time%29_17149893947929069432651317973.jpg',NULL,0,'2024-05-06 09:56:45','2024-06-08 10:31:59',12,13,82,74,2),(141,'Testinggggggggggggggggggggg','https://postactionsbucket.s3.ap-south-1.amazonaws.com/uploads/images/Mon%20May%2006%202024%2009%3A57%3A09%20GMT%2B0000%20%28Coordinated%20Universal%20Time%29_17149894234204974276639832783.jpg',NULL,0,'2024-05-06 09:57:09','2024-06-08 10:31:59',12,11,68,26,2),(142,'Testinggggggggggggggggggggg',NULL,NULL,0,'2024-05-06 09:57:21','2024-06-08 10:31:59',12,10,61,19,2),(143,NULL,'https://postactionsbucket.s3.ap-south-1.amazonaws.com/uploads/images/Mon+May+06+2024+11%3A12%3A38+GMT%2B0000+%28Coordinated+Universal+Time%29_VID_20240429_195650.mp4',NULL,0,'2024-05-06 11:12:38','2024-06-08 10:31:59',10,1,2,53,1),(144,'Dhhjdjsbbifjxksmnnmkjvfyjh',NULL,NULL,0,'2024-05-06 13:23:14','2024-06-08 10:31:59',53,3,15,28,1),(145,'dhlhdjsmsgdkksnnsghfkkdhsgh',NULL,NULL,0,'2024-05-06 13:24:04','2024-06-08 10:31:59',53,9,53,69,1),(146,'Pitched Aspire product to a marketing person',NULL,NULL,0,'2024-05-06 13:41:51','2024-06-08 10:31:59',7,2,9,29,1),(147,NULL,'https://postactionsbucket.s3.ap-south-1.amazonaws.com/uploads/images/Tue+May+07+2024+06%3A07%3A36+GMT%2B0000+%28Coordinated+Universal+Time%29_screenrecording_20240214_174629.mp4',NULL,0,'2024-05-07 06:07:36','2024-06-08 10:31:59',10,3,15,50,1),(148,'Testinggggggggggggggggggggg',NULL,NULL,0,'2024-05-07 06:49:50','2024-06-08 10:31:59',12,11,68,18,2),(149,'testinggggggggggggggggggggg',NULL,NULL,0,'2024-05-07 07:04:11','2024-06-08 10:31:59',12,12,75,44,2),(150,'Yesssssssssssssssssssssssss',NULL,NULL,0,'2024-05-07 07:07:01','2024-06-08 10:31:59',12,2,9,77,2),(151,'Testinggggggggggggggggggggg',NULL,NULL,0,'2024-05-07 07:07:13','2024-06-08 10:31:59',12,14,89,50,2),(152,NULL,'https://postactionsbucket.s3.ap-south-1.amazonaws.com/uploads/images/Tue%20May%2007%202024%2008%3A05%3A23%20GMT%2B0000%20%28Coordinated%20Universal%20Time%29_17150690232719672418604323209.jpg','https://postactionsbucket.s3.ap-south-1.amazonaws.com/uploads/audio/Tue%20May%2007%202024%2008%3A05%3A23%20GMT%2B0000%20%28Coordinated%20Universal%20Time%29_Recorder_20240507_013514.m4a',0,'2024-05-07 08:05:23','2024-06-08 10:31:59',47,3,15,65,1),(153,NULL,'https://postactionsbucket.s3.ap-south-1.amazonaws.com/uploads/images/Tue+May+07+2024+10%3A20%3A43+GMT%2B0000+%28Coordinated+Universal+Time%29_00-105.JPG',NULL,0,'2024-05-07 10:20:43','2024-06-08 10:31:59',10,1,2,67,1),(154,NULL,NULL,'https://postactionsbucket.s3.ap-south-1.amazonaws.com/uploads/audio/Tue%20May%2007%202024%2010%3A23%3A02%20GMT%2B0000%20%28Coordinated%20Universal%20Time%29_Recorder_20240507_035249.m4a',0,'2024-05-07 10:23:02','2024-06-08 10:31:59',10,10,61,60,1),(155,NULL,NULL,'https://postactionsbucket.s3.ap-south-1.amazonaws.com/uploads/audio/Tue%20May%2007%202024%2010%3A29%3A21%20GMT%2B0000%20%28Coordinated%20Universal%20Time%29_Recorder_20240507_035902.m4a',0,'2024-05-07 10:29:21','2024-06-08 10:31:59',10,9,54,48,1),(156,'I didn\'t practice sales pitch but I got coins 🤭',NULL,NULL,0,'2024-05-07 10:30:32','2024-06-08 10:31:59',10,2,9,39,1),(157,NULL,'https://postactionsbucket.s3.ap-south-1.amazonaws.com/uploads/images/Tue%20May%2007%202024%2010%3A34%3A47%20GMT%2B0000%20%28Coordinated%20Universal%20Time%29_IMG-20240507-WA0000.jpg',NULL,0,'2024-05-07 10:34:47','2024-06-08 10:31:59',12,13,82,62,2),(158,NULL,NULL,'https://postactionsbucket.s3.ap-south-1.amazonaws.com/uploads/audio/Tue%20May%2007%202024%2010%3A35%3A35%20GMT%2B0000%20%28Coordinated%20Universal%20Time%29_Recorder_20240507_040531.m4a',0,'2024-05-07 10:35:35','2024-06-08 10:31:59',12,10,61,33,2),(159,'\r\n','https://postactionsbucket.s3.ap-south-1.amazonaws.com/uploads/images/Tue%20May%2007%202024%2011%3A25%3A06%20GMT%2B0000%20%28Coordinated%20Universal%20Time%29_imagefile.jpg',NULL,0,'2024-05-07 11:25:06','2024-06-08 10:32:00',46,9,54,62,1),(160,'\r\nHennenenenennendnenekkwkskks','https://postactionsbucket.s3.ap-south-1.amazonaws.com/uploads/images/Tue%20May%2007%202024%2011%3A30%3A29%20GMT%2B0000%20%28Coordinated%20Universal%20Time%29_imagefile.jpg',NULL,0,'2024-05-07 11:30:30','2024-06-08 10:32:00',46,2,9,33,1),(161,NULL,'https://postactionsbucket.s3.ap-south-1.amazonaws.com/uploads/images/Tue+May+07+2024+14%3A11%3A47+GMT%2B0000+%28Coordinated+Universal+Time%29_00-29.JPG',NULL,0,'2024-05-07 14:11:48','2024-06-08 10:32:00',10,12,74,78,1),(162,'Hmmjsn jienhgva ujnejzmmxi','https://postactionsbucket.s3.ap-south-1.amazonaws.com/uploads/images/Wed%20May%2008%202024%2005%3A04%3A56%20GMT%2B0000%20%28Coordinated%20Universal%20Time%29_IMG20240507200909.heic',NULL,0,'2024-05-08 05:04:56','2024-06-08 10:32:00',8,2,9,17,1),(163,'Good and refreshing to take the stairs','https://postactionsbucket.s3.ap-south-1.amazonaws.com/uploads/images/Wed%20May%2008%202024%2005%3A06%3A29%20GMT%2B0000%20%28Coordinated%20Universal%20Time%29_IMG-20240507-WA0000.jpg',NULL,0,'2024-05-08 05:06:29','2024-06-08 10:32:00',8,9,54,40,1),(164,NULL,'https://postactionsbucket.s3.ap-south-1.amazonaws.com/uploads/images/Wed%20May%2008%202024%2007%3A22%3A39%20GMT%2B0000%20%28Coordinated%20Universal%20Time%29_17151529545144341493736976144.jpg',NULL,0,'2024-05-08 07:22:39','2024-06-08 10:32:00',46,12,74,2,1),(165,'I have done reading for the day',NULL,NULL,0,'2024-05-08 07:55:10','2024-06-08 10:32:00',12,14,89,22,2),(166,'Testinggggggggggggggggggggg',NULL,NULL,0,'2024-05-08 11:56:14','2024-06-08 10:32:00',12,12,75,26,2),(167,'Testinggggggggggggggggggt',NULL,NULL,0,'2024-05-08 14:14:41','2024-06-08 10:32:00',12,13,82,20,2),(168,'Yesterday 10k already paid',NULL,NULL,0,'2024-05-08 17:00:54','2024-06-08 10:32:00',12,11,68,1,2),(169,NULL,'https://postactionsbucket.s3.ap-south-1.amazonaws.com/uploads/images/Wed+May+08+2024+17%3A01%3A59+GMT%2B0000+%28Coordinated+Universal+Time%29_video_20240506_151955.mp4',NULL,0,'2024-05-08 17:02:00','2024-06-08 10:32:00',12,9,54,6,2),(170,'Testinggggggggggggggggggt',NULL,NULL,0,'2024-05-08 17:03:50','2024-06-08 10:32:00',12,10,61,41,2),(171,'\r\nMy on the rhehehehhbef ndbbrbehehgeh',NULL,NULL,0,'2024-05-08 19:22:53','2024-06-08 10:32:00',7,2,9,78,1),(172,'どうやってアウトを出すかを確認するためにこれを試しています',NULL,NULL,0,'2024-05-09 05:18:15','2024-06-08 10:32:00',8,2,9,59,1),(173,'Testinggggggggggggggggggt',NULL,NULL,0,'2024-05-09 07:43:12','2024-06-08 10:32:00',12,10,61,34,2),(174,'Coooooooooooooooioiooooiooool','https://postactionsbucket.s3.ap-south-1.amazonaws.com/uploads/images/Thu+May+09+2024+07%3A53%3A52+GMT%2B0000+%28Coordinated+Universal+Time%29_17152411928181415736669253585.jpg',NULL,0,'2024-05-09 07:53:53','2024-06-08 10:32:00',8,9,54,74,1),(175,'testinggggggggggggggggggt',NULL,NULL,0,'2024-05-09 08:42:07','2024-06-08 10:32:00',12,12,75,32,2),(176,'testinggggggggggggggggggt',NULL,NULL,0,'2024-05-09 08:43:12','2024-06-08 10:32:00',12,14,89,26,2),(177,NULL,'https://postactionsbucket.s3.ap-south-1.amazonaws.com/uploads/images/Thu+May+09+2024+09%3A50%3A48+GMT%2B0000+%28Coordinated+Universal+Time%29_simulator_screen_recording_-_iphone_15_pro_-_2024-01-29_at_17.41.18.mp4',NULL,0,'2024-05-09 09:50:49','2024-06-08 10:32:00',10,12,75,48,1),(178,NULL,'https://postactionsbucket.s3.ap-south-1.amazonaws.com/uploads/images/Thu%20May%2009%202024%2009%3A53%3A46%20GMT%2B0000%20%28Coordinated%20Universal%20Time%29_17152484176345610406903816576.jpg',NULL,0,'2024-05-09 09:53:47','2024-06-08 10:32:00',10,3,16,61,1),(179,NULL,'https://postactionsbucket.s3.ap-south-1.amazonaws.com/uploads/images/Thu+May+09+2024+10%3A09%3A53+GMT%2B0000+%28Coordinated+Universal+Time%29_Mr.+Rudraiah+%26+Sumana+-+Muhuratham.mp4',NULL,0,'2024-05-09 10:09:54','2024-06-08 10:32:00',10,1,2,27,1),(180,NULL,'https://postactionsbucket.s3.ap-south-1.amazonaws.com/uploads/images/Thu%20May%2009%202024%2011%3A18%3A11%20GMT%2B0000%20%28Coordinated%20Universal%20Time%29_17152534723600089153070367590.jpg',NULL,0,'2024-05-09 11:18:11','2024-06-08 10:32:00',10,10,61,62,1),(181,'\r\n','https://postactionsbucket.s3.ap-south-1.amazonaws.com/uploads/images/Thu%20May%2009%202024%2012%3A55%3A00%20GMT%2B0000%20%28Coordinated%20Universal%20Time%29_imagefile.jpg',NULL,0,'2024-05-09 12:55:01','2024-06-08 10:32:01',47,3,16,57,1),(182,'\r\nIvviguguguvuvubikbkbivuvivuviv',NULL,NULL,0,'2024-05-09 13:03:45','2024-06-08 10:32:01',47,9,54,63,1),(183,NULL,'https://postactionsbucket.s3.ap-south-1.amazonaws.com/uploads/images/Thu%20May%2009%202024%2013%3A10%3A07%20GMT%2B0000%20%28Coordinated%20Universal%20Time%29_17152601958522664727871114567.jpg','https://postactionsbucket.s3.ap-south-1.amazonaws.com/uploads/audio/Thu%20May%2009%202024%2013%3A10%3A07%20GMT%2B0000%20%28Coordinated%20Universal%20Time%29_Recorder_20240509_063951.m4a',0,'2024-05-09 13:10:07','2024-06-08 10:32:01',12,13,82,51,2),(184,'\r\nNdndndndnbenrndnenenenenejrnb','https://postactionsbucket.s3.ap-south-1.amazonaws.com/uploads/images/Thu%20May%2009%202024%2014%3A03%3A49%20GMT%2B0000%20%28Coordinated%20Universal%20Time%29_imagefile.jpg',NULL,0,'2024-05-09 14:03:50','2024-06-08 10:32:01',60,2,8,1,1),(185,NULL,'https://postactionsbucket.s3.ap-south-1.amazonaws.com/uploads/images/Thu+May+09+2024+14%3A11%3A53+GMT%2B0000+%28Coordinated+Universal+Time%29_17152638723140360491265050083.jpg',NULL,0,'2024-05-09 14:11:54','2024-06-08 10:32:01',10,9,54,33,1),(186,'\r\n','https://postactionsbucket.s3.ap-south-1.amazonaws.com/uploads/images/Thu%20May%2009%202024%2014%3A30%3A50%20GMT%2B0000%20%28Coordinated%20Universal%20Time%29_imagefile.jpg',NULL,0,'2024-05-09 14:30:50','2024-06-08 10:32:01',60,9,53,5,1),(187,NULL,'https://postactionsbucket.s3.ap-south-1.amazonaws.com/uploads/images/Thu%20May%2009%202024%2015%3A02%3A44%20GMT%2B0000%20%28Coordinated%20Universal%20Time%29_17152669301113554433363792145.jpg',NULL,0,'2024-05-09 15:02:44','2024-06-08 10:32:01',61,3,15,59,1),(188,NULL,'https://postactionsbucket.s3.ap-south-1.amazonaws.com/uploads/images/Thu%20May%2009%202024%2015%3A05%3A59%20GMT%2B0000%20%28Coordinated%20Universal%20Time%29_Screenshot_2024-05-09-20-32-53-15_acdd706dd8c4bb0cda4b7c1fb2e1752b.jpg','https://postactionsbucket.s3.ap-south-1.amazonaws.com/uploads/audio/Thu%20May%2009%202024%2015%3A06%3A00%20GMT%2B0000%20%28Coordinated%20Universal%20Time%29_Recorder_20240509_083545.m4a',0,'2024-05-09 15:06:00','2024-06-08 10:32:01',61,10,60,76,1),(189,'bla bla\n\nbla bla\n\nbla bla\n\nbla bla',NULL,NULL,0,'2024-05-09 15:44:31','2024-06-08 10:32:01',57,2,8,61,1),(190,NULL,'https://postactionsbucket.s3.ap-south-1.amazonaws.com/uploads/images/Fri%20May%2010%202024%2005%3A11%3A14%20GMT%2B0000%20%28Coordinated%20Universal%20Time%29_17153178655545974515405981986.jpg',NULL,0,'2024-05-10 05:11:15','2024-06-08 10:32:01',12,2,9,18,2),(191,NULL,'https://postactionsbucket.s3.ap-south-1.amazonaws.com/uploads/images/Fri%20May%2010%202024%2007%3A06%3A59%20GMT%2B0000%20%28Coordinated%20Universal%20Time%29_17153247875151469502342607603.jpg',NULL,0,'2024-05-10 07:06:59','2024-06-08 10:32:01',10,12,75,19,1),(192,NULL,'https://postactionsbucket.s3.ap-south-1.amazonaws.com/uploads/images/Fri%20May%2010%202024%2008%3A10%3A48%20GMT%2B0000%20%28Coordinated%20Universal%20Time%29_Screenshot_2024-05-10-13-19-11-06_acdd706dd8c4bb0cda4b7c1fb2e1752b.jpg','https://postactionsbucket.s3.ap-south-1.amazonaws.com/uploads/audio/Fri%20May%2010%202024%2008%3A10%3A48%20GMT%2B0000%20%28Coordinated%20Universal%20Time%29_Recorder_20240510_014036.m4a',0,'2024-05-10 08:10:48','2024-06-08 10:32:01',65,2,8,43,1),(193,'\r\n','https://postactionsbucket.s3.ap-south-1.amazonaws.com/uploads/images/Fri%20May%2010%202024%2008%3A11%3A11%20GMT%2B0000%20%28Coordinated%20Universal%20Time%29_imagefile.jpg','https://postactionsbucket.s3.ap-south-1.amazonaws.com/uploads/audio/Fri%20May%2010%202024%2008%3A11%3A11%20GMT%2B0000%20%28Coordinated%20Universal%20Time%29_audio.m4a',0,'2024-05-10 08:11:11','2024-06-08 10:32:01',66,2,8,63,1),(194,'\r\nBhhjkgivjvjvuvjvjvigmbkbibibib','https://postactionsbucket.s3.ap-south-1.amazonaws.com/uploads/images/Fri%20May%2010%202024%2008%3A39%3A06%20GMT%2B0000%20%28Coordinated%20Universal%20Time%29_imagefile.jpg','https://postactionsbucket.s3.ap-south-1.amazonaws.com/uploads/audio/Fri%20May%2010%202024%2008%3A39%3A06%20GMT%2B0000%20%28Coordinated%20Universal%20Time%29_audio.m4a',0,'2024-05-10 08:39:06','2024-06-08 10:32:01',66,9,53,46,1),(195,'I did use stairs while coming to office today',NULL,NULL,0,'2024-05-10 08:45:47','2024-06-08 10:32:01',12,9,54,43,2),(196,'jfchchcychchchchchchchchchchc','https://postactionsbucket.s3.ap-south-1.amazonaws.com/uploads/images/Fri%20May%2010%202024%2008%3A51%3A02%20GMT%2B0000%20%28Coordinated%20Universal%20Time%29_Screenshot_2024-05-10-13-40-58-86_acdd706dd8c4bb0cda4b7c1fb2e1752b.jpg','https://postactionsbucket.s3.ap-south-1.amazonaws.com/uploads/audio/Fri%20May%2010%202024%2008%3A51%3A02%20GMT%2B0000%20%28Coordinated%20Universal%20Time%29_Recorder_20240510_022055.m4a',0,'2024-05-10 08:51:02','2024-06-08 10:32:01',65,9,53,46,1),(197,'testinggggggggggggggggggggg',NULL,NULL,0,'2024-05-10 09:27:44','2024-06-08 10:32:01',12,10,61,77,2),(198,NULL,'https://postactionsbucket.s3.ap-south-1.amazonaws.com/uploads/images/Fri+May+10+2024+17%3A04%3A18+GMT%2B0000+%28Coordinated+Universal+Time%29_simulator_screen_recording_-_iphone_15_pro_-_2024-01-29_at_17.41.18.mp4',NULL,0,'2024-05-10 17:04:18','2024-06-08 10:32:01',10,3,16,41,1),(199,'Yaaaaaaaaaaaaaaaaaaaaaaay',NULL,NULL,0,'2024-05-11 04:29:46','2024-06-08 10:32:01',8,9,54,45,1),(200,'Testinggggggggggggggggggggg',NULL,NULL,0,'2024-05-11 06:34:41','2024-06-08 10:32:01',12,13,82,49,2),(201,NULL,'https://postactionsbucket.s3.ap-south-1.amazonaws.com/uploads/images/Sat%20May%2011%202024%2006%3A58%3A48%20GMT%2B0000%20%28Coordinated%20Universal%20Time%29_Screenshot_2024-05-11-10-44-43-97_acdd706dd8c4bb0cda4b7c1fb2e1752b.jpg','https://postactionsbucket.s3.ap-south-1.amazonaws.com/uploads/audio/Sat%20May%2011%202024%2006%3A58%3A48%20GMT%2B0000%20%28Coordinated%20Universal%20Time%29_Recorder_20240511_122828.m4a',0,'2024-05-11 06:58:48','2024-06-08 10:32:02',68,2,8,19,1),(202,NULL,'https://postactionsbucket.s3.ap-south-1.amazonaws.com/uploads/images/Sat+May+11+2024+07%3A02%3A34+GMT%2B0000+%28Coordinated+Universal+Time%29_17154109345445663506358539818.jpg',NULL,0,'2024-05-11 07:02:35','2024-06-08 10:32:02',68,10,60,19,1),(203,NULL,'https://postactionsbucket.s3.ap-south-1.amazonaws.com/uploads/images/Sat+May+11+2024+07%3A15%3A16+GMT%2B0000+%28Coordinated+Universal+Time%29_17154116903921688391379194182.jpg',NULL,0,'2024-05-11 07:15:16','2024-06-08 10:32:02',68,9,53,30,1),(204,NULL,'https://postactionsbucket.s3.ap-south-1.amazonaws.com/uploads/images/Sat%20May%2011%202024%2007%3A45%3A21%20GMT%2B0000%20%28Coordinated%20Universal%20Time%29_Screenshot_2024-05-11-12-23-52-13_acdd706dd8c4bb0cda4b7c1fb2e1752b.jpg',NULL,0,'2024-05-11 07:45:21','2024-06-08 10:32:02',47,3,16,40,1),(205,NULL,'https://postactionsbucket.s3.ap-south-1.amazonaws.com/uploads/images/Sat%20May%2011%202024%2007%3A45%3A39%20GMT%2B0000%20%28Coordinated%20Universal%20Time%29_Screenshot_2024-05-11-12-23-52-13_acdd706dd8c4bb0cda4b7c1fb2e1752b.jpg',NULL,0,'2024-05-11 07:45:39','2024-06-08 10:32:02',47,9,54,29,1),(206,NULL,'https://postactionsbucket.s3.ap-south-1.amazonaws.com/uploads/images/Sat%20May%2011%202024%2007%3A46%3A17%20GMT%2B0000%20%28Coordinated%20Universal%20Time%29_VID-20240510-WA0025.mp4',NULL,0,'2024-05-11 07:46:18','2024-06-08 10:32:02',47,10,61,15,1),(207,NULL,'https://postactionsbucket.s3.ap-south-1.amazonaws.com/uploads/images/Sat%20May%2011%202024%2007%3A46%3A42%20GMT%2B0000%20%28Coordinated%20Universal%20Time%29_Screenshot_2024-05-10-13-40-58-86_acdd706dd8c4bb0cda4b7c1fb2e1752b.jpg',NULL,0,'2024-05-11 07:46:42','2024-06-08 10:32:02',47,2,9,5,1),(208,NULL,'https://postactionsbucket.s3.ap-south-1.amazonaws.com/uploads/images/Sat%20May%2011%202024%2008%3A05%3A02%20GMT%2B0000%20%28Coordinated%20Universal%20Time%29_Screenshot_2024-05-11-10-44-43-97_acdd706dd8c4bb0cda4b7c1fb2e1752b.jpg',NULL,0,'2024-05-11 08:05:02','2024-06-08 10:32:02',47,11,67,45,1),(209,NULL,'https://postactionsbucket.s3.ap-south-1.amazonaws.com/uploads/images/Sat%20May%2011%202024%2008%3A08%3A51%20GMT%2B0000%20%28Coordinated%20Universal%20Time%29_Screenshot_2024-05-11-10-44-43-97_acdd706dd8c4bb0cda4b7c1fb2e1752b.jpg',NULL,0,'2024-05-11 08:08:51','2024-06-08 10:32:02',47,12,74,72,1),(210,NULL,'https://postactionsbucket.s3.ap-south-1.amazonaws.com/uploads/images/Sat%20May%2011%202024%2008%3A14%3A31%20GMT%2B0000%20%28Coordinated%20Universal%20Time%29_Screenshot_2024-05-11-12-23-52-13_acdd706dd8c4bb0cda4b7c1fb2e1752b.jpg',NULL,0,'2024-05-11 08:14:31','2024-06-08 10:32:02',47,13,81,74,1),(211,'\r\n','https://postactionsbucket.s3.ap-south-1.amazonaws.com/uploads/images/Sat%20May%2011%202024%2008%3A30%3A38%20GMT%2B0000%20%28Coordinated%20Universal%20Time%29_imagefile.jpg',NULL,0,'2024-05-11 08:30:38','2024-06-08 10:32:02',69,2,8,19,1),(212,'sales call done correctly',NULL,NULL,0,'2024-05-11 10:36:29','2024-06-08 10:32:02',64,2,8,50,1),(213,'I have added the alarm for the designated time.',NULL,NULL,0,'2024-05-11 10:38:41','2024-06-08 10:32:02',64,11,67,55,1),(214,NULL,'https://postactionsbucket.s3.ap-south-1.amazonaws.com/uploads/images/Sat+May+11+2024+12%3A22%3A11+GMT%2B0000+%28Coordinated+Universal+Time%29_17154301121827094204232646748.jpg',NULL,0,'2024-05-11 12:22:11','2024-06-08 10:32:02',12,10,61,60,2),(215,'\r\n','https://postactionsbucket.s3.ap-south-1.amazonaws.com/uploads/images/Sat%20May%2011%202024%2014%3A17%3A59%20GMT%2B0000%20%28Coordinated%20Universal%20Time%29_imagefile.jpg',NULL,0,'2024-05-11 14:17:59','2024-06-08 10:32:02',85,18,116,60,3),(216,'\r\n','https://postactionsbucket.s3.ap-south-1.amazonaws.com/uploads/images/Sat%20May%2011%202024%2014%3A19%3A45%20GMT%2B0000%20%28Coordinated%20Universal%20Time%29_imagefile.jpg',NULL,0,'2024-05-11 14:19:45','2024-06-08 10:32:02',85,9,53,41,3),(217,NULL,'https://postactionsbucket.s3.ap-south-1.amazonaws.com/uploads/images/Sat%20May%2011%202024%2014%3A30%3A07%20GMT%2B0000%20%28Coordinated%20Universal%20Time%29_IMG-20240511-WA0037.jpg',NULL,0,'2024-05-11 14:30:07','2024-06-08 10:32:02',84,18,116,22,3),(218,'updated today task',NULL,NULL,0,'2024-05-12 06:59:09','2024-06-08 10:32:02',10,18,117,1,1),(220,'updated today task','https://postactionsbucket.s3.ap-south-1.amazonaws.com/uploads/images/Sun%20May%2012%202024%2007%3A03%3A18%20GMT%2B0000%20%28Coordinated%20Universal%20Time%29_gulabi%20sadi%F0%9F%92%96%F0%9F%98%98%23sanjurathod%23gulabisadi%20%23youtubeshorts.mp4',NULL,0,'2024-05-12 07:03:18','2024-06-08 10:32:02',10,18,118,1,1),(221,NULL,'https://postactionsbucket.s3.ap-south-1.amazonaws.com/uploads/images/Mon+May+13+2024+03%3A25%3A40+GMT%2B0000+%28Coordinated+Universal+Time%29_simulator_screen_recording_-_iphone_15_pro_-_2024-01-29_at_17.41.18.mp4',NULL,0,'2024-05-13 03:25:40','2024-06-08 10:32:02',10,2,9,22,1),(222,'jdhndnndndndnndnsnsnnsnsnns','https://postactionsbucket.s3.ap-south-1.amazonaws.com/uploads/images/Mon%20May%2013%202024%2007%3A41%3A21%20GMT%2B0000%20%28Coordinated%20Universal%20Time%29_Screenshot_2024-05-13-09-10-32-80_acdd706dd8c4bb0cda4b7c1fb2e1752b.jpg',NULL,0,'2024-05-13 07:41:21','2024-06-08 10:32:02',94,18,116,55,3),(223,'hi morning...................','https://postactionsbucket.s3.ap-south-1.amazonaws.com/uploads/images/Mon+May+13+2024+08%3A12%3A26+GMT%2B0000+%28Coordinated+Universal+Time%29_video_20240511_133824.mp4','https://postactionsbucket.s3.ap-south-1.amazonaws.com/uploads/audio/Mon%20May%2013%202024%2008%3A12%3A27%20GMT%2B0000%20%28Coordinated%20Universal%20Time%29_Recorder_20240513_014215.m4a',0,'2024-05-13 08:12:27','2024-06-08 10:32:02',95,18,116,40,3),(224,NULL,NULL,'https://postactionsbucket.s3.ap-south-1.amazonaws.com/uploads/audio/Mon%20May%2013%202024%2008%3A19%3A44%20GMT%2B0000%20%28Coordinated%20Universal%20Time%29_Recorder_20240513_014941.m4a',0,'2024-05-13 08:19:44','2024-06-08 10:32:03',95,24,155,29,3),(225,NULL,NULL,'https://postactionsbucket.s3.ap-south-1.amazonaws.com/uploads/audio/Mon%20May%2013%202024%2008%3A34%3A20%20GMT%2B0000%20%28Coordinated%20Universal%20Time%29_Recorder_20240513_020417.m4a',0,'2024-05-13 08:34:20','2024-06-08 10:32:03',97,18,116,23,1),(226,'ghhhhhhhjjjjjjjjkkkkk to the user is not',NULL,NULL,0,'2024-05-13 08:48:04','2024-06-08 10:32:03',10,18,116,78,1),(227,NULL,NULL,'https://postactionsbucket.s3.ap-south-1.amazonaws.com/uploads/audio/Mon%20May%2013%202024%2009%3A12%3A04%20GMT%2B0000%20%28Coordinated%20Universal%20Time%29_Recorder_20240513_024201.m4a',0,'2024-05-13 09:12:04','2024-06-08 10:32:03',99,18,116,22,3),(228,NULL,NULL,'https://postactionsbucket.s3.ap-south-1.amazonaws.com/uploads/audio/Mon%20May%2013%202024%2009%3A19%3A29%20GMT%2B0000%20%28Coordinated%20Universal%20Time%29_Recorder_20240513_024926.m4a',0,'2024-05-13 09:19:29','2024-06-08 10:32:03',99,25,162,60,3),(229,NULL,NULL,'https://postactionsbucket.s3.ap-south-1.amazonaws.com/uploads/audio/Mon%20May%2013%202024%2009%3A42%3A29%20GMT%2B0000%20%28Coordinated%20Universal%20Time%29_Recorder_20240513_031226.m4a',0,'2024-05-13 09:42:29','2024-06-08 10:32:03',101,18,116,32,3),(230,NULL,NULL,'https://postactionsbucket.s3.ap-south-1.amazonaws.com/uploads/audio/Mon%20May%2013%202024%2009%3A46%3A16%20GMT%2B0000%20%28Coordinated%20Universal%20Time%29_Recorder_20240513_031614.m4a',0,'2024-05-13 09:46:16','2024-06-08 10:32:03',101,10,60,28,3),(231,'\r\n',NULL,'https://postactionsbucket.s3.ap-south-1.amazonaws.com/uploads/audio/Mon%20May%2013%202024%2012%3A39%3A01%20GMT%2B0000%20%28Coordinated%20Universal%20Time%29_audio.m4a',0,'2024-05-13 12:39:01','2024-06-08 10:32:03',166,18,116,59,4),(232,'\r\n','https://postactionsbucket.s3.ap-south-1.amazonaws.com/uploads/images/Mon%20May%2013%202024%2012%3A40%3A55%20GMT%2B0000%20%28Coordinated%20Universal%20Time%29_imagefile.jpg',NULL,0,'2024-05-13 12:40:55','2024-06-08 10:32:03',166,25,162,41,4),(233,NULL,'https://postactionsbucket.s3.ap-south-1.amazonaws.com/uploads/images/Mon%20May%2013%202024%2012%3A48%3A03%20GMT%2B0000%20%28Coordinated%20Universal%20Time%29_17156043992546830446668408194.jpg',NULL,0,'2024-05-13 12:48:03','2024-06-08 10:32:03',10,3,16,18,1),(234,'Y to the user is not working on the way',NULL,NULL,0,'2024-05-13 12:48:43','2024-06-08 10:32:03',10,12,75,36,1),(235,NULL,'https://postactionsbucket.s3.ap-south-1.amazonaws.com/uploads/images/Mon+May+13+2024+13%3A31%3A09+GMT%2B0000+%28Coordinated+Universal+Time%29_17156070544408170963360487654.jpg',NULL,0,'2024-05-13 13:31:09','2024-06-08 10:32:03',164,18,116,37,3),(236,NULL,'https://postactionsbucket.s3.ap-south-1.amazonaws.com/uploads/images/Mon%20May%2013%202024%2013%3A44%3A30%20GMT%2B0000%20%28Coordinated%20Universal%20Time%29_Screenshot_2024-05-13-19-12-53-41_acdd706dd8c4bb0cda4b7c1fb2e1752b.jpg',NULL,0,'2024-05-13 13:44:30','2024-06-08 10:32:03',164,9,53,76,3),(237,'Bdbdnfnfnnfnfjdjfjdjdkdkksk',NULL,NULL,0,'2024-05-13 13:50:26','2024-06-08 10:32:03',164,10,60,57,3),(238,'Ndndnnfnf kdndndnnsksjsmsnsn',NULL,NULL,0,'2024-05-13 13:50:49','2024-06-08 10:32:03',164,11,67,79,3),(239,'\r\n','https://postactionsbucket.s3.ap-south-1.amazonaws.com/uploads/images/Tue%20May%2014%202024%2005%3A36%3A01%20GMT%2B0000%20%28Coordinated%20Universal%20Time%29_imagefile.jpg','https://postactionsbucket.s3.ap-south-1.amazonaws.com/uploads/audio/Tue%20May%2014%202024%2005%3A36%3A01%20GMT%2B0000%20%28Coordinated%20Universal%20Time%29_audio.m4a',0,'2024-05-14 05:36:01','2024-06-08 10:32:03',168,13,81,51,3),(240,'\r\n','https://postactionsbucket.s3.ap-south-1.amazonaws.com/uploads/images/Tue%20May%2014%202024%2005%3A37%3A12%20GMT%2B0000%20%28Coordinated%20Universal%20Time%29_imagefile.jpg',NULL,0,'2024-05-14 05:37:12','2024-06-08 10:32:03',168,18,116,46,3),(241,NULL,'https://postactionsbucket.s3.ap-south-1.amazonaws.com/uploads/images/Tue%20May%2014%202024%2006%3A05%3A11%20GMT%2B0000%20%28Coordinated%20Universal%20Time%29_IMG-20240514-WA0000.jpg',NULL,0,'2024-05-14 06:05:11','2024-06-08 10:32:03',12,11,68,57,2),(242,NULL,NULL,'https://postactionsbucket.s3.ap-south-1.amazonaws.com/uploads/audio/Tue%20May%2014%202024%2007%3A25%3A35%20GMT%2B0000%20%28Coordinated%20Universal%20Time%29_Recorder_20240514_125532.m4a',0,'2024-05-14 07:25:35','2024-06-08 10:32:03',12,14,89,3,2),(243,'\r\n','https://postactionsbucket.s3.ap-south-1.amazonaws.com/uploads/images/Tue%20May%2014%202024%2011%3A26%3A25%20GMT%2B0000%20%28Coordinated%20Universal%20Time%29_imagefile.jpg',NULL,0,'2024-05-14 11:26:25','2024-06-08 10:32:03',172,18,116,38,3),(244,'\r\n','https://postactionsbucket.s3.ap-south-1.amazonaws.com/uploads/images/Tue%20May%2014%202024%2011%3A37%3A23%20GMT%2B0000%20%28Coordinated%20Universal%20Time%29_imagefile.jpg',NULL,0,'2024-05-14 11:37:23','2024-06-08 10:32:03',172,10,60,61,3),(245,'\r\n','https://postactionsbucket.s3.ap-south-1.amazonaws.com/uploads/images/Tue%20May%2014%202024%2011%3A41%3A46%20GMT%2B0000%20%28Coordinated%20Universal%20Time%29_imagefile.jpg',NULL,0,'2024-05-14 11:41:46','2024-06-08 10:32:03',172,25,162,73,3),(246,'\r\n',NULL,'https://postactionsbucket.s3.ap-south-1.amazonaws.com/uploads/audio/Tue%20May%2014%202024%2011%3A41%3A59%20GMT%2B0000%20%28Coordinated%20Universal%20Time%29_audio.m4a',0,'2024-05-14 11:41:59','2024-06-08 10:32:04',172,19,123,32,3),(247,'\r\n',NULL,'https://postactionsbucket.s3.ap-south-1.amazonaws.com/uploads/audio/Tue%20May%2014%202024%2012%3A24%3A32%20GMT%2B0000%20%28Coordinated%20Universal%20Time%29_audio.m4a',0,'2024-05-14 12:24:32','2024-06-08 10:32:04',174,18,116,69,3),(248,'\r\n',NULL,'https://postactionsbucket.s3.ap-south-1.amazonaws.com/uploads/audio/Tue%20May%2014%202024%2012%3A24%3A40%20GMT%2B0000%20%28Coordinated%20Universal%20Time%29_audio.m4a',0,'2024-05-14 12:24:40','2024-06-08 10:32:04',174,10,60,32,3),(249,NULL,'https://postactionsbucket.s3.ap-south-1.amazonaws.com/uploads/images/Tue%20May%2014%202024%2012%3A42%3A08%20GMT%2B0000%20%28Coordinated%20Universal%20Time%29_IMG-20240514-WA0021.jpg','https://postactionsbucket.s3.ap-south-1.amazonaws.com/uploads/audio/Tue%20May%2014%202024%2012%3A42%3A09%20GMT%2B0000%20%28Coordinated%20Universal%20Time%29_Recorder_20240514_061154.m4a',0,'2024-05-14 12:42:09','2024-06-08 10:32:04',176,18,116,36,3),(250,NULL,'https://postactionsbucket.s3.ap-south-1.amazonaws.com/uploads/images/Tue%20May%2014%202024%2012%3A45%3A05%20GMT%2B0000%20%28Coordinated%20Universal%20Time%29_IMG-20240514-WA0022.jpg',NULL,0,'2024-05-14 12:45:05','2024-06-08 10:32:04',176,9,53,27,3),(251,'\r\nTo tryout this program for increasing efficiency',NULL,NULL,0,'2024-05-14 15:14:16','2024-06-08 10:32:04',54,3,15,29,1),(252,'\r\nImprove habits and practices everyday',NULL,NULL,0,'2024-05-14 15:17:18','2024-06-08 10:32:04',54,13,81,21,1),(253,NULL,NULL,'https://postactionsbucket.s3.ap-south-1.amazonaws.com/uploads/audio/Wed%20May%2015%202024%2002%3A52%3A20%20GMT%2B0000%20%28Coordinated%20Universal%20Time%29_Recorder_20240515_115216.m4a',0,'2024-05-15 02:52:20','2024-06-08 10:32:04',7,17,109,56,1),(254,'I need this more than this habit',NULL,NULL,0,'2024-05-15 03:05:37','2024-06-08 10:32:04',70,2,8,43,1),(255,NULL,NULL,'https://postactionsbucket.s3.ap-south-1.amazonaws.com/uploads/audio/Wed%20May%2015%202024%2006%3A08%3A51%20GMT%2B0000%20%28Coordinated%20Universal%20Time%29_Recorder_20240515_113848.m4a',0,'2024-05-15 06:08:51','2024-06-08 10:32:04',12,11,68,24,2),(256,NULL,'https://postactionsbucket.s3.ap-south-1.amazonaws.com/uploads/images/Wed%20May%2015%202024%2006%3A09%3A40%20GMT%2B0000%20%28Coordinated%20Universal%20Time%29_17157533708847009793329427813.jpg',NULL,0,'2024-05-15 06:09:40','2024-06-08 10:32:04',12,12,75,58,2),(257,'Sgzrzrztztztzfzfzt,,f,f,f',NULL,NULL,0,'2024-05-15 06:38:20','2024-06-08 10:32:04',7,2,9,30,1),(258,'Ehfhgbhbnfiktnnkgunjuthhyu',NULL,NULL,0,'2024-05-15 07:09:10','2024-06-08 10:32:04',178,18,116,28,3),(259,NULL,'https://postactionsbucket.s3.ap-south-1.amazonaws.com/uploads/images/Wed+May+15+2024+16%3A58%3A59+GMT%2B0000+%28Coordinated+Universal+Time%29_%23softwaredeveloper+%23softwareengineer+%23coding+%23programming+%23corporatememes+%23bugs.mp4',NULL,0,'2024-05-15 16:58:59','2024-06-08 10:32:04',10,3,16,43,1),(260,NULL,NULL,'https://postactionsbucket.s3.ap-south-1.amazonaws.com/uploads/audio/Thu%20May%2016%202024%2005%3A45%3A09%20GMT%2B0000%20%28Coordinated%20Universal%20Time%29_Recorder_20240516_111506.m4a',0,'2024-05-16 05:45:09','2024-06-08 10:32:04',12,13,82,44,2),(261,NULL,NULL,'https://postactionsbucket.s3.ap-south-1.amazonaws.com/uploads/audio/Thu%20May%2016%202024%2005%3A45%3A29%20GMT%2B0000%20%28Coordinated%20Universal%20Time%29_Recorder_20240516_111526.m4a',0,'2024-05-16 05:45:29','2024-06-08 10:32:04',12,10,61,79,2),(262,'I did the sales pitch and it went well',NULL,NULL,0,'2024-05-16 11:40:16','2024-06-08 10:32:04',70,2,9,79,1),(263,'Nvjcjfjvkvkvlbblblbblblnlbkhl',NULL,NULL,0,'2024-05-16 11:53:56','2024-06-08 10:32:04',7,17,110,59,1),(264,'I spent 5-minutes on my sales pitch today, added a customer usecase to my pitch',NULL,NULL,0,'2024-05-16 11:55:52','2024-06-08 10:32:04',7,2,9,31,1),(265,NULL,NULL,'https://postactionsbucket.s3.ap-south-1.amazonaws.com/uploads/audio/Thu%20May%2016%202024%2016%3A41%3A40%20GMT%2B0000%20%28Coordinated%20Universal%20Time%29_Recorder_20240516_101137.m4a',0,'2024-05-16 16:41:40','2024-06-08 10:32:04',12,12,75,30,2),(266,NULL,'https://postactionsbucket.s3.ap-south-1.amazonaws.com/uploads/images/Thu%20May%2016%202024%2016%3A42%3A43%20GMT%2B0000%20%28Coordinated%20Universal%20Time%29_17158777557668127467161333498.jpg',NULL,0,'2024-05-16 16:42:43','2024-06-08 10:32:04',12,14,89,63,2),(267,NULL,'https://postactionsbucket.s3.ap-south-1.amazonaws.com/uploads/images/Thu%20May%2016%202024%2016%3A42%3A56%20GMT%2B0000%20%28Coordinated%20Universal%20Time%29_17158777692566904714451940640.jpg',NULL,0,'2024-05-16 16:42:56','2024-06-08 10:32:04',12,11,68,22,2),(268,NULL,NULL,'https://postactionsbucket.s3.ap-south-1.amazonaws.com/uploads/audio/Thu%20May%2016%202024%2016%3A43%3A18%20GMT%2B0000%20%28Coordinated%20Universal%20Time%29_Recorder_20240516_101316.m4a',0,'2024-05-16 16:43:18','2024-06-08 10:32:05',12,9,54,16,2),(269,NULL,NULL,'https://postactionsbucket.s3.ap-south-1.amazonaws.com/uploads/audio/Thu%20May%2016%202024%2016%3A46%3A25%20GMT%2B0000%20%28Coordinated%20Universal%20Time%29_Recorder_20240516_101326.m4a',0,'2024-05-16 16:46:25','2024-06-08 10:32:05',12,2,9,19,2),(270,'I loved the day as it was very thrilling to pitch to a new prospect.','https://postactionsbucket.s3.ap-south-1.amazonaws.com/uploads/images/Fri+May+17+2024+04%3A06%3A02+GMT%2B0000+%28Coordinated+Universal+Time%29_17159187317892140653472556109.jpg',NULL,0,'2024-05-17 04:06:03','2024-06-08 10:32:05',70,2,9,23,1),(271,'It was a very new try, was a good experience',NULL,NULL,0,'2024-05-17 04:07:20','2024-06-08 10:32:05',70,10,60,28,1),(272,NULL,'https://postactionsbucket.s3.ap-south-1.amazonaws.com/uploads/images/Fri%20May%2017%202024%2005%3A55%3A31%20GMT%2B0000%20%28Coordinated%20Universal%20Time%29_17159253209066453588990708410.jpg',NULL,0,'2024-05-17 05:55:31','2024-06-08 10:32:05',10,12,75,57,1),(273,NULL,NULL,'https://postactionsbucket.s3.ap-south-1.amazonaws.com/uploads/audio/Fri%20May%2017%202024%2008%3A54%3A43%20GMT%2B0000%20%28Coordinated%20Universal%20Time%29_Recorder_20240517_022440.m4a',0,'2024-05-17 08:54:43','2024-06-08 10:32:05',166,25,163,63,4),(274,NULL,'https://postactionsbucket.s3.ap-south-1.amazonaws.com/uploads/images/Fri%20May%2017%202024%2009%3A03%3A49%20GMT%2B0000%20%28Coordinated%20Universal%20Time%29_17159366207771366331967781405.jpg','https://postactionsbucket.s3.ap-south-1.amazonaws.com/uploads/audio/Fri%20May%2017%202024%2009%3A03%3A49%20GMT%2B0000%20%28Coordinated%20Universal%20Time%29_Recorder_20240517_023338.m4a',0,'2024-05-17 09:03:49','2024-06-08 10:32:05',166,18,117,68,4),(275,'I pitched to 3 customers on the new product',NULL,NULL,0,'2024-05-17 09:24:50','2024-06-08 10:32:05',7,2,9,76,1),(276,'I did it at the JETRO Office',NULL,NULL,0,'2024-05-17 09:32:57','2024-06-08 10:32:05',7,9,54,61,1),(277,NULL,'https://postactionsbucket.s3.ap-south-1.amazonaws.com/uploads/images/Fri%20May%2017%202024%2012%3A34%3A45%20GMT%2B0000%20%28Coordinated%20Universal%20Time%29_17159492735636617047930939626.jpg',NULL,0,'2024-05-17 12:34:45','2024-06-08 10:32:05',10,1,2,19,1),(278,'taken stairs for 5minutes and reduced 100 cal',NULL,NULL,0,'2024-05-17 13:43:46','2024-06-08 10:32:05',10,9,54,42,1),(279,'Spent 5 mins on sales pitch',NULL,NULL,0,'2024-05-17 13:44:08','2024-06-08 10:32:05',10,2,9,77,1),(280,'Leaerned one thing to enhance myself',NULL,NULL,0,'2024-05-17 13:44:21','2024-06-08 10:32:05',10,18,118,54,1),(281,'Did bycle crunch for 30 seconds',NULL,NULL,0,'2024-05-17 13:44:56','2024-06-08 10:32:05',10,10,61,49,1),(282,'Sent personalized messages to 2 customers and got feedback',NULL,NULL,0,'2024-05-17 13:45:14','2024-06-08 10:32:05',10,3,16,64,1),(283,NULL,NULL,'https://postactionsbucket.s3.ap-south-1.amazonaws.com/uploads/audio/Fri%20May%2017%202024%2013%3A47%3A28%20GMT%2B0000%20%28Coordinated%20Universal%20Time%29_Recorder_20240517_071724.m4a',0,'2024-05-17 13:47:28','2024-06-08 10:32:05',197,18,116,50,3),(284,'Nnnnnnnnnnnnnnnnnnnnnnnnnnn',NULL,NULL,0,'2024-05-18 04:18:14','2024-06-08 10:32:05',10,2,9,35,1),(285,NULL,NULL,'https://postactionsbucket.s3.ap-south-1.amazonaws.com/uploads/audio/Sat%20May%2018%202024%2018%3A11%3A52%20GMT%2B0000%20%28Coordinated%20Universal%20Time%29_Recorder_20240518_114149.m4a',0,'2024-05-18 18:11:52','2024-06-08 10:32:05',12,11,68,73,2),(286,NULL,NULL,'https://postactionsbucket.s3.ap-south-1.amazonaws.com/uploads/audio/Sat%20May%2018%202024%2018%3A12%3A02%20GMT%2B0000%20%28Coordinated%20Universal%20Time%29_Recorder_20240518_114159.m4a',0,'2024-05-18 18:12:02','2024-06-08 10:32:05',12,14,89,2,2),(287,NULL,NULL,'https://postactionsbucket.s3.ap-south-1.amazonaws.com/uploads/audio/Sat%20May%2018%202024%2018%3A12%3A12%20GMT%2B0000%20%28Coordinated%20Universal%20Time%29_Recorder_20240518_114209.m4a',0,'2024-05-18 18:12:12','2024-06-08 10:32:05',12,13,82,39,2),(288,NULL,'https://postactionsbucket.s3.ap-south-1.amazonaws.com/uploads/images/Sat%20May%2018%202024%2018%3A12%3A52%20GMT%2B0000%20%28Coordinated%20Universal%20Time%29_IMG-20240518-WA0027.jpg',NULL,0,'2024-05-18 18:12:52','2024-06-08 10:32:05',12,2,9,36,2),(289,NULL,'https://postactionsbucket.s3.ap-south-1.amazonaws.com/uploads/images/Sat%20May%2018%202024%2018%3A13%3A07%20GMT%2B0000%20%28Coordinated%20Universal%20Time%29_IMG-20240518-WA0027.jpg',NULL,0,'2024-05-18 18:13:07','2024-06-08 10:32:05',12,12,75,54,2),(290,NULL,'https://postactionsbucket.s3.ap-south-1.amazonaws.com/uploads/images/Sat%20May%2018%202024%2018%3A13%3A16%20GMT%2B0000%20%28Coordinated%20Universal%20Time%29_IMG-20240518-WA0027.jpg',NULL,0,'2024-05-18 18:13:16','2024-06-08 10:32:06',12,10,61,38,2),(291,NULL,NULL,'https://postactionsbucket.s3.ap-south-1.amazonaws.com/uploads/audio/Mon%20May%2020%202024%2010%3A31%3A23%20GMT%2B0000%20%28Coordinated%20Universal%20Time%29_Recorder_20240520_040121.m4a',0,'2024-05-20 10:31:23','2024-06-08 10:32:06',12,2,9,28,2),(292,NULL,NULL,'https://postactionsbucket.s3.ap-south-1.amazonaws.com/uploads/audio/Mon%20May%2020%202024%2010%3A31%3A33%20GMT%2B0000%20%28Coordinated%20Universal%20Time%29_Recorder_20240520_040131.m4a',0,'2024-05-20 10:31:33','2024-06-08 10:32:06',12,13,82,36,2),(293,NULL,'https://postactionsbucket.s3.ap-south-1.amazonaws.com/uploads/images/Mon%20May%2020%202024%2010%3A31%3A57%20GMT%2B0000%20%28Coordinated%20Universal%20Time%29_IMG-20240520-WA0001.jpeg',NULL,0,'2024-05-20 10:31:57','2024-06-08 10:32:06',12,9,54,46,2),(294,NULL,'https://postactionsbucket.s3.ap-south-1.amazonaws.com/uploads/images/Mon%20May%2020%202024%2010%3A32%3A12%20GMT%2B0000%20%28Coordinated%20Universal%20Time%29_17162011254474976538419751204.jpg',NULL,0,'2024-05-20 10:32:13','2024-06-08 10:32:06',12,12,75,30,2),(295,NULL,'https://postactionsbucket.s3.ap-south-1.amazonaws.com/uploads/images/Mon%20May%2020%202024%2010%3A32%3A32%20GMT%2B0000%20%28Coordinated%20Universal%20Time%29_17162011456405899583146855373.jpg',NULL,0,'2024-05-20 10:32:33','2024-06-08 10:32:06',12,14,89,31,2),(296,NULL,'https://postactionsbucket.s3.ap-south-1.amazonaws.com/uploads/images/Mon%20May%2020%202024%2010%3A46%3A39%20GMT%2B0000%20%28Coordinated%20Universal%20Time%29_17162019931231998604813538308.jpg',NULL,0,'2024-05-20 10:46:39','2024-06-08 10:32:06',166,25,163,54,4),(297,NULL,'https://postactionsbucket.s3.ap-south-1.amazonaws.com/uploads/images/Mon%20May%2020%202024%2010%3A47%3A34%20GMT%2B0000%20%28Coordinated%20Universal%20Time%29_17162020486258288939660708401.jpg',NULL,0,'2024-05-20 10:47:34','2024-06-08 10:32:06',166,18,118,72,4),(298,'complted today\'s act sucesfullly',NULL,NULL,0,'2024-05-20 11:56:21','2024-06-08 10:32:06',219,18,116,75,4),(299,NULL,'https://postactionsbucket.s3.ap-south-1.amazonaws.com/uploads/images/Tue%20May%2021%202024%2009%3A05%3A46%20GMT%2B0000%20%28Coordinated%20Universal%20Time%29_17162823253226734255902995837.jpg',NULL,0,'2024-05-21 09:05:46','2024-06-08 10:32:06',10,2,9,24,1),(300,NULL,'https://postactionsbucket.s3.ap-south-1.amazonaws.com/uploads/images/Tue%20May%2021%202024%2009%3A25%3A33%20GMT%2B0000%20%28Coordinated%20Universal%20Time%29_17162835202612875254436381274.jpg',NULL,0,'2024-05-21 09:25:33','2024-06-08 10:32:06',10,9,54,28,1),(301,NULL,'https://postactionsbucket.s3.ap-south-1.amazonaws.com/uploads/images/Tue%20May%2021%202024%2009%3A25%3A53%20GMT%2B0000%20%28Coordinated%20Universal%20Time%29_17162835391518493967345209794.jpg',NULL,0,'2024-05-21 09:25:53','2024-06-08 10:32:06',10,10,61,32,1),(302,NULL,'https://postactionsbucket.s3.ap-south-1.amazonaws.com/uploads/images/Tue%20May%2021%202024%2009%3A26%3A10%20GMT%2B0000%20%28Coordinated%20Universal%20Time%29_17162835595029779345769498328.jpg',NULL,0,'2024-05-21 09:26:10','2024-06-08 10:32:06',10,18,118,47,1),(303,NULL,'https://postactionsbucket.s3.ap-south-1.amazonaws.com/uploads/images/Tue+May+21+2024+09%3A27%3A07+GMT%2B0000+%28Coordinated+Universal+Time%29_17162835964464661549026427486.jpg',NULL,0,'2024-05-21 09:27:07','2024-06-08 10:32:06',10,1,2,15,1),(304,NULL,'https://postactionsbucket.s3.ap-south-1.amazonaws.com/uploads/images/Tue%20May%2021%202024%2009%3A27%3A43%20GMT%2B0000%20%28Coordinated%20Universal%20Time%29_17162836504186544742773754363.jpg',NULL,0,'2024-05-21 09:27:43','2024-06-08 10:32:06',10,3,16,71,1),(305,NULL,'https://postactionsbucket.s3.ap-south-1.amazonaws.com/uploads/images/Tue+May+21+2024+09%3A28%3A14+GMT%2B0000+%28Coordinated+Universal+Time%29_17162836687587423945327146599.jpg',NULL,0,'2024-05-21 09:28:15','2024-06-08 10:32:06',10,12,75,41,1),(306,NULL,'https://postactionsbucket.s3.ap-south-1.amazonaws.com/uploads/images/Tue+May+21+2024+09%3A29%3A19+GMT%2B0000+%28Coordinated+Universal+Time%29_17162837428120276743715110134.jpg',NULL,0,'2024-05-21 09:29:19','2024-06-08 10:32:06',47,2,9,26,1),(307,'I am improving to be better',NULL,NULL,0,'2024-05-21 09:30:30','2024-06-08 10:32:06',64,19,123,50,1),(308,NULL,'https://postactionsbucket.s3.ap-south-1.amazonaws.com/uploads/images/Tue%20May%2021%202024%2009%3A31%3A03%20GMT%2B0000%20%28Coordinated%20Universal%20Time%29_17162838464148838896638656902.jpg',NULL,0,'2024-05-21 09:31:03','2024-06-08 10:32:06',64,21,135,39,1),(309,NULL,'https://postactionsbucket.s3.ap-south-1.amazonaws.com/uploads/images/Tue%20May%2021%202024%2009%3A32%3A24%20GMT%2B0000%20%28Coordinated%20Universal%20Time%29_17162839325231069157342907451.jpg',NULL,0,'2024-05-21 09:32:24','2024-06-08 10:32:06',64,11,68,53,1),(310,NULL,'https://postactionsbucket.s3.ap-south-1.amazonaws.com/uploads/images/Tue%20May%2021%202024%2009%3A33%3A41%20GMT%2B0000%20%28Coordinated%20Universal%20Time%29_17162840035126265786644640700.jpg',NULL,0,'2024-05-21 09:33:42','2024-06-08 10:32:06',64,2,9,15,1),(311,NULL,NULL,'https://postactionsbucket.s3.ap-south-1.amazonaws.com/uploads/audio/Wed%20May%2022%202024%2010%3A31%3A38%20GMT%2B0000%20%28Coordinated%20Universal%20Time%29_Recorder_20240522_040135.m4a',0,'2024-05-22 10:31:38','2024-06-08 10:32:06',166,25,163,23,4),(312,NULL,NULL,'https://postactionsbucket.s3.ap-south-1.amazonaws.com/uploads/audio/Wed%20May%2022%202024%2010%3A31%3A59%20GMT%2B0000%20%28Coordinated%20Universal%20Time%29_Recorder_20240522_040156.m4a',0,'2024-05-22 10:31:59','2024-06-08 10:32:07',166,18,118,60,4),(313,NULL,NULL,'https://postactionsbucket.s3.ap-south-1.amazonaws.com/uploads/audio/Wed%20May%2022%202024%2010%3A41%3A29%20GMT%2B0000%20%28Coordinated%20Universal%20Time%29_Recorder_20240522_041126.m4a',0,'2024-05-22 10:41:29','2024-06-08 10:32:07',12,13,82,49,2),(314,NULL,NULL,'https://postactionsbucket.s3.ap-south-1.amazonaws.com/uploads/audio/Wed%20May%2022%202024%2010%3A41%3A41%20GMT%2B0000%20%28Coordinated%20Universal%20Time%29_Recorder_20240522_041138.m4a',0,'2024-05-22 10:41:41','2024-06-08 10:32:07',12,11,68,32,2),(315,NULL,NULL,'https://postactionsbucket.s3.ap-south-1.amazonaws.com/uploads/audio/Wed%20May%2022%202024%2010%3A41%3A54%20GMT%2B0000%20%28Coordinated%20Universal%20Time%29_Recorder_20240522_041152.m4a',0,'2024-05-22 10:41:54','2024-06-08 10:32:07',12,14,89,42,2),(316,NULL,NULL,'https://postactionsbucket.s3.ap-south-1.amazonaws.com/uploads/audio/Wed%20May%2022%202024%2010%3A42%3A05%20GMT%2B0000%20%28Coordinated%20Universal%20Time%29_Recorder_20240522_041202.m4a',0,'2024-05-22 10:42:05','2024-06-08 10:32:07',12,9,54,63,2),(317,NULL,NULL,'https://postactionsbucket.s3.ap-south-1.amazonaws.com/uploads/audio/Wed%20May%2022%202024%2010%3A42%3A21%20GMT%2B0000%20%28Coordinated%20Universal%20Time%29_Recorder_20240522_041218.m4a',0,'2024-05-22 10:42:21','2024-06-08 10:32:07',12,2,9,2,2),(318,NULL,NULL,'https://postactionsbucket.s3.ap-south-1.amazonaws.com/uploads/audio/Wed%20May%2022%202024%2010%3A42%3A33%20GMT%2B0000%20%28Coordinated%20Universal%20Time%29_Recorder_20240522_041230.m4a',0,'2024-05-22 10:42:33','2024-06-08 10:32:07',12,10,61,37,2),(319,NULL,NULL,'https://postactionsbucket.s3.ap-south-1.amazonaws.com/uploads/audio/Wed%20May%2022%202024%2010%3A42%3A46%20GMT%2B0000%20%28Coordinated%20Universal%20Time%29_Recorder_20240522_041242.m4a',0,'2024-05-22 10:42:46','2024-06-08 10:32:07',12,12,75,34,2),(320,NULL,'https://postactionsbucket.s3.ap-south-1.amazonaws.com/uploads/images/Thu%20May%2023%202024%2004%3A51%3A36%20GMT%2B0000%20%28Coordinated%20Universal%20Time%29_1716439863718257492526546348.jpg',NULL,0,'2024-05-23 04:51:37','2024-06-08 10:32:07',10,2,9,1,1),(321,NULL,'https://postactionsbucket.s3.ap-south-1.amazonaws.com/uploads/images/Thu%20May%2023%202024%2004%3A51%3A59%20GMT%2B0000%20%28Coordinated%20Universal%20Time%29_17164399074098453820554001111.jpg',NULL,0,'2024-05-23 04:51:59','2024-06-08 10:32:07',10,1,2,46,1),(322,NULL,'https://postactionsbucket.s3.ap-south-1.amazonaws.com/uploads/images/Thu%20May%2023%202024%2004%3A53%3A06%20GMT%2B0000%20%28Coordinated%20Universal%20Time%29_Snapinsta.app_video_162191417_964267731805427_4374526143307093197_n.mp4',NULL,0,'2024-05-23 04:53:06','2024-06-08 10:32:07',10,9,54,39,1),(323,NULL,'https://postactionsbucket.s3.ap-south-1.amazonaws.com/uploads/images/Thu%20May%2023%202024%2004%3A53%3A34%20GMT%2B0000%20%28Coordinated%20Universal%20Time%29_Snapinsta.app_video_407231566_319033977649744_7650667315258203020_n.mp4',NULL,0,'2024-05-23 04:53:34','2024-06-08 10:32:07',10,10,61,56,1),(324,NULL,'https://postactionsbucket.s3.ap-south-1.amazonaws.com/uploads/images/Thu+May+23+2024+08%3A07%3A54+GMT%2B0000+%28Coordinated+Universal+Time%29_VID_20240211_085956.mp4',NULL,0,'2024-05-23 08:07:54','2024-06-08 10:32:07',10,12,75,53,1),(325,NULL,'https://postactionsbucket.s3.ap-south-1.amazonaws.com/uploads/images/Thu+May+23+2024+08%3A08%3A56+GMT%2B0000+%28Coordinated+Universal+Time%29_VID_20240518_172139.mp4',NULL,0,'2024-05-23 08:08:57','2024-06-08 10:32:07',10,18,118,51,1),(326,NULL,'https://postactionsbucket.s3.ap-south-1.amazonaws.com/uploads/images/Thu%20May%2023%202024%2008%3A09%3A50%20GMT%2B0000%20%28Coordinated%20Universal%20Time%29_images%20%289%29.jpeg',NULL,0,'2024-05-23 08:09:50','2024-06-08 10:32:07',10,3,16,36,1),(327,'fcfffffffdrrrrrrfrrrrrrtrttt',NULL,NULL,0,'2024-05-24 05:48:21','2024-06-08 10:32:07',64,11,68,73,1),(328,'My product was explained to th',NULL,NULL,0,'2024-05-24 06:23:14','2024-06-08 10:32:07',7,2,9,26,1),(329,'Gcgychchchxhxhxhxxhhxxhhxgx',NULL,NULL,0,'2024-05-24 08:29:29','2024-06-08 10:32:07',7,17,110,32,1),(330,NULL,'https://postactionsbucket.s3.ap-south-1.amazonaws.com/uploads/images/Fri%20May%2024%202024%2009%3A11%3A39%20GMT%2B0000%20%28Coordinated%20Universal%20Time%29_1716541871953092987027914904.jpg',NULL,0,'2024-05-24 09:11:39','2024-06-08 10:32:07',10,2,9,18,1),(331,NULL,'https://postactionsbucket.s3.ap-south-1.amazonaws.com/uploads/images/Fri%20May%2024%202024%2009%3A12%3A18%20GMT%2B0000%20%28Coordinated%20Universal%20Time%29_17165419186514826370525395403.jpg',NULL,0,'2024-05-24 09:12:19','2024-06-08 10:32:07',10,12,75,29,1),(332,NULL,NULL,'https://postactionsbucket.s3.ap-south-1.amazonaws.com/uploads/audio/Fri%20May%2024%202024%2009%3A12%3A39%20GMT%2B0000%20%28Coordinated%20Universal%20Time%29_Recorder_20240524_024228.m4a',0,'2024-05-24 09:12:40','2024-06-08 10:32:07',10,9,54,57,1),(333,NULL,'https://postactionsbucket.s3.ap-south-1.amazonaws.com/uploads/images/Fri+May+24+2024+09%3A13%3A16+GMT%2B0000+%28Coordinated+Universal+Time%29_00-146.JPG',NULL,0,'2024-05-24 09:13:17','2024-06-08 10:32:08',10,18,118,59,1),(334,NULL,'https://postactionsbucket.s3.ap-south-1.amazonaws.com/uploads/images/Fri+May+24+2024+09%3A14%3A41+GMT%2B0000+%28Coordinated+Universal+Time%29_00-74.JPG',NULL,0,'2024-05-24 09:14:41','2024-06-08 10:32:08',10,10,61,35,1),(335,NULL,'https://postactionsbucket.s3.ap-south-1.amazonaws.com/uploads/images/Fri%20May%2024%202024%2009%3A15%3A10%20GMT%2B0000%20%28Coordinated%20Universal%20Time%29_17165420991547080603376028168.jpg',NULL,0,'2024-05-24 09:15:10','2024-06-08 10:32:08',10,3,16,46,1),(336,'I learnt about Google ads today',NULL,NULL,0,'2024-05-24 09:15:16','2024-06-08 10:32:08',7,9,54,5,1),(337,NULL,'https://postactionsbucket.s3.ap-south-1.amazonaws.com/uploads/images/Fri%20May%2024%202024%2009%3A15%3A28%20GMT%2B0000%20%28Coordinated%20Universal%20Time%29_17165421167292428765793870766.jpg',NULL,0,'2024-05-24 09:15:28','2024-06-08 10:32:08',10,1,2,51,1),(338,'\r\nSmart begging for change my habits.',NULL,NULL,0,'2024-05-24 09:21:06','2024-06-08 10:32:08',223,18,116,28,4),(339,'\r\nBlocking 5 minutes, but the first step is important.',NULL,NULL,0,'2024-05-25 11:00:46','2024-06-08 10:32:08',223,18,117,77,4),(340,'\r\nLearned about content creating and creators economy strategy.',NULL,NULL,0,'2024-05-26 06:15:04','2024-06-08 10:32:08',223,18,118,36,4),(341,'\r\nIt was just a refreshment and feel very good now. I’d like to continued in my daily life.',NULL,NULL,0,'2024-05-26 06:20:02','2024-06-08 10:32:08',223,12,74,54,4),(342,'\r\nLearned about green energy startups in Germany. I discovered for my first time about the function of a thermostat…..(used in engines for cars).',NULL,NULL,0,'2024-05-27 03:35:51','2024-06-08 10:32:08',223,18,118,37,4),(343,'\r\nI’m loving little workouts from now!',NULL,NULL,0,'2024-05-27 06:29:57','2024-06-08 10:32:08',223,12,75,69,4),(344,NULL,NULL,'https://postactionsbucket.s3.ap-south-1.amazonaws.com/uploads/audio/Mon%20May%2027%202024%2006%3A46%3A09%20GMT%2B0000%20%28Coordinated%20Universal%20Time%29_Recorder_20240527_121607.m4a',0,'2024-05-27 06:46:09','2024-06-08 10:32:08',166,25,163,19,4),(345,NULL,NULL,'https://postactionsbucket.s3.ap-south-1.amazonaws.com/uploads/audio/Mon%20May%2027%202024%2006%3A47%3A18%20GMT%2B0000%20%28Coordinated%20Universal%20Time%29_Recorder_20240527_121716.m4a',0,'2024-05-27 06:47:18','2024-06-08 10:32:08',166,4,22,43,4),(346,'\r\nI gained new practice to train myself as a sales professional.',NULL,NULL,0,'2024-05-27 06:51:33','2024-06-08 10:32:08',223,1,1,30,4),(347,'\r\nMaking actions, feeling everything has started to change.',NULL,NULL,0,'2024-05-27 09:12:00','2024-06-08 10:32:08',223,4,22,69,4),(348,'Today I made a content about pricing',NULL,NULL,0,'2024-05-27 13:16:15','2024-06-08 10:32:08',7,2,9,1,1),(349,'Awesome pitch. Increasing the reach',NULL,NULL,0,'2024-05-27 17:44:31','2024-06-08 10:32:08',70,2,9,29,1),(350,'Ty for the same time if you are free',NULL,NULL,0,'2024-05-27 17:49:19','2024-06-08 10:32:08',10,1,2,76,1),(351,'Hjjjj ka ingblkihyhtvttvbun u',NULL,NULL,0,'2024-05-27 17:49:47','2024-06-08 10:32:08',10,18,118,50,1),(352,'\r\nI just love push up! That makes me love push up!',NULL,NULL,0,'2024-05-28 06:16:12','2024-06-08 10:32:08',223,12,75,27,4),(353,'\r\nI’ve listened to a super podcast explaining what is creativity in sales communication.',NULL,NULL,0,'2024-05-28 06:16:57','2024-06-08 10:32:08',223,4,23,31,4),(354,'\r\nI saw a movie telling about how to talk in a sales pitch. And it’s really interesting and in some way I am learning how to build my own content.',NULL,NULL,0,'2024-05-28 10:08:00','2024-06-08 10:32:09',223,1,2,46,4),(355,NULL,'https://postactionsbucket.s3.ap-south-1.amazonaws.com/uploads/images/Tue%20May%2028%202024%2010%3A27%3A12%20GMT%2B0000%20%28Coordinated%20Universal%20Time%29_IMG-20240528-WA0011.jpg',NULL,0,'2024-05-28 10:27:12','2024-06-08 10:32:09',166,1,1,22,4),(356,NULL,NULL,'https://postactionsbucket.s3.ap-south-1.amazonaws.com/uploads/audio/Tue%20May%2028%202024%2010%3A29%3A17%20GMT%2B0000%20%28Coordinated%20Universal%20Time%29_Recorder_20240528_035915.m4a',0,'2024-05-28 10:29:18','2024-06-08 10:32:09',166,25,163,15,4),(357,NULL,'https://postactionsbucket.s3.ap-south-1.amazonaws.com/uploads/images/Tue%20May%2028%202024%2011%3A11%3A57%20GMT%2B0000%20%28Coordinated%20Universal%20Time%29_17168946984765488932710918545.jpg',NULL,0,'2024-05-28 11:11:57','2024-06-08 10:32:09',10,9,54,19,1),(358,NULL,NULL,'https://postactionsbucket.s3.ap-south-1.amazonaws.com/uploads/audio/Tue%20May%2028%202024%2011%3A13%3A49%20GMT%2B0000%20%28Coordinated%20Universal%20Time%29_Recorder_20240528_044346.m4a',0,'2024-05-28 11:13:49','2024-06-08 10:32:09',166,4,23,71,4),(359,'I did 3 rounds of Surya namaskar',NULL,NULL,0,'2024-05-28 11:13:54','2024-06-08 10:32:09',7,17,110,50,1),(360,NULL,NULL,'https://postactionsbucket.s3.ap-south-1.amazonaws.com/uploads/audio/Tue%20May%2028%202024%2011%3A14%3A04%20GMT%2B0000%20%28Coordinated%20Universal%20Time%29_Recorder_20240528_044400.m4a',0,'2024-05-28 11:14:04','2024-06-08 10:32:09',166,18,118,34,4),(361,'I had 3 pitches done and it helped.','https://postactionsbucket.s3.ap-south-1.amazonaws.com/uploads/images/Tue+May+28+2024+12%3A00%3A31+GMT%2B0000+%28Coordinated+Universal+Time%29_17168976217803372158362820875.jpg',NULL,0,'2024-05-28 12:00:32','2024-06-08 10:32:09',70,2,9,33,1),(362,NULL,'https://postactionsbucket.s3.ap-south-1.amazonaws.com/uploads/images/Tue%20May%2028%202024%2012%3A04%3A29%20GMT%2B0000%20%28Coordinated%20Universal%20Time%29_17168978477037587316714961343.jpg',NULL,0,'2024-05-28 12:04:29','2024-06-08 10:32:09',10,3,16,4,1),(363,NULL,'https://postactionsbucket.s3.ap-south-1.amazonaws.com/uploads/images/Tue%20May%2028%202024%2012%3A04%3A52%20GMT%2B0000%20%28Coordinated%20Universal%20Time%29_17168978767966329277899587766.jpg',NULL,0,'2024-05-28 12:04:52','2024-06-08 10:32:09',10,10,61,45,1),(364,'\r\nLearning new insights about sales hacks that I never knew before.',NULL,NULL,0,'2024-05-28 12:24:55','2024-06-08 10:32:09',223,18,118,30,4),(365,'I spoke to rex about a Collab with Jombay',NULL,NULL,0,'2024-05-28 12:59:10','2024-06-08 10:32:09',7,2,9,2,1),(366,'Today I learned about how to setup MySQL server on the ec2 instance and read the document on how to dockerise the nodejs application ..🥂🤗',NULL,NULL,0,'2024-05-28 13:37:43','2024-06-08 10:32:09',10,18,118,65,1),(367,'Woke up at 6 o\'clock and went for jogging and did 10 desk pushups',NULL,NULL,0,'2024-05-28 13:40:16','2024-06-08 10:32:09',10,12,75,56,1),(368,'\r\nToday I listened to a podcast which was not so interesting. But it’s important to fail in getting high quality information.',NULL,NULL,0,'2024-05-29 01:24:37','2024-06-08 10:32:09',223,4,23,15,4),(369,'This morning I took the stairs instead of the lift🙌🏻🥂',NULL,NULL,0,'2024-05-29 08:54:09','2024-06-08 10:32:09',10,9,54,31,1),(370,'This morning I learnt about how to auto scale the ec2 instance with the method called horizontal scaling 💪🏻🔥',NULL,NULL,0,'2024-05-29 08:55:36','2024-06-08 10:32:09',10,18,118,34,1),(371,'Target was to do the 10 push ups but I did 15 pushups 🙌🏻🥂💪🏻🔥',NULL,NULL,0,'2024-05-29 08:58:27','2024-06-08 10:32:09',10,12,75,3,1),(372,'\r\nFeel that I am immersing myself to this field.',NULL,NULL,0,'2024-05-29 10:04:40','2024-06-08 10:32:09',223,1,2,22,4),(373,'\r\nLearn bout easy meditation methods.',NULL,NULL,0,'2024-05-29 10:07:23','2024-06-08 10:32:09',223,18,118,77,4),(374,'I blocked time with Viveks India today for a meeting',NULL,NULL,0,'2024-05-29 10:17:53','2024-06-08 10:32:09',7,2,9,57,1),(375,'\r\nKeep a perfect health for every day!',NULL,NULL,0,'2024-05-29 12:53:27','2024-06-08 10:32:10',223,12,75,31,4),(376,'I met Balaji Anna for product demo',NULL,NULL,0,'2024-05-29 13:11:47','2024-06-08 10:32:10',7,9,54,46,1),(377,'\r\nCarry on! That is the only word in my mind.',NULL,NULL,0,'2024-05-30 05:05:21','2024-06-08 10:32:10',223,12,75,6,4),(378,'I did a product demo for Ati',NULL,NULL,0,'2024-05-30 06:50:24','2024-06-08 10:32:10',7,2,9,59,1),(379,'Did meditation for a minute. When I found free time.',NULL,NULL,0,'2024-05-30 08:50:14','2024-06-08 10:32:10',233,18,116,45,4),(380,'\r\nI am using YouTube but thinking to shift another type of sns.',NULL,NULL,0,'2024-05-30 09:39:31','2024-06-08 10:32:10',223,1,2,29,4),(381,'\r\nI learned a new method to practice my language.',NULL,NULL,0,'2024-05-30 10:03:46','2024-06-08 10:32:10',223,18,118,68,4),(382,'\r\nEnjoy my podcast journey.',NULL,NULL,0,'2024-05-30 10:12:02','2024-06-08 10:32:10',223,4,23,21,4),(383,NULL,NULL,'https://postactionsbucket.s3.ap-south-1.amazonaws.com/uploads/audio/Thu%20May%2030%202024%2010%3A44%3A43%20GMT%2B0000%20%28Coordinated%20Universal%20Time%29_Recorder_20240530_041441.m4a',0,'2024-05-30 10:44:43','2024-06-08 10:32:10',166,18,118,21,4),(384,NULL,NULL,'https://postactionsbucket.s3.ap-south-1.amazonaws.com/uploads/audio/Thu%20May%2030%202024%2010%3A44%3A51%20GMT%2B0000%20%28Coordinated%20Universal%20Time%29_Recorder_20240530_041448.m4a',0,'2024-05-30 10:44:51','2024-06-08 10:32:10',166,4,23,35,4),(385,NULL,NULL,'https://postactionsbucket.s3.ap-south-1.amazonaws.com/uploads/audio/Thu%20May%2030%202024%2010%3A44%3A59%20GMT%2B0000%20%28Coordinated%20Universal%20Time%29_Recorder_20240530_041456.m4a',0,'2024-05-30 10:44:59','2024-06-08 10:32:10',166,1,2,46,4),(386,'\r\nThis routine has changed amazingly my health mind and body.',NULL,NULL,0,'2024-05-31 01:57:20','2024-06-08 10:32:10',223,12,75,20,4),(387,'I had a beautiful start for the day',NULL,NULL,0,'2024-05-31 04:45:16','2024-06-08 10:32:10',70,10,61,35,1),(388,'Practicing by pitching to new companies',NULL,NULL,0,'2024-05-31 04:46:19','2024-06-08 10:32:10',70,2,9,22,1),(389,NULL,'https://postactionsbucket.s3.ap-south-1.amazonaws.com/uploads/images/Fri%20May%2031%202024%2006%3A51%3A37%20GMT%2B0000%20%28Coordinated%20Universal%20Time%29_17171382885417881591886506036.jpg','https://postactionsbucket.s3.ap-south-1.amazonaws.com/uploads/audio/Fri%20May%2031%202024%2006%3A51%3A37%20GMT%2B0000%20%28Coordinated%20Universal%20Time%29_Recorder_20240531_122132.m4a',0,'2024-05-31 06:51:37','2024-06-08 10:32:10',10,18,118,28,1),(390,'SrzrzrRrtxtxtstztztyfydyzttztz',NULL,NULL,0,'2024-05-31 06:56:22','2024-06-08 10:32:10',7,2,9,24,1),(391,'I\'m not doing habitssssssss🥲',NULL,NULL,0,'2024-05-31 07:30:12','2024-06-08 10:32:10',10,10,61,53,1),(392,'Just kidding ,I\'m doing habits 😂😂😂',NULL,NULL,0,'2024-05-31 07:30:31','2024-06-08 10:32:10',10,3,16,38,1),(393,'100 metres tower,more to go 🥳',NULL,NULL,0,'2024-05-31 07:30:49','2024-06-08 10:32:10',10,9,54,21,1),(394,NULL,NULL,'https://postactionsbucket.s3.ap-south-1.amazonaws.com/uploads/audio/Fri%20May%2031%202024%2007%3A59%3A11%20GMT%2B0000%20%28Coordinated%20Universal%20Time%29_Recorder_20240531_012909.m4a',0,'2024-05-31 07:59:11','2024-06-08 10:32:10',166,4,23,19,4),(395,NULL,NULL,'https://postactionsbucket.s3.ap-south-1.amazonaws.com/uploads/audio/Fri%20May%2031%202024%2008%3A00%3A00%20GMT%2B0000%20%28Coordinated%20Universal%20Time%29_Recorder_20240531_012958.m4a',0,'2024-05-31 08:00:00','2024-06-08 10:32:10',166,25,163,24,4),(396,NULL,NULL,'https://postactionsbucket.s3.ap-south-1.amazonaws.com/uploads/audio/Fri%20May%2031%202024%2008%3A00%3A19%20GMT%2B0000%20%28Coordinated%20Universal%20Time%29_Recorder_20240531_013017.m4a',0,'2024-05-31 08:00:19','2024-06-08 10:32:10',166,1,2,44,4),(397,'\r\nI have just spend significant time with a tutorial today.',NULL,NULL,0,'2024-05-31 11:45:53','2024-06-08 10:32:11',223,1,2,16,4),(398,'\r\nI started to learn about how to use make items……',NULL,NULL,0,'2024-05-31 11:47:10','2024-06-08 10:32:11',223,18,118,75,4),(399,'\r\nListening how to grow small business.',NULL,NULL,0,'2024-05-31 11:59:48','2024-06-08 10:32:11',223,4,23,20,4),(400,'\r\nResearched about new capital project in Indonesia.',NULL,NULL,0,'2024-06-01 08:08:18','2024-06-08 10:32:11',223,18,118,1,4),(401,'\r\nThis starts becoming one of my most enthousiaste moment in the day.',NULL,NULL,0,'2024-06-01 08:11:57','2024-06-08 10:32:11',223,1,2,77,4),(402,'Customer asked for helpline number',NULL,NULL,0,'2024-06-01 09:19:28','2024-06-08 10:32:11',7,2,9,71,1),(403,'\r\nI love the wellness program. I think it could be interesting of having a wellness program including alimentary advices.',NULL,NULL,0,'2024-06-01 11:06:44','2024-06-08 10:32:11',223,12,75,70,4),(404,'\r\nA need to forge yourself to a superstar. What I’ve learned from podcasts.',NULL,NULL,0,'2024-06-01 11:15:57','2024-06-08 10:32:11',223,4,23,3,4),(405,'Be kind to everyone no matter what they are🤧',NULL,NULL,0,'2024-06-01 13:17:25','2024-06-08 10:32:11',10,18,118,44,1),(406,'\r\nI feel that I am doing an intensive training with this habit.',NULL,NULL,0,'2024-06-02 10:16:57','2024-06-08 10:32:11',223,1,2,31,4),(407,'\r\nPodcast, a new hobby and wellness study way.',NULL,NULL,0,'2024-06-02 10:17:25','2024-06-08 10:32:11',223,4,23,49,4),(408,'\r\nI dedicated my day to a friend who experienced serious sadness issue.',NULL,NULL,0,'2024-06-02 10:18:02','2024-06-08 10:32:11',223,18,118,20,4),(409,'\r\nBecoming strong than before.',NULL,NULL,0,'2024-06-03 00:51:00','2024-06-08 10:32:11',223,12,75,47,4),(410,'\r\nChallenge for cooking! That is also a challenge to improve my daily life?',NULL,NULL,0,'2024-06-03 10:19:45','2024-06-08 10:32:11',223,18,118,23,4),(411,'Today I did a demo for Naveen sir',NULL,NULL,0,'2024-06-03 11:38:58','2024-06-08 10:32:11',7,2,9,69,1),(412,'\r\nSometimes it is hard to find a good tutorial.',NULL,NULL,0,'2024-06-03 13:14:21','2024-06-08 10:32:11',223,1,2,77,4),(413,NULL,NULL,'https://postactionsbucket.s3.ap-south-1.amazonaws.com/uploads/audio/Mon%20Jun%2003%202024%2014%3A00%3A19%20GMT%2B0000%20%28Coordinated%20Universal%20Time%29_Recorder_20240603_073013.m4a',0,'2024-06-03 14:00:19','2024-06-08 10:32:11',12,12,75,31,2),(414,NULL,NULL,'https://postactionsbucket.s3.ap-south-1.amazonaws.com/uploads/audio/Mon%20Jun%2003%202024%2014%3A00%3A33%20GMT%2B0000%20%28Coordinated%20Universal%20Time%29_Recorder_20240603_073029.m4a',0,'2024-06-03 14:00:33','2024-06-08 10:32:11',12,2,9,75,2),(415,NULL,NULL,'https://postactionsbucket.s3.ap-south-1.amazonaws.com/uploads/audio/Mon%20Jun%2003%202024%2014%3A00%3A48%20GMT%2B0000%20%28Coordinated%20Universal%20Time%29_Recorder_20240603_073045.m4a',0,'2024-06-03 14:00:48','2024-06-08 10:32:11',12,11,68,15,2),(416,NULL,'https://postactionsbucket.s3.ap-south-1.amazonaws.com/uploads/images/Mon%20Jun%2003%202024%2014%3A01%3A23%20GMT%2B0000%20%28Coordinated%20Universal%20Time%29_17174232588280459911378889405.jpg',NULL,0,'2024-06-03 14:01:23','2024-06-08 10:32:11',12,13,82,17,2),(417,NULL,'https://postactionsbucket.s3.ap-south-1.amazonaws.com/uploads/images/Mon%20Jun%2003%202024%2014%3A01%3A51%20GMT%2B0000%20%28Coordinated%20Universal%20Time%29_17174232923809438162291068219.jpg',NULL,0,'2024-06-03 14:01:51','2024-06-08 10:32:11',12,14,89,32,2),(418,'Testinggggggggggggggggggggg',NULL,NULL,0,'2024-06-03 14:02:06','2024-06-08 10:32:11',12,10,61,16,2),(419,'Testinggggggggggggggggggggg',NULL,NULL,0,'2024-06-03 14:02:16','2024-06-08 10:32:12',12,9,54,21,2),(420,'I had completed today task',NULL,NULL,0,'2024-06-03 15:32:29','2024-06-08 10:32:12',197,18,117,5,3),(421,'\r\nContinuous learning that changing me.',NULL,NULL,0,'2024-06-04 06:29:05','2024-06-08 10:32:12',223,4,23,31,4),(422,'I spoke to Girish in a clear concise manner.',NULL,NULL,0,'2024-06-04 07:08:04','2024-06-08 10:32:12',64,2,9,75,1),(423,'I applied axe oil in my nose and was meditating for 10 minutes to unblock my nose.',NULL,NULL,0,'2024-06-04 07:16:30','2024-06-08 10:32:12',64,21,136,21,1),(424,'Yes I drank water after reaching office',NULL,NULL,0,'2024-06-04 07:16:55','2024-06-08 10:32:12',64,11,68,51,1),(425,'I wore shoe to the office',NULL,NULL,0,'2024-06-04 07:17:34','2024-06-08 10:32:12',64,19,124,6,1),(426,'\r\nFeel that I’m much more better than before.',NULL,NULL,0,'2024-06-04 09:25:40','2024-06-08 10:32:12',223,1,2,75,4),(427,'I did a product demo for shanay from outlead',NULL,NULL,0,'2024-06-05 08:48:50','2024-06-08 10:32:12',7,2,9,42,1),(428,'Saw nithish dancing for 5 minutes','https://postactionsbucket.s3.ap-south-1.amazonaws.com/uploads/images/Wed+Jun+05+2024+09%3A43%3A29+GMT%2B0000+%28Coordinated+Universal+Time%29_VID_20240605_151217.mp4',NULL,0,'2024-06-05 09:43:29','2024-06-08 10:32:12',10,2,9,3,1),(429,'I got a feedback from Irin today',NULL,NULL,0,'2024-06-05 11:57:02','2024-06-08 10:32:12',7,9,54,22,1),(430,'Doing quick recalls of events to sharpen my memory.',NULL,NULL,0,'2024-06-05 13:33:10','2024-06-08 10:32:12',64,19,124,33,1),(431,'I imagined walking in  a beach',NULL,NULL,0,'2024-06-05 13:33:45','2024-06-08 10:32:12',64,21,136,56,1),(432,'Yes a bottle of water i had',NULL,NULL,0,'2024-06-05 13:34:14','2024-06-08 10:32:12',64,11,68,51,1),(433,'I rehearsed few questions that I will ask my subject',NULL,NULL,0,'2024-06-05 13:34:54','2024-06-08 10:32:12',64,2,9,15,1),(434,'Had water.................',NULL,NULL,0,'2024-06-06 04:42:00','2024-06-08 10:32:12',64,11,68,5,1),(435,'Did a slow breathing .....',NULL,NULL,0,'2024-06-06 04:42:35','2024-06-08 10:32:12',64,21,136,49,1),(436,'Rehearsed questions ......',NULL,NULL,0,'2024-06-06 04:42:58','2024-06-08 10:32:12',64,2,9,67,1),(437,'I completed today task...',NULL,NULL,0,'2024-06-06 11:26:33','2024-06-08 10:32:12',10,1,2,32,1),(438,'I have done today\'s task...',NULL,NULL,0,'2024-06-06 11:29:47','2024-06-08 10:32:12',10,2,9,79,1),(439,'\r\nThis is my morning routine now.',NULL,NULL,0,'2024-06-07 06:56:41','2024-06-08 10:32:12',223,12,75,41,4),(440,'\r\nI learn about B2B content which is crucial in today’s approach. You gain customers interests and educate them about your service.',NULL,NULL,0,'2024-06-07 09:34:54','2024-06-08 10:32:12',223,4,23,68,4),(441,'\r\nStarting something which could be a new hobby for me.',NULL,NULL,0,'2024-06-07 09:35:21','2024-06-08 10:32:13',223,18,118,50,4),(442,'\r\nIt’s becoming a part of my life. That is a magic!',NULL,NULL,0,'2024-06-07 13:55:54','2024-06-08 10:32:13',223,1,2,53,4),(443,'\r\nI start each morning with this action!',NULL,NULL,0,'2024-06-08 01:57:43','2024-06-08 10:32:13',223,12,75,78,4),(444,'\r\n営業交渉について、とても興味深いポッドキャストを聞きました。セールスへの観点が一新されます。',NULL,NULL,0,'2024-06-08 02:02:07','2024-06-08 10:32:13',223,4,23,30,4),(445,'I have updated this api.....',NULL,NULL,0,'2024-06-08 10:36:27','2024-06-08 10:36:27',10,2,9,45,1),(446,'Learned how to MySQL dump from one server to another',NULL,NULL,0,'2024-06-08 11:44:40','2024-06-08 11:44:40',10,18,118,75,1),(447,'Taken stairs for 5 minutess',NULL,NULL,0,'2024-06-08 11:45:20','2024-06-08 11:45:20',10,9,54,15,1),(448,'Did  push ups for 30 minutes',NULL,NULL,0,'2024-06-08 11:45:36','2024-06-08 11:45:36',10,10,61,43,1),(449,'Watched tutorial,..........',NULL,NULL,0,'2024-06-08 11:46:04','2024-06-08 11:46:04',10,1,2,47,1),(450,'Sent mungaru male song link to kp',NULL,NULL,0,'2024-06-08 11:46:23','2024-06-08 11:46:23',10,3,16,62,1),(451,'Performed 50 push ups , pushing the limoys',NULL,NULL,0,'2024-06-08 11:46:47','2024-06-08 11:46:47',10,12,75,28,1);
/*!40000 ALTER TABLE `TaskUploadModels` ENABLE KEYS */;
UNLOCK TABLES;

--
-- Table structure for table `activeTaskTrackers`
--

DROP TABLE IF EXISTS `activeTaskTrackers`;
/*!40101 SET @saved_cs_client     = @@character_set_client */;
/*!50503 SET character_set_client = utf8mb4 */;
CREATE TABLE `activeTaskTrackers` (
  `id` int NOT NULL AUTO_INCREMENT,
  `activeTaskCount` int DEFAULT NULL,
  `createdAt` datetime NOT NULL,
  `updatedAt` datetime NOT NULL,
  `userId` int DEFAULT NULL,
  PRIMARY KEY (`id`),
  KEY `userId` (`userId`),
  CONSTRAINT `activeTaskTrackers_ibfk_1` FOREIGN KEY (`userId`) REFERENCES `users` (`id`) ON DELETE SET NULL ON UPDATE CASCADE
) ENGINE=InnoDB AUTO_INCREMENT=177 DEFAULT CHARSET=utf8mb4 COLLATE=utf8mb4_0900_ai_ci;
/*!40101 SET character_set_client = @saved_cs_client */;

--
-- Dumping data for table `activeTaskTrackers`
--

LOCK TABLES `activeTaskTrackers` WRITE;
/*!40000 ALTER TABLE `activeTaskTrackers` DISABLE KEYS */;
INSERT INTO `activeTaskTrackers` VALUES (1,1,'2024-04-24 07:06:47','2024-04-24 07:06:47',9),(2,1,'2024-04-24 07:09:30','2024-04-24 07:09:30',9),(3,2,'2024-04-24 07:23:21','2024-04-24 07:23:49',8),(4,2,'2024-04-24 07:29:26','2024-04-24 07:32:57',10),(5,2,'2024-04-24 07:59:55','2024-04-24 08:00:09',7),(6,2,'2024-04-24 08:09:29','2024-04-24 08:09:42',11),(7,2,'2024-04-24 08:53:35','2024-04-24 08:54:34',12),(8,2,'2024-04-24 11:42:21','2024-04-24 11:42:37',14),(9,3,'2024-04-25 06:28:50','2024-04-25 20:03:05',10),(10,6,'2024-04-25 07:29:04','2024-04-25 11:33:26',12),(11,2,'2024-04-25 07:39:50','2024-04-25 07:40:05',15),(12,2,'2024-04-25 13:48:53','2024-04-25 13:50:01',19),(13,2,'2024-04-25 14:04:39','2024-04-25 14:05:06',18),(14,5,'2024-04-25 16:09:27','2024-04-25 16:32:30',20),(15,4,'2024-04-26 04:08:24','2024-04-26 11:34:39',10),(16,3,'2024-04-26 09:45:43','2024-04-26 09:48:00',12),(17,2,'2024-04-26 11:36:41','2024-04-26 11:36:59',24),(18,2,'2024-04-26 12:36:22','2024-04-26 12:37:43',23),(19,1,'2024-04-26 13:09:23','2024-04-26 13:09:23',8),(20,2,'2024-04-27 05:02:11','2024-04-28 07:37:53',10),(21,2,'2024-04-27 08:11:17','2024-04-27 08:12:02',26),(22,1,'2024-04-27 09:10:07','2024-04-27 09:10:07',18),(23,3,'2024-04-27 09:26:07','2024-04-27 09:45:54',35),(24,2,'2024-04-27 10:32:11','2024-04-27 10:32:50',36),(25,1,'2024-04-27 11:57:17','2024-04-27 11:57:17',8),(26,1,'2024-04-28 07:58:09','2024-04-28 07:58:09',10),(27,2,'2024-04-28 10:46:08','2024-04-28 10:46:56',37),(28,2,'2024-04-29 10:07:32','2024-04-29 10:07:54',21),(29,1,'2024-04-29 10:55:21','2024-04-29 10:55:21',8),(30,1,'2024-04-29 10:57:12','2024-04-29 10:57:12',7),(31,4,'2024-04-29 13:29:04','2024-04-29 14:28:35',10),(32,1,'2024-04-29 17:32:25','2024-04-29 17:32:25',12),(33,1,'2024-04-30 02:12:52','2024-04-30 02:12:52',21),(34,2,'2024-04-30 04:28:51','2024-04-30 04:29:58',41),(35,2,'2024-04-30 07:05:32','2024-04-30 07:06:05',42),(36,2,'2024-04-30 08:57:18','2024-04-30 08:57:54',47),(37,2,'2024-04-30 09:22:30','2024-04-30 09:22:55',45),(38,2,'2024-04-30 09:27:33','2024-04-30 09:28:03',46),(39,2,'2024-04-30 09:39:22','2024-04-30 13:16:39',12),(40,1,'2024-04-30 10:21:47','2024-04-30 10:21:47',5),(41,2,'2024-05-01 14:06:35','2024-05-01 14:07:28',47),(42,2,'2024-05-01 15:04:02','2024-05-01 15:09:31',8),(43,1,'2024-05-01 18:26:36','2024-05-01 18:26:36',10),(44,3,'2024-05-02 05:28:50','2024-05-02 16:35:19',47),(45,1,'2024-05-02 07:05:30','2024-05-02 07:05:30',10),(46,7,'2024-05-02 08:30:54','2024-05-02 14:51:24',12),(47,1,'2024-05-02 11:37:28','2024-05-02 11:37:28',46),(48,2,'2024-05-02 13:41:50','2024-05-02 13:44:48',8),(49,2,'2024-05-02 18:02:35','2024-05-02 18:07:52',48),(50,7,'2024-05-03 05:20:29','2024-05-03 13:45:58',12),(51,2,'2024-05-03 07:11:53','2024-05-03 07:13:43',8),(52,2,'2024-05-03 12:40:31','2024-05-03 12:41:20',51),(53,1,'2024-05-03 12:58:03','2024-05-03 12:58:03',48),(54,1,'2024-05-04 07:22:52','2024-05-04 07:22:52',7),(55,1,'2024-05-04 11:01:07','2024-05-04 11:01:07',10),(56,3,'2024-05-04 11:04:31','2024-05-04 11:07:05',47),(57,7,'2024-05-05 05:47:10','2024-05-05 10:53:22',12),(58,4,'2024-05-05 07:21:41','2024-05-05 07:31:40',10),(59,1,'2024-05-05 14:07:23','2024-05-05 14:07:23',8),(60,7,'2024-05-06 06:30:31','2024-05-06 09:57:22',12),(61,2,'2024-05-06 09:49:11','2024-05-06 09:50:18',50),(62,1,'2024-05-06 11:12:39','2024-05-06 11:12:39',10),(63,2,'2024-05-06 13:23:14','2024-05-06 13:24:04',53),(64,1,'2024-05-06 13:41:51','2024-05-06 13:41:51',7),(65,6,'2024-05-07 06:07:36','2024-05-07 14:11:48',10),(66,6,'2024-05-07 06:49:50','2024-05-07 10:35:35',12),(67,1,'2024-05-07 08:05:23','2024-05-07 08:05:23',47),(68,2,'2024-05-07 11:25:06','2024-05-07 11:30:30',46),(69,2,'2024-05-08 05:04:56','2024-05-08 05:06:29',8),(70,1,'2024-05-08 07:22:39','2024-05-08 07:22:39',46),(71,6,'2024-05-08 07:55:10','2024-05-08 17:03:50',12),(72,1,'2024-05-08 19:22:53','2024-05-08 19:22:53',7),(73,2,'2024-05-09 05:18:15','2024-05-09 07:53:53',8),(74,4,'2024-05-09 07:43:13','2024-05-09 13:10:07',12),(75,5,'2024-05-09 09:50:49','2024-05-09 14:11:54',10),(76,2,'2024-05-09 12:55:01','2024-05-09 13:03:45',47),(77,2,'2024-05-09 14:03:50','2024-05-09 14:30:50',60),(78,2,'2024-05-09 15:02:45','2024-05-09 15:06:00',61),(79,1,'2024-05-09 15:44:31','2024-05-09 15:44:31',57),(80,3,'2024-05-10 05:11:15','2024-05-10 09:27:45',12),(81,2,'2024-05-10 07:06:59','2024-05-10 17:04:18',10),(82,2,'2024-05-10 08:10:48','2024-05-10 08:51:02',65),(83,2,'2024-05-10 08:11:11','2024-05-10 08:39:06',66),(84,1,'2024-05-11 04:29:46','2024-05-11 04:29:46',8),(85,2,'2024-05-11 06:34:41','2024-05-11 12:22:11',12),(86,3,'2024-05-11 06:58:48','2024-05-11 07:15:16',68),(87,7,'2024-05-11 07:45:21','2024-05-11 08:14:31',47),(88,1,'2024-05-11 08:30:38','2024-05-11 08:30:38',69),(89,2,'2024-05-11 10:36:30','2024-05-11 10:38:41',64),(90,2,'2024-05-11 14:17:59','2024-05-11 14:19:45',85),(91,1,'2024-05-11 14:30:07','2024-05-11 14:30:07',84),(92,3,'2024-05-12 06:59:09','2024-05-12 07:03:18',10),(93,4,'2024-05-13 03:25:40','2024-05-13 12:48:43',10),(94,1,'2024-05-13 07:41:21','2024-05-13 07:41:21',94),(95,2,'2024-05-13 08:12:27','2024-05-13 08:19:44',95),(96,1,'2024-05-13 08:34:21','2024-05-13 08:34:21',97),(97,2,'2024-05-13 09:12:04','2024-05-13 09:19:29',99),(98,2,'2024-05-13 09:42:29','2024-05-13 09:46:16',101),(99,2,'2024-05-13 12:39:01','2024-05-13 12:40:55',166),(100,4,'2024-05-13 13:31:09','2024-05-13 13:50:49',164),(101,2,'2024-05-14 05:36:01','2024-05-14 05:37:12',168),(102,2,'2024-05-14 06:05:11','2024-05-14 07:25:35',12),(103,4,'2024-05-14 11:26:25','2024-05-14 11:41:59',172),(104,2,'2024-05-14 12:24:32','2024-05-14 12:24:40',174),(105,2,'2024-05-14 12:42:09','2024-05-14 12:45:05',176),(106,2,'2024-05-14 15:14:16','2024-05-14 15:17:18',54),(107,2,'2024-05-15 02:52:20','2024-05-15 06:38:20',7),(108,1,'2024-05-15 03:05:37','2024-05-15 03:05:37',70),(109,2,'2024-05-15 06:08:51','2024-05-15 06:09:40',12),(110,1,'2024-05-15 07:09:10','2024-05-15 07:09:10',178),(111,1,'2024-05-15 16:58:59','2024-05-15 16:58:59',10),(112,7,'2024-05-16 05:45:09','2024-05-16 16:46:25',12),(113,1,'2024-05-16 11:40:17','2024-05-16 11:40:17',70),(114,2,'2024-05-16 11:53:56','2024-05-16 11:55:52',7),(115,2,'2024-05-17 04:06:03','2024-05-17 04:07:20',70),(116,7,'2024-05-17 05:55:31','2024-05-17 13:45:14',10),(117,2,'2024-05-17 08:54:43','2024-05-17 09:03:50',166),(118,2,'2024-05-17 09:24:51','2024-05-17 09:32:57',7),(119,1,'2024-05-17 13:47:28','2024-05-17 13:47:28',197),(120,1,'2024-05-18 04:18:14','2024-05-18 04:18:14',10),(121,6,'2024-05-18 18:11:52','2024-05-18 18:13:16',12),(122,5,'2024-05-20 10:31:23','2024-05-20 10:32:33',12),(123,2,'2024-05-20 10:46:39','2024-05-20 10:47:34',166),(124,1,'2024-05-20 11:56:22','2024-05-20 11:56:22',219),(125,7,'2024-05-21 09:05:46','2024-05-21 09:28:15',10),(126,1,'2024-05-21 09:29:19','2024-05-21 09:29:19',47),(127,4,'2024-05-21 09:30:30','2024-05-21 09:33:42',64),(128,2,'2024-05-22 10:31:38','2024-05-22 10:31:59',166),(129,7,'2024-05-22 10:41:29','2024-05-22 10:42:46',12),(130,7,'2024-05-23 04:51:37','2024-05-23 08:09:50',10),(131,1,'2024-05-24 05:48:22','2024-05-24 05:48:22',64),(132,3,'2024-05-24 06:23:14','2024-05-24 09:15:16',7),(133,7,'2024-05-24 09:11:39','2024-05-24 09:15:28',10),(134,1,'2024-05-24 09:21:06','2024-05-24 09:21:06',223),(135,1,'2024-05-25 11:00:46','2024-05-25 11:00:46',223),(136,2,'2024-05-26 06:15:04','2024-05-26 06:20:02',223),(137,4,'2024-05-27 03:35:51','2024-05-27 09:12:00',223),(138,2,'2024-05-27 06:46:09','2024-05-27 06:47:18',166),(139,1,'2024-05-27 13:16:15','2024-05-27 13:16:15',7),(140,1,'2024-05-27 17:44:31','2024-05-27 17:44:31',70),(141,2,'2024-05-27 17:49:20','2024-05-27 17:49:47',10),(142,4,'2024-05-28 06:16:12','2024-05-28 12:24:55',223),(143,4,'2024-05-28 10:27:12','2024-05-28 11:14:04',166),(144,5,'2024-05-28 11:11:58','2024-05-28 13:40:16',10),(145,2,'2024-05-28 11:13:55','2024-05-28 12:59:10',7),(146,1,'2024-05-28 12:00:32','2024-05-28 12:00:32',70),(147,4,'2024-05-29 01:24:37','2024-05-29 12:53:27',223),(148,3,'2024-05-29 08:54:09','2024-05-29 08:58:27',10),(149,2,'2024-05-29 10:17:53','2024-05-29 13:11:47',7),(150,4,'2024-05-30 05:05:21','2024-05-30 10:12:02',223),(151,1,'2024-05-30 06:50:24','2024-05-30 06:50:24',7),(152,1,'2024-05-30 08:50:14','2024-05-30 08:50:14',233),(153,3,'2024-05-30 10:44:43','2024-05-30 10:44:59',166),(154,4,'2024-05-31 01:57:20','2024-05-31 11:59:48',223),(155,2,'2024-05-31 04:45:16','2024-05-31 04:46:19',70),(156,4,'2024-05-31 06:51:37','2024-05-31 07:30:49',10),(157,1,'2024-05-31 06:56:22','2024-05-31 06:56:22',7),(158,3,'2024-05-31 07:59:11','2024-05-31 08:00:19',166),(159,4,'2024-06-01 08:08:18','2024-06-01 11:15:57',223),(160,1,'2024-06-01 09:19:28','2024-06-01 09:19:28',7),(161,1,'2024-06-01 13:17:25','2024-06-01 13:17:25',10),(162,3,'2024-06-02 10:16:57','2024-06-02 10:18:02',223),(163,3,'2024-06-03 00:51:00','2024-06-03 13:14:21',223),(164,1,'2024-06-03 11:38:58','2024-06-03 11:38:58',7),(165,7,'2024-06-03 14:00:19','2024-06-03 14:02:16',12),(166,1,'2024-06-03 15:32:29','2024-06-03 15:32:29',197),(167,2,'2024-06-04 06:29:05','2024-06-04 09:25:40',223),(168,4,'2024-06-04 07:08:04','2024-06-04 07:17:35',64),(169,2,'2024-06-05 08:48:50','2024-06-05 11:57:02',7),(170,1,'2024-06-05 09:43:30','2024-06-05 09:43:30',10),(171,4,'2024-06-05 13:33:10','2024-06-05 13:34:54',64),(172,3,'2024-06-06 04:42:00','2024-06-06 04:42:58',64),(173,2,'2024-06-06 11:26:33','2024-06-06 11:29:47',10),(174,4,'2024-06-07 06:56:42','2024-06-07 13:55:54',223),(175,2,'2024-06-08 01:57:43','2024-06-08 02:02:07',223),(176,7,'2024-06-08 10:36:28','2024-06-08 11:46:47',10);
/*!40000 ALTER TABLE `activeTaskTrackers` ENABLE KEYS */;
UNLOCK TABLES;

--
-- Table structure for table `adminModels`
--

DROP TABLE IF EXISTS `adminModels`;
/*!40101 SET @saved_cs_client     = @@character_set_client */;
/*!50503 SET character_set_client = utf8mb4 */;
CREATE TABLE `adminModels` (
  `id` int NOT NULL AUTO_INCREMENT,
  `email` varchar(2555) NOT NULL,
  `customerId` int DEFAULT NULL,
  `department` varchar(2555) NOT NULL,
  `accessType` varchar(2555) NOT NULL,
  `createdAt` timestamp NULL DEFAULT CURRENT_TIMESTAMP,
  `updatedAt` timestamp NULL DEFAULT CURRENT_TIMESTAMP ON UPDATE CURRENT_TIMESTAMP,
  `name` varchar(2555) NOT NULL,
  `fname` text,
  `lname` text,
  `companySize` text,
  `doorNo` text,
  `password` varchar(255) DEFAULT NULL,
  `isPasswordSet` tinyint(1) DEFAULT NULL,
  `area` varchar(255) DEFAULT NULL,
  `address` varchar(255) DEFAULT NULL,
  `streetName` varchar(255) DEFAULT NULL,
  `city` varchar(255) DEFAULT NULL,
  `state` varchar(255) DEFAULT NULL,
  `pinCode` varchar(20) DEFAULT NULL,
  `isEamilVerified` tinyint(1) DEFAULT '0',
  `secretToken` text,
  PRIMARY KEY (`id`),
  KEY `customerId` (`customerId`),
  CONSTRAINT `adminModels_ibfk_1` FOREIGN KEY (`customerId`) REFERENCES `customers` (`id`)
) ENGINE=InnoDB DEFAULT CHARSET=utf8mb4 COLLATE=utf8mb4_0900_ai_ci;
/*!40101 SET character_set_client = @saved_cs_client */;

--
-- Dumping data for table `adminModels`
--

LOCK TABLES `adminModels` WRITE;
/*!40000 ALTER TABLE `adminModels` DISABLE KEYS */;
/*!40000 ALTER TABLE `adminModels` ENABLE KEYS */;
UNLOCK TABLES;

--
-- Table structure for table `bigholograms`
--

DROP TABLE IF EXISTS `bigholograms`;
/*!40101 SET @saved_cs_client     = @@character_set_client */;
/*!50503 SET character_set_client = utf8mb4 */;
CREATE TABLE `bigholograms` (
  `id` int NOT NULL AUTO_INCREMENT,
  `createdAt` datetime NOT NULL,
  `updatedAt` datetime NOT NULL,
  `userId` int DEFAULT NULL,
  `shapeId` int DEFAULT NULL,
  PRIMARY KEY (`id`),
  KEY `userId` (`userId`),
  KEY `shapeId` (`shapeId`),
  CONSTRAINT `bigholograms_ibfk_1` FOREIGN KEY (`userId`) REFERENCES `users` (`id`) ON DELETE SET NULL ON UPDATE CASCADE,
  CONSTRAINT `bigholograms_ibfk_2` FOREIGN KEY (`shapeId`) REFERENCES `shapes` (`id`) ON DELETE SET NULL ON UPDATE CASCADE
) ENGINE=InnoDB AUTO_INCREMENT=2 DEFAULT CHARSET=utf8mb4 COLLATE=utf8mb4_0900_ai_ci;
/*!40101 SET character_set_client = @saved_cs_client */;

--
-- Dumping data for table `bigholograms`
--

LOCK TABLES `bigholograms` WRITE;
/*!40000 ALTER TABLE `bigholograms` DISABLE KEYS */;
INSERT INTO `bigholograms` VALUES (1,'2024-05-28 12:24:55','2024-05-28 12:24:55',223,10);
/*!40000 ALTER TABLE `bigholograms` ENABLE KEYS */;
UNLOCK TABLES;

--
-- Table structure for table `challengeRequests`
--

DROP TABLE IF EXISTS `challengeRequests`;
/*!40101 SET @saved_cs_client     = @@character_set_client */;
/*!50503 SET character_set_client = utf8mb4 */;
CREATE TABLE `challengeRequests` (
  `id` int NOT NULL AUTO_INCREMENT,
  `reqStatus` varchar(255) DEFAULT 'pending',
  `isRequestedBy` tinyint(1) DEFAULT '0',
  `isAcceptShown` tinyint(1) DEFAULT '0',
  `createdAt` datetime NOT NULL,
  `updatedAt` datetime NOT NULL,
  `userId` int DEFAULT NULL,
  `teamId` int DEFAULT NULL,
  `challengeId` int DEFAULT NULL,
  `programId` int DEFAULT NULL,
  `teamRequestId` int DEFAULT NULL,
  PRIMARY KEY (`id`),
  KEY `userId` (`userId`),
  KEY `teamId` (`teamId`),
  KEY `challengeId` (`challengeId`),
  KEY `programId` (`programId`),
  KEY `teamRequestId` (`teamRequestId`),
  CONSTRAINT `challengeRequests_ibfk_1` FOREIGN KEY (`userId`) REFERENCES `users` (`id`) ON DELETE SET NULL ON UPDATE CASCADE,
  CONSTRAINT `challengeRequests_ibfk_2` FOREIGN KEY (`teamId`) REFERENCES `teams` (`id`) ON DELETE SET NULL ON UPDATE CASCADE,
  CONSTRAINT `challengeRequests_ibfk_3` FOREIGN KEY (`challengeId`) REFERENCES `challenges` (`id`) ON DELETE SET NULL ON UPDATE CASCADE,
  CONSTRAINT `challengeRequests_ibfk_4` FOREIGN KEY (`programId`) REFERENCES `programs` (`id`) ON DELETE SET NULL ON UPDATE CASCADE,
  CONSTRAINT `challengeRequests_ibfk_5` FOREIGN KEY (`teamRequestId`) REFERENCES `teamRequests` (`id`) ON DELETE SET NULL ON UPDATE CASCADE
) ENGINE=InnoDB AUTO_INCREMENT=104 DEFAULT CHARSET=utf8mb4 COLLATE=utf8mb4_0900_ai_ci;
/*!40101 SET character_set_client = @saved_cs_client */;

--
-- Dumping data for table `challengeRequests`
--

LOCK TABLES `challengeRequests` WRITE;
/*!40000 ALTER TABLE `challengeRequests` DISABLE KEYS */;
INSERT INTO `challengeRequests` VALUES (1,'cancelled',0,0,'2024-04-25 14:21:06','2024-04-26 14:30:00',17,6,3,2,1),(2,'cancelled',1,0,'2024-04-25 14:21:06','2024-04-26 14:30:00',18,6,3,2,1),(3,'cancelled',0,0,'2024-04-25 16:51:13','2024-04-26 17:00:00',19,5,3,2,2),(4,'cancelled',1,0,'2024-04-25 16:51:14','2024-04-26 17:00:00',20,5,3,2,2),(5,'completed',0,0,'2024-04-30 09:01:40','2024-05-01 23:50:00',45,15,2,2,3),(6,'cancelled',0,0,'2024-04-30 09:01:40','2024-05-01 09:30:01',46,15,2,2,3),(7,'completed',1,0,'2024-04-30 09:01:40','2024-05-02 05:23:45',47,15,2,2,3),(8,'cancelled',0,0,'2024-05-02 08:42:58','2024-05-03 09:00:00',4,2,2,2,4),(9,'cancelled',1,0,'2024-05-02 08:42:58','2024-05-03 09:00:00',12,2,2,2,4),(10,'cancelled',0,0,'2024-05-02 11:14:59','2024-05-03 11:30:00',45,15,2,2,5),(11,'cancelled',1,0,'2024-05-02 11:14:59','2024-05-03 11:30:00',46,15,2,2,5),(12,'cancelled',0,0,'2024-05-02 11:14:59','2024-05-03 11:30:00',47,15,2,2,5),(13,'cancelled',0,0,'2024-05-02 13:24:18','2024-05-03 13:30:00',45,15,3,2,6),(14,'cancelled',0,0,'2024-05-04 10:58:41','2024-05-05 11:00:00',45,15,2,2,7),(15,'cancelled',0,0,'2024-05-04 10:58:41','2024-05-05 11:00:00',46,15,2,2,7),(16,'cancelled',1,0,'2024-05-04 10:58:41','2024-05-05 11:00:00',47,15,2,2,7),(17,'cancelled',0,0,'2024-05-04 11:24:11','2024-05-05 11:30:00',45,15,2,2,8),(18,'cancelled',0,0,'2024-05-06 03:32:22','2024-05-07 04:00:00',5,1,5,2,9),(19,'cancelled',0,0,'2024-05-06 03:32:22','2024-05-07 04:00:00',6,1,5,2,9),(20,'completed',0,0,'2024-05-06 03:32:22','2024-05-07 23:50:01',7,1,5,2,9),(21,'completed',1,0,'2024-05-06 03:32:22','2024-05-09 04:45:12',8,1,5,2,9),(22,'cancelled',0,0,'2024-05-06 03:32:22','2024-05-07 04:00:00',9,1,5,2,9),(23,'cancelled',0,0,'2024-05-06 03:32:22','2024-05-07 04:00:01',10,1,5,2,9),(24,'cancelled',1,0,'2024-05-06 04:22:38','2024-05-07 04:30:00',5,1,2,2,10),(25,'cancelled',0,0,'2024-05-06 04:22:38','2024-05-07 04:30:00',6,1,2,2,10),(26,'cancelled',0,0,'2024-05-06 06:32:16','2024-05-07 07:00:00',4,2,2,2,11),(27,'cancelled',1,0,'2024-05-06 06:32:16','2024-05-07 07:00:00',12,2,2,2,11),(28,'cancelled',0,0,'2024-05-06 18:43:53','2024-05-07 19:00:00',54,20,2,3,12),(29,'cancelled',1,0,'2024-05-06 18:43:53','2024-05-07 19:00:00',10,20,2,3,12),(30,'cancelled',0,0,'2024-05-07 06:08:36','2024-05-08 06:30:00',45,15,3,2,13),(31,'cancelled',1,0,'2024-05-07 06:08:36','2024-05-08 06:30:00',46,15,3,2,13),(32,'cancelled',0,1,'2024-05-07 06:08:36','2024-05-08 06:30:00',47,15,3,2,13),(33,'cancelled',0,0,'2024-05-07 07:06:39','2024-05-08 07:30:00',4,2,7,2,14),(34,'cancelled',1,0,'2024-05-07 07:06:39','2024-05-08 07:30:00',12,2,7,2,14),(35,'cancelled',0,0,'2024-05-08 13:54:48','2024-05-09 14:00:00',45,15,5,2,15),(36,'cancelled',0,0,'2024-05-08 13:54:48','2024-05-09 14:00:00',46,15,5,2,15),(37,'cancelled',1,0,'2024-05-08 13:54:48','2024-05-09 14:00:00',47,15,5,2,15),(38,'cancelled',0,0,'2024-05-08 15:44:22','2024-05-09 16:00:00',25,9,2,1,16),(39,'cancelled',1,0,'2024-05-08 15:44:22','2024-05-09 16:00:00',10,9,2,1,16),(40,'cancelled',0,0,'2024-05-08 15:44:22','2024-05-09 16:00:00',36,9,2,1,16),(41,'cancelled',0,0,'2024-05-08 16:57:35','2024-05-09 17:00:00',4,2,2,2,17),(42,'cancelled',1,0,'2024-05-08 16:57:35','2024-05-09 17:00:00',12,2,2,2,17),(43,'cancelled',1,0,'2024-05-08 19:17:54','2024-05-09 19:30:00',7,17,2,17,18),(44,'cancelled',0,0,'2024-05-08 19:17:54','2024-05-09 19:30:00',40,17,2,17,18),(45,'cancelled',1,0,'2024-05-09 13:29:24','2024-05-10 16:30:00',47,18,7,3,19),(46,'cancelled',0,0,'2024-05-09 13:29:24','2024-05-10 16:30:00',51,18,7,3,19),(47,'completed',0,0,'2024-05-11 08:55:05','2024-05-15 23:50:00',67,27,2,2,20),(48,'completed',0,1,'2024-05-11 08:55:05','2024-05-15 23:50:00',68,27,2,2,20),(49,'completed',1,0,'2024-05-11 08:55:05','2024-05-15 23:50:00',69,27,2,2,20),(50,'cancelled',0,0,'2024-05-11 08:57:07','2024-05-12 09:00:02',67,27,2,2,21),(51,'completed',0,0,'2024-05-11 09:10:12','2024-05-15 23:50:00',69,29,2,1,22),(52,'completed',1,0,'2024-05-11 09:10:12','2024-05-15 23:50:00',47,29,2,1,22),(53,'cancelled',1,0,'2024-05-11 09:11:18','2024-05-12 09:30:01',69,29,2,1,23),(54,'cancelled',1,0,'2024-05-11 10:50:13','2024-05-12 11:00:00',64,26,2,2,24),(55,'cancelled',1,0,'2024-05-13 08:14:56','2024-05-14 08:30:00',95,40,2,18,25),(56,'cancelled',0,0,'2024-05-13 08:14:56','2024-05-14 08:30:00',19,40,2,18,25),(57,'cancelled',0,0,'2024-05-13 08:34:49','2024-05-14 09:00:00',96,42,3,18,26),(58,'cancelled',1,0,'2024-05-13 08:34:49','2024-05-14 09:00:00',97,42,3,18,26),(59,'cancelled',1,0,'2024-05-13 12:06:52','2024-05-14 12:30:00',99,43,2,18,27),(60,'cancelled',0,0,'2024-05-13 12:06:52','2024-05-14 12:30:00',100,43,2,18,27),(61,'cancelled',1,0,'2024-05-13 12:41:26','2024-05-14 13:00:00',166,54,2,18,28),(62,'cancelled',0,0,'2024-05-13 12:41:26','2024-05-14 13:00:00',167,54,2,18,28),(63,'cancelled',1,0,'2024-05-13 13:33:45','2024-05-14 14:00:00',164,53,3,18,29),(64,'cancelled',0,0,'2024-05-13 13:33:45','2024-05-14 14:00:00',165,53,3,18,29),(65,'cancelled',0,0,'2024-05-14 05:51:48','2024-05-15 06:00:00',4,2,2,2,30),(66,'cancelled',1,0,'2024-05-14 05:51:48','2024-05-15 06:00:00',12,2,2,2,30),(67,'cancelled',1,0,'2024-05-14 06:11:17','2024-05-15 06:30:00',168,55,2,18,31),(68,'cancelled',0,0,'2024-05-14 06:11:17','2024-05-15 06:30:00',169,55,2,18,31),(69,'cancelled',1,0,'2024-05-14 11:36:20','2024-05-15 12:00:00',172,57,3,18,32),(70,'cancelled',0,0,'2024-05-14 11:36:20','2024-05-15 12:00:00',173,57,3,18,32),(71,'cancelled',1,0,'2024-05-14 12:25:48','2024-05-15 12:30:00',174,58,3,18,33),(72,'cancelled',0,0,'2024-05-14 12:25:48','2024-05-15 12:30:00',175,58,3,18,33),(73,'cancelled',1,0,'2024-05-14 12:44:22','2024-05-15 13:00:01',176,59,3,18,34),(74,'cancelled',0,0,'2024-05-14 12:44:22','2024-05-15 13:00:01',177,59,3,18,34),(75,'cancelled',0,0,'2024-05-15 02:50:04','2024-05-16 03:00:00',5,1,3,2,35),(76,'cancelled',0,0,'2024-05-15 02:50:04','2024-05-16 03:00:00',6,1,3,2,35),(77,'cancelled',1,0,'2024-05-15 02:50:04','2024-05-16 03:00:00',7,1,3,2,35),(78,'cancelled',0,0,'2024-05-15 02:50:05','2024-05-16 03:00:00',8,1,3,2,35),(79,'cancelled',0,0,'2024-05-15 02:50:05','2024-05-16 03:00:00',9,1,3,2,35),(80,'cancelled',0,0,'2024-05-15 02:50:05','2024-05-16 03:00:00',10,1,3,2,35),(81,'cancelled',0,0,'2024-05-15 02:50:05','2024-05-16 03:00:00',11,1,3,2,35),(82,'cancelled',0,0,'2024-05-15 06:11:27','2024-05-16 06:30:00',4,2,3,2,36),(83,'cancelled',1,0,'2024-05-15 06:11:27','2024-05-16 06:30:00',12,2,3,2,36),(84,'cancelled',1,0,'2024-05-17 08:55:04','2024-05-18 09:00:00',166,54,2,18,37),(85,'cancelled',0,0,'2024-05-17 08:55:04','2024-05-18 09:00:00',167,54,2,18,37),(86,'cancelled',0,0,'2024-05-20 10:30:23','2024-05-21 11:00:00',4,2,2,2,38),(87,'cancelled',1,0,'2024-05-20 10:30:23','2024-05-21 11:00:00',12,2,2,2,38),(88,'cancelled',1,0,'2024-05-21 17:45:00','2024-05-22 18:00:00',199,64,2,18,39),(89,'cancelled',0,0,'2024-05-21 17:45:00','2024-05-22 18:00:00',200,64,2,18,39),(90,'cancelled',0,0,'2024-05-27 06:46:22','2024-05-28 07:00:00',223,78,2,1,40),(91,'completed',1,0,'2024-05-27 06:46:22','2024-05-30 10:43:48',166,78,2,1,40),(92,'cancelled',1,0,'2024-05-27 17:45:31','2024-05-28 18:00:00',70,28,2,2,41),(93,'cancelled',0,0,'2024-05-27 17:45:31','2024-05-28 18:00:00',71,28,2,2,41),(94,'cancelled',1,0,'2024-05-30 09:12:18','2024-05-31 09:30:00',233,82,2,18,42),(95,'cancelled',0,0,'2024-05-30 09:12:18','2024-05-31 09:30:00',234,82,2,18,42),(96,'cancelled',0,0,'2024-05-30 10:44:09','2024-05-31 11:00:00',223,78,2,1,43),(97,'cancelled',1,0,'2024-05-30 10:44:09','2024-05-31 11:00:00',166,78,2,1,43),(98,'completed',0,0,'2024-05-30 10:44:19','2024-06-05 23:50:00',223,79,3,4,44),(99,'completed',1,0,'2024-05-30 10:44:19','2024-06-05 23:50:00',166,79,3,4,44),(100,'cancelled',1,0,'2024-05-31 04:46:45','2024-06-01 05:00:00',70,28,4,2,45),(101,'cancelled',0,0,'2024-05-31 04:46:45','2024-06-01 05:00:00',71,28,4,2,45),(102,'cancelled',1,0,'2024-06-03 15:39:55','2024-06-04 16:00:00',197,63,2,18,46),(103,'cancelled',0,0,'2024-06-03 15:39:55','2024-06-04 16:00:00',198,63,2,18,46);
/*!40000 ALTER TABLE `challengeRequests` ENABLE KEYS */;
UNLOCK TABLES;

--
-- Table structure for table `challenges`
--

DROP TABLE IF EXISTS `challenges`;
/*!40101 SET @saved_cs_client     = @@character_set_client */;
/*!50503 SET character_set_client = utf8mb4 */;
CREATE TABLE `challenges` (
  `id` int NOT NULL AUTO_INCREMENT,
  `challengeName` varchar(255) DEFAULT NULL,
  `coinsMultiplier` float DEFAULT NULL,
  `challengeReward` int DEFAULT NULL,
  `streak` int DEFAULT NULL,
  `description` varchar(255) DEFAULT NULL,
  `createdAt` datetime NOT NULL DEFAULT CURRENT_TIMESTAMP,
  `updatedAt` datetime NOT NULL DEFAULT CURRENT_TIMESTAMP ON UPDATE CURRENT_TIMESTAMP,
  PRIMARY KEY (`id`)
) ENGINE=InnoDB AUTO_INCREMENT=8 DEFAULT CHARSET=utf8mb4 COLLATE=utf8mb4_0900_ai_ci;
/*!40101 SET character_set_client = @saved_cs_client */;

--
-- Dumping data for table `challenges`
--

LOCK TABLES `challenges` WRITE;
/*!40000 ALTER TABLE `challenges` DISABLE KEYS */;
INSERT INTO `challenges` VALUES (2,'3 day streak',1.5,30,3,'Maintain your habits for 3 consecutive days and earn 1.5x the stars!','2024-04-24 09:38:19','2024-05-09 12:45:05'),(3,'5 day streak',2,30,5,'Keep the momentum going! Complete your tasks for 5 days straight and double your stars!','2024-04-24 09:39:02','2024-05-09 12:45:05'),(4,'10 day streak',2.5,30,10,'Reach a 10-day streak and boost your earnings with 2.5x stars!','2024-04-24 09:39:47','2024-05-09 12:45:05'),(5,'13 day streak',3,30,13,'Stay strong through 13 days of consistency and triple your star reward!','2024-04-24 09:49:07','2024-05-09 12:45:04'),(6,'15 day streak',3.5,30,15,'Hold firm to your habits for 15 days to earn a stellar 3.5x stars bonus!','2024-04-24 09:50:21','2024-05-09 12:45:05'),(7,'18 day streak',4,30,18,'Master your dedication! An 18-day streak rewards you with 4x the stars!','2024-04-24 09:51:17','2024-05-09 12:45:06');
/*!40000 ALTER TABLE `challenges` ENABLE KEYS */;
UNLOCK TABLES;

--
-- Table structure for table `coinsTrackers`
--

DROP TABLE IF EXISTS `coinsTrackers`;
/*!40101 SET @saved_cs_client     = @@character_set_client */;
/*!50503 SET character_set_client = utf8mb4 */;
CREATE TABLE `coinsTrackers` (
  `id` int NOT NULL AUTO_INCREMENT,
  `coinsUpdate` int DEFAULT NULL,
  `taskCoins` int DEFAULT NULL,
  `createdAt` datetime NOT NULL,
  `updatedAt` datetime NOT NULL,
  `userId` int DEFAULT NULL,
  `taskId` int DEFAULT NULL,
  `programId` int DEFAULT NULL,
  PRIMARY KEY (`id`),
  KEY `userId` (`userId`),
  KEY `taskId` (`taskId`),
  KEY `programId` (`programId`),
  CONSTRAINT `coinsTrackers_ibfk_1` FOREIGN KEY (`userId`) REFERENCES `users` (`id`) ON DELETE SET NULL ON UPDATE CASCADE,
  CONSTRAINT `coinsTrackers_ibfk_2` FOREIGN KEY (`taskId`) REFERENCES `tasks` (`id`) ON DELETE SET NULL ON UPDATE CASCADE,
  CONSTRAINT `coinsTrackers_ibfk_3` FOREIGN KEY (`programId`) REFERENCES `programs` (`id`) ON DELETE SET NULL ON UPDATE CASCADE
) ENGINE=InnoDB AUTO_INCREMENT=237 DEFAULT CHARSET=utf8mb4 COLLATE=utf8mb4_0900_ai_ci;
/*!40101 SET character_set_client = @saved_cs_client */;

--
-- Dumping data for table `coinsTrackers`
--

LOCK TABLES `coinsTrackers` WRITE;
/*!40000 ALTER TABLE `coinsTrackers` DISABLE KEYS */;
INSERT INTO `coinsTrackers` VALUES (1,15,15,'2024-04-24 07:06:47','2024-04-24 07:06:47',9,53,9),(2,15,15,'2024-04-24 07:23:49','2024-04-24 07:23:49',8,53,9),(3,15,15,'2024-04-24 07:29:26','2024-04-24 07:29:26',10,53,9),(4,15,15,'2024-04-24 08:00:09','2024-04-24 08:00:09',7,53,9),(5,15,15,'2024-04-24 08:09:42','2024-04-24 08:09:42',11,67,11),(6,15,15,'2024-04-24 08:53:35','2024-04-24 08:53:35',12,53,9),(7,15,15,'2024-04-24 11:42:21','2024-04-24 11:42:21',14,60,10),(8,30,15,'2024-04-25 06:31:09','2024-04-25 06:31:09',10,54,9),(9,30,15,'2024-04-25 07:29:04','2024-04-25 07:29:04',12,54,9),(10,15,15,'2024-04-25 07:40:05','2024-04-25 07:40:05',15,53,9),(11,45,15,'2024-04-25 11:29:04','2024-04-25 11:29:04',12,60,10),(12,60,15,'2024-04-25 11:29:56','2024-04-25 11:29:56',12,67,11),(13,75,15,'2024-04-25 11:32:57','2024-04-25 11:32:57',12,81,13),(14,90,15,'2024-04-25 11:33:26','2024-04-25 11:33:26',12,88,14),(15,15,15,'2024-04-25 13:48:53','2024-04-25 13:48:53',19,67,11),(16,15,15,'2024-04-25 14:05:06','2024-04-25 14:05:06',18,53,9),(17,15,15,'2024-04-25 16:09:27','2024-04-25 16:09:27',20,53,9),(18,30,15,'2024-04-25 16:14:11','2024-04-25 16:14:11',20,88,14),(19,45,15,'2024-04-25 16:17:00','2024-04-25 16:17:00',20,67,11),(20,60,15,'2024-04-25 16:32:30','2024-04-25 16:32:30',20,81,13),(21,45,15,'2024-04-25 20:03:05','2024-04-25 20:03:05',10,60,10),(22,60,15,'2024-04-26 04:08:23','2024-04-26 04:08:23',10,61,10),(23,75,15,'2024-04-26 04:08:32','2024-04-26 04:08:32',10,54,9),(24,105,15,'2024-04-26 09:45:43','2024-04-26 09:45:43',12,54,9),(25,120,15,'2024-04-26 09:48:00','2024-04-26 09:48:00',12,82,13),(26,15,15,'2024-04-26 11:36:59','2024-04-26 11:36:59',24,67,11),(27,15,15,'2024-04-26 12:36:22','2024-04-26 12:36:22',23,53,9),(28,15,15,'2024-04-27 08:11:17','2024-04-27 08:11:17',26,67,11),(29,30,15,'2024-04-27 09:10:07','2024-04-27 09:10:07',18,54,9),(30,15,15,'2024-04-27 09:27:00','2024-04-27 09:27:00',35,67,11),(31,30,15,'2024-04-27 09:45:54','2024-04-27 09:45:54',35,60,10),(32,15,15,'2024-04-27 10:32:50','2024-04-27 10:32:50',36,67,11),(33,90,15,'2024-04-28 07:37:53','2024-04-28 07:37:53',10,61,10),(34,15,15,'2024-04-28 10:46:08','2024-04-28 10:46:08',37,53,9),(35,15,15,'2024-04-29 10:07:54','2024-04-29 10:07:54',21,53,9),(36,30,15,'2024-04-29 10:55:21','2024-04-29 10:55:21',8,54,9),(37,105,15,'2024-04-29 13:31:14','2024-04-29 13:31:14',10,61,10),(38,120,15,'2024-04-29 14:24:17','2024-04-29 14:24:17',10,54,9),(39,135,15,'2024-04-29 17:32:25','2024-04-29 17:32:25',12,82,13),(40,30,15,'2024-04-30 02:12:52','2024-04-30 02:12:52',21,60,10),(41,15,15,'2024-04-30 04:28:51','2024-04-30 04:28:51',41,60,10),(42,15,15,'2024-04-30 07:06:05','2024-04-30 07:06:05',42,67,11),(43,15,15,'2024-04-30 08:57:54','2024-04-30 08:57:54',47,60,10),(44,15,15,'2024-04-30 09:22:55','2024-04-30 09:22:55',45,53,9),(45,15,15,'2024-04-30 09:27:33','2024-04-30 09:27:33',46,53,9),(46,150,15,'2024-04-30 09:39:22','2024-04-30 09:39:22',12,61,10),(47,15,15,'2024-04-30 10:21:47','2024-04-30 10:21:47',5,67,11),(48,165,15,'2024-04-30 13:16:39','2024-04-30 13:16:39',12,82,13),(49,30,15,'2024-05-01 14:07:28','2024-05-01 14:07:28',47,61,10),(50,45,15,'2024-05-01 15:04:02','2024-05-01 15:04:02',8,54,9),(51,45,15,'2024-05-02 05:28:50','2024-05-02 05:28:50',47,61,10),(52,135,15,'2024-05-02 07:05:30','2024-05-02 07:05:30',10,61,10),(53,180,15,'2024-05-02 08:30:53','2024-05-02 08:30:53',12,82,13),(54,195,15,'2024-05-02 08:35:51','2024-05-02 08:35:51',12,61,10),(55,210,15,'2024-05-02 08:37:36','2024-05-02 08:37:36',12,54,9),(56,60,15,'2024-05-02 13:41:50','2024-05-02 13:41:50',8,54,9),(57,225,15,'2024-05-02 14:50:35','2024-05-02 14:50:35',12,74,12),(58,240,15,'2024-05-02 14:50:50','2024-05-02 14:50:50',12,89,14),(59,255,15,'2024-05-02 14:51:24','2024-05-02 14:51:24',12,68,11),(60,60,15,'2024-05-02 16:35:19','2024-05-02 16:35:19',47,53,9),(61,15,15,'2024-05-02 18:02:35','2024-05-02 18:02:35',48,60,10),(62,270,15,'2024-05-03 05:20:29','2024-05-03 05:20:29',12,89,14),(63,285,15,'2024-05-03 05:22:57','2024-05-03 05:22:57',12,82,13),(64,75,15,'2024-05-03 07:11:53','2024-05-03 07:11:53',8,54,9),(65,15,15,'2024-05-03 12:41:20','2024-05-03 12:41:20',51,53,9),(66,30,15,'2024-05-03 12:58:03','2024-05-03 12:58:03',48,61,10),(67,300,15,'2024-05-03 13:41:51','2024-05-03 13:41:51',12,54,9),(68,315,15,'2024-05-03 13:45:19','2024-05-03 13:45:19',12,68,11),(69,330,15,'2024-05-03 13:45:46','2024-05-03 13:45:46',12,75,12),(70,345,15,'2024-05-03 13:45:58','2024-05-03 13:45:58',12,61,10),(71,75,15,'2024-05-04 11:04:31','2024-05-04 11:04:31',47,54,9),(72,90,15,'2024-05-04 11:06:42','2024-05-04 11:06:42',47,61,10),(73,360,15,'2024-05-05 05:47:10','2024-05-05 05:47:10',12,75,12),(74,375,15,'2024-05-05 05:48:09','2024-05-05 05:48:09',12,54,9),(75,390,15,'2024-05-05 05:49:25','2024-05-05 05:49:25',12,89,14),(76,405,15,'2024-05-05 05:49:54','2024-05-05 05:49:54',12,82,13),(77,420,15,'2024-05-05 05:50:13','2024-05-05 05:50:13',12,68,11),(78,150,15,'2024-05-05 07:23:35','2024-05-05 07:23:35',10,61,10),(79,165,15,'2024-05-05 07:27:51','2024-05-05 07:27:51',10,54,9),(80,435,15,'2024-05-05 10:53:22','2024-05-05 10:53:22',12,61,10),(81,90,15,'2024-05-05 14:07:22','2024-05-05 14:07:22',8,54,9),(82,450,15,'2024-05-06 08:08:22','2024-05-06 08:08:22',12,75,12),(83,465,15,'2024-05-06 08:09:44','2024-05-06 08:09:44',12,54,9),(84,15,15,'2024-05-06 09:49:11','2024-05-06 09:49:11',50,53,9),(85,480,15,'2024-05-06 09:56:21','2024-05-06 09:56:21',12,89,14),(86,495,15,'2024-05-06 09:56:45','2024-05-06 09:56:45',12,82,13),(87,510,15,'2024-05-06 09:57:09','2024-05-06 09:57:09',12,68,11),(88,525,15,'2024-05-06 09:57:22','2024-05-06 09:57:22',12,61,10),(89,15,15,'2024-05-06 13:24:04','2024-05-06 13:24:04',53,53,9),(90,540,15,'2024-05-07 06:49:50','2024-05-07 06:49:50',12,68,11),(91,555,15,'2024-05-07 07:04:11','2024-05-07 07:04:11',12,75,12),(92,570,15,'2024-05-07 07:07:13','2024-05-07 07:07:13',12,89,14),(93,180,15,'2024-05-07 10:23:02','2024-05-07 10:23:02',10,61,10),(94,195,15,'2024-05-07 10:29:21','2024-05-07 10:29:21',10,54,9),(95,585,15,'2024-05-07 10:34:47','2024-05-07 10:34:47',12,82,13),(96,600,15,'2024-05-07 10:35:35','2024-05-07 10:35:35',12,61,10),(97,30,15,'2024-05-07 11:25:06','2024-05-07 11:25:06',46,54,9),(98,210,15,'2024-05-07 14:11:48','2024-05-07 14:11:48',10,74,12),(99,105,15,'2024-05-08 05:06:29','2024-05-08 05:06:29',8,54,9),(100,45,15,'2024-05-08 07:22:39','2024-05-08 07:22:39',46,74,12),(101,615,15,'2024-05-08 07:55:10','2024-05-08 07:55:10',12,89,14),(102,630,15,'2024-05-08 11:56:14','2024-05-08 11:56:14',12,75,12),(103,645,15,'2024-05-08 14:14:41','2024-05-08 14:14:41',12,82,13),(104,660,15,'2024-05-08 17:00:55','2024-05-08 17:00:55',12,68,11),(105,675,15,'2024-05-08 17:02:00','2024-05-08 17:02:00',12,54,9),(106,690,15,'2024-05-08 17:03:50','2024-05-08 17:03:50',12,61,10),(107,705,15,'2024-05-09 07:43:13','2024-05-09 07:43:13',12,61,10),(108,120,15,'2024-05-09 07:53:53','2024-05-09 07:53:53',8,54,9),(109,720,15,'2024-05-09 08:42:07','2024-05-09 08:42:07',12,75,12),(110,735,15,'2024-05-09 08:43:12','2024-05-09 08:43:12',12,89,14),(111,225,15,'2024-05-09 09:50:49','2024-05-09 09:50:49',10,75,12),(112,240,15,'2024-05-09 11:18:11','2024-05-09 11:18:11',10,61,10),(113,105,15,'2024-05-09 13:03:45','2024-05-09 13:03:45',47,54,9),(114,750,15,'2024-05-09 13:10:07','2024-05-09 13:10:07',12,82,13),(115,255,15,'2024-05-09 14:11:54','2024-05-09 14:11:54',10,54,9),(116,15,15,'2024-05-09 14:30:50','2024-05-09 14:30:50',60,53,9),(117,15,15,'2024-05-09 15:06:00','2024-05-09 15:06:00',61,60,10),(118,270,15,'2024-05-10 07:06:59','2024-05-10 07:06:59',10,75,12),(119,15,15,'2024-05-10 08:39:06','2024-05-10 08:39:06',66,53,9),(120,765,15,'2024-05-10 08:45:47','2024-05-10 08:45:47',12,54,9),(121,15,15,'2024-05-10 08:51:02','2024-05-10 08:51:02',65,53,9),(122,780,15,'2024-05-10 09:27:45','2024-05-10 09:27:45',12,61,10),(123,135,15,'2024-05-11 04:29:46','2024-05-11 04:29:46',8,54,9),(124,795,15,'2024-05-11 06:34:41','2024-05-11 06:34:41',12,82,13),(125,15,15,'2024-05-11 07:02:35','2024-05-11 07:02:35',68,60,10),(126,30,15,'2024-05-11 07:15:16','2024-05-11 07:15:16',68,53,9),(127,120,15,'2024-05-11 07:45:39','2024-05-11 07:45:39',47,54,9),(128,135,15,'2024-05-11 07:46:18','2024-05-11 07:46:18',47,61,10),(129,150,15,'2024-05-11 08:05:02','2024-05-11 08:05:02',47,67,11),(130,165,15,'2024-05-11 08:08:51','2024-05-11 08:08:51',47,74,12),(131,180,15,'2024-05-11 08:14:31','2024-05-11 08:14:31',47,81,13),(132,15,15,'2024-05-11 10:38:41','2024-05-11 10:38:41',64,67,11),(133,810,15,'2024-05-11 12:22:11','2024-05-11 12:22:11',12,61,10),(134,15,15,'2024-05-11 14:19:45','2024-05-11 14:19:45',85,53,9),(135,20,20,'2024-05-13 08:19:44','2024-05-13 08:19:44',95,155,24),(136,20,20,'2024-05-13 09:19:29','2024-05-13 09:19:29',99,162,25),(137,15,15,'2024-05-13 09:46:16','2024-05-13 09:46:16',101,60,10),(138,20,20,'2024-05-13 12:40:55','2024-05-13 12:40:55',166,162,25),(139,285,15,'2024-05-13 12:48:43','2024-05-13 12:48:43',10,75,12),(140,15,15,'2024-05-13 13:44:30','2024-05-13 13:44:30',164,53,9),(141,30,15,'2024-05-13 13:50:26','2024-05-13 13:50:26',164,60,10),(142,45,15,'2024-05-13 13:50:49','2024-05-13 13:50:49',164,67,11),(143,15,15,'2024-05-14 05:36:01','2024-05-14 05:36:01',168,81,13),(144,825,15,'2024-05-14 06:05:11','2024-05-14 06:05:11',12,68,11),(145,840,15,'2024-05-14 07:25:35','2024-05-14 07:25:35',12,89,14),(146,15,15,'2024-05-14 11:37:23','2024-05-14 11:37:23',172,60,10),(147,35,20,'2024-05-14 11:41:46','2024-05-14 11:41:46',172,162,25),(148,55,20,'2024-05-14 11:41:59','2024-05-14 11:41:59',172,123,19),(149,15,15,'2024-05-14 12:24:40','2024-05-14 12:24:40',174,60,10),(150,15,15,'2024-05-14 12:45:05','2024-05-14 12:45:05',176,53,9),(151,15,15,'2024-05-14 15:17:18','2024-05-14 15:17:18',54,81,13),(152,855,15,'2024-05-15 06:08:51','2024-05-15 06:08:51',12,68,11),(153,870,15,'2024-05-15 06:09:40','2024-05-15 06:09:40',12,75,12),(154,885,15,'2024-05-16 05:45:09','2024-05-16 05:45:09',12,82,13),(155,900,15,'2024-05-16 05:45:29','2024-05-16 05:45:29',12,61,10),(156,915,15,'2024-05-16 16:41:40','2024-05-16 16:41:40',12,75,12),(157,930,15,'2024-05-16 16:42:43','2024-05-16 16:42:43',12,89,14),(158,945,15,'2024-05-16 16:42:57','2024-05-16 16:42:57',12,68,11),(159,960,15,'2024-05-16 16:43:18','2024-05-16 16:43:18',12,54,9),(160,15,15,'2024-05-17 04:07:20','2024-05-17 04:07:20',70,60,10),(161,300,15,'2024-05-17 05:55:31','2024-05-17 05:55:31',10,75,12),(162,40,20,'2024-05-17 08:54:43','2024-05-17 08:54:43',166,163,25),(163,30,15,'2024-05-17 09:32:57','2024-05-17 09:32:57',7,54,9),(164,315,15,'2024-05-17 13:43:46','2024-05-17 13:43:46',10,54,9),(165,330,15,'2024-05-17 13:44:56','2024-05-17 13:44:56',10,61,10),(166,975,15,'2024-05-18 18:11:52','2024-05-18 18:11:52',12,68,11),(167,990,15,'2024-05-18 18:12:02','2024-05-18 18:12:02',12,89,14),(168,1005,15,'2024-05-18 18:12:12','2024-05-18 18:12:12',12,82,13),(169,1020,15,'2024-05-18 18:13:07','2024-05-18 18:13:07',12,75,12),(170,1035,15,'2024-05-18 18:13:16','2024-05-18 18:13:16',12,61,10),(171,1050,15,'2024-05-20 10:31:33','2024-05-20 10:31:33',12,82,13),(172,1065,15,'2024-05-20 10:31:57','2024-05-20 10:31:57',12,54,9),(173,1080,15,'2024-05-20 10:32:13','2024-05-20 10:32:13',12,75,12),(174,1095,15,'2024-05-20 10:32:33','2024-05-20 10:32:33',12,89,14),(175,60,20,'2024-05-20 10:46:39','2024-05-20 10:46:39',166,163,25),(176,345,15,'2024-05-21 09:25:33','2024-05-21 09:25:33',10,54,9),(177,360,15,'2024-05-21 09:25:53','2024-05-21 09:25:53',10,61,10),(178,375,15,'2024-05-21 09:28:15','2024-05-21 09:28:15',10,75,12),(179,35,20,'2024-05-21 09:30:30','2024-05-21 09:30:30',64,123,19),(180,55,20,'2024-05-21 09:31:03','2024-05-21 09:31:03',64,135,21),(181,70,15,'2024-05-21 09:32:24','2024-05-21 09:32:24',64,68,11),(182,80,20,'2024-05-22 10:31:38','2024-05-22 10:31:38',166,163,25),(183,1110,15,'2024-05-22 10:41:29','2024-05-22 10:41:29',12,82,13),(184,1125,15,'2024-05-22 10:41:41','2024-05-22 10:41:41',12,68,11),(185,1140,15,'2024-05-22 10:41:54','2024-05-22 10:41:54',12,89,14),(186,1155,15,'2024-05-22 10:42:05','2024-05-22 10:42:05',12,54,9),(187,1170,15,'2024-05-22 10:42:33','2024-05-22 10:42:33',12,61,10),(188,1185,15,'2024-05-22 10:42:46','2024-05-22 10:42:46',12,75,12),(189,390,15,'2024-05-23 04:53:06','2024-05-23 04:53:06',10,54,9),(190,405,15,'2024-05-23 04:53:34','2024-05-23 04:53:34',10,61,10),(191,420,15,'2024-05-23 08:07:54','2024-05-23 08:07:54',10,75,12),(192,85,15,'2024-05-24 05:48:22','2024-05-24 05:48:22',64,68,11),(193,435,15,'2024-05-24 09:12:19','2024-05-24 09:12:19',10,75,12),(194,450,15,'2024-05-24 09:12:40','2024-05-24 09:12:40',10,54,9),(195,465,15,'2024-05-24 09:14:41','2024-05-24 09:14:41',10,61,10),(196,45,15,'2024-05-24 09:15:16','2024-05-24 09:15:16',7,54,9),(197,15,15,'2024-05-26 06:20:02','2024-05-26 06:20:02',223,74,12),(198,30,15,'2024-05-27 06:29:57','2024-05-27 06:29:57',223,75,12),(199,100,20,'2024-05-27 06:46:09','2024-05-27 06:46:09',166,163,25),(200,45,15,'2024-05-28 06:16:12','2024-05-28 06:16:12',223,75,12),(201,120,20,'2024-05-28 10:29:18','2024-05-28 10:29:18',166,163,25),(202,480,15,'2024-05-28 11:11:58','2024-05-28 11:11:58',10,54,9),(203,495,15,'2024-05-28 12:04:52','2024-05-28 12:04:52',10,61,10),(204,510,15,'2024-05-28 13:40:16','2024-05-28 13:40:16',10,75,12),(205,525,15,'2024-05-29 08:54:09','2024-05-29 08:54:09',10,54,9),(206,540,15,'2024-05-29 08:58:27','2024-05-29 08:58:27',10,75,12),(207,60,15,'2024-05-29 12:53:27','2024-05-29 12:53:27',223,75,12),(208,60,15,'2024-05-29 13:11:47','2024-05-29 13:11:47',7,54,9),(209,75,15,'2024-05-30 05:05:21','2024-05-30 05:05:21',223,75,12),(210,90,15,'2024-05-31 01:57:20','2024-05-31 01:57:20',223,75,12),(211,30,15,'2024-05-31 04:45:16','2024-05-31 04:45:16',70,61,10),(212,555,15,'2024-05-31 07:30:12','2024-05-31 07:30:12',10,61,10),(213,570,15,'2024-05-31 07:30:49','2024-05-31 07:30:49',10,54,9),(214,140,20,'2024-05-31 08:00:01','2024-05-31 08:00:01',166,163,25),(215,105,15,'2024-06-01 11:06:44','2024-06-01 11:06:44',223,75,12),(216,120,15,'2024-06-03 00:51:00','2024-06-03 00:51:00',223,75,12),(217,1200,15,'2024-06-03 14:00:19','2024-06-03 14:00:19',12,75,12),(218,1215,15,'2024-06-03 14:00:48','2024-06-03 14:00:48',12,68,11),(219,1230,15,'2024-06-03 14:01:23','2024-06-03 14:01:23',12,82,13),(220,1245,15,'2024-06-03 14:01:51','2024-06-03 14:01:51',12,89,14),(221,1260,15,'2024-06-03 14:02:06','2024-06-03 14:02:06',12,61,10),(222,1275,15,'2024-06-03 14:02:16','2024-06-03 14:02:16',12,54,9),(223,105,20,'2024-06-04 07:16:30','2024-06-04 07:16:30',64,136,21),(224,120,15,'2024-06-04 07:16:55','2024-06-04 07:16:55',64,68,11),(225,140,20,'2024-06-04 07:17:34','2024-06-04 07:17:34',64,124,19),(226,75,15,'2024-06-05 11:57:02','2024-06-05 11:57:02',7,54,9),(227,160,20,'2024-06-05 13:33:10','2024-06-05 13:33:10',64,124,19),(228,180,20,'2024-06-05 13:33:45','2024-06-05 13:33:45',64,136,21),(229,195,15,'2024-06-05 13:34:14','2024-06-05 13:34:14',64,68,11),(230,210,15,'2024-06-06 04:42:00','2024-06-06 04:42:00',64,68,11),(231,230,20,'2024-06-06 04:42:35','2024-06-06 04:42:35',64,136,21),(232,135,15,'2024-06-07 06:56:42','2024-06-07 06:56:42',223,75,12),(233,150,15,'2024-06-08 01:57:43','2024-06-08 01:57:43',223,75,12),(234,585,15,'2024-06-08 11:45:20','2024-06-08 11:45:20',10,54,9),(235,600,15,'2024-06-08 11:45:36','2024-06-08 11:45:36',10,61,10),(236,615,15,'2024-06-08 11:46:47','2024-06-08 11:46:47',10,75,12);
/*!40000 ALTER TABLE `coinsTrackers` ENABLE KEYS */;
UNLOCK TABLES;

--
-- Table structure for table `customers`
--

DROP TABLE IF EXISTS `customers`;
/*!40101 SET @saved_cs_client     = @@character_set_client */;
/*!50503 SET character_set_client = utf8mb4 */;
CREATE TABLE `customers` (
  `id` int NOT NULL AUTO_INCREMENT,
  `name` varchar(255) NOT NULL,
  `email` varchar(255) NOT NULL,
  `mobile` bigint DEFAULT NULL,
  `createdAt` datetime NOT NULL,
  `updatedAt` datetime NOT NULL,
  `logo` varchar(2555) DEFAULT NULL,
  `address` varchar(2555) DEFAULT NULL,
  `streetName` varchar(2555) DEFAULT NULL,
  `city` varchar(2555) DEFAULT NULL,
  `state` varchar(2555) DEFAULT NULL,
  `pinCode` varchar(2555) DEFAULT NULL,
  `isKycCompleted` tinyint(1) DEFAULT '0',
  `password` varchar(255) DEFAULT NULL,
  `isPasswordSet` tinyint(1) DEFAULT '0',
  `area` varchar(255) DEFAULT NULL,
  `companyName` text,
  `fname` text,
  `lname` text,
  `companySize` int DEFAULT NULL,
  `doorNo` text,
  `isEamilVerified` tinyint(1) DEFAULT '0',
  `secretToken` text,
  PRIMARY KEY (`id`)
) ENGINE=InnoDB AUTO_INCREMENT=5 DEFAULT CHARSET=utf8mb4 COLLATE=utf8mb4_0900_ai_ci;
/*!40101 SET character_set_client = @saved_cs_client */;

--
-- Dumping data for table `customers`
--

LOCK TABLES `customers` WRITE;
/*!40000 ALTER TABLE `customers` DISABLE KEYS */;
INSERT INTO `customers` VALUES (1,'datta','datta@gmail.com',9898989899,'2024-04-22 22:39:59','2024-04-22 22:40:01',NULL,NULL,NULL,NULL,NULL,NULL,0,NULL,0,NULL,NULL,NULL,NULL,NULL,NULL,0,NULL),(2,'Aspire','aspire@aspirenow.in',7867972146,'2024-04-22 22:39:59','2024-04-22 22:39:59',NULL,NULL,NULL,NULL,NULL,NULL,0,NULL,0,NULL,NULL,NULL,NULL,NULL,NULL,0,NULL),(3,'krishna','kp@gmail.com',3423423432,'2024-05-11 14:37:05','2024-05-11 14:37:07',NULL,NULL,NULL,NULL,NULL,NULL,0,NULL,0,NULL,NULL,NULL,NULL,NULL,NULL,0,NULL),(4,'krishna prasad','letspartner@spigroup.in',9980654778,'2024-05-15 14:19:31','2024-05-15 14:19:33',NULL,NULL,NULL,NULL,NULL,NULL,0,NULL,0,NULL,NULL,NULL,NULL,NULL,NULL,0,NULL);
/*!40000 ALTER TABLE `customers` ENABLE KEYS */;
UNLOCK TABLES;

--
-- Table structure for table `departments`
--

DROP TABLE IF EXISTS `departments`;
/*!40101 SET @saved_cs_client     = @@character_set_client */;
/*!50503 SET character_set_client = utf8mb4 */;
CREATE TABLE `departments` (
  `id` int NOT NULL AUTO_INCREMENT,
  `departmentName` varchar(255) DEFAULT NULL,
  `createdAt` datetime NOT NULL DEFAULT CURRENT_TIMESTAMP,
  `updatedAt` datetime NOT NULL DEFAULT CURRENT_TIMESTAMP ON UPDATE CURRENT_TIMESTAMP,
  PRIMARY KEY (`id`)
) ENGINE=InnoDB AUTO_INCREMENT=4 DEFAULT CHARSET=utf8mb4 COLLATE=utf8mb4_0900_ai_ci;
/*!40101 SET character_set_client = @saved_cs_client */;

--
-- Dumping data for table `departments`
--

LOCK TABLES `departments` WRITE;
/*!40000 ALTER TABLE `departments` DISABLE KEYS */;
INSERT INTO `departments` VALUES (2,'Sales','2024-04-23 08:42:15','2024-04-23 08:42:15'),(3,'Customer Experience','2024-04-23 08:42:44','2024-04-30 11:08:24');
/*!40000 ALTER TABLE `departments` ENABLE KEYS */;
UNLOCK TABLES;

--
-- Table structure for table `designations`
--

DROP TABLE IF EXISTS `designations`;
/*!40101 SET @saved_cs_client     = @@character_set_client */;
/*!50503 SET character_set_client = utf8mb4 */;
CREATE TABLE `designations` (
  `id` int NOT NULL AUTO_INCREMENT,
  `skillName` varchar(255) DEFAULT NULL,
  `createdAt` datetime NOT NULL,
  `updatedAt` datetime NOT NULL,
  PRIMARY KEY (`id`)
) ENGINE=InnoDB AUTO_INCREMENT=2 DEFAULT CHARSET=utf8mb4 COLLATE=utf8mb4_0900_ai_ci;
/*!40101 SET character_set_client = @saved_cs_client */;

--
-- Dumping data for table `designations`
--

LOCK TABLES `designations` WRITE;
/*!40000 ALTER TABLE `designations` DISABLE KEYS */;
INSERT INTO `designations` VALUES (1,'sales','2024-04-23 18:13:25','2024-04-23 18:13:27');
/*!40000 ALTER TABLE `designations` ENABLE KEYS */;
UNLOCK TABLES;

--
-- Table structure for table `emojis`
--

DROP TABLE IF EXISTS `emojis`;
/*!40101 SET @saved_cs_client     = @@character_set_client */;
/*!50503 SET character_set_client = utf8mb4 */;
CREATE TABLE `emojis` (
  `id` int NOT NULL AUTO_INCREMENT,
  `emojiType` varchar(255) DEFAULT NULL,
  `emojiLink` varchar(255) DEFAULT NULL,
  `emptyEmojiLink` varchar(255) DEFAULT NULL,
  `createdAt` datetime NOT NULL,
  `updatedAt` datetime NOT NULL,
  PRIMARY KEY (`id`)
) ENGINE=InnoDB AUTO_INCREMENT=5 DEFAULT CHARSET=utf8mb4 COLLATE=utf8mb4_0900_ai_ci;
/*!40101 SET character_set_client = @saved_cs_client */;

--
-- Dumping data for table `emojis`
--

LOCK TABLES `emojis` WRITE;
/*!40000 ALTER TABLE `emojis` DISABLE KEYS */;
INSERT INTO `emojis` VALUES (1,'heart','https://postactionsbucket.s3.ap-south-1.amazonaws.com/new_filled_heart.png','https://postactionsbucket.s3.ap-south-1.amazonaws.com/new_empty_heart.png','2024-03-13 20:07:29','2024-04-11 12:50:24'),(2,'insightFull','https://postactionsbucket.s3.ap-south-1.amazonaws.com/new_bulb_filled.png','https://postactionsbucket.s3.ap-south-1.amazonaws.com/new_bulb_empty.png','2024-03-13 20:07:56','2024-04-11 12:53:03'),(3,'like','https://postactionsbucket.s3.ap-south-1.amazonaws.com/new_thums_ip-filled.png','https://postactionsbucket.s3.ap-south-1.amazonaws.com/new_empty_thumbsp-up.png','2024-03-13 20:08:41','2024-04-11 12:50:24'),(4,'claps','https://postactionsbucket.s3.ap-south-1.amazonaws.com/new_claps_filled.png','https://postactionsbucket.s3.ap-south-1.amazonaws.com/new_empty_claps.png','2024-03-13 20:09:25','2024-04-11 12:53:43');
/*!40000 ALTER TABLE `emojis` ENABLE KEYS */;
UNLOCK TABLES;

--
-- Table structure for table `faqCustomer`
--

DROP TABLE IF EXISTS `faqCustomer`;
/*!40101 SET @saved_cs_client     = @@character_set_client */;
/*!50503 SET character_set_client = utf8mb4 */;
CREATE TABLE `faqCustomer` (
  `id` int NOT NULL AUTO_INCREMENT,
  `faqqn` longtext,
  `faqans` longtext,
  `createdAt` timestamp NULL DEFAULT CURRENT_TIMESTAMP,
  `updatedAt` timestamp NULL DEFAULT CURRENT_TIMESTAMP ON UPDATE CURRENT_TIMESTAMP,
  PRIMARY KEY (`id`)
) ENGINE=InnoDB DEFAULT CHARSET=utf8mb4 COLLATE=utf8mb4_0900_ai_ci;
/*!40101 SET character_set_client = @saved_cs_client */;

--
-- Dumping data for table `faqCustomer`
--

LOCK TABLES `faqCustomer` WRITE;
/*!40000 ALTER TABLE `faqCustomer` DISABLE KEYS */;
/*!40000 ALTER TABLE `faqCustomer` ENABLE KEYS */;
UNLOCK TABLES;

--
-- Table structure for table `faqdescs`
--

DROP TABLE IF EXISTS `faqdescs`;
/*!40101 SET @saved_cs_client     = @@character_set_client */;
/*!50503 SET character_set_client = utf8mb4 */;
CREATE TABLE `faqdescs` (
  `id` int NOT NULL AUTO_INCREMENT,
  `faqId` int NOT NULL,
  `faqqn` text NOT NULL,
  `faqans` longtext NOT NULL,
  `createdAt` datetime NOT NULL DEFAULT CURRENT_TIMESTAMP,
  `updatedAt` datetime NOT NULL DEFAULT CURRENT_TIMESTAMP ON UPDATE CURRENT_TIMESTAMP,
  PRIMARY KEY (`id`),
  KEY `faqId` (`faqId`),
  CONSTRAINT `faqdescs_ibfk_1` FOREIGN KEY (`faqId`) REFERENCES `faqs` (`id`) ON DELETE CASCADE ON UPDATE CASCADE
) ENGINE=InnoDB AUTO_INCREMENT=31 DEFAULT CHARSET=utf8mb4 COLLATE=utf8mb4_0900_ai_ci;
/*!40101 SET character_set_client = @saved_cs_client */;

--
-- Dumping data for table `faqdescs`
--

LOCK TABLES `faqdescs` WRITE;
/*!40000 ALTER TABLE `faqdescs` DISABLE KEYS */;
INSERT INTO `faqdescs` VALUES (18,3,'Will my coins get deducted if I stop doing my acts?','Rest assured, your hard-earned coins will not be deducted. We recognize and appreciate your consistent efforts, and those rewards are yours to keep.','2024-05-03 07:45:20','2024-05-03 07:45:20'),(19,3,'How can I ensure my updates remain private?','To maintain privacy for your updates, simply navigate to ‘My Profile’, then select ‘Keep My Program Updates Private’, and toggle the switch to off.','2024-05-03 07:45:20','2024-05-03 07:45:20'),(20,3,'How can I give myself a shoutout?','You can proudly showcase your progress by visiting the \'Leaderboard\' and choosing \'Share My Progress\' to create a card that can be shared across your social world.','2024-05-03 07:45:20','2024-05-03 07:45:20'),(21,3,'How many acts should I aim to complete each day?','Each program asks for one act daily. Depending on how many programs you\'re enrolled in, you\'ll complete the same number of acts. For example, if you\'re in three programs, you’ll have to perform three acts every day.','2024-05-03 07:45:20','2024-05-03 07:45:20'),(22,2,'How can I request a new program?','To request a new program, navigate to the \'Programs\' section, then click on \'Explore\', followed by \'View All\'. From there, select \'Request Program\', fill out the requirements, and send us your request. We\'ll review it and curate a program tailored just for you.','2024-05-03 07:52:08','2024-05-03 07:52:08'),(23,2,'How long does it take to complete a program?','Bursting the myths of habit formation, each user\'s journey is unique. Therefore, we\'ve set only a minimal number of days to complete all habits in a program. However, after every 18 repetitions of a habit, you have the option to proceed to the next habit in the same program or continue with the same habit if you feel it hasn\'t become a part of your routine. This feature sets our app apart, ensuring that every journey is meaningful and personalized.','2024-05-03 07:52:08','2024-05-03 07:52:08'),(24,2,'Where can I use my stars and coins?','Stars can be used for in-app purchases like unlocking personal programs, while coins, which are equivalent to rupees, can be redeemed for products or experiences based on your preferences.','2024-05-03 07:52:08','2024-05-03 07:52:08'),(25,2,'How often can I enroll in programs?','At Aspire, we encourage you to grow at your own pace. Once you\'ve established a routine of completing tasks and feel confident, you can sign up for new programs once you\'ve accumulated enough coins to unlock them.','2024-05-03 07:52:08','2024-05-03 07:52:08'),(26,1,'About Aspire','Aspire enables employees to lead a better life, stay longer & grow in your organization by creating workplace habits.','2024-05-03 07:57:01','2024-05-03 07:57:01'),(27,1,'Why does the app emphasize 5 minutes or less?','We intend to make it easy for you. One of the habit formation laws states that if the habit is 5 minutes or less, it is easy for you to pick it up and make it a part of your system.','2024-05-03 07:57:01','2024-05-03 07:57:01'),(28,1,'Are the acts pre-set?','Yes, our team of subject matter and behavioral science experts curates the program with pre-set acts. They follow a standardized framework to create the best possible set of actions, ensuring that they align with the program\'s objectives and are stacked sequentially to make a difference.','2024-05-03 07:57:01','2024-05-03 07:57:01'),(29,1,'Where can I find support?','You can find the support icon by navigating to ‘Programs’ -> ‘Explore’ -> ‘Help’. You can also reach out to us directly at staylivegrow@aspirenow.in','2024-05-03 07:57:01','2024-05-03 07:57:01'),(30,1,'What should I do if I\'m stuck?','If you find yourself stuck, feel free to email us at \"staylivegrow@aspirenow.in\", and one of our coaches will reach out to you for a one-on-one call. They\'ll help you stay consistent and address any queries related to your habits.','2024-05-03 07:57:01','2024-05-03 07:57:01');
/*!40000 ALTER TABLE `faqdescs` ENABLE KEYS */;
UNLOCK TABLES;

--
-- Table structure for table `faqs`
--

DROP TABLE IF EXISTS `faqs`;
/*!40101 SET @saved_cs_client     = @@character_set_client */;
/*!50503 SET character_set_client = utf8mb4 */;
CREATE TABLE `faqs` (
  `id` int NOT NULL AUTO_INCREMENT,
  `faq` varchar(255) NOT NULL,
  `createdAt` datetime NOT NULL,
  `updatedAt` datetime NOT NULL,
  PRIMARY KEY (`id`)
) ENGINE=InnoDB AUTO_INCREMENT=4 DEFAULT CHARSET=utf8mb4 COLLATE=utf8mb4_0900_ai_ci;
/*!40101 SET character_set_client = @saved_cs_client */;

--
-- Dumping data for table `faqs`
--

LOCK TABLES `faqs` WRITE;
/*!40000 ALTER TABLE `faqs` DISABLE KEYS */;
INSERT INTO `faqs` VALUES (1,'About','2024-03-19 13:29:30','2024-03-19 13:29:30'),(2,'Programs','2024-03-19 13:29:38','2024-03-19 13:29:38'),(3,'Acts','2024-03-19 13:29:49','2024-03-19 13:29:49');
/*!40000 ALTER TABLE `faqs` ENABLE KEYS */;
UNLOCK TABLES;

--
-- Table structure for table `feedLikes`
--

DROP TABLE IF EXISTS `feedLikes`;
/*!40101 SET @saved_cs_client     = @@character_set_client */;
/*!50503 SET character_set_client = utf8mb4 */;
CREATE TABLE `feedLikes` (
  `id` int NOT NULL AUTO_INCREMENT,
  `createdAt` datetime NOT NULL,
  `updatedAt` datetime NOT NULL,
  `userId` int DEFAULT NULL,
  `feedId` int DEFAULT NULL,
  `emojiId` int DEFAULT NULL,
  PRIMARY KEY (`id`),
  KEY `userId` (`userId`),
  KEY `feedId` (`feedId`),
  KEY `emojiId` (`emojiId`),
  CONSTRAINT `feedLikes_ibfk_1` FOREIGN KEY (`userId`) REFERENCES `users` (`id`) ON DELETE SET NULL ON UPDATE CASCADE,
  CONSTRAINT `feedLikes_ibfk_2` FOREIGN KEY (`feedId`) REFERENCES `feeds` (`id`) ON DELETE SET NULL ON UPDATE CASCADE,
  CONSTRAINT `feedLikes_ibfk_3` FOREIGN KEY (`emojiId`) REFERENCES `emojis` (`id`) ON DELETE SET NULL ON UPDATE CASCADE
) ENGINE=InnoDB AUTO_INCREMENT=169 DEFAULT CHARSET=utf8mb4 COLLATE=utf8mb4_0900_ai_ci;
/*!40101 SET character_set_client = @saved_cs_client */;

--
-- Dumping data for table `feedLikes`
--

LOCK TABLES `feedLikes` WRITE;
/*!40000 ALTER TABLE `feedLikes` DISABLE KEYS */;
INSERT INTO `feedLikes` VALUES (1,'2024-04-24 07:41:24','2024-04-24 07:41:26',8,8,3),(2,'2024-04-24 12:51:46','2024-04-24 12:51:46',7,20,4),(3,'2024-04-24 12:51:48','2024-04-24 12:51:48',7,19,2),(4,'2024-04-24 12:51:50','2024-04-24 12:51:50',7,18,3),(5,'2024-04-25 06:35:24','2024-04-25 06:35:24',10,23,1),(7,'2024-04-25 10:24:09','2024-04-25 10:24:09',15,28,2),(8,'2024-04-26 13:09:47','2024-04-26 13:09:47',8,64,1),(10,'2024-04-26 13:10:13','2024-04-26 13:10:15',8,63,3),(11,'2024-04-26 13:10:18','2024-04-26 13:10:18',8,62,4),(12,'2024-04-26 13:10:22','2024-04-26 13:10:22',8,58,4),(13,'2024-04-26 15:45:59','2024-04-26 15:45:59',10,64,1),(14,'2024-04-27 08:27:25','2024-04-27 08:27:29',26,69,1),(15,'2024-04-27 08:27:43','2024-04-27 08:27:43',26,67,1),(16,'2024-04-27 08:28:09','2024-04-27 08:28:11',26,68,2),(17,'2024-04-27 09:50:14','2024-04-27 09:50:14',35,22,4),(18,'2024-04-27 09:55:43','2024-04-27 09:55:43',35,73,2),(19,'2024-04-28 08:20:52','2024-04-28 08:20:52',10,82,1),(20,'2024-04-28 15:18:00','2024-04-28 15:18:00',10,84,1),(21,'2024-04-28 15:18:02','2024-04-28 15:18:02',10,85,1),(24,'2024-04-30 03:55:26','2024-04-30 03:55:26',10,97,1),(30,'2024-04-30 09:40:28','2024-04-30 09:40:28',47,113,4),(31,'2024-05-01 06:17:57','2024-05-01 06:17:57',10,115,1),(32,'2024-05-01 19:10:20','2024-05-01 19:10:20',10,121,1),(33,'2024-05-02 04:28:47','2024-05-02 04:28:49',12,119,3),(34,'2024-05-02 07:06:06','2024-05-02 14:53:15',47,125,4),(35,'2024-05-02 07:48:38','2024-05-02 07:48:38',36,125,2),(36,'2024-05-02 13:45:17','2024-05-02 13:45:18',8,132,4),(37,'2024-05-02 13:45:21','2024-05-02 13:45:21',8,130,4),(38,'2024-05-02 13:45:23','2024-05-02 13:45:23',8,129,4),(40,'2024-05-02 14:18:17','2024-05-02 14:18:17',12,132,1),(41,'2024-05-02 14:53:24','2024-05-02 14:53:24',47,121,2),(42,'2024-05-02 17:37:19','2024-05-02 17:37:23',50,136,4),(43,'2024-05-02 17:37:28','2024-05-02 17:37:28',50,135,4),(44,'2024-05-02 17:37:30','2024-05-02 17:37:30',50,134,4),(45,'2024-05-02 17:37:31','2024-05-02 17:37:31',50,133,4),(46,'2024-05-02 17:37:35','2024-05-02 17:37:35',50,132,3),(47,'2024-05-02 17:37:40','2024-05-02 17:37:40',50,131,3),(48,'2024-05-02 18:21:22','2024-05-02 18:21:27',48,137,4),(49,'2024-05-02 18:21:33','2024-05-02 18:21:34',48,138,3),(50,'2024-05-02 18:21:37','2024-05-02 18:21:37',48,139,2),(51,'2024-05-02 18:21:40','2024-05-02 18:25:46',48,140,1),(52,'2024-05-02 18:24:06','2024-05-02 18:24:06',10,140,1),(53,'2024-05-02 18:25:51','2024-05-02 18:25:51',48,136,4),(54,'2024-05-02 18:25:53','2024-05-02 18:25:53',48,135,4),(55,'2024-05-02 18:25:59','2024-05-02 18:25:59',48,132,3),(56,'2024-05-02 18:26:02','2024-05-02 18:26:02',48,131,2),(57,'2024-05-02 20:08:03','2024-05-02 20:08:03',10,139,1),(58,'2024-05-03 07:57:16','2024-05-03 07:57:16',12,145,4),(59,'2024-05-03 10:36:21','2024-05-03 10:36:21',10,144,2),(60,'2024-05-03 12:42:06','2024-05-03 12:42:06',51,136,4),(61,'2024-05-03 12:42:12','2024-05-03 12:42:12',51,135,2),(62,'2024-05-03 12:42:16','2024-05-03 12:42:16',51,142,1),(63,'2024-05-03 12:42:21','2024-05-03 12:42:21',51,145,3),(64,'2024-05-04 10:52:27','2024-05-04 10:52:27',10,154,4),(66,'2024-05-05 10:54:04','2024-05-05 10:54:04',12,167,1),(67,'2024-05-05 14:30:45','2024-05-05 14:30:45',10,172,1),(68,'2024-05-05 19:14:02','2024-05-05 19:14:02',10,170,1),(69,'2024-05-06 09:08:19','2024-05-06 09:08:19',12,175,1),(70,'2024-05-06 09:09:00','2024-05-06 09:09:00',10,175,1),(71,'2024-05-06 13:46:26','2024-05-06 13:46:26',10,186,4),(73,'2024-05-07 07:40:33','2024-05-07 07:40:33',47,191,3),(74,'2024-05-07 10:29:45','2024-05-07 10:29:45',10,196,1),(75,'2024-05-07 10:35:00','2024-05-07 10:35:00',10,199,1),(76,'2024-05-07 10:35:08','2024-05-07 10:35:08',10,194,1),(77,'2024-05-07 10:35:10','2024-05-07 10:35:10',10,193,1),(78,'2024-05-07 10:35:12','2024-05-07 10:35:12',10,192,3),(79,'2024-05-07 10:46:18','2024-05-07 10:46:18',12,200,4),(80,'2024-05-07 11:33:14','2024-05-07 11:33:14',10,202,1),(81,'2024-05-07 11:33:16','2024-05-07 11:33:16',10,201,1),(82,'2024-05-07 14:12:28','2024-05-07 14:12:28',10,204,1),(83,'2024-05-08 07:16:23','2024-05-08 07:16:29',46,130,3),(87,'2024-05-08 08:45:33','2024-05-08 08:45:33',46,209,4),(88,'2024-05-08 19:23:58','2024-05-08 19:24:06',7,214,4),(89,'2024-05-09 05:19:11','2024-05-09 05:19:11',8,215,3),(96,'2024-05-09 12:58:10','2024-05-09 12:58:10',47,225,1),(97,'2024-05-09 12:58:14','2024-05-09 12:58:14',47,224,1),(98,'2024-05-09 13:11:05','2024-05-09 13:11:05',12,225,1),(99,'2024-05-10 07:07:18','2024-05-10 07:07:21',38,240,4),(100,'2024-05-10 07:07:28','2024-05-10 07:07:28',38,238,1),(101,'2024-05-10 07:07:30','2024-05-10 07:07:30',38,237,4),(102,'2024-05-10 08:39:34','2024-05-10 08:39:34',66,245,4),(103,'2024-05-10 09:03:11','2024-05-10 09:03:11',66,237,4),(104,'2024-05-11 06:59:43','2024-05-11 06:59:43',68,254,2),(105,'2024-05-11 07:24:24','2024-05-11 07:24:24',8,258,4),(106,'2024-05-11 07:24:34','2024-05-11 07:24:34',8,257,4),(107,'2024-05-11 07:24:40','2024-05-11 07:24:40',8,252,4),(108,'2024-05-11 07:25:14','2024-05-11 07:25:14',10,258,1),(109,'2024-05-13 12:18:59','2024-05-13 12:18:59',12,276,1),(112,'2024-05-14 05:59:03','2024-05-14 05:59:03',12,247,4),(113,'2024-05-14 11:36:44','2024-05-14 11:36:44',172,NULL,2),(114,'2024-05-14 11:36:47','2024-05-14 11:36:47',172,NULL,1),(115,'2024-05-14 11:48:23','2024-05-14 11:48:26',172,NULL,3),(116,'2024-05-14 15:36:03','2024-05-14 15:36:03',10,336,1),(117,'2024-05-14 15:36:04','2024-05-14 15:36:04',10,337,1),(118,'2024-05-14 15:36:06','2024-05-14 15:36:06',10,338,1),(119,'2024-05-14 15:36:06','2024-05-14 15:36:06',10,339,1),(120,'2024-05-15 03:50:35','2024-05-15 03:50:35',70,339,1),(121,'2024-05-16 07:09:54','2024-05-16 07:09:54',10,348,1),(122,'2024-05-16 14:07:56','2024-05-17 03:09:48',10,354,4),(123,'2024-05-21 09:25:21','2024-05-21 09:25:21',47,396,1),(124,'2024-05-21 09:29:53','2024-05-21 09:29:53',47,404,1),(125,'2024-05-21 09:30:47','2024-05-21 09:30:47',47,405,4),(126,'2024-05-23 10:52:01','2024-05-23 10:52:01',199,411,1),(127,'2024-05-23 13:52:36','2024-05-23 13:52:36',10,237,1),(128,'2024-05-23 17:13:04','2024-05-23 17:13:04',10,426,1),(129,'2024-05-24 09:41:41','2024-05-24 09:41:41',223,394,3),(130,'2024-05-27 17:46:42','2024-05-27 17:46:42',70,457,4),(131,'2024-05-27 17:46:47','2024-05-27 17:46:47',70,440,4),(132,'2024-05-27 17:46:50','2024-05-27 17:46:50',70,439,3),(133,'2024-05-28 02:55:00','2024-05-28 02:55:00',10,457,4),(134,'2024-05-28 11:18:26','2024-05-28 11:18:26',166,445,1),(135,'2024-05-28 11:18:28','2024-05-28 11:18:28',166,447,4),(136,'2024-05-28 11:18:34','2024-05-28 11:18:34',166,456,1),(137,'2024-05-28 13:42:22','2024-05-28 13:42:22',10,476,1),(138,'2024-05-28 13:42:26','2024-05-28 13:42:26',10,477,1),(139,'2024-05-28 13:42:27','2024-05-29 08:56:43',10,478,4),(140,'2024-05-29 08:54:15','2024-05-29 08:54:15',10,480,1),(141,'2024-05-29 08:56:39','2024-05-29 08:56:39',10,481,1),(142,'2024-05-30 13:57:44','2024-05-30 13:57:44',10,485,1),(143,'2024-05-30 13:57:44','2024-05-30 13:57:46',10,488,3),(144,'2024-05-30 13:57:47','2024-05-30 13:57:47',10,490,4),(145,'2024-05-31 01:59:47','2024-05-31 01:59:47',223,491,3),(146,'2024-05-31 06:15:38','2024-05-31 06:15:38',10,501,4),(147,'2024-05-31 06:15:38','2024-05-31 06:15:38',10,502,4),(148,'2024-05-31 06:15:40','2024-05-31 06:15:41',10,503,1),(149,'2024-05-31 08:00:42','2024-05-31 08:00:42',166,500,1),(150,'2024-05-31 08:00:54','2024-05-31 08:00:54',166,495,1),(151,'2024-06-01 05:54:05','2024-06-01 05:54:05',10,507,1),(152,'2024-06-01 05:54:06','2024-06-01 05:54:06',10,506,1),(153,'2024-06-01 05:54:06','2024-06-01 05:54:06',10,508,1),(154,'2024-06-01 05:54:08','2024-06-01 05:54:08',10,505,1),(155,'2024-06-01 09:26:24','2024-06-01 09:26:24',10,518,1),(156,'2024-06-01 13:17:33','2024-06-01 13:17:33',10,522,1),(157,'2024-06-02 10:33:40','2024-06-02 10:33:40',70,522,1),(158,'2024-06-03 15:02:37','2024-06-03 15:02:37',10,528,3),(159,'2024-06-03 15:45:19','2024-06-03 15:45:22',197,469,4),(160,'2024-06-08 11:33:33','2024-06-08 11:33:33',10,566,1),(161,'2024-06-08 11:33:40','2024-06-08 11:33:40',10,558,1),(162,'2024-06-08 11:33:42','2024-06-08 11:33:42',10,557,1),(163,'2024-06-08 11:33:46','2024-06-08 11:33:46',10,556,1),(164,'2024-06-08 11:33:52','2024-06-08 11:33:52',10,555,1),(165,'2024-06-08 11:33:55','2024-06-08 11:33:55',10,554,1),(166,'2024-06-08 14:55:27','2024-06-10 09:10:59',10,567,2),(167,'2024-06-08 14:55:30','2024-06-08 14:55:30',10,568,1),(168,'2024-06-08 14:55:34','2024-06-08 14:55:34',10,571,1);
/*!40000 ALTER TABLE `feedLikes` ENABLE KEYS */;
UNLOCK TABLES;

--
-- Table structure for table `feeds`
--

DROP TABLE IF EXISTS `feeds`;
/*!40101 SET @saved_cs_client     = @@character_set_client */;
/*!50503 SET character_set_client = utf8mb4 */;
CREATE TABLE `feeds` (
  `id` int NOT NULL AUTO_INCREMENT,
  `fileUrl` varchar(255) DEFAULT NULL,
  `programCoins` int DEFAULT NULL,
  `programPoints` varchar(255) DEFAULT NULL,
  `postType` varchar(255) DEFAULT NULL,
  `programType` varchar(255) DEFAULT NULL,
  `text` varchar(255) DEFAULT NULL,
  `programTowerHeight` int DEFAULT NULL,
  `audioUrl` varchar(2555) DEFAULT NULL,
  `programName` varchar(255) DEFAULT NULL,
  `backgroundImageUrl` varchar(255) DEFAULT NULL,
  `programImage` varchar(255) DEFAULT NULL,
  `createdAt` datetime NOT NULL,
  `updatedAt` datetime NOT NULL,
  `userId` int DEFAULT NULL,
  `taskId` int DEFAULT NULL,
  `programId` int DEFAULT NULL,
  `customerId` int DEFAULT NULL,
  PRIMARY KEY (`id`),
  KEY `userId` (`userId`),
  KEY `taskId` (`taskId`),
  KEY `programId` (`programId`),
  KEY `customerId` (`customerId`),
  CONSTRAINT `feeds_ibfk_1` FOREIGN KEY (`userId`) REFERENCES `users` (`id`) ON DELETE SET NULL ON UPDATE CASCADE,
  CONSTRAINT `feeds_ibfk_2` FOREIGN KEY (`taskId`) REFERENCES `tasks` (`id`) ON DELETE SET NULL ON UPDATE CASCADE,
  CONSTRAINT `feeds_ibfk_3` FOREIGN KEY (`programId`) REFERENCES `programs` (`id`) ON DELETE SET NULL ON UPDATE CASCADE,
  CONSTRAINT `feeds_ibfk_4` FOREIGN KEY (`customerId`) REFERENCES `customers` (`id`) ON DELETE SET NULL ON UPDATE CASCADE
) ENGINE=InnoDB AUTO_INCREMENT=574 DEFAULT CHARSET=utf8mb4 COLLATE=utf8mb4_0900_ai_ci;
/*!40101 SET character_set_client = @saved_cs_client */;

--
-- Dumping data for table `feeds`
--

LOCK TABLES `feeds` WRITE;
/*!40000 ALTER TABLE `feeds` DISABLE KEYS */;
INSERT INTO `feeds` VALUES (1,NULL,NULL,NULL,'taskUpload','Personnel','jogging doneeeeeeeeeeeeeeee',NULL,NULL,NULL,NULL,NULL,'2024-04-24 07:06:47','2024-04-24 07:06:47',9,53,9,1),(2,'https://postactionsbucket.s3.ap-south-1.amazonaws.com/uploads/images/Tue%20Apr%2023%202024%2018%3A55%3A29%20GMT%2B0000%20%28Coordinated%20Universal%20Time%29_1713942560269317170944468650.jpg',NULL,NULL,'taskUpload','Professional','jogging doneeeeeeeeeeeeeeee :)',NULL,NULL,NULL,NULL,NULL,'2024-04-24 07:09:30','2024-04-24 07:09:30',9,8,2,1),(3,'https://postactionsbucket.s3.ap-south-1.amazonaws.com/uploads/images/Tue+Apr+23+2024+18%3A55%3A29+GMT%2B0000+%28Coordinated+Universal+Time%29_17139433755969997492900804058.jpg',NULL,NULL,'taskUpload','Professional','Subu, Datta and Nithish',NULL,'0',NULL,NULL,NULL,'2024-04-24 07:23:21','2024-04-24 07:23:21',8,8,2,1),(4,NULL,NULL,NULL,'taskUpload','Personnel','did',NULL,'0',NULL,NULL,NULL,'2024-04-24 07:23:48','2024-04-24 07:23:48',8,53,9,1),(5,NULL,NULL,NULL,'allTaskCompletion','Personnel',NULL,NULL,NULL,NULL,'https://postactionsbucket.s3.ap-south-1.amazonaws.com/allTaskCompletion.png',NULL,'2024-04-24 07:23:49','2024-04-24 07:23:49',8,53,9,1),(6,'https://postactionsbucket.s3.ap-south-1.amazonaws.com/uploads/images/Wed+Apr+24+2024+07%3A22%3A40+GMT%2B0000+%28Coordinated+Universal+Time%29_17139437476150797068578629607.jpg',NULL,NULL,'taskUpload','Personnel','halllo',NULL,NULL,NULL,NULL,NULL,'2024-04-24 07:29:26','2024-04-24 07:29:26',10,53,9,1),(7,'https://postactionsbucket.s3.ap-south-1.amazonaws.com/uploads/images/Wed%20Apr%2024%202024%2007%3A22%3A40%20GMT%2B0000%20%28Coordinated%20Universal%20Time%29_17139439598529558602455437885.jpg',NULL,NULL,'taskUpload','Professional','hallo',NULL,NULL,NULL,NULL,NULL,'2024-04-24 07:32:57','2024-04-24 07:32:57',10,8,2,1),(8,NULL,NULL,NULL,'allTaskCompletion','Professional',NULL,NULL,NULL,NULL,'https://postactionsbucket.s3.ap-south-1.amazonaws.com/allTaskCompletion.png',NULL,'2024-04-24 07:32:57','2024-04-24 07:32:57',10,8,2,1),(9,NULL,NULL,NULL,'taskUpload','Professional','ggggghhhgggggggggggggggggggg',NULL,NULL,NULL,NULL,NULL,'2024-04-24 07:59:55','2024-04-24 07:59:55',7,8,2,1),(10,NULL,NULL,NULL,'taskUpload','Personnel','dddddddddddddddddssdddddddd',NULL,NULL,NULL,NULL,NULL,'2024-04-24 08:00:09','2024-04-24 08:00:09',7,53,9,1),(11,NULL,NULL,NULL,'allTaskCompletion','Personnel',NULL,NULL,NULL,NULL,'https://postactionsbucket.s3.ap-south-1.amazonaws.com/allTaskCompletion.png',NULL,'2024-04-24 08:00:09','2024-04-24 08:00:09',7,53,9,1),(12,NULL,NULL,NULL,'taskUpload','Professional','jsnndndnndndndnndndndndbdbb',NULL,NULL,NULL,NULL,NULL,'2024-04-24 08:09:29','2024-04-24 08:09:29',11,8,2,1),(13,NULL,NULL,NULL,'taskUpload','Personnel','hdhdbdnndnfnfnfbbfbfhfbfbbfhf',NULL,NULL,NULL,NULL,NULL,'2024-04-24 08:09:42','2024-04-24 08:09:42',11,67,11,1),(14,NULL,NULL,NULL,'allTaskCompletion','Personnel',NULL,NULL,NULL,NULL,'https://postactionsbucket.s3.ap-south-1.amazonaws.com/allTaskCompletion.png',NULL,'2024-04-24 08:09:42','2024-04-24 08:09:42',11,67,11,1),(15,'https://postactionsbucket.s3.ap-south-1.amazonaws.com/uploads/images/Wed%20Apr%2024%202024%2007%3A56%3A49%20GMT%2B0000%20%28Coordinated%20Universal%20Time%29_17139487565998081001522069435.jpg',NULL,NULL,'taskUpload','Personnel','jogging doneeeeeeeeeeeeeeee',NULL,NULL,NULL,NULL,NULL,'2024-04-24 08:53:34','2024-04-24 08:53:34',12,53,9,1),(16,'https://postactionsbucket.s3.ap-south-1.amazonaws.com/uploads/images/Wed+Apr+24+2024+07%3A56%3A49+GMT%2B0000+%28Coordinated+Universal+Time%29_VID-20240311-WA0013.mp4',NULL,NULL,'taskUpload','Professional','I have jotted down 3 unique selling points for pitch',NULL,NULL,NULL,NULL,NULL,'2024-04-24 08:54:34','2024-04-24 08:54:34',12,8,2,1),(17,NULL,NULL,NULL,'allTaskCompletion','Professional',NULL,NULL,NULL,NULL,'https://postactionsbucket.s3.ap-south-1.amazonaws.com/allTaskCompletion.png',NULL,'2024-04-24 08:54:34','2024-04-24 08:54:34',12,8,2,1),(18,NULL,NULL,NULL,'taskUpload','Personnel','hsjsjsjdjdjdjdhdjdjdjdjdjdjdjsjdj',NULL,NULL,NULL,NULL,NULL,'2024-04-24 11:42:21','2024-04-24 11:42:21',14,60,10,1),(19,NULL,NULL,NULL,'taskUpload','Professional','yehdjdjdjdjdjdkdkdjdjdjdjdnd',NULL,NULL,NULL,NULL,NULL,'2024-04-24 11:42:37','2024-04-24 11:42:37',14,8,2,1),(20,NULL,NULL,NULL,'allTaskCompletion','Professional',NULL,NULL,NULL,NULL,'https://postactionsbucket.s3.ap-south-1.amazonaws.com/allTaskCompletion.png',NULL,'2024-04-24 11:42:37','2024-04-24 11:42:37',14,8,2,1),(21,'https://postactionsbucket.s3.ap-south-1.amazonaws.com/uploads/images/Thu%20Apr%2025%202024%2006%3A15%3A43%20GMT%2B0000%20%28Coordinated%20Universal%20Time%29_Snapchat-980639256.mp4',NULL,NULL,'taskUpload','Professional','spent 5 minutes on the sales pitch',NULL,NULL,NULL,NULL,NULL,'2024-04-25 06:28:50','2024-04-25 06:28:50',10,9,2,1),(22,'https://postactionsbucket.s3.ap-south-1.amazonaws.com/uploads/images/Thu+Apr+25+2024+06%3A15%3A43+GMT%2B0000+%28Coordinated+Universal+Time%29_VID_20240425_120034.mp4',NULL,NULL,'taskUpload','Personnel','taken the stairs for 5minutes ,practiced for 5minutes',NULL,NULL,NULL,NULL,NULL,'2024-04-25 06:31:09','2024-04-25 06:31:09',10,54,9,1),(23,NULL,NULL,NULL,'allTaskCompletion','Personnel',NULL,NULL,NULL,NULL,'https://postactionsbucket.s3.ap-south-1.amazonaws.com/allTaskCompletion.png',NULL,'2024-04-25 06:31:09','2024-04-25 06:31:09',10,54,9,1),(24,'https://postactionsbucket.s3.ap-south-1.amazonaws.com/uploads/images/Thu%20Apr%2025%202024%2006%3A15%3A43%20GMT%2B0000%20%28Coordinated%20Universal%20Time%29_IMG-20240424-WA0040.jpg',NULL,NULL,'taskUpload','Personnel','have taken the stairs while coming to office',NULL,NULL,NULL,NULL,NULL,'2024-04-25 07:29:04','2024-04-25 07:29:04',12,54,9,1),(25,'https://postactionsbucket.s3.ap-south-1.amazonaws.com/uploads/images/Thu%20Apr%2025%202024%2006%3A15%3A43%20GMT%2B0000%20%28Coordinated%20Universal%20Time%29_Screenshot_2024-04-25-11-56-18-266_com.app.aspire.jpg',NULL,NULL,'taskUpload','Professional','n',NULL,'0',NULL,NULL,NULL,'2024-04-25 07:39:50','2024-04-25 07:39:50',15,28,5,1),(26,NULL,NULL,NULL,'taskUpload','Personnel',NULL,NULL,'0',NULL,NULL,NULL,'2024-04-25 07:40:05','2024-04-25 07:40:05',15,53,9,1),(27,NULL,NULL,NULL,'allTaskCompletion','Personnel',NULL,NULL,NULL,NULL,'https://postactionsbucket.s3.ap-south-1.amazonaws.com/allTaskCompletion.png',NULL,'2024-04-25 07:40:05','2024-04-25 07:40:05',15,53,9,1),(28,NULL,NULL,NULL,'taskUpload','Professional','testttttttttttttttttttttttt',NULL,NULL,NULL,NULL,NULL,'2024-04-25 07:44:23','2024-04-25 07:44:23',12,9,2,1),(29,NULL,NULL,NULL,'allTaskCompletion','Professional',NULL,NULL,NULL,NULL,'https://postactionsbucket.s3.ap-south-1.amazonaws.com/allTaskCompletion.png',NULL,'2024-04-25 07:44:23','2024-04-25 07:44:23',12,9,2,1),(30,NULL,NULL,NULL,'taskUpload','Personnel','testShould we enable the customer to add any number of programs? (discuss with KP) - We need to have a screen if there is restriction to assign no. of programs for a user',NULL,NULL,NULL,NULL,NULL,'2024-04-25 11:29:04','2024-04-25 11:29:04',12,60,10,1),(31,NULL,NULL,NULL,'taskUpload','Personnel','tShould we enable the customer to add any number of programs? (discuss with KP) - We need to have a screen if there is restriction to assign no. of programs for a user',NULL,NULL,NULL,NULL,NULL,'2024-04-25 11:29:55','2024-04-25 11:29:55',12,67,11,1),(32,NULL,NULL,NULL,'taskUpload','Personnel','testShould we enable the customer to add any number of programs? (discuss with KP) - We need to have a screen if there is restriction to assign no. of programs for a user',NULL,NULL,NULL,NULL,NULL,'2024-04-25 11:32:57','2024-04-25 11:32:57',12,81,13,1),(33,NULL,NULL,NULL,'taskUpload','Personnel','Should we enable the customer to add any number of programs? (discuss with KP) - We need to have a screen if there is restriction to assign no. of programs for a user',NULL,NULL,NULL,NULL,NULL,'2024-04-25 11:33:26','2024-04-25 11:33:26',12,88,14,1),(34,NULL,NULL,NULL,'taskUpload','Personnel','yes, I woke up at 6:30am today',NULL,NULL,NULL,NULL,NULL,'2024-04-25 13:48:53','2024-04-25 13:48:53',19,67,11,1),(35,NULL,NULL,NULL,'taskUpload','Professional','- Jil\njunh\njuk shfndodnosnso',NULL,NULL,NULL,NULL,NULL,'2024-04-25 13:50:01','2024-04-25 13:50:01',19,8,2,1),(36,NULL,NULL,NULL,'allTaskCompletion','Professional',NULL,NULL,NULL,NULL,'https://postactionsbucket.s3.ap-south-1.amazonaws.com/allTaskCompletion.png',NULL,'2024-04-25 13:50:01','2024-04-25 13:50:01',19,8,2,1),(37,'https://postactionsbucket.s3.ap-south-1.amazonaws.com/uploads/images/Thu%20Apr%2025%202024%2006%3A15%3A43%20GMT%2B0000%20%28Coordinated%20Universal%20Time%29_imagefile.jpg',NULL,NULL,'taskUpload','Professional','\r\nHello, I have completed todays task',NULL,'0',NULL,NULL,NULL,'2024-04-25 14:04:38','2024-04-25 14:04:38',18,8,2,1),(38,NULL,NULL,NULL,'taskUpload','Personnel','\r\n',NULL,'0',NULL,NULL,NULL,'2024-04-25 14:05:06','2024-04-25 14:05:06',18,53,9,1),(39,NULL,NULL,NULL,'allTaskCompletion','Personnel',NULL,NULL,NULL,NULL,'https://postactionsbucket.s3.ap-south-1.amazonaws.com/allTaskCompletion.png',NULL,'2024-04-25 14:05:06','2024-04-25 14:05:06',18,53,9,1),(40,NULL,NULL,NULL,'taskUpload','Personnel','\r\nThis is to make me fit. I’ll do it regularly.',NULL,NULL,NULL,NULL,NULL,'2024-04-25 16:09:27','2024-04-25 16:09:27',20,53,9,1),(41,NULL,NULL,NULL,'taskUpload','Professional','\r\nThis is a test sample to check the app. This is working properly.',NULL,NULL,NULL,NULL,NULL,'2024-04-25 16:10:27','2024-04-25 16:10:27',20,8,2,1),(42,NULL,NULL,NULL,'allTaskCompletion','Professional',NULL,NULL,NULL,NULL,'https://postactionsbucket.s3.ap-south-1.amazonaws.com/allTaskCompletion.png',NULL,'2024-04-25 16:10:27','2024-04-25 16:10:27',20,8,2,1),(43,NULL,NULL,NULL,'taskUpload','Personnel','\r\nThis activity is done. This act is done. This act is done.',NULL,NULL,NULL,NULL,NULL,'2024-04-25 16:14:11','2024-04-25 16:14:11',20,88,14,1),(44,NULL,NULL,NULL,'allTaskCompletion','Personnel',NULL,NULL,NULL,NULL,'https://postactionsbucket.s3.ap-south-1.amazonaws.com/allTaskCompletion.png',NULL,'2024-04-25 16:14:11','2024-04-25 16:14:11',20,88,14,1),(45,NULL,NULL,NULL,'taskUpload','Personnel','\r\nI have set the alarm. The alarm will be ringing by 10 am. I need to get up.',NULL,NULL,NULL,NULL,NULL,'2024-04-25 16:17:00','2024-04-25 16:17:00',20,67,11,1),(46,NULL,NULL,NULL,'allTaskCompletion','Personnel',NULL,NULL,NULL,NULL,'https://postactionsbucket.s3.ap-south-1.amazonaws.com/allTaskCompletion.png',NULL,'2024-04-25 16:17:00','2024-04-25 16:17:00',20,67,11,1),(47,NULL,NULL,NULL,'taskUpload','Personnel','\r\nIve done the task for today. Im very happy that I have done this.',NULL,NULL,NULL,NULL,NULL,'2024-04-25 16:32:30','2024-04-25 16:32:30',20,81,13,1),(48,NULL,NULL,NULL,'allTaskCompletion','Personnel',NULL,NULL,NULL,NULL,'https://postactionsbucket.s3.ap-south-1.amazonaws.com/allTaskCompletion.png',NULL,'2024-04-25 16:32:30','2024-04-25 16:32:30',20,81,13,1),(49,'https://postactionsbucket.s3.ap-south-1.amazonaws.com/uploads/images/Thu+Apr+25+2024+17%3A17%3A30+GMT%2B0000+%28Coordinated+Universal+Time%29_VID_20240422_180512.mp4',NULL,NULL,'taskUpload','Personnel','done',NULL,NULL,NULL,NULL,NULL,'2024-04-25 20:03:05','2024-04-25 20:03:05',10,60,10,1),(50,NULL,NULL,NULL,'allTaskCompletion','Personnel',NULL,NULL,NULL,NULL,'https://postactionsbucket.s3.ap-south-1.amazonaws.com/allTaskCompletion.png',NULL,'2024-04-25 20:03:05','2024-04-25 20:03:05',10,60,10,1),(51,'https://postactionsbucket.s3.ap-south-1.amazonaws.com/uploads/images/Fri%20Apr%2026%202024%2003%3A52%3A13%20GMT%2B0000%20%28Coordinated%20Universal%20Time%29_1714104491342439290586723491.jpg',NULL,NULL,'taskUpload','Personnel','done',NULL,NULL,NULL,NULL,NULL,'2024-04-26 04:08:23','2024-04-26 04:08:23',10,61,10,1),(52,'https://postactionsbucket.s3.ap-south-1.amazonaws.com/uploads/images/Fri%20Apr%2026%202024%2003%3A52%3A13%20GMT%2B0000%20%28Coordinated%20Universal%20Time%29_17141045085444140611492535282.jpg',NULL,NULL,'taskUpload','Personnel','done',NULL,NULL,NULL,NULL,NULL,'2024-04-26 04:08:32','2024-04-26 04:08:32',10,54,9,1),(53,'https://postactionsbucket.s3.ap-south-1.amazonaws.com/uploads/images/Fri%20Apr%2026%202024%2003%3A52%3A13%20GMT%2B0000%20%28Coordinated%20Universal%20Time%29_17141045177980568172626595447.jpg',NULL,NULL,'taskUpload','Professional','done',NULL,NULL,NULL,NULL,NULL,'2024-04-26 04:08:42','2024-04-26 04:08:42',10,9,2,1),(54,NULL,NULL,NULL,'allTaskCompletion','Professional',NULL,NULL,NULL,NULL,'https://postactionsbucket.s3.ap-south-1.amazonaws.com/allTaskCompletion.png',NULL,'2024-04-26 04:08:42','2024-04-26 04:08:42',10,9,2,1),(55,NULL,NULL,NULL,'taskUpload','Personnel','testinggggggggggggggggggggg',NULL,NULL,NULL,NULL,NULL,'2024-04-26 09:45:43','2024-04-26 09:45:43',12,54,9,1),(56,NULL,NULL,NULL,'taskUpload','Professional','testinggggggggggggggggggggg',NULL,NULL,NULL,NULL,NULL,'2024-04-26 09:45:56','2024-04-26 09:45:56',12,9,2,1),(57,NULL,NULL,NULL,'taskUpload','Personnel','testinggggggggggggggggggggg',NULL,NULL,NULL,NULL,NULL,'2024-04-26 09:48:00','2024-04-26 09:48:00',12,82,13,1),(58,'https://postactionsbucket.s3.ap-south-1.amazonaws.com/uploads/images/Fri%20Apr%2026%202024%2010%3A38%3A51%20GMT%2B0000%20%28Coordinated%20Universal%20Time%29_IMG-20240426-WA0003.jpg',NULL,NULL,'taskUpload','Professional','done',NULL,NULL,NULL,NULL,NULL,'2024-04-26 11:34:39','2024-04-26 11:34:39',10,1,1,1),(59,NULL,NULL,NULL,'allTaskCompletion','Professional',NULL,NULL,NULL,NULL,'https://postactionsbucket.s3.ap-south-1.amazonaws.com/allTaskCompletion.png',NULL,'2024-04-26 11:34:39','2024-04-26 11:34:39',10,1,1,1),(60,NULL,NULL,NULL,'taskUpload','Professional','something okay imma okay okay is',NULL,NULL,NULL,NULL,NULL,'2024-04-26 11:36:41','2024-04-26 11:36:41',24,8,2,1),(61,NULL,NULL,NULL,'taskUpload','Personnel','okay okay is is of is us us yes',NULL,NULL,NULL,NULL,NULL,'2024-04-26 11:36:59','2024-04-26 11:36:59',24,67,11,1),(62,NULL,NULL,NULL,'allTaskCompletion','Personnel',NULL,NULL,NULL,NULL,'https://postactionsbucket.s3.ap-south-1.amazonaws.com/allTaskCompletion.png',NULL,'2024-04-26 11:36:59','2024-04-26 11:36:59',24,67,11,1),(63,NULL,NULL,NULL,'taskUpload','Personnel','Jogged for 5 minutes in the park today.',NULL,NULL,NULL,NULL,NULL,'2024-04-26 12:36:22','2024-04-26 12:36:22',23,53,9,1),(64,NULL,NULL,NULL,'taskUpload','Professional','point 1, Point 2, point 3',NULL,NULL,NULL,NULL,NULL,'2024-04-26 12:37:43','2024-04-26 12:37:43',23,8,2,1),(65,NULL,NULL,NULL,'allTaskCompletion','Professional',NULL,NULL,NULL,NULL,'https://postactionsbucket.s3.ap-south-1.amazonaws.com/allTaskCompletion.png',NULL,'2024-04-26 12:37:43','2024-04-26 12:37:43',23,8,2,1),(66,NULL,NULL,NULL,'taskUpload','Professional','wemmmamskskksksksksksks jajaskak',NULL,NULL,NULL,NULL,NULL,'2024-04-26 13:09:23','2024-04-26 13:09:23',8,9,2,1),(67,'https://postactionsbucket.s3.ap-south-1.amazonaws.com/uploads/images/Sat%20Apr%2027%202024%2004%3A16%3A07%20GMT%2B0000%20%28Coordinated%20Universal%20Time%29_17141941248760319607399909747.jpg',NULL,NULL,'taskUpload','Professional','done',NULL,NULL,NULL,NULL,NULL,'2024-04-27 05:02:11','2024-04-27 05:02:11',10,2,1,1),(68,'https://postactionsbucket.s3.ap-south-1.amazonaws.com/uploads/images/Sat%20Apr%2027%202024%2005%3A01%3A59%20GMT%2B0000%20%28Coordinated%20Universal%20Time%29_Screenshot_20240427_083459_Instagram.png',NULL,NULL,'taskUpload','Personnel','alarm set at 6AM',NULL,NULL,NULL,NULL,NULL,'2024-04-27 08:11:17','2024-04-27 08:11:17',26,67,11,1),(69,NULL,NULL,NULL,'taskUpload','Professional','product quality, coustermer demand, impact of the product',NULL,NULL,NULL,NULL,NULL,'2024-04-27 08:12:02','2024-04-27 08:12:02',26,8,2,1),(70,NULL,NULL,NULL,'allTaskCompletion','Professional',NULL,NULL,NULL,NULL,'https://postactionsbucket.s3.ap-south-1.amazonaws.com/allTaskCompletion.png',NULL,'2024-04-27 08:12:03','2024-04-27 08:12:03',26,8,2,1),(71,NULL,NULL,NULL,'taskUpload','Personnel','\r\nTesting tests  test test test',NULL,NULL,NULL,NULL,NULL,'2024-04-27 09:10:07','2024-04-27 09:10:07',18,54,9,1),(72,NULL,NULL,NULL,'taskUpload','Professional',NULL,NULL,'0',NULL,NULL,NULL,'2024-04-27 09:26:07','2024-04-27 09:26:07',35,15,3,1),(73,'https://postactionsbucket.s3.ap-south-1.amazonaws.com/uploads/images/Sat%20Apr%2027%202024%2005%3A01%3A59%20GMT%2B0000%20%28Coordinated%20Universal%20Time%29_Screenshot_20240427_145604.jpg',NULL,NULL,'taskUpload','Personnel',NULL,NULL,'0',NULL,NULL,NULL,'2024-04-27 09:27:00','2024-04-27 09:27:00',35,67,11,1),(74,NULL,NULL,NULL,'allTaskCompletion','Personnel',NULL,NULL,NULL,NULL,'https://postactionsbucket.s3.ap-south-1.amazonaws.com/allTaskCompletion.png',NULL,'2024-04-27 09:27:00','2024-04-27 09:27:00',35,67,11,1),(75,'https://postactionsbucket.s3.ap-south-1.amazonaws.com/uploads/images/Sat%20Apr%2027%202024%2005%3A01%3A59%20GMT%2B0000%20%28Coordinated%20Universal%20Time%29_17142111405266237459780209969.jpg',NULL,NULL,'taskUpload','Personnel',NULL,NULL,'0',NULL,NULL,NULL,'2024-04-27 09:45:54','2024-04-27 09:45:54',35,60,10,1),(76,NULL,NULL,NULL,'allTaskCompletion','Personnel',NULL,NULL,NULL,NULL,'https://postactionsbucket.s3.ap-south-1.amazonaws.com/allTaskCompletion.png',NULL,'2024-04-27 09:45:54','2024-04-27 09:45:54',35,60,10,1),(77,NULL,NULL,NULL,'taskUpload','Professional','\r\nHahsjeieieuueuenfnclpwplwlkwkwkeke',NULL,NULL,NULL,NULL,NULL,'2024-04-27 10:32:11','2024-04-27 10:32:11',36,1,1,1),(78,NULL,NULL,NULL,'taskUpload','Personnel','\r\nHello 1 hello 2\n\nHello 1 hello 2\n\nHello 1 hello 2',NULL,'0',NULL,NULL,NULL,'2024-04-27 10:32:50','2024-04-27 10:32:50',36,67,11,1),(79,NULL,NULL,NULL,'allTaskCompletion','Personnel',NULL,NULL,NULL,NULL,'https://postactionsbucket.s3.ap-south-1.amazonaws.com/allTaskCompletion.png',NULL,'2024-04-27 10:32:50','2024-04-27 10:32:50',36,67,11,1),(80,NULL,NULL,NULL,'taskUpload','Professional','aaevfvgcggggghffggghhhggghhh',NULL,NULL,NULL,NULL,NULL,'2024-04-27 11:57:17','2024-04-27 11:57:17',8,9,2,1),(81,NULL,NULL,NULL,'taskUpload','Personnel','..,.........................',NULL,NULL,NULL,NULL,NULL,'2024-04-28 07:37:53','2024-04-28 07:37:53',10,61,10,1),(82,'https://postactionsbucket.s3.ap-south-1.amazonaws.com/uploads/images/Sun%20Apr%2028%202024%2007%3A55%3A55%20GMT%2B0000%20%28Coordinated%20Universal%20Time%29_IMG-20240427-WA0049.jpg',NULL,NULL,'taskUpload','Professional',NULL,NULL,NULL,NULL,NULL,NULL,'2024-04-28 07:58:09','2024-04-28 07:58:09',10,2,1,1),(83,'https://postactionsbucket.s3.ap-south-1.amazonaws.com/uploads/images/Sun%20Apr%2028%202024%2007%3A55%3A55%20GMT%2B0000%20%28Coordinated%20Universal%20Time%29_imagefile.jpg',NULL,NULL,'taskUpload','Personnel','\r\nThere didn’t xbsidpellebsbsbs dxxx.',NULL,'0',NULL,NULL,NULL,'2024-04-28 10:46:08','2024-04-28 10:46:08',37,53,9,1),(84,NULL,NULL,NULL,'taskUpload','Professional','\r\nHi \nHello \nHow are you dfffghg',NULL,NULL,NULL,NULL,NULL,'2024-04-28 10:46:56','2024-04-28 10:46:56',37,8,2,1),(85,NULL,NULL,NULL,'allTaskCompletion','Professional',NULL,NULL,NULL,NULL,'https://postactionsbucket.s3.ap-south-1.amazonaws.com/allTaskCompletion.png',NULL,'2024-04-28 10:46:56','2024-04-28 10:46:56',37,8,2,1),(86,NULL,NULL,NULL,'taskUpload','Professional',NULL,NULL,'https://postactionsbucket.s3.ap-south-1.amazonaws.com/uploads/audio/Mon%20Apr%2029%202024%2010%3A07%3A32%20GMT%2B0000%20%28Coordinated%20Universal%20Time%29_Recorder_20240429_033722.m4a',NULL,NULL,NULL,'2024-04-29 10:07:32','2024-04-29 10:07:32',21,8,2,1),(87,'https://postactionsbucket.s3.ap-south-1.amazonaws.com/uploads/images/Mon%20Apr%2029%202024%2010%3A07%3A54%20GMT%2B0000%20%28Coordinated%20Universal%20Time%29_171438526289203393904012515.jpg',NULL,NULL,'taskUpload','Personnel',NULL,NULL,'https://postactionsbucket.s3.ap-south-1.amazonaws.com/uploads/audio/Mon%20Apr%2029%202024%2010%3A07%3A54%20GMT%2B0000%20%28Coordinated%20Universal%20Time%29_Recorder_20240429_033722.m4a',NULL,NULL,NULL,'2024-04-29 10:07:54','2024-04-29 10:07:54',21,53,9,1),(88,NULL,NULL,NULL,'allTaskCompletion','Personnel',NULL,NULL,NULL,NULL,'https://postactionsbucket.s3.ap-south-1.amazonaws.com/allTaskCompletion.png',NULL,'2024-04-29 10:07:54','2024-04-29 10:07:54',21,53,9,1),(89,NULL,NULL,NULL,'taskUpload','Personnel','yufjfufjcjcidjdidjxfkckcifkckckc',NULL,NULL,NULL,NULL,NULL,'2024-04-29 10:55:21','2024-04-29 10:55:21',8,54,9,1),(90,NULL,NULL,NULL,'taskUpload','Professional',NULL,NULL,'https://postactionsbucket.s3.ap-south-1.amazonaws.com/uploads/audio/Mon%20Apr%2029%202024%2010%3A57%3A12%20GMT%2B0000%20%28Coordinated%20Universal%20Time%29_Recorder_20240429_042659.m4a',NULL,NULL,NULL,'2024-04-29 10:57:12','2024-04-29 10:57:12',7,9,2,1),(91,'https://postactionsbucket.s3.ap-south-1.amazonaws.com/uploads/images/Mon%20Apr%2029%202024%2013%3A29%3A04%20GMT%2B0000%20%28Coordinated%20Universal%20Time%29_17143972737575534849311859635.jpg',NULL,NULL,'taskUpload','Professional','t',NULL,NULL,NULL,NULL,NULL,'2024-04-29 13:29:04','2024-04-29 13:29:04',10,2,1,1),(92,NULL,NULL,NULL,'taskUpload','Personnel',NULL,NULL,'https://postactionsbucket.s3.ap-south-1.amazonaws.com/uploads/audio/Mon%20Apr%2029%202024%2013%3A31%3A13%20GMT%2B0000%20%28Coordinated%20Universal%20Time%29_Recorder_20240429_070058.m4a',NULL,NULL,NULL,'2024-04-29 13:31:13','2024-04-29 13:31:13',10,61,10,1),(93,'https://postactionsbucket.s3.ap-south-1.amazonaws.com/uploads/images/Mon%20Apr%2029%202024%2014%3A24%3A17%20GMT%2B0000%20%28Coordinated%20Universal%20Time%29_17144006374914512991861578845.jpg',NULL,NULL,'taskUpload','Personnel',NULL,NULL,NULL,NULL,NULL,NULL,'2024-04-29 14:24:17','2024-04-29 14:24:17',10,54,9,1),(94,NULL,NULL,NULL,'taskUpload','Professional',NULL,NULL,'https://postactionsbucket.s3.ap-south-1.amazonaws.com/uploads/audio/Mon%20Apr%2029%202024%2014%3A28%3A35%20GMT%2B0000%20%28Coordinated%20Universal%20Time%29_Recorder_20240429_075514.m4a',NULL,NULL,NULL,'2024-04-29 14:28:35','2024-04-29 14:28:35',10,9,2,1),(95,NULL,NULL,NULL,'allTaskCompletion','Professional',NULL,NULL,NULL,NULL,'https://postactionsbucket.s3.ap-south-1.amazonaws.com/allTaskCompletion.png',NULL,'2024-04-29 14:28:35','2024-04-29 14:28:35',10,9,2,1),(96,NULL,NULL,NULL,'taskUpload','Personnel',NULL,NULL,'https://postactionsbucket.s3.ap-south-1.amazonaws.com/uploads/audio/Mon%20Apr%2029%202024%2017%3A32%3A25%20GMT%2B0000%20%28Coordinated%20Universal%20Time%29_Recorder_20240429_110222.m4a',NULL,NULL,NULL,'2024-04-29 17:32:25','2024-04-29 17:32:25',12,82,13,1),(97,'https://postactionsbucket.s3.ap-south-1.amazonaws.com/uploads/images/Tue%20Apr%2030%202024%2002%3A12%3A51%20GMT%2B0000%20%28Coordinated%20Universal%20Time%29_17144431611404261379753482407.jpg',NULL,NULL,'taskUpload','Personnel','Done',NULL,NULL,NULL,NULL,NULL,'2024-04-30 02:12:52','2024-04-30 02:12:52',21,60,10,1),(98,'https://postactionsbucket.s3.ap-south-1.amazonaws.com/uploads/images/Tue%20Apr%2030%202024%2004%3A28%3A50%20GMT%2B0000%20%28Coordinated%20Universal%20Time%29_Screenshot_20240429-182156.png',NULL,NULL,'taskUpload','Personnel','uploaded',NULL,'https://postactionsbucket.s3.ap-south-1.amazonaws.com/uploads/audio/Tue%20Apr%2030%202024%2004%3A28%3A51%20GMT%2B0000%20%28Coordinated%20Universal%20Time%29_Recorder_20240430_095728.m4a',NULL,NULL,NULL,'2024-04-30 04:28:51','2024-04-30 04:28:51',41,60,10,1),(99,NULL,NULL,NULL,'taskUpload','Professional','what is an customer empathy map',NULL,'https://postactionsbucket.s3.ap-south-1.amazonaws.com/uploads/audio/Tue%20Apr%2030%202024%2004%3A29%3A58%20GMT%2B0000%20%28Coordinated%20Universal%20Time%29_Recorder_20240430_095728.m4a',NULL,NULL,NULL,'2024-04-30 04:29:58','2024-04-30 04:29:58',41,15,3,1),(100,NULL,NULL,NULL,'allTaskCompletion','Professional',NULL,NULL,NULL,NULL,'https://postactionsbucket.s3.ap-south-1.amazonaws.com/allTaskCompletion.png',NULL,'2024-04-30 04:29:58','2024-04-30 04:29:58',41,15,3,1),(101,'https://postactionsbucket.s3.ap-south-1.amazonaws.com/uploads/images/Tue%20Apr%2030%202024%2007%3A05%3A32%20GMT%2B0000%20%28Coordinated%20Universal%20Time%29_Screenshot_20240430-121717_Aspire.jpg',NULL,NULL,'taskUpload','Professional',NULL,NULL,NULL,NULL,NULL,NULL,'2024-04-30 07:05:32','2024-04-30 07:05:32',42,15,3,1),(102,NULL,NULL,NULL,'taskUpload','Personnel',NULL,NULL,'https://postactionsbucket.s3.ap-south-1.amazonaws.com/uploads/audio/Tue%20Apr%2030%202024%2007%3A06%3A04%20GMT%2B0000%20%28Coordinated%20Universal%20Time%29_Recorder_20240430_123559.m4a',NULL,NULL,NULL,'2024-04-30 07:06:05','2024-04-30 07:06:05',42,67,11,1),(103,NULL,NULL,NULL,'allTaskCompletion','Personnel',NULL,NULL,NULL,NULL,'https://postactionsbucket.s3.ap-south-1.amazonaws.com/allTaskCompletion.png',NULL,'2024-04-30 07:06:05','2024-04-30 07:06:05',42,67,11,1),(104,'https://postactionsbucket.s3.ap-south-1.amazonaws.com/uploads/images/Tue%20Apr%2030%202024%2008%3A57%3A18%20GMT%2B0000%20%28Coordinated%20Universal%20Time%29_17144674271969444886090844067.jpg',NULL,NULL,'taskUpload','Professional','bsnsndnnsjsjsjjssjsjhdjdjjdjd',NULL,'https://postactionsbucket.s3.ap-south-1.amazonaws.com/uploads/audio/Tue%20Apr%2030%202024%2008%3A57%3A18%20GMT%2B0000%20%28Coordinated%20Universal%20Time%29_Recorder_20240430_022647.m4a',NULL,NULL,NULL,'2024-04-30 08:57:18','2024-04-30 08:57:18',47,8,2,1),(105,NULL,NULL,NULL,'taskUpload','Personnel','hello I have completed my today task',NULL,'https://postactionsbucket.s3.ap-south-1.amazonaws.com/uploads/audio/Tue%20Apr%2030%202024%2008%3A57%3A53%20GMT%2B0000%20%28Coordinated%20Universal%20Time%29_Recorder_20240430_022647.m4a',NULL,NULL,NULL,'2024-04-30 08:57:53','2024-04-30 08:57:53',47,60,10,1),(106,NULL,NULL,NULL,'allTaskCompletion','Personnel',NULL,NULL,NULL,NULL,'https://postactionsbucket.s3.ap-south-1.amazonaws.com/allTaskCompletion.png',NULL,'2024-04-30 08:57:54','2024-04-30 08:57:54',47,60,10,1),(107,'https://postactionsbucket.s3.ap-south-1.amazonaws.com/uploads/images/Tue%20Apr%2030%202024%2009%3A22%3A30%20GMT%2B0000%20%28Coordinated%20Universal%20Time%29_IMG-20240429-WA0023.jpg',NULL,NULL,'taskUpload','Professional','completed',NULL,NULL,NULL,NULL,NULL,'2024-04-30 09:22:30','2024-04-30 09:22:30',45,8,2,1),(108,'https://postactionsbucket.s3.ap-south-1.amazonaws.com/uploads/images/Tue%20Apr%2030%202024%2009%3A22%3A55%20GMT%2B0000%20%28Coordinated%20Universal%20Time%29_IMG-20240430-WA0004.jpg',NULL,NULL,'taskUpload','Personnel','completed',NULL,NULL,NULL,NULL,NULL,'2024-04-30 09:22:55','2024-04-30 09:22:55',45,53,9,1),(109,NULL,NULL,NULL,'allTaskCompletion','Personnel',NULL,NULL,NULL,NULL,'https://postactionsbucket.s3.ap-south-1.amazonaws.com/allTaskCompletion.png',NULL,'2024-04-30 09:22:55','2024-04-30 09:22:55',45,53,9,1),(110,'https://postactionsbucket.s3.ap-south-1.amazonaws.com/uploads/images/Tue%20Apr%2030%202024%2009%3A27%3A33%20GMT%2B0000%20%28Coordinated%20Universal%20Time%29_imagefile.jpg',NULL,NULL,'taskUpload','Personnel','\r\n',NULL,NULL,NULL,NULL,NULL,'2024-04-30 09:27:33','2024-04-30 09:27:33',46,53,9,1),(111,NULL,NULL,NULL,'taskUpload','Professional','\r\nHidhudvuevusbubeudbybeyebyebybeybeybe',NULL,NULL,NULL,NULL,NULL,'2024-04-30 09:28:03','2024-04-30 09:28:03',46,8,2,1),(112,NULL,NULL,NULL,'allTaskCompletion','Professional',NULL,NULL,NULL,NULL,'https://postactionsbucket.s3.ap-south-1.amazonaws.com/allTaskCompletion.png',NULL,'2024-04-30 09:28:03','2024-04-30 09:28:03',46,8,2,1),(113,NULL,NULL,NULL,'taskUpload','Personnel','bicycle done',NULL,'https://postactionsbucket.s3.ap-south-1.amazonaws.com/uploads/audio/Tue%20Apr%2030%202024%2009%3A39%3A21%20GMT%2B0000%20%28Coordinated%20Universal%20Time%29_Recorder_20240430_030919.m4a',NULL,NULL,NULL,'2024-04-30 09:39:21','2024-04-30 09:39:21',12,61,10,1),(114,NULL,NULL,NULL,'taskUpload','Personnel','\r\nBanana Republic has been in existence since before World of Darkness and the other ones have gone extinct',NULL,NULL,NULL,NULL,NULL,'2024-04-30 10:21:47','2024-04-30 10:21:47',5,67,11,1),(115,'https://postactionsbucket.s3.ap-south-1.amazonaws.com/uploads/images/Tue%20Apr%2030%202024%2013%3A16%3A39%20GMT%2B0000%20%28Coordinated%20Universal%20Time%29_17144829877789917128696548106.jpg',NULL,NULL,'taskUpload','Personnel','test',NULL,NULL,NULL,NULL,NULL,'2024-04-30 13:16:39','2024-04-30 13:16:39',12,82,13,1),(116,'https://postactionsbucket.s3.ap-south-1.amazonaws.com/uploads/images/Wed%20May%2001%202024%2014%3A06%3A34%20GMT%2B0000%20%28Coordinated%20Universal%20Time%29_Screenshot_2024-05-01-14-49-58-70_acdd706dd8c4bb0cda4b7c1fb2e1752b.jpg',NULL,NULL,'taskUpload','Professional',NULL,NULL,NULL,NULL,NULL,NULL,'2024-05-01 14:06:35','2024-05-01 14:06:35',47,9,2,1),(117,'https://postactionsbucket.s3.ap-south-1.amazonaws.com/uploads/images/Wed%20May%2001%202024%2014%3A07%3A28%20GMT%2B0000%20%28Coordinated%20Universal%20Time%29_Screenshot_2024-04-30-14-31-56-63_acdd706dd8c4bb0cda4b7c1fb2e1752b.jpg',NULL,NULL,'taskUpload','Personnel',NULL,NULL,NULL,NULL,NULL,NULL,'2024-05-01 14:07:28','2024-05-01 14:07:28',47,61,10,1),(118,NULL,NULL,NULL,'allTaskCompletion','Personnel',NULL,NULL,NULL,NULL,'https://postactionsbucket.s3.ap-south-1.amazonaws.com/allTaskCompletion.png',NULL,'2024-05-01 14:07:28','2024-05-01 14:07:28',47,61,10,1),(119,'https://postactionsbucket.s3.ap-south-1.amazonaws.com/uploads/images/Wed%20May%2001%202024%2015%3A04%3A01%20GMT%2B0000%20%28Coordinated%20Universal%20Time%29_IMG-20240430-WA0032.jpg',NULL,NULL,'taskUpload','Personnel','Fantastic it has been since I have been doing this.',NULL,'https://postactionsbucket.s3.ap-south-1.amazonaws.com/uploads/audio/Wed%20May%2001%202024%2015%3A04%3A01%20GMT%2B0000%20%28Coordinated%20Universal%20Time%29_Recorder_20240501_083319.m4a',NULL,NULL,NULL,'2024-05-01 15:04:02','2024-05-01 15:04:02',8,54,9,1),(120,'https://postactionsbucket.s3.ap-south-1.amazonaws.com/uploads/images/Wed+May+01+2024+15%3A09%3A31+GMT%2B0000+%28Coordinated+Universal+Time%29_1714576157821129166227505757.jpg',NULL,NULL,'taskUpload','Professional','Amazing pitch to a new customer today',NULL,'https://postactionsbucket.s3.ap-south-1.amazonaws.com/uploads/audio/Wed%20May%2001%202024%2015%3A09%3A31%20GMT%2B0000%20%28Coordinated%20Universal%20Time%29_Recorder_20240501_083915.m4a',NULL,NULL,NULL,'2024-05-01 15:09:31','2024-05-01 15:09:31',8,9,2,1),(121,'https://postactionsbucket.s3.ap-south-1.amazonaws.com/uploads/images/Wed%20May%2001%202024%2018%3A26%3A36%20GMT%2B0000%20%28Coordinated%20Universal%20Time%29_17145879958960255126275347141.jpg',NULL,NULL,'taskUpload','Professional','done today\'s task..........',NULL,NULL,NULL,NULL,NULL,'2024-05-01 18:26:36','2024-05-01 18:26:36',10,2,1,1),(122,'https://postactionsbucket.s3.ap-south-1.amazonaws.com/uploads/images/Thu%20May%2002%202024%2005%3A28%3A50%20GMT%2B0000%20%28Coordinated%20Universal%20Time%29_17146277125510366407307778872.jpg',NULL,NULL,'taskUpload','Personnel',NULL,NULL,NULL,NULL,NULL,NULL,'2024-05-02 05:28:50','2024-05-02 05:28:50',47,61,10,1),(123,'https://postactionsbucket.s3.ap-south-1.amazonaws.com/uploads/images/Thu%20May%2002%202024%2006%3A12%3A59%20GMT%2B0000%20%28Coordinated%20Universal%20Time%29_IMG20240501234241.jpg',NULL,NULL,'taskUpload','Professional','I completed my today task',NULL,'https://postactionsbucket.s3.ap-south-1.amazonaws.com/uploads/audio/Thu%20May%2002%202024%2006%3A13%3A00%20GMT%2B0000%20%28Coordinated%20Universal%20Time%29_Recorder_20240502_114223.m4a',NULL,NULL,NULL,'2024-05-02 06:13:00','2024-05-02 06:13:00',47,9,2,1),(124,NULL,NULL,NULL,'allTaskCompletion','Professional',NULL,NULL,NULL,NULL,'https://postactionsbucket.s3.ap-south-1.amazonaws.com/allTaskCompletion.png',NULL,'2024-05-02 06:13:00','2024-05-02 06:13:00',47,9,2,1),(125,'https://postactionsbucket.s3.ap-south-1.amazonaws.com/uploads/images/Thu%20May%2002%202024%2007%3A05%3A29%20GMT%2B0000%20%28Coordinated%20Universal%20Time%29_17146335105422493130927763945.jpg',NULL,NULL,'taskUpload','Personnel',NULL,NULL,NULL,NULL,NULL,NULL,'2024-05-02 07:05:29','2024-05-02 07:05:29',10,61,10,1),(126,'https://postactionsbucket.s3.ap-south-1.amazonaws.com/uploads/images/Thu+May+02+2024+08%3A30%3A53+GMT%2B0000+%28Coordinated+Universal+Time%29_17146385941405038529137782035.jpg',NULL,NULL,'taskUpload','Personnel','testinggggggggjsjsjsjdjdndhd',NULL,NULL,NULL,NULL,NULL,'2024-05-02 08:30:53','2024-05-02 08:30:53',12,82,13,1),(127,'https://postactionsbucket.s3.ap-south-1.amazonaws.com/uploads/images/Thu%20May%2002%202024%2008%3A35%3A51%20GMT%2B0000%20%28Coordinated%20Universal%20Time%29_IMG_20240502_123503.jpg',NULL,NULL,'taskUpload','Personnel','testingggggggggggggggggggg',NULL,NULL,NULL,NULL,NULL,'2024-05-02 08:35:51','2024-05-02 08:35:51',12,61,10,1),(128,'https://postactionsbucket.s3.ap-south-1.amazonaws.com/uploads/images/Thu+May+02+2024+08%3A37%3A35+GMT%2B0000+%28Coordinated+Universal+Time%29_VID_29320325_201820_424.mp4',NULL,NULL,'taskUpload','Personnel','jogging doneeeeeeeeeeeeeeee',NULL,NULL,NULL,NULL,NULL,'2024-05-02 08:37:36','2024-05-02 08:37:36',12,54,9,1),(129,NULL,NULL,NULL,'taskUpload','Professional','i have worked on sales pitch',NULL,NULL,NULL,NULL,NULL,'2024-05-02 08:38:29','2024-05-02 08:38:29',12,9,2,1),(130,'https://postactionsbucket.s3.ap-south-1.amazonaws.com/uploads/images/Thu%20May%2002%202024%2011%3A37%3A27%20GMT%2B0000%20%28Coordinated%20Universal%20Time%29_17146498085264372803908760817.jpg',NULL,NULL,'taskUpload','Professional',NULL,NULL,NULL,NULL,NULL,NULL,'2024-05-02 11:37:27','2024-05-02 11:37:27',46,9,2,1),(131,'https://postactionsbucket.s3.ap-south-1.amazonaws.com/uploads/images/Thu%20May%2002%202024%2013%3A41%3A49%20GMT%2B0000%20%28Coordinated%20Universal%20Time%29_Snapchat-1898350179.jpg',NULL,NULL,'taskUpload','Personnel','Awesome pose but didn\'t do the task',NULL,NULL,NULL,NULL,NULL,'2024-05-02 13:41:50','2024-05-02 13:41:50',8,54,9,1),(132,'https://postactionsbucket.s3.ap-south-1.amazonaws.com/uploads/images/Thu+May+02+2024+13%3A44%3A47+GMT%2B0000+%28Coordinated+Universal+Time%29_1714657423749534621838406680.jpg',NULL,NULL,'taskUpload','Professional','Had a very great day. Thank you Aspire!',NULL,NULL,NULL,NULL,NULL,'2024-05-02 13:44:48','2024-05-02 13:44:48',8,9,2,1),(133,NULL,NULL,NULL,'taskUpload','Personnel','hhhhhhggfgggggggggvhgbbbhhv',NULL,NULL,NULL,NULL,NULL,'2024-05-02 14:50:34','2024-05-02 14:50:34',12,74,12,1),(134,NULL,NULL,NULL,'taskUpload','Personnel','hellooooooooooooooooooooooo',NULL,NULL,NULL,NULL,NULL,'2024-05-02 14:50:50','2024-05-02 14:50:50',12,89,14,1),(135,NULL,NULL,NULL,'taskUpload','Personnel','hellowwwwwwwwwwwwwwweeewwww',NULL,NULL,NULL,NULL,NULL,'2024-05-02 14:51:24','2024-05-02 14:51:24',12,68,11,1),(136,NULL,NULL,NULL,'taskUpload','Personnel','\r\nDone of the dawn of the apes',NULL,NULL,NULL,NULL,NULL,'2024-05-02 16:35:19','2024-05-02 16:35:19',47,53,9,1),(137,NULL,NULL,NULL,'allTaskCompletion','Personnel',NULL,NULL,NULL,NULL,'https://postactionsbucket.s3.ap-south-1.amazonaws.com/allTaskCompletion.png',NULL,'2024-05-02 16:35:19','2024-05-02 16:35:19',47,53,9,1),(138,NULL,NULL,NULL,'taskUpload','Personnel','\r\nI feel energetic and fresh now.',NULL,NULL,NULL,NULL,NULL,'2024-05-02 18:02:35','2024-05-02 18:02:35',48,60,10,1),(139,NULL,NULL,NULL,'taskUpload','Professional','\r\nI was able to read 1 page of the book and I learnt a new word.',NULL,NULL,NULL,NULL,NULL,'2024-05-02 18:07:52','2024-05-02 18:07:52',48,95,15,1),(140,NULL,NULL,NULL,'allTaskCompletion','Professional',NULL,NULL,NULL,NULL,'https://postactionsbucket.s3.ap-south-1.amazonaws.com/allTaskCompletion.png',NULL,'2024-05-02 18:07:52','2024-05-02 18:07:52',48,95,15,1),(141,NULL,NULL,NULL,'taskUpload','Personnel','testinggggggggggggggggggggg',NULL,NULL,NULL,NULL,NULL,'2024-05-03 05:20:29','2024-05-03 05:20:29',12,89,14,1),(142,'https://postactionsbucket.s3.ap-south-1.amazonaws.com/uploads/images/Fri%20May%2003%202024%2005%3A21%3A18%20GMT%2B0000%20%28Coordinated%20Universal%20Time%29_17147136713131809436028882183.jpg',NULL,NULL,'taskUpload','Professional','testinggggggggggggggggggggg',NULL,NULL,NULL,NULL,NULL,'2024-05-03 05:21:18','2024-05-03 05:21:18',12,9,2,1),(143,'https://postactionsbucket.s3.ap-south-1.amazonaws.com/uploads/images/Fri%20May%2003%202024%2005%3A22%3A56%20GMT%2B0000%20%28Coordinated%20Universal%20Time%29_IMG_20240317_063316.jpg',NULL,NULL,'taskUpload','Personnel','testinggggggggggggggggggggg',NULL,NULL,NULL,NULL,NULL,'2024-05-03 05:22:57','2024-05-03 05:22:57',12,82,13,1),(144,NULL,NULL,NULL,'taskUpload','Personnel','ならたさひぬひさかなかなはさあらなをたやまからたらまさらりまはまらた',NULL,NULL,NULL,NULL,NULL,'2024-05-03 07:11:53','2024-05-03 07:11:53',8,54,9,1),(145,'https://postactionsbucket.s3.ap-south-1.amazonaws.com/uploads/images/Fri+May+03+2024+07%3A13%3A42+GMT%2B0000+%28Coordinated+Universal+Time%29_17147204081427948564389578592.jpg',NULL,NULL,'taskUpload','Professional','これは素晴らしい瞬間です Translate this❤️',NULL,NULL,NULL,NULL,NULL,'2024-05-03 07:13:43','2024-05-03 07:13:43',8,9,2,1),(146,'https://postactionsbucket.s3.ap-south-1.amazonaws.com/uploads/images/Fri%20May%2003%202024%2012%3A40%3A30%20GMT%2B0000%20%28Coordinated%20Universal%20Time%29_IMG-20240503-WA0015.jpg',NULL,NULL,'taskUpload','Professional',NULL,NULL,NULL,NULL,NULL,NULL,'2024-05-03 12:40:31','2024-05-03 12:40:31',51,15,3,1),(147,'https://postactionsbucket.s3.ap-south-1.amazonaws.com/uploads/images/Fri%20May%2003%202024%2012%3A41%3A20%20GMT%2B0000%20%28Coordinated%20Universal%20Time%29_17147400474871148680756742621.jpg',NULL,NULL,'taskUpload','Personnel',NULL,NULL,NULL,NULL,NULL,NULL,'2024-05-03 12:41:20','2024-05-03 12:41:20',51,53,9,1),(148,NULL,NULL,NULL,'allTaskCompletion','Personnel',NULL,NULL,NULL,NULL,'https://postactionsbucket.s3.ap-south-1.amazonaws.com/allTaskCompletion.png',NULL,'2024-05-03 12:41:20','2024-05-03 12:41:20',51,53,9,1),(149,NULL,NULL,NULL,'taskUpload','Personnel','\r\nIt was nice stretching after a long day.',NULL,NULL,NULL,NULL,NULL,'2024-05-03 12:58:03','2024-05-03 12:58:03',48,61,10,1),(150,'https://postactionsbucket.s3.ap-south-1.amazonaws.com/uploads/images/Fri%20May%2003%202024%2013%3A41%3A51%20GMT%2B0000%20%28Coordinated%20Universal%20Time%29_17147437035015708191737125417.jpg',NULL,NULL,'taskUpload','Personnel',NULL,NULL,NULL,NULL,NULL,NULL,'2024-05-03 13:41:51','2024-05-03 13:41:51',12,54,9,1),(151,'https://postactionsbucket.s3.ap-south-1.amazonaws.com/uploads/images/Fri%20May%2003%202024%2013%3A45%3A19%20GMT%2B0000%20%28Coordinated%20Universal%20Time%29_17147439104520127582842064868.jpg',NULL,NULL,'taskUpload','Personnel',NULL,NULL,NULL,NULL,NULL,NULL,'2024-05-03 13:45:19','2024-05-03 13:45:19',12,68,11,1),(152,NULL,NULL,NULL,'taskUpload','Personnel','Doneeeeeeeeeeeeeeeeeeeeeeee',NULL,NULL,NULL,NULL,NULL,'2024-05-03 13:45:46','2024-05-03 13:45:46',12,75,12,1),(153,NULL,NULL,NULL,'taskUpload','Personnel','Testttttttttttttttttttttttt',NULL,NULL,NULL,NULL,NULL,'2024-05-03 13:45:58','2024-05-03 13:45:58',12,61,10,1),(154,NULL,NULL,NULL,'taskUpload','Professional','cjcjfifififigigoggogogfittjt',NULL,NULL,NULL,NULL,NULL,'2024-05-04 07:22:52','2024-05-04 07:22:52',7,9,2,1),(155,'https://postactionsbucket.s3.ap-south-1.amazonaws.com/uploads/images/Sat%20May%2004%202024%2011%3A01%3A06%20GMT%2B0000%20%28Coordinated%20Universal%20Time%29_17148203541382399801987977781.jpg',NULL,NULL,'taskUpload','Professional','Done watching sales tutorial',NULL,NULL,NULL,NULL,NULL,'2024-05-04 11:01:07','2024-05-04 11:01:07',10,2,1,1),(156,NULL,NULL,NULL,'taskUpload','Personnel','Taken stairs for 5 minutes',NULL,NULL,NULL,NULL,NULL,'2024-05-04 11:04:31','2024-05-04 11:04:31',47,54,9,1),(157,NULL,NULL,NULL,'taskUpload','Personnel',NULL,NULL,'https://postactionsbucket.s3.ap-south-1.amazonaws.com/uploads/audio/Sat%20May%2004%202024%2011%3A06%3A42%20GMT%2B0000%20%28Coordinated%20Universal%20Time%29_Recorder_20240504_043633.m4a',NULL,NULL,NULL,'2024-05-04 11:06:42','2024-05-04 11:06:42',47,61,10,1),(158,NULL,NULL,NULL,'taskUpload','Professional','............................',NULL,NULL,NULL,NULL,NULL,'2024-05-04 11:07:05','2024-05-04 11:07:05',47,9,2,1),(159,NULL,NULL,NULL,'allTaskCompletion','Professional',NULL,NULL,NULL,NULL,'https://postactionsbucket.s3.ap-south-1.amazonaws.com/allTaskCompletion.png',NULL,'2024-05-04 11:07:05','2024-05-04 11:07:05',47,9,2,1),(160,NULL,NULL,NULL,'taskUpload','Personnel','Testinggggggggggggggggggggg',NULL,NULL,NULL,NULL,NULL,'2024-05-05 05:47:10','2024-05-05 05:47:10',12,75,12,1),(161,NULL,NULL,NULL,'taskUpload','Personnel','I have taken stairs for 5 minutes',NULL,NULL,NULL,NULL,NULL,'2024-05-05 05:48:08','2024-05-05 05:48:08',12,54,9,1),(162,NULL,NULL,NULL,'taskUpload','Professional','I have spent 5 mins on sales pitch today',NULL,NULL,NULL,NULL,NULL,'2024-05-05 05:48:35','2024-05-05 05:48:35',12,9,2,1),(163,NULL,NULL,NULL,'taskUpload','Personnel','Read 2 pages from a hard copy book before sleeping',NULL,NULL,NULL,NULL,NULL,'2024-05-05 05:49:25','2024-05-05 05:49:25',12,89,14,1),(164,NULL,NULL,NULL,'taskUpload','Personnel','Restinggggggghhhhhhhhjsjsjdjdjd',NULL,NULL,NULL,NULL,NULL,'2024-05-05 05:49:54','2024-05-05 05:49:54',12,82,13,1),(165,NULL,NULL,NULL,'taskUpload','Personnel','Bla bla bla bla bla bla bla',NULL,NULL,NULL,NULL,NULL,'2024-05-05 05:50:13','2024-05-05 05:50:13',12,68,11,1),(166,'https://postactionsbucket.s3.ap-south-1.amazonaws.com/uploads/images/Sun%20May%2005%202024%2007%3A21%3A41%20GMT%2B0000%20%28Coordinated%20Universal%20Time%29_17148936765149776007845816307.jpg',NULL,NULL,'taskUpload','Professional',NULL,NULL,NULL,NULL,NULL,NULL,'2024-05-05 07:21:41','2024-05-05 07:21:41',10,2,1,1),(167,'https://postactionsbucket.s3.ap-south-1.amazonaws.com/uploads/images/Sun+May+05+2024+07%3A23%3A35+GMT%2B0000+%28Coordinated+Universal+Time%29_VID-20240504-WA0018.mp4',NULL,NULL,'taskUpload','Personnel',NULL,NULL,NULL,NULL,NULL,NULL,'2024-05-05 07:23:35','2024-05-05 07:23:35',10,61,10,1),(168,'https://postactionsbucket.s3.ap-south-1.amazonaws.com/uploads/images/Sun+May+05+2024+07%3A27%3A50+GMT%2B0000+%28Coordinated+Universal+Time%29_VID-20240310-WA0078.mp4',NULL,NULL,'taskUpload','Personnel',NULL,NULL,NULL,NULL,NULL,NULL,'2024-05-05 07:27:51','2024-05-05 07:27:51',10,54,9,1),(169,'https://postactionsbucket.s3.ap-south-1.amazonaws.com/uploads/images/Sun+May+05+2024+07%3A31%3A39+GMT%2B0000+%28Coordinated+Universal+Time%29_VID_20240422_181121.mp4',NULL,NULL,'taskUpload','Professional',NULL,NULL,NULL,NULL,NULL,NULL,'2024-05-05 07:31:39','2024-05-05 07:31:39',10,9,2,1),(170,NULL,NULL,NULL,'allTaskCompletion','Professional',NULL,NULL,NULL,NULL,'https://postactionsbucket.s3.ap-south-1.amazonaws.com/allTaskCompletion.png',NULL,'2024-05-05 07:31:40','2024-05-05 07:31:40',10,9,2,1),(171,NULL,NULL,NULL,'taskUpload','Personnel','Did bicycle crunches for 5 mins',NULL,NULL,NULL,NULL,NULL,'2024-05-05 10:53:22','2024-05-05 10:53:22',12,61,10,1),(172,'https://postactionsbucket.s3.ap-south-1.amazonaws.com/uploads/images/Sun%20May%2005%202024%2014%3A07%3A22%20GMT%2B0000%20%28Coordinated%20Universal%20Time%29_VID-20240505-WA0018.mp4',NULL,NULL,'taskUpload','Personnel','I had a lift so didn\'t use the stairs',NULL,NULL,NULL,NULL,NULL,'2024-05-05 14:07:22','2024-05-05 14:07:22',8,54,9,1),(173,NULL,NULL,NULL,'taskUpload','Professional','testinggggggggggggggggggggg',NULL,NULL,NULL,NULL,NULL,'2024-05-06 06:30:31','2024-05-06 06:30:31',12,9,2,2),(174,NULL,NULL,NULL,'taskUpload','Personnel','Testinggggggggggggggggggggg',NULL,NULL,NULL,NULL,NULL,'2024-05-06 08:08:22','2024-05-06 08:08:22',12,75,12,2),(175,NULL,NULL,NULL,'taskUpload','Personnel','testinggggggggggggggggggggg',NULL,NULL,NULL,NULL,NULL,'2024-05-06 08:09:44','2024-05-06 08:09:44',12,54,9,2),(176,NULL,NULL,NULL,'taskUpload','Personnel','\r\nI had done 40 minutes of walk',NULL,NULL,NULL,NULL,NULL,'2024-05-06 09:49:11','2024-05-06 09:49:11',50,53,9,1),(177,NULL,NULL,NULL,'taskUpload','Professional','\r\nHad a self reflection time',NULL,NULL,NULL,NULL,NULL,'2024-05-06 09:50:17','2024-05-06 09:50:17',50,95,15,1),(178,NULL,NULL,NULL,'allTaskCompletion','Professional',NULL,NULL,NULL,NULL,'https://postactionsbucket.s3.ap-south-1.amazonaws.com/allTaskCompletion.png',NULL,'2024-05-06 09:50:18','2024-05-06 09:50:18',50,95,15,1),(179,NULL,NULL,NULL,'taskUpload','Personnel','Testinggggggggggggggggggggg',NULL,NULL,NULL,NULL,NULL,'2024-05-06 09:56:21','2024-05-06 09:56:21',12,89,14,2),(180,'https://postactionsbucket.s3.ap-south-1.amazonaws.com/uploads/images/Mon%20May%2006%202024%2009%3A56%3A45%20GMT%2B0000%20%28Coordinated%20Universal%20Time%29_17149893947929069432651317973.jpg',NULL,NULL,'taskUpload','Personnel','Testinggggggggggggggggggggg',NULL,NULL,NULL,NULL,NULL,'2024-05-06 09:56:45','2024-05-06 09:56:45',12,82,13,2),(181,'https://postactionsbucket.s3.ap-south-1.amazonaws.com/uploads/images/Mon%20May%2006%202024%2009%3A57%3A09%20GMT%2B0000%20%28Coordinated%20Universal%20Time%29_17149894234204974276639832783.jpg',NULL,NULL,'taskUpload','Personnel','Testinggggggggggggggggggggg',NULL,NULL,NULL,NULL,NULL,'2024-05-06 09:57:09','2024-05-06 09:57:09',12,68,11,2),(182,NULL,NULL,NULL,'taskUpload','Personnel','Testinggggggggggggggggggggg',NULL,NULL,NULL,NULL,NULL,'2024-05-06 09:57:21','2024-05-06 09:57:21',12,61,10,2),(183,'https://postactionsbucket.s3.ap-south-1.amazonaws.com/uploads/images/Mon+May+06+2024+11%3A12%3A38+GMT%2B0000+%28Coordinated+Universal+Time%29_VID_20240429_195650.mp4',NULL,NULL,'taskUpload','Professional',NULL,NULL,NULL,NULL,NULL,NULL,'2024-05-06 11:12:38','2024-05-06 11:12:38',10,2,1,1),(184,NULL,NULL,NULL,'taskUpload','Professional','Dhhjdjsbbifjxksmnnmkjvfyjh',NULL,NULL,NULL,NULL,NULL,'2024-05-06 13:23:14','2024-05-06 13:23:14',53,15,3,1),(185,NULL,NULL,NULL,'taskUpload','Personnel','dhlhdjsmsgdkksnnsghfkkdhsgh',NULL,NULL,NULL,NULL,NULL,'2024-05-06 13:24:04','2024-05-06 13:24:04',53,53,9,1),(186,NULL,NULL,NULL,'allTaskCompletion','Personnel',NULL,NULL,NULL,NULL,'https://postactionsbucket.s3.ap-south-1.amazonaws.com/allTaskCompletion.png',NULL,'2024-05-06 13:24:04','2024-05-06 13:24:04',53,53,9,1),(187,NULL,NULL,NULL,'taskUpload','Professional','Pitched Aspire product to a marketing person',NULL,NULL,NULL,NULL,NULL,'2024-05-06 13:41:51','2024-05-06 13:41:51',7,9,2,1),(188,'https://postactionsbucket.s3.ap-south-1.amazonaws.com/uploads/images/Tue+May+07+2024+06%3A07%3A36+GMT%2B0000+%28Coordinated+Universal+Time%29_screenrecording_20240214_174629.mp4',NULL,NULL,'taskUpload','Professional',NULL,NULL,NULL,NULL,NULL,NULL,'2024-05-07 06:07:36','2024-05-07 06:07:36',10,15,3,1),(189,NULL,NULL,NULL,'taskUpload','Personnel','Testinggggggggggggggggggggg',NULL,NULL,NULL,NULL,NULL,'2024-05-07 06:49:50','2024-05-07 06:49:50',12,68,11,2),(190,NULL,NULL,NULL,'taskUpload','Personnel','testinggggggggggggggggggggg',NULL,NULL,NULL,NULL,NULL,'2024-05-07 07:04:11','2024-05-07 07:04:11',12,75,12,2),(191,NULL,NULL,NULL,'taskUpload','Professional','Yesssssssssssssssssssssssss',NULL,NULL,NULL,NULL,NULL,'2024-05-07 07:07:01','2024-05-07 07:07:01',12,9,2,2),(192,NULL,NULL,NULL,'taskUpload','Personnel','Testinggggggggggggggggggggg',NULL,NULL,NULL,NULL,NULL,'2024-05-07 07:07:13','2024-05-07 07:07:13',12,89,14,2),(193,'https://postactionsbucket.s3.ap-south-1.amazonaws.com/uploads/images/Tue%20May%2007%202024%2008%3A05%3A23%20GMT%2B0000%20%28Coordinated%20Universal%20Time%29_17150690232719672418604323209.jpg',NULL,NULL,'taskUpload','Professional',NULL,NULL,'https://postactionsbucket.s3.ap-south-1.amazonaws.com/uploads/audio/Tue%20May%2007%202024%2008%3A05%3A23%20GMT%2B0000%20%28Coordinated%20Universal%20Time%29_Recorder_20240507_013514.m4a',NULL,NULL,NULL,'2024-05-07 08:05:23','2024-05-07 08:05:23',47,15,3,1),(194,'https://postactionsbucket.s3.ap-south-1.amazonaws.com/uploads/images/Tue+May+07+2024+10%3A20%3A43+GMT%2B0000+%28Coordinated+Universal+Time%29_00-105.JPG',NULL,NULL,'taskUpload','Professional',NULL,NULL,NULL,NULL,NULL,NULL,'2024-05-07 10:20:43','2024-05-07 10:20:43',10,2,1,1),(195,NULL,NULL,NULL,'taskUpload','Personnel',NULL,NULL,'https://postactionsbucket.s3.ap-south-1.amazonaws.com/uploads/audio/Tue%20May%2007%202024%2010%3A23%3A02%20GMT%2B0000%20%28Coordinated%20Universal%20Time%29_Recorder_20240507_035249.m4a',NULL,NULL,NULL,'2024-05-07 10:23:02','2024-05-07 10:23:02',10,61,10,1),(196,NULL,NULL,NULL,'taskUpload','Personnel',NULL,NULL,'https://postactionsbucket.s3.ap-south-1.amazonaws.com/uploads/audio/Tue%20May%2007%202024%2010%3A29%3A21%20GMT%2B0000%20%28Coordinated%20Universal%20Time%29_Recorder_20240507_035902.m4a',NULL,NULL,NULL,'2024-05-07 10:29:21','2024-05-07 10:29:21',10,54,9,1),(197,NULL,NULL,NULL,'taskUpload','Professional','I didn\'t practice sales pitch but I got coins 🤭',NULL,NULL,NULL,NULL,NULL,'2024-05-07 10:30:32','2024-05-07 10:30:32',10,9,2,1),(198,NULL,NULL,NULL,'allTaskCompletion','Professional',NULL,NULL,NULL,NULL,'https://postactionsbucket.s3.ap-south-1.amazonaws.com/allTaskCompletion.png',NULL,'2024-05-07 10:30:32','2024-05-07 10:30:32',10,9,2,1),(199,'https://postactionsbucket.s3.ap-south-1.amazonaws.com/uploads/images/Tue%20May%2007%202024%2010%3A34%3A47%20GMT%2B0000%20%28Coordinated%20Universal%20Time%29_IMG-20240507-WA0000.jpg',NULL,NULL,'taskUpload','Personnel',NULL,NULL,NULL,NULL,NULL,NULL,'2024-05-07 10:34:47','2024-05-07 10:34:47',12,82,13,2),(200,NULL,NULL,NULL,'taskUpload','Personnel',NULL,NULL,'https://postactionsbucket.s3.ap-south-1.amazonaws.com/uploads/audio/Tue%20May%2007%202024%2010%3A35%3A35%20GMT%2B0000%20%28Coordinated%20Universal%20Time%29_Recorder_20240507_040531.m4a',NULL,NULL,NULL,'2024-05-07 10:35:35','2024-05-07 10:35:35',12,61,10,2),(201,'https://postactionsbucket.s3.ap-south-1.amazonaws.com/uploads/images/Tue%20May%2007%202024%2011%3A25%3A06%20GMT%2B0000%20%28Coordinated%20Universal%20Time%29_imagefile.jpg',NULL,NULL,'taskUpload','Personnel','\r\n',NULL,NULL,NULL,NULL,NULL,'2024-05-07 11:25:06','2024-05-07 11:25:06',46,54,9,1),(202,'https://postactionsbucket.s3.ap-south-1.amazonaws.com/uploads/images/Tue%20May%2007%202024%2011%3A30%3A29%20GMT%2B0000%20%28Coordinated%20Universal%20Time%29_imagefile.jpg',NULL,NULL,'taskUpload','Professional','\r\nHennenenenennendnenekkwkskks',NULL,NULL,NULL,NULL,NULL,'2024-05-07 11:30:30','2024-05-07 11:30:30',46,9,2,1),(203,NULL,NULL,NULL,'allTaskCompletion','Professional',NULL,NULL,NULL,NULL,'https://postactionsbucket.s3.ap-south-1.amazonaws.com/allTaskCompletion.png',NULL,'2024-05-07 11:30:30','2024-05-07 11:30:30',46,9,2,1),(204,'https://postactionsbucket.s3.ap-south-1.amazonaws.com/uploads/images/Tue+May+07+2024+14%3A11%3A47+GMT%2B0000+%28Coordinated+Universal+Time%29_00-29.JPG',NULL,NULL,'taskUpload','Personnel',NULL,NULL,NULL,NULL,NULL,NULL,'2024-05-07 14:11:48','2024-05-07 14:11:48',10,74,12,1),(205,NULL,NULL,NULL,'allTaskCompletion','Personnel',NULL,NULL,NULL,NULL,'https://postactionsbucket.s3.ap-south-1.amazonaws.com/allTaskCompletion.png',NULL,'2024-05-07 14:11:48','2024-05-07 14:11:48',10,74,12,1),(206,'https://postactionsbucket.s3.ap-south-1.amazonaws.com/uploads/images/Wed%20May%2008%202024%2005%3A04%3A56%20GMT%2B0000%20%28Coordinated%20Universal%20Time%29_IMG20240507200909.heic',NULL,NULL,'taskUpload','Professional','Hmmjsn jienhgva ujnejzmmxi',NULL,NULL,NULL,NULL,NULL,'2024-05-08 05:04:56','2024-05-08 05:04:56',8,9,2,1),(207,'https://postactionsbucket.s3.ap-south-1.amazonaws.com/uploads/images/Wed%20May%2008%202024%2005%3A06%3A29%20GMT%2B0000%20%28Coordinated%20Universal%20Time%29_IMG-20240507-WA0000.jpg',NULL,NULL,'taskUpload','Personnel','Good and refreshing to take the stairs',NULL,NULL,NULL,NULL,NULL,'2024-05-08 05:06:29','2024-05-08 05:06:29',8,54,9,1),(208,'https://postactionsbucket.s3.ap-south-1.amazonaws.com/uploads/images/Wed%20May%2008%202024%2007%3A22%3A39%20GMT%2B0000%20%28Coordinated%20Universal%20Time%29_17151529545144341493736976144.jpg',NULL,NULL,'taskUpload','Personnel',NULL,NULL,NULL,NULL,NULL,NULL,'2024-05-08 07:22:39','2024-05-08 07:22:39',46,74,12,1),(209,NULL,NULL,NULL,'taskUpload','Personnel','I have done reading for the day',NULL,NULL,NULL,NULL,NULL,'2024-05-08 07:55:10','2024-05-08 07:55:10',12,89,14,2),(210,NULL,NULL,NULL,'taskUpload','Personnel','Testinggggggggggggggggggggg',NULL,NULL,NULL,NULL,NULL,'2024-05-08 11:56:14','2024-05-08 11:56:14',12,75,12,2),(211,NULL,NULL,NULL,'taskUpload','Personnel','Testinggggggggggggggggggt',NULL,NULL,NULL,NULL,NULL,'2024-05-08 14:14:41','2024-05-08 14:14:41',12,82,13,2),(212,NULL,NULL,NULL,'taskUpload','Personnel','Yesterday 10k already paid',NULL,NULL,NULL,NULL,NULL,'2024-05-08 17:00:54','2024-05-08 17:00:54',12,68,11,2),(213,'https://postactionsbucket.s3.ap-south-1.amazonaws.com/uploads/images/Wed+May+08+2024+17%3A01%3A59+GMT%2B0000+%28Coordinated+Universal+Time%29_video_20240506_151955.mp4',NULL,NULL,'taskUpload','Personnel',NULL,NULL,NULL,NULL,NULL,NULL,'2024-05-08 17:02:00','2024-05-08 17:02:00',12,54,9,2),(214,NULL,NULL,NULL,'taskUpload','Personnel','Testinggggggggggggggggggt',NULL,NULL,NULL,NULL,NULL,'2024-05-08 17:03:50','2024-05-08 17:03:50',12,61,10,2),(215,NULL,NULL,NULL,'taskUpload','Professional','\r\nMy on the rhehehehhbef ndbbrbehehgeh',NULL,NULL,NULL,NULL,NULL,'2024-05-08 19:22:53','2024-05-08 19:22:53',7,9,2,1),(216,NULL,NULL,NULL,'taskUpload','Professional','どうやってアウトを出すかを確認するためにこれを試しています',NULL,NULL,NULL,NULL,NULL,'2024-05-09 05:18:15','2024-05-09 05:18:15',8,9,2,1),(217,NULL,NULL,NULL,'taskUpload','Personnel','Testinggggggggggggggggggt',NULL,NULL,NULL,NULL,NULL,'2024-05-09 07:43:12','2024-05-09 07:43:12',12,61,10,2),(218,'https://postactionsbucket.s3.ap-south-1.amazonaws.com/uploads/images/Thu+May+09+2024+07%3A53%3A52+GMT%2B0000+%28Coordinated+Universal+Time%29_17152411928181415736669253585.jpg',NULL,NULL,'taskUpload','Personnel','Coooooooooooooooioiooooiooool',NULL,NULL,NULL,NULL,NULL,'2024-05-09 07:53:53','2024-05-09 07:53:53',8,54,9,1),(219,NULL,NULL,NULL,'taskUpload','Personnel','testinggggggggggggggggggt',NULL,NULL,NULL,NULL,NULL,'2024-05-09 08:42:07','2024-05-09 08:42:07',12,75,12,2),(220,NULL,NULL,NULL,'taskUpload','Personnel','testinggggggggggggggggggt',NULL,NULL,NULL,NULL,NULL,'2024-05-09 08:43:12','2024-05-09 08:43:12',12,89,14,2),(221,'https://postactionsbucket.s3.ap-south-1.amazonaws.com/uploads/images/Thu+May+09+2024+09%3A50%3A48+GMT%2B0000+%28Coordinated+Universal+Time%29_simulator_screen_recording_-_iphone_15_pro_-_2024-01-29_at_17.41.18.mp4',NULL,NULL,'taskUpload','Personnel',NULL,NULL,NULL,NULL,NULL,NULL,'2024-05-09 09:50:49','2024-05-09 09:50:49',10,75,12,1),(222,'https://postactionsbucket.s3.ap-south-1.amazonaws.com/uploads/images/Thu%20May%2009%202024%2009%3A53%3A46%20GMT%2B0000%20%28Coordinated%20Universal%20Time%29_17152484176345610406903816576.jpg',NULL,NULL,'taskUpload','Professional',NULL,NULL,NULL,NULL,NULL,NULL,'2024-05-09 09:53:47','2024-05-09 09:53:47',10,16,3,1),(223,'https://postactionsbucket.s3.ap-south-1.amazonaws.com/uploads/images/Thu+May+09+2024+10%3A09%3A53+GMT%2B0000+%28Coordinated+Universal+Time%29_Mr.+Rudraiah+%26+Sumana+-+Muhuratham.mp4',NULL,NULL,'taskUpload','Professional',NULL,NULL,NULL,NULL,NULL,NULL,'2024-05-09 10:09:54','2024-05-09 10:09:54',10,2,1,1),(224,'https://postactionsbucket.s3.ap-south-1.amazonaws.com/uploads/images/Thu%20May%2009%202024%2011%3A18%3A11%20GMT%2B0000%20%28Coordinated%20Universal%20Time%29_17152534723600089153070367590.jpg',NULL,NULL,'taskUpload','Personnel',NULL,NULL,NULL,NULL,NULL,NULL,'2024-05-09 11:18:11','2024-05-09 11:18:11',10,61,10,1),(225,'https://postactionsbucket.s3.ap-south-1.amazonaws.com/uploads/images/Thu%20May%2009%202024%2012%3A55%3A00%20GMT%2B0000%20%28Coordinated%20Universal%20Time%29_imagefile.jpg',NULL,NULL,'taskUpload','Professional','\r\n',NULL,NULL,NULL,NULL,NULL,'2024-05-09 12:55:01','2024-05-09 12:55:01',47,16,3,1),(226,NULL,NULL,NULL,'taskUpload','Personnel','\r\nIvviguguguvuvubikbkbivuvivuviv',NULL,NULL,NULL,NULL,NULL,'2024-05-09 13:03:45','2024-05-09 13:03:45',47,54,9,1),(227,'https://postactionsbucket.s3.ap-south-1.amazonaws.com/uploads/images/Thu%20May%2009%202024%2013%3A10%3A07%20GMT%2B0000%20%28Coordinated%20Universal%20Time%29_17152601958522664727871114567.jpg',NULL,NULL,'taskUpload','Personnel',NULL,NULL,'https://postactionsbucket.s3.ap-south-1.amazonaws.com/uploads/audio/Thu%20May%2009%202024%2013%3A10%3A07%20GMT%2B0000%20%28Coordinated%20Universal%20Time%29_Recorder_20240509_063951.m4a',NULL,NULL,NULL,'2024-05-09 13:10:07','2024-05-09 13:10:07',12,82,13,2),(228,'https://postactionsbucket.s3.ap-south-1.amazonaws.com/uploads/images/Thu%20May%2009%202024%2014%3A03%3A49%20GMT%2B0000%20%28Coordinated%20Universal%20Time%29_imagefile.jpg',NULL,NULL,'taskUpload','Professional','\r\nNdndndndnbenrndnenenenenejrnb',NULL,NULL,NULL,NULL,NULL,'2024-05-09 14:03:50','2024-05-09 14:03:50',60,8,2,1),(229,NULL,NULL,NULL,'allTaskCompletion','Professional',NULL,NULL,NULL,NULL,'https://postactionsbucket.s3.ap-south-1.amazonaws.com/allTaskCompletion.png',NULL,'2024-05-09 14:03:50','2024-05-09 14:03:50',60,8,2,1),(230,'https://postactionsbucket.s3.ap-south-1.amazonaws.com/uploads/images/Thu+May+09+2024+14%3A11%3A53+GMT%2B0000+%28Coordinated+Universal+Time%29_17152638723140360491265050083.jpg',NULL,NULL,'taskUpload','Personnel',NULL,NULL,NULL,NULL,NULL,NULL,'2024-05-09 14:11:54','2024-05-09 14:11:54',10,54,9,1),(231,'https://postactionsbucket.s3.ap-south-1.amazonaws.com/uploads/images/Thu%20May%2009%202024%2014%3A30%3A50%20GMT%2B0000%20%28Coordinated%20Universal%20Time%29_imagefile.jpg',NULL,NULL,'taskUpload','Personnel','\r\n',NULL,NULL,NULL,NULL,NULL,'2024-05-09 14:30:50','2024-05-09 14:30:50',60,53,9,1),(232,NULL,NULL,NULL,'allTaskCompletion','Personnel',NULL,NULL,NULL,NULL,'https://postactionsbucket.s3.ap-south-1.amazonaws.com/allTaskCompletion.png',NULL,'2024-05-09 14:30:50','2024-05-09 14:30:50',60,53,9,1),(233,'https://postactionsbucket.s3.ap-south-1.amazonaws.com/uploads/images/Thu%20May%2009%202024%2015%3A02%3A44%20GMT%2B0000%20%28Coordinated%20Universal%20Time%29_17152669301113554433363792145.jpg',NULL,NULL,'taskUpload','Professional',NULL,NULL,NULL,NULL,NULL,NULL,'2024-05-09 15:02:44','2024-05-09 15:02:44',61,15,3,1),(234,NULL,NULL,NULL,'allTaskCompletion','Professional',NULL,NULL,NULL,NULL,'https://postactionsbucket.s3.ap-south-1.amazonaws.com/allTaskCompletion.png',NULL,'2024-05-09 15:02:45','2024-05-09 15:02:45',61,15,3,1),(235,'https://postactionsbucket.s3.ap-south-1.amazonaws.com/uploads/images/Thu%20May%2009%202024%2015%3A05%3A59%20GMT%2B0000%20%28Coordinated%20Universal%20Time%29_Screenshot_2024-05-09-20-32-53-15_acdd706dd8c4bb0cda4b7c1fb2e1752b.jpg',NULL,NULL,'taskUpload','Personnel',NULL,NULL,'https://postactionsbucket.s3.ap-south-1.amazonaws.com/uploads/audio/Thu%20May%2009%202024%2015%3A06%3A00%20GMT%2B0000%20%28Coordinated%20Universal%20Time%29_Recorder_20240509_083545.m4a',NULL,NULL,NULL,'2024-05-09 15:06:00','2024-05-09 15:06:00',61,60,10,1),(236,NULL,NULL,NULL,'allTaskCompletion','Personnel',NULL,NULL,NULL,NULL,'https://postactionsbucket.s3.ap-south-1.amazonaws.com/allTaskCompletion.png',NULL,'2024-05-09 15:06:00','2024-05-09 15:06:00',61,60,10,1),(237,NULL,NULL,NULL,'taskUpload','Professional','bla bla\n\nbla bla\n\nbla bla\n\nbla bla',NULL,NULL,NULL,NULL,NULL,'2024-05-09 15:44:31','2024-05-09 15:44:31',57,8,2,1),(238,NULL,NULL,NULL,'allTaskCompletion','Professional',NULL,NULL,NULL,NULL,'https://postactionsbucket.s3.ap-south-1.amazonaws.com/allTaskCompletion.png',NULL,'2024-05-09 15:44:31','2024-05-09 15:44:31',57,8,2,1),(239,'https://postactionsbucket.s3.ap-south-1.amazonaws.com/uploads/images/Fri%20May%2010%202024%2005%3A11%3A14%20GMT%2B0000%20%28Coordinated%20Universal%20Time%29_17153178655545974515405981986.jpg',NULL,NULL,'taskUpload','Professional',NULL,NULL,NULL,NULL,NULL,NULL,'2024-05-10 05:11:15','2024-05-10 05:11:15',12,9,2,2),(240,'https://postactionsbucket.s3.ap-south-1.amazonaws.com/uploads/images/Fri%20May%2010%202024%2007%3A06%3A59%20GMT%2B0000%20%28Coordinated%20Universal%20Time%29_17153247875151469502342607603.jpg',NULL,NULL,'taskUpload','Personnel',NULL,NULL,NULL,NULL,NULL,NULL,'2024-05-10 07:06:59','2024-05-10 07:06:59',10,75,12,1),(241,'https://postactionsbucket.s3.ap-south-1.amazonaws.com/uploads/images/Fri%20May%2010%202024%2008%3A10%3A48%20GMT%2B0000%20%28Coordinated%20Universal%20Time%29_Screenshot_2024-05-10-13-19-11-06_acdd706dd8c4bb0cda4b7c1fb2e1752b.jpg',NULL,NULL,'taskUpload','Professional',NULL,NULL,'https://postactionsbucket.s3.ap-south-1.amazonaws.com/uploads/audio/Fri%20May%2010%202024%2008%3A10%3A48%20GMT%2B0000%20%28Coordinated%20Universal%20Time%29_Recorder_20240510_014036.m4a',NULL,NULL,NULL,'2024-05-10 08:10:48','2024-05-10 08:10:48',65,8,2,1),(242,NULL,NULL,NULL,'allTaskCompletion','Professional',NULL,NULL,NULL,NULL,'https://postactionsbucket.s3.ap-south-1.amazonaws.com/allTaskCompletion.png',NULL,'2024-05-10 08:10:48','2024-05-10 08:10:48',65,8,2,1),(243,'https://postactionsbucket.s3.ap-south-1.amazonaws.com/uploads/images/Fri%20May%2010%202024%2008%3A11%3A11%20GMT%2B0000%20%28Coordinated%20Universal%20Time%29_imagefile.jpg',NULL,NULL,'taskUpload','Professional','\r\n',NULL,'https://postactionsbucket.s3.ap-south-1.amazonaws.com/uploads/audio/Fri%20May%2010%202024%2008%3A11%3A11%20GMT%2B0000%20%28Coordinated%20Universal%20Time%29_audio.m4a',NULL,NULL,NULL,'2024-05-10 08:11:11','2024-05-10 08:11:11',66,8,2,1),(244,NULL,NULL,NULL,'allTaskCompletion','Professional',NULL,NULL,NULL,NULL,'https://postactionsbucket.s3.ap-south-1.amazonaws.com/allTaskCompletion.png',NULL,'2024-05-10 08:11:11','2024-05-10 08:11:11',66,8,2,1),(245,'https://postactionsbucket.s3.ap-south-1.amazonaws.com/uploads/images/Fri%20May%2010%202024%2008%3A39%3A06%20GMT%2B0000%20%28Coordinated%20Universal%20Time%29_imagefile.jpg',NULL,NULL,'taskUpload','Personnel','\r\nBhhjkgivjvjvuvjvjvigmbkbibibib',NULL,'https://postactionsbucket.s3.ap-south-1.amazonaws.com/uploads/audio/Fri%20May%2010%202024%2008%3A39%3A06%20GMT%2B0000%20%28Coordinated%20Universal%20Time%29_audio.m4a',NULL,NULL,NULL,'2024-05-10 08:39:06','2024-05-10 08:39:06',66,53,9,1),(246,NULL,NULL,NULL,'allTaskCompletion','Personnel',NULL,NULL,NULL,NULL,'https://postactionsbucket.s3.ap-south-1.amazonaws.com/allTaskCompletion.png',NULL,'2024-05-10 08:39:06','2024-05-10 08:39:06',66,53,9,1),(247,NULL,NULL,NULL,'taskUpload','Personnel','I did use stairs while coming to office today',NULL,NULL,NULL,NULL,NULL,'2024-05-10 08:45:47','2024-05-10 08:45:47',12,54,9,2),(248,'https://postactionsbucket.s3.ap-south-1.amazonaws.com/uploads/images/Fri%20May%2010%202024%2008%3A51%3A02%20GMT%2B0000%20%28Coordinated%20Universal%20Time%29_Screenshot_2024-05-10-13-40-58-86_acdd706dd8c4bb0cda4b7c1fb2e1752b.jpg',NULL,NULL,'taskUpload','Personnel','jfchchcychchchchchchchchchchc',NULL,'https://postactionsbucket.s3.ap-south-1.amazonaws.com/uploads/audio/Fri%20May%2010%202024%2008%3A51%3A02%20GMT%2B0000%20%28Coordinated%20Universal%20Time%29_Recorder_20240510_022055.m4a',NULL,NULL,NULL,'2024-05-10 08:51:02','2024-05-10 08:51:02',65,53,9,1),(249,NULL,NULL,NULL,'allTaskCompletion','Personnel',NULL,NULL,NULL,NULL,'https://postactionsbucket.s3.ap-south-1.amazonaws.com/allTaskCompletion.png',NULL,'2024-05-10 08:51:02','2024-05-10 08:51:02',65,53,9,1),(250,NULL,NULL,NULL,'taskUpload','Personnel','testinggggggggggggggggggggg',NULL,NULL,NULL,NULL,NULL,'2024-05-10 09:27:44','2024-05-10 09:27:44',12,61,10,2),(251,'https://postactionsbucket.s3.ap-south-1.amazonaws.com/uploads/images/Fri+May+10+2024+17%3A04%3A18+GMT%2B0000+%28Coordinated+Universal+Time%29_simulator_screen_recording_-_iphone_15_pro_-_2024-01-29_at_17.41.18.mp4',NULL,NULL,'taskUpload','Professional',NULL,NULL,NULL,NULL,NULL,NULL,'2024-05-10 17:04:18','2024-05-10 17:04:18',10,16,3,1),(252,NULL,NULL,NULL,'taskUpload','Personnel','Yaaaaaaaaaaaaaaaaaaaaaaay',NULL,NULL,NULL,NULL,NULL,'2024-05-11 04:29:46','2024-05-11 04:29:46',8,54,9,1),(253,NULL,NULL,NULL,'taskUpload','Personnel','Testinggggggggggggggggggggg',NULL,NULL,NULL,NULL,NULL,'2024-05-11 06:34:41','2024-05-11 06:34:41',12,82,13,2),(254,'https://postactionsbucket.s3.ap-south-1.amazonaws.com/uploads/images/Sat%20May%2011%202024%2006%3A58%3A48%20GMT%2B0000%20%28Coordinated%20Universal%20Time%29_Screenshot_2024-05-11-10-44-43-97_acdd706dd8c4bb0cda4b7c1fb2e1752b.jpg',NULL,NULL,'taskUpload','Professional',NULL,NULL,'https://postactionsbucket.s3.ap-south-1.amazonaws.com/uploads/audio/Sat%20May%2011%202024%2006%3A58%3A48%20GMT%2B0000%20%28Coordinated%20Universal%20Time%29_Recorder_20240511_122828.m4a',NULL,NULL,NULL,'2024-05-11 06:58:48','2024-05-11 06:58:48',68,8,2,1),(255,NULL,NULL,NULL,'allTaskCompletion','Professional',NULL,NULL,NULL,NULL,'https://postactionsbucket.s3.ap-south-1.amazonaws.com/allTaskCompletion.png',NULL,'2024-05-11 06:58:48','2024-05-11 06:58:48',68,8,2,1),(256,'https://postactionsbucket.s3.ap-south-1.amazonaws.com/uploads/images/Sat+May+11+2024+07%3A02%3A34+GMT%2B0000+%28Coordinated+Universal+Time%29_17154109345445663506358539818.jpg',NULL,NULL,'taskUpload','Personnel',NULL,NULL,NULL,NULL,NULL,NULL,'2024-05-11 07:02:35','2024-05-11 07:02:35',68,60,10,1),(257,NULL,NULL,NULL,'allTaskCompletion','Personnel',NULL,NULL,NULL,NULL,'https://postactionsbucket.s3.ap-south-1.amazonaws.com/allTaskCompletion.png',NULL,'2024-05-11 07:02:35','2024-05-11 07:02:35',68,60,10,1),(258,'https://postactionsbucket.s3.ap-south-1.amazonaws.com/uploads/images/Sat+May+11+2024+07%3A15%3A16+GMT%2B0000+%28Coordinated+Universal+Time%29_17154116903921688391379194182.jpg',NULL,NULL,'taskUpload','Personnel',NULL,NULL,NULL,NULL,NULL,NULL,'2024-05-11 07:15:16','2024-05-11 07:15:16',68,53,9,1),(259,'https://postactionsbucket.s3.ap-south-1.amazonaws.com/uploads/images/Sat%20May%2011%202024%2007%3A45%3A21%20GMT%2B0000%20%28Coordinated%20Universal%20Time%29_Screenshot_2024-05-11-12-23-52-13_acdd706dd8c4bb0cda4b7c1fb2e1752b.jpg',NULL,NULL,'taskUpload','Professional',NULL,NULL,NULL,NULL,NULL,NULL,'2024-05-11 07:45:21','2024-05-11 07:45:21',47,16,3,1),(260,'https://postactionsbucket.s3.ap-south-1.amazonaws.com/uploads/images/Sat%20May%2011%202024%2007%3A45%3A39%20GMT%2B0000%20%28Coordinated%20Universal%20Time%29_Screenshot_2024-05-11-12-23-52-13_acdd706dd8c4bb0cda4b7c1fb2e1752b.jpg',NULL,NULL,'taskUpload','Personnel',NULL,NULL,NULL,NULL,NULL,NULL,'2024-05-11 07:45:39','2024-05-11 07:45:39',47,54,9,1),(261,'https://postactionsbucket.s3.ap-south-1.amazonaws.com/uploads/images/Sat%20May%2011%202024%2007%3A46%3A17%20GMT%2B0000%20%28Coordinated%20Universal%20Time%29_VID-20240510-WA0025.mp4',NULL,NULL,'taskUpload','Personnel',NULL,NULL,NULL,NULL,NULL,NULL,'2024-05-11 07:46:18','2024-05-11 07:46:18',47,61,10,1),(262,'https://postactionsbucket.s3.ap-south-1.amazonaws.com/uploads/images/Sat%20May%2011%202024%2007%3A46%3A42%20GMT%2B0000%20%28Coordinated%20Universal%20Time%29_Screenshot_2024-05-10-13-40-58-86_acdd706dd8c4bb0cda4b7c1fb2e1752b.jpg',NULL,NULL,'taskUpload','Professional',NULL,NULL,NULL,NULL,NULL,NULL,'2024-05-11 07:46:42','2024-05-11 07:46:42',47,9,2,1),(263,NULL,NULL,NULL,'allTaskCompletion','Professional',NULL,NULL,NULL,NULL,'https://postactionsbucket.s3.ap-south-1.amazonaws.com/allTaskCompletion.png',NULL,'2024-05-11 07:46:42','2024-05-11 07:46:42',47,9,2,1),(264,'https://postactionsbucket.s3.ap-south-1.amazonaws.com/uploads/images/Sat%20May%2011%202024%2008%3A05%3A02%20GMT%2B0000%20%28Coordinated%20Universal%20Time%29_Screenshot_2024-05-11-10-44-43-97_acdd706dd8c4bb0cda4b7c1fb2e1752b.jpg',NULL,NULL,'taskUpload','Personnel',NULL,NULL,NULL,NULL,NULL,NULL,'2024-05-11 08:05:02','2024-05-11 08:05:02',47,67,11,1),(265,NULL,NULL,NULL,'allTaskCompletion','Personnel',NULL,NULL,NULL,NULL,'https://postactionsbucket.s3.ap-south-1.amazonaws.com/allTaskCompletion.png',NULL,'2024-05-11 08:05:02','2024-05-11 08:05:02',47,67,11,1),(266,'https://postactionsbucket.s3.ap-south-1.amazonaws.com/uploads/images/Sat%20May%2011%202024%2008%3A08%3A51%20GMT%2B0000%20%28Coordinated%20Universal%20Time%29_Screenshot_2024-05-11-10-44-43-97_acdd706dd8c4bb0cda4b7c1fb2e1752b.jpg',NULL,NULL,'taskUpload','Personnel',NULL,NULL,NULL,NULL,NULL,NULL,'2024-05-11 08:08:51','2024-05-11 08:08:51',47,74,12,1),(267,NULL,NULL,NULL,'allTaskCompletion','Personnel',NULL,NULL,NULL,NULL,'https://postactionsbucket.s3.ap-south-1.amazonaws.com/allTaskCompletion.png',NULL,'2024-05-11 08:08:51','2024-05-11 08:08:51',47,74,12,1),(268,'https://postactionsbucket.s3.ap-south-1.amazonaws.com/uploads/images/Sat%20May%2011%202024%2008%3A14%3A31%20GMT%2B0000%20%28Coordinated%20Universal%20Time%29_Screenshot_2024-05-11-12-23-52-13_acdd706dd8c4bb0cda4b7c1fb2e1752b.jpg',NULL,NULL,'taskUpload','Personnel',NULL,NULL,NULL,NULL,NULL,NULL,'2024-05-11 08:14:31','2024-05-11 08:14:31',47,81,13,1),(269,NULL,NULL,NULL,'allTaskCompletion','Personnel',NULL,NULL,NULL,NULL,'https://postactionsbucket.s3.ap-south-1.amazonaws.com/allTaskCompletion.png',NULL,'2024-05-11 08:14:31','2024-05-11 08:14:31',47,81,13,1),(270,'https://postactionsbucket.s3.ap-south-1.amazonaws.com/uploads/images/Sat%20May%2011%202024%2008%3A30%3A38%20GMT%2B0000%20%28Coordinated%20Universal%20Time%29_imagefile.jpg',NULL,NULL,'taskUpload','Professional','\r\n',NULL,NULL,NULL,NULL,NULL,'2024-05-11 08:30:38','2024-05-11 08:30:38',69,8,2,1),(271,NULL,NULL,NULL,'allTaskCompletion','Professional',NULL,NULL,NULL,NULL,'https://postactionsbucket.s3.ap-south-1.amazonaws.com/allTaskCompletion.png',NULL,'2024-05-11 08:30:38','2024-05-11 08:30:38',69,8,2,1),(272,NULL,NULL,NULL,'taskUpload','Professional','sales call done correctly',NULL,NULL,NULL,NULL,NULL,'2024-05-11 10:36:29','2024-05-11 10:36:29',64,8,2,1),(273,NULL,NULL,NULL,'allTaskCompletion','Professional',NULL,NULL,NULL,NULL,'https://postactionsbucket.s3.ap-south-1.amazonaws.com/allTaskCompletion.png',NULL,'2024-05-11 10:36:30','2024-05-11 10:36:30',64,8,2,1),(274,NULL,NULL,NULL,'taskUpload','Personnel','I have added the alarm for the designated time.',NULL,NULL,NULL,NULL,NULL,'2024-05-11 10:38:41','2024-05-11 10:38:41',64,67,11,1),(275,NULL,NULL,NULL,'allTaskCompletion','Personnel',NULL,NULL,NULL,NULL,'https://postactionsbucket.s3.ap-south-1.amazonaws.com/allTaskCompletion.png',NULL,'2024-05-11 10:38:41','2024-05-11 10:38:41',64,67,11,1),(276,'https://postactionsbucket.s3.ap-south-1.amazonaws.com/uploads/images/Sat+May+11+2024+12%3A22%3A11+GMT%2B0000+%28Coordinated+Universal+Time%29_17154301121827094204232646748.jpg',NULL,NULL,'taskUpload','Personnel',NULL,NULL,NULL,NULL,NULL,NULL,'2024-05-11 12:22:11','2024-05-11 12:22:11',12,61,10,2),(283,NULL,NULL,NULL,'taskUpload','Professional','updated today task',NULL,NULL,NULL,NULL,NULL,'2024-05-12 06:59:09','2024-05-12 06:59:09',10,117,18,1),(284,'https://postactionsbucket.s3.ap-south-1.amazonaws.com/uploads/images/Sun+May+12+2024+07%3A00%3A18+GMT%2B0000+%28Coordinated+Universal+Time%29_%23GulabiSadi+%28+%E0%A4%97%E0%A5%81%E0%A4%B2%E0%A4%BE%E0%A4%AC%E0%A5%80+%E0%A4%B8%E0%A4%BE%E0%A4%A1%E0%A5%80+%29',NULL,NULL,'taskUpload','Professional','updated today task',NULL,NULL,NULL,NULL,NULL,'2024-05-12 07:00:18','2024-05-12 07:00:18',10,118,18,1),(285,'https://postactionsbucket.s3.ap-south-1.amazonaws.com/uploads/images/Sun%20May%2012%202024%2007%3A03%3A18%20GMT%2B0000%20%28Coordinated%20Universal%20Time%29_gulabi%20sadi%F0%9F%92%96%F0%9F%98%98%23sanjurathod%23gulabisadi%20%23youtubeshorts.mp4',NULL,NULL,'taskUpload','Professional','updated today task',NULL,NULL,NULL,NULL,NULL,'2024-05-12 07:03:18','2024-05-12 07:03:18',10,118,18,1),(286,'https://postactionsbucket.s3.ap-south-1.amazonaws.com/uploads/images/Mon+May+13+2024+03%3A25%3A40+GMT%2B0000+%28Coordinated+Universal+Time%29_simulator_screen_recording_-_iphone_15_pro_-_2024-01-29_at_17.41.18.mp4',NULL,NULL,'taskUpload','Professional',NULL,NULL,NULL,NULL,NULL,NULL,'2024-05-13 03:25:40','2024-05-13 03:25:40',10,9,2,1),(293,NULL,NULL,NULL,'taskUpload','Professional',NULL,NULL,'https://postactionsbucket.s3.ap-south-1.amazonaws.com/uploads/audio/Mon%20May%2013%202024%2008%3A34%3A20%20GMT%2B0000%20%28Coordinated%20Universal%20Time%29_Recorder_20240513_020417.m4a',NULL,NULL,NULL,'2024-05-13 08:34:20','2024-05-13 08:34:20',97,116,18,1),(294,NULL,NULL,NULL,'allTaskCompletion','Professional',NULL,NULL,NULL,NULL,'https://postactionsbucket.s3.ap-south-1.amazonaws.com/allTaskCompletion.png',NULL,'2024-05-13 08:34:21','2024-05-13 08:34:21',97,116,18,1),(295,NULL,NULL,NULL,'taskUpload','Professional','ghhhhhhhjjjjjjjjkkkkk to the user is not',NULL,NULL,NULL,NULL,NULL,'2024-05-13 08:48:04','2024-05-13 08:48:04',10,116,18,1),(308,'https://postactionsbucket.s3.ap-south-1.amazonaws.com/uploads/images/Mon%20May%2013%202024%2012%3A48%3A03%20GMT%2B0000%20%28Coordinated%20Universal%20Time%29_17156043992546830446668408194.jpg',NULL,NULL,'taskUpload','Professional',NULL,NULL,NULL,NULL,NULL,NULL,'2024-05-13 12:48:03','2024-05-13 12:48:03',10,16,3,1),(309,NULL,NULL,NULL,'taskUpload','Personnel','Y to the user is not working on the way',NULL,NULL,NULL,NULL,NULL,'2024-05-13 12:48:43','2024-05-13 12:48:43',10,75,12,1),(320,'https://postactionsbucket.s3.ap-south-1.amazonaws.com/uploads/images/Tue%20May%2014%202024%2006%3A05%3A11%20GMT%2B0000%20%28Coordinated%20Universal%20Time%29_IMG-20240514-WA0000.jpg',NULL,NULL,'taskUpload','Personnel',NULL,NULL,NULL,NULL,NULL,NULL,'2024-05-14 06:05:11','2024-05-14 06:05:11',12,68,11,2),(321,NULL,NULL,NULL,'taskUpload','Personnel',NULL,NULL,'https://postactionsbucket.s3.ap-south-1.amazonaws.com/uploads/audio/Tue%20May%2014%202024%2007%3A25%3A35%20GMT%2B0000%20%28Coordinated%20Universal%20Time%29_Recorder_20240514_125532.m4a',NULL,NULL,NULL,'2024-05-14 07:25:35','2024-05-14 07:25:35',12,89,14,2),(336,NULL,NULL,NULL,'taskUpload','Professional','\r\nTo tryout this program for increasing efficiency',NULL,NULL,NULL,NULL,NULL,'2024-05-14 15:14:16','2024-05-14 15:14:16',54,15,3,1),(337,NULL,NULL,NULL,'allTaskCompletion','Professional',NULL,NULL,NULL,NULL,'https://postactionsbucket.s3.ap-south-1.amazonaws.com/allTaskCompletion.png',NULL,'2024-05-14 15:14:17','2024-05-14 15:14:17',54,15,3,1),(338,NULL,NULL,NULL,'taskUpload','Personnel','\r\nImprove habits and practices everyday',NULL,NULL,NULL,NULL,NULL,'2024-05-14 15:17:18','2024-05-14 15:17:18',54,81,13,1),(339,NULL,NULL,NULL,'allTaskCompletion','Personnel',NULL,NULL,NULL,NULL,'https://postactionsbucket.s3.ap-south-1.amazonaws.com/allTaskCompletion.png',NULL,'2024-05-14 15:17:18','2024-05-14 15:17:18',54,81,13,1),(340,NULL,NULL,NULL,'taskUpload','Professional',NULL,NULL,'https://postactionsbucket.s3.ap-south-1.amazonaws.com/uploads/audio/Wed%20May%2015%202024%2002%3A52%3A20%20GMT%2B0000%20%28Coordinated%20Universal%20Time%29_Recorder_20240515_115216.m4a',NULL,NULL,NULL,'2024-05-15 02:52:20','2024-05-15 02:52:20',7,109,17,1),(341,NULL,NULL,NULL,'taskUpload','Professional','I need this more than this habit',NULL,NULL,NULL,NULL,NULL,'2024-05-15 03:05:37','2024-05-15 03:05:37',70,8,2,1),(342,NULL,NULL,NULL,'allTaskCompletion','Professional',NULL,NULL,NULL,NULL,'https://postactionsbucket.s3.ap-south-1.amazonaws.com/allTaskCompletion.png',NULL,'2024-05-15 03:05:37','2024-05-15 03:05:37',70,8,2,1),(343,NULL,NULL,NULL,'taskUpload','Personnel',NULL,NULL,'https://postactionsbucket.s3.ap-south-1.amazonaws.com/uploads/audio/Wed%20May%2015%202024%2006%3A08%3A51%20GMT%2B0000%20%28Coordinated%20Universal%20Time%29_Recorder_20240515_113848.m4a',NULL,NULL,NULL,'2024-05-15 06:08:51','2024-05-15 06:08:51',12,68,11,2),(344,'https://postactionsbucket.s3.ap-south-1.amazonaws.com/uploads/images/Wed%20May%2015%202024%2006%3A09%3A40%20GMT%2B0000%20%28Coordinated%20Universal%20Time%29_17157533708847009793329427813.jpg',NULL,NULL,'taskUpload','Personnel',NULL,NULL,NULL,NULL,NULL,NULL,'2024-05-15 06:09:40','2024-05-15 06:09:40',12,75,12,2),(345,NULL,NULL,NULL,'taskUpload','Professional','Sgzrzrztztztzfzfzt,,f,f,f',NULL,NULL,NULL,NULL,NULL,'2024-05-15 06:38:20','2024-05-15 06:38:20',7,9,2,1),(348,'https://postactionsbucket.s3.ap-south-1.amazonaws.com/uploads/images/Wed+May+15+2024+16%3A58%3A59+GMT%2B0000+%28Coordinated+Universal+Time%29_%23softwaredeveloper+%23softwareengineer+%23coding+%23programming+%23corporatememes+%23bugs.mp4',NULL,NULL,'taskUpload','Professional',NULL,NULL,NULL,NULL,NULL,NULL,'2024-05-15 16:58:59','2024-05-15 16:58:59',10,16,3,1),(349,NULL,NULL,NULL,'taskUpload','Personnel',NULL,NULL,'https://postactionsbucket.s3.ap-south-1.amazonaws.com/uploads/audio/Thu%20May%2016%202024%2005%3A45%3A09%20GMT%2B0000%20%28Coordinated%20Universal%20Time%29_Recorder_20240516_111506.m4a',NULL,NULL,NULL,'2024-05-16 05:45:09','2024-05-16 05:45:09',12,82,13,2),(350,NULL,NULL,NULL,'taskUpload','Personnel',NULL,NULL,'https://postactionsbucket.s3.ap-south-1.amazonaws.com/uploads/audio/Thu%20May%2016%202024%2005%3A45%3A29%20GMT%2B0000%20%28Coordinated%20Universal%20Time%29_Recorder_20240516_111526.m4a',NULL,NULL,NULL,'2024-05-16 05:45:29','2024-05-16 05:45:29',12,61,10,2),(351,NULL,NULL,NULL,'taskUpload','Professional','I did the sales pitch and it went well',NULL,NULL,NULL,NULL,NULL,'2024-05-16 11:40:16','2024-05-16 11:40:16',70,9,2,1),(352,NULL,NULL,NULL,'allTaskCompletion','Professional',NULL,NULL,NULL,NULL,'https://postactionsbucket.s3.ap-south-1.amazonaws.com/allTaskCompletion.png',NULL,'2024-05-16 11:40:17','2024-05-16 11:40:17',70,9,2,1),(353,NULL,NULL,NULL,'taskUpload','Professional','Nvjcjfjvkvkvlbblblbblblnlbkhl',NULL,NULL,NULL,NULL,NULL,'2024-05-16 11:53:56','2024-05-16 11:53:56',7,110,17,1),(354,NULL,NULL,NULL,'taskUpload','Professional','I spent 5-minutes on my sales pitch today, added a customer usecase to my pitch',NULL,NULL,NULL,NULL,NULL,'2024-05-16 11:55:52','2024-05-16 11:55:52',7,9,2,1),(355,NULL,NULL,NULL,'taskUpload','Personnel',NULL,NULL,'https://postactionsbucket.s3.ap-south-1.amazonaws.com/uploads/audio/Thu%20May%2016%202024%2016%3A41%3A40%20GMT%2B0000%20%28Coordinated%20Universal%20Time%29_Recorder_20240516_101137.m4a',NULL,NULL,NULL,'2024-05-16 16:41:40','2024-05-16 16:41:40',12,75,12,2),(356,'https://postactionsbucket.s3.ap-south-1.amazonaws.com/uploads/images/Thu%20May%2016%202024%2016%3A42%3A43%20GMT%2B0000%20%28Coordinated%20Universal%20Time%29_17158777557668127467161333498.jpg',NULL,NULL,'taskUpload','Personnel',NULL,NULL,NULL,NULL,NULL,NULL,'2024-05-16 16:42:43','2024-05-16 16:42:43',12,89,14,2),(357,'https://postactionsbucket.s3.ap-south-1.amazonaws.com/uploads/images/Thu%20May%2016%202024%2016%3A42%3A56%20GMT%2B0000%20%28Coordinated%20Universal%20Time%29_17158777692566904714451940640.jpg',NULL,NULL,'taskUpload','Personnel',NULL,NULL,NULL,NULL,NULL,NULL,'2024-05-16 16:42:56','2024-05-16 16:42:56',12,68,11,2),(358,NULL,NULL,NULL,'taskUpload','Personnel',NULL,NULL,'https://postactionsbucket.s3.ap-south-1.amazonaws.com/uploads/audio/Thu%20May%2016%202024%2016%3A43%3A18%20GMT%2B0000%20%28Coordinated%20Universal%20Time%29_Recorder_20240516_101316.m4a',NULL,NULL,NULL,'2024-05-16 16:43:18','2024-05-16 16:43:18',12,54,9,2),(359,NULL,NULL,NULL,'taskUpload','Professional',NULL,NULL,'https://postactionsbucket.s3.ap-south-1.amazonaws.com/uploads/audio/Thu%20May%2016%202024%2016%3A46%3A25%20GMT%2B0000%20%28Coordinated%20Universal%20Time%29_Recorder_20240516_101326.m4a',NULL,NULL,NULL,'2024-05-16 16:46:25','2024-05-16 16:46:25',12,9,2,2),(360,'https://postactionsbucket.s3.ap-south-1.amazonaws.com/uploads/images/Fri+May+17+2024+04%3A06%3A02+GMT%2B0000+%28Coordinated+Universal+Time%29_17159187317892140653472556109.jpg',NULL,NULL,'taskUpload','Professional','I loved the day as it was very thrilling to pitch to a new prospect.',NULL,NULL,NULL,NULL,NULL,'2024-05-17 04:06:03','2024-05-17 04:06:03',70,9,2,1),(361,NULL,NULL,NULL,'allTaskCompletion','Professional',NULL,NULL,NULL,NULL,'https://postactionsbucket.s3.ap-south-1.amazonaws.com/allTaskCompletion.png',NULL,'2024-05-17 04:06:03','2024-05-17 04:06:03',70,9,2,1),(362,NULL,NULL,NULL,'taskUpload','Personnel','It was a very new try, was a good experience',NULL,NULL,NULL,NULL,NULL,'2024-05-17 04:07:20','2024-05-17 04:07:20',70,60,10,1),(363,NULL,NULL,NULL,'allTaskCompletion','Personnel',NULL,NULL,NULL,NULL,'https://postactionsbucket.s3.ap-south-1.amazonaws.com/allTaskCompletion.png',NULL,'2024-05-17 04:07:20','2024-05-17 04:07:20',70,60,10,1),(364,'https://postactionsbucket.s3.ap-south-1.amazonaws.com/uploads/images/Fri%20May%2017%202024%2005%3A55%3A31%20GMT%2B0000%20%28Coordinated%20Universal%20Time%29_17159253209066453588990708410.jpg',NULL,NULL,'taskUpload','Personnel',NULL,NULL,NULL,NULL,NULL,NULL,'2024-05-17 05:55:31','2024-05-17 05:55:31',10,75,12,1),(366,'https://postactionsbucket.s3.ap-south-1.amazonaws.com/uploads/images/Fri%20May%2017%202024%2009%3A03%3A49%20GMT%2B0000%20%28Coordinated%20Universal%20Time%29_17159366207771366331967781405.jpg',NULL,NULL,'taskUpload','Professional',NULL,NULL,'https://postactionsbucket.s3.ap-south-1.amazonaws.com/uploads/audio/Fri%20May%2017%202024%2009%3A03%3A49%20GMT%2B0000%20%28Coordinated%20Universal%20Time%29_Recorder_20240517_023338.m4a',NULL,NULL,NULL,'2024-05-17 09:03:49','2024-05-17 09:03:49',166,117,18,2),(367,NULL,NULL,NULL,'allTaskCompletion','Professional',NULL,NULL,NULL,NULL,'https://postactionsbucket.s3.ap-south-1.amazonaws.com/allTaskCompletion.png',NULL,'2024-05-17 09:03:50','2024-05-17 09:03:50',166,117,18,2),(368,NULL,NULL,NULL,'taskUpload','Professional','I pitched to 3 customers on the new product',NULL,NULL,NULL,NULL,NULL,'2024-05-17 09:24:50','2024-05-17 09:24:50',7,9,2,1),(369,NULL,NULL,NULL,'taskUpload','Personnel','I did it at the JETRO Office',NULL,NULL,NULL,NULL,NULL,'2024-05-17 09:32:57','2024-05-17 09:32:57',7,54,9,1),(370,'https://postactionsbucket.s3.ap-south-1.amazonaws.com/uploads/images/Fri%20May%2017%202024%2012%3A34%3A45%20GMT%2B0000%20%28Coordinated%20Universal%20Time%29_17159492735636617047930939626.jpg',NULL,NULL,'taskUpload','Professional',NULL,NULL,NULL,NULL,NULL,NULL,'2024-05-17 12:34:45','2024-05-17 12:34:45',10,2,1,1),(371,NULL,NULL,NULL,'taskUpload','Personnel','taken stairs for 5minutes and reduced 100 cal',NULL,NULL,NULL,NULL,NULL,'2024-05-17 13:43:46','2024-05-17 13:43:46',10,54,9,1),(372,NULL,NULL,NULL,'taskUpload','Professional','Spent 5 mins on sales pitch',NULL,NULL,NULL,NULL,NULL,'2024-05-17 13:44:08','2024-05-17 13:44:08',10,9,2,1),(373,NULL,NULL,NULL,'taskUpload','Professional','Leaerned one thing to enhance myself',NULL,NULL,NULL,NULL,NULL,'2024-05-17 13:44:21','2024-05-17 13:44:21',10,118,18,1),(374,NULL,NULL,NULL,'taskUpload','Personnel','Did bycle crunch for 30 seconds',NULL,NULL,NULL,NULL,NULL,'2024-05-17 13:44:56','2024-05-17 13:44:56',10,61,10,1),(375,NULL,NULL,NULL,'taskUpload','Professional','Sent personalized messages to 2 customers and got feedback',NULL,NULL,NULL,NULL,NULL,'2024-05-17 13:45:14','2024-05-17 13:45:14',10,16,3,1),(376,NULL,NULL,NULL,'allTaskCompletion','Professional',NULL,NULL,NULL,NULL,'https://postactionsbucket.s3.ap-south-1.amazonaws.com/allTaskCompletion.png',NULL,'2024-05-17 13:45:14','2024-05-17 13:45:14',10,16,3,1),(377,NULL,NULL,NULL,'taskUpload','Professional',NULL,NULL,'https://postactionsbucket.s3.ap-south-1.amazonaws.com/uploads/audio/Fri%20May%2017%202024%2013%3A47%3A28%20GMT%2B0000%20%28Coordinated%20Universal%20Time%29_Recorder_20240517_071724.m4a',NULL,NULL,NULL,'2024-05-17 13:47:28','2024-05-17 13:47:28',197,116,18,3),(378,NULL,NULL,NULL,'allTaskCompletion','Professional',NULL,NULL,NULL,NULL,'https://postactionsbucket.s3.ap-south-1.amazonaws.com/allTaskCompletion.png',NULL,'2024-05-17 13:47:28','2024-05-17 13:47:28',197,116,18,3),(379,NULL,NULL,NULL,'taskUpload','Professional','Nnnnnnnnnnnnnnnnnnnnnnnnnnn',NULL,NULL,NULL,NULL,NULL,'2024-05-18 04:18:14','2024-05-18 04:18:14',10,9,2,1),(380,NULL,NULL,NULL,'taskUpload','Personnel',NULL,NULL,'https://postactionsbucket.s3.ap-south-1.amazonaws.com/uploads/audio/Sat%20May%2018%202024%2018%3A11%3A52%20GMT%2B0000%20%28Coordinated%20Universal%20Time%29_Recorder_20240518_114149.m4a',NULL,NULL,NULL,'2024-05-18 18:11:52','2024-05-18 18:11:52',12,68,11,2),(381,NULL,NULL,NULL,'taskUpload','Personnel',NULL,NULL,'https://postactionsbucket.s3.ap-south-1.amazonaws.com/uploads/audio/Sat%20May%2018%202024%2018%3A12%3A02%20GMT%2B0000%20%28Coordinated%20Universal%20Time%29_Recorder_20240518_114159.m4a',NULL,NULL,NULL,'2024-05-18 18:12:02','2024-05-18 18:12:02',12,89,14,2),(382,NULL,NULL,NULL,'taskUpload','Personnel',NULL,NULL,'https://postactionsbucket.s3.ap-south-1.amazonaws.com/uploads/audio/Sat%20May%2018%202024%2018%3A12%3A12%20GMT%2B0000%20%28Coordinated%20Universal%20Time%29_Recorder_20240518_114209.m4a',NULL,NULL,NULL,'2024-05-18 18:12:12','2024-05-18 18:12:12',12,82,13,2),(383,'https://postactionsbucket.s3.ap-south-1.amazonaws.com/uploads/images/Sat%20May%2018%202024%2018%3A12%3A52%20GMT%2B0000%20%28Coordinated%20Universal%20Time%29_IMG-20240518-WA0027.jpg',NULL,NULL,'taskUpload','Professional',NULL,NULL,NULL,NULL,NULL,NULL,'2024-05-18 18:12:52','2024-05-18 18:12:52',12,9,2,2),(384,'https://postactionsbucket.s3.ap-south-1.amazonaws.com/uploads/images/Sat%20May%2018%202024%2018%3A13%3A07%20GMT%2B0000%20%28Coordinated%20Universal%20Time%29_IMG-20240518-WA0027.jpg',NULL,NULL,'taskUpload','Personnel',NULL,NULL,NULL,NULL,NULL,NULL,'2024-05-18 18:13:07','2024-05-18 18:13:07',12,75,12,2),(385,'https://postactionsbucket.s3.ap-south-1.amazonaws.com/uploads/images/Sat%20May%2018%202024%2018%3A13%3A16%20GMT%2B0000%20%28Coordinated%20Universal%20Time%29_IMG-20240518-WA0027.jpg',NULL,NULL,'taskUpload','Personnel',NULL,NULL,NULL,NULL,NULL,NULL,'2024-05-18 18:13:16','2024-05-18 18:13:16',12,61,10,2),(386,NULL,NULL,NULL,'taskUpload','Professional',NULL,NULL,'https://postactionsbucket.s3.ap-south-1.amazonaws.com/uploads/audio/Mon%20May%2020%202024%2010%3A31%3A23%20GMT%2B0000%20%28Coordinated%20Universal%20Time%29_Recorder_20240520_040121.m4a',NULL,NULL,NULL,'2024-05-20 10:31:23','2024-05-20 10:31:23',12,9,2,2),(387,NULL,NULL,NULL,'taskUpload','Personnel',NULL,NULL,'https://postactionsbucket.s3.ap-south-1.amazonaws.com/uploads/audio/Mon%20May%2020%202024%2010%3A31%3A33%20GMT%2B0000%20%28Coordinated%20Universal%20Time%29_Recorder_20240520_040131.m4a',NULL,NULL,NULL,'2024-05-20 10:31:33','2024-05-20 10:31:33',12,82,13,2),(388,'https://postactionsbucket.s3.ap-south-1.amazonaws.com/uploads/images/Mon%20May%2020%202024%2010%3A31%3A57%20GMT%2B0000%20%28Coordinated%20Universal%20Time%29_IMG-20240520-WA0001.jpeg',NULL,NULL,'taskUpload','Personnel',NULL,NULL,NULL,NULL,NULL,NULL,'2024-05-20 10:31:57','2024-05-20 10:31:57',12,54,9,2),(389,'https://postactionsbucket.s3.ap-south-1.amazonaws.com/uploads/images/Mon%20May%2020%202024%2010%3A32%3A12%20GMT%2B0000%20%28Coordinated%20Universal%20Time%29_17162011254474976538419751204.jpg',NULL,NULL,'taskUpload','Personnel',NULL,NULL,NULL,NULL,NULL,NULL,'2024-05-20 10:32:13','2024-05-20 10:32:13',12,75,12,2),(390,'https://postactionsbucket.s3.ap-south-1.amazonaws.com/uploads/images/Mon%20May%2020%202024%2010%3A32%3A32%20GMT%2B0000%20%28Coordinated%20Universal%20Time%29_17162011456405899583146855373.jpg',NULL,NULL,'taskUpload','Personnel',NULL,NULL,NULL,NULL,NULL,NULL,'2024-05-20 10:32:33','2024-05-20 10:32:33',12,89,14,2),(391,'https://postactionsbucket.s3.ap-south-1.amazonaws.com/uploads/images/Mon%20May%2020%202024%2010%3A46%3A39%20GMT%2B0000%20%28Coordinated%20Universal%20Time%29_17162019931231998604813538308.jpg',NULL,NULL,'taskUpload','Personnel',NULL,NULL,NULL,NULL,NULL,NULL,'2024-05-20 10:46:39','2024-05-20 10:46:39',166,163,25,3),(392,'https://postactionsbucket.s3.ap-south-1.amazonaws.com/uploads/images/Mon%20May%2020%202024%2010%3A47%3A34%20GMT%2B0000%20%28Coordinated%20Universal%20Time%29_17162020486258288939660708401.jpg',NULL,NULL,'taskUpload','Professional',NULL,NULL,NULL,NULL,NULL,NULL,'2024-05-20 10:47:34','2024-05-20 10:47:34',166,118,18,3),(393,NULL,NULL,NULL,'allTaskCompletion','Professional',NULL,NULL,NULL,NULL,'https://postactionsbucket.s3.ap-south-1.amazonaws.com/allTaskCompletion.png',NULL,'2024-05-20 10:47:34','2024-05-20 10:47:34',166,118,18,3),(394,NULL,NULL,NULL,'taskUpload','Professional','complted today\'s act sucesfullly',NULL,NULL,NULL,NULL,NULL,'2024-05-20 11:56:22','2024-05-20 11:56:22',219,116,18,4),(395,NULL,NULL,NULL,'allTaskCompletion','Professional',NULL,NULL,NULL,NULL,'https://postactionsbucket.s3.ap-south-1.amazonaws.com/allTaskCompletion.png',NULL,'2024-05-20 11:56:22','2024-05-20 11:56:22',219,116,18,4),(396,'https://postactionsbucket.s3.ap-south-1.amazonaws.com/uploads/images/Tue%20May%2021%202024%2009%3A05%3A46%20GMT%2B0000%20%28Coordinated%20Universal%20Time%29_17162823253226734255902995837.jpg',NULL,NULL,'taskUpload','Professional',NULL,NULL,NULL,NULL,NULL,NULL,'2024-05-21 09:05:46','2024-05-21 09:05:46',10,9,2,1),(397,'https://postactionsbucket.s3.ap-south-1.amazonaws.com/uploads/images/Tue%20May%2021%202024%2009%3A25%3A33%20GMT%2B0000%20%28Coordinated%20Universal%20Time%29_17162835202612875254436381274.jpg',NULL,NULL,'taskUpload','Personnel',NULL,NULL,NULL,NULL,NULL,NULL,'2024-05-21 09:25:33','2024-05-21 09:25:33',10,54,9,1),(398,'https://postactionsbucket.s3.ap-south-1.amazonaws.com/uploads/images/Tue%20May%2021%202024%2009%3A25%3A53%20GMT%2B0000%20%28Coordinated%20Universal%20Time%29_17162835391518493967345209794.jpg',NULL,NULL,'taskUpload','Personnel',NULL,NULL,NULL,NULL,NULL,NULL,'2024-05-21 09:25:53','2024-05-21 09:25:53',10,61,10,1),(399,'https://postactionsbucket.s3.ap-south-1.amazonaws.com/uploads/images/Tue%20May%2021%202024%2009%3A26%3A10%20GMT%2B0000%20%28Coordinated%20Universal%20Time%29_17162835595029779345769498328.jpg',NULL,NULL,'taskUpload','Professional',NULL,NULL,NULL,NULL,NULL,NULL,'2024-05-21 09:26:10','2024-05-21 09:26:10',10,118,18,1),(400,'https://postactionsbucket.s3.ap-south-1.amazonaws.com/uploads/images/Tue+May+21+2024+09%3A27%3A07+GMT%2B0000+%28Coordinated+Universal+Time%29_17162835964464661549026427486.jpg',NULL,NULL,'taskUpload','Professional',NULL,NULL,NULL,NULL,NULL,NULL,'2024-05-21 09:27:07','2024-05-21 09:27:07',10,2,1,1),(401,'https://postactionsbucket.s3.ap-south-1.amazonaws.com/uploads/images/Tue%20May%2021%202024%2009%3A27%3A43%20GMT%2B0000%20%28Coordinated%20Universal%20Time%29_17162836504186544742773754363.jpg',NULL,NULL,'taskUpload','Professional',NULL,NULL,NULL,NULL,NULL,NULL,'2024-05-21 09:27:43','2024-05-21 09:27:43',10,16,3,1),(402,'https://postactionsbucket.s3.ap-south-1.amazonaws.com/uploads/images/Tue+May+21+2024+09%3A28%3A14+GMT%2B0000+%28Coordinated+Universal+Time%29_17162836687587423945327146599.jpg',NULL,NULL,'taskUpload','Personnel',NULL,NULL,NULL,NULL,NULL,NULL,'2024-05-21 09:28:15','2024-05-21 09:28:15',10,75,12,1),(403,NULL,NULL,NULL,'allTaskCompletion','Personnel',NULL,NULL,NULL,NULL,'https://postactionsbucket.s3.ap-south-1.amazonaws.com/allTaskCompletion.png',NULL,'2024-05-21 09:28:15','2024-05-21 09:28:15',10,75,12,1),(404,'https://postactionsbucket.s3.ap-south-1.amazonaws.com/uploads/images/Tue+May+21+2024+09%3A29%3A19+GMT%2B0000+%28Coordinated+Universal+Time%29_17162837428120276743715110134.jpg',NULL,NULL,'taskUpload','Professional',NULL,NULL,NULL,NULL,NULL,NULL,'2024-05-21 09:29:19','2024-05-21 09:29:19',47,9,2,1),(405,NULL,NULL,NULL,'taskUpload','Personnel','I am improving to be better',NULL,NULL,NULL,NULL,NULL,'2024-05-21 09:30:30','2024-05-21 09:30:30',64,123,19,1),(406,'https://postactionsbucket.s3.ap-south-1.amazonaws.com/uploads/images/Tue%20May%2021%202024%2009%3A31%3A03%20GMT%2B0000%20%28Coordinated%20Universal%20Time%29_17162838464148838896638656902.jpg',NULL,NULL,'taskUpload','Personnel',NULL,NULL,NULL,NULL,NULL,NULL,'2024-05-21 09:31:03','2024-05-21 09:31:03',64,135,21,1),(407,'https://postactionsbucket.s3.ap-south-1.amazonaws.com/uploads/images/Tue%20May%2021%202024%2009%3A32%3A24%20GMT%2B0000%20%28Coordinated%20Universal%20Time%29_17162839325231069157342907451.jpg',NULL,NULL,'taskUpload','Personnel',NULL,NULL,NULL,NULL,NULL,NULL,'2024-05-21 09:32:24','2024-05-21 09:32:24',64,68,11,1),(408,'https://postactionsbucket.s3.ap-south-1.amazonaws.com/uploads/images/Tue%20May%2021%202024%2009%3A33%3A41%20GMT%2B0000%20%28Coordinated%20Universal%20Time%29_17162840035126265786644640700.jpg',NULL,NULL,'taskUpload','Professional',NULL,NULL,NULL,NULL,NULL,NULL,'2024-05-21 09:33:42','2024-05-21 09:33:42',64,9,2,1),(409,NULL,NULL,NULL,'allTaskCompletion','Professional',NULL,NULL,NULL,NULL,'https://postactionsbucket.s3.ap-south-1.amazonaws.com/allTaskCompletion.png',NULL,'2024-05-21 09:33:42','2024-05-21 09:33:42',64,9,2,1),(410,NULL,NULL,NULL,'taskUpload','Personnel',NULL,NULL,'https://postactionsbucket.s3.ap-south-1.amazonaws.com/uploads/audio/Wed%20May%2022%202024%2010%3A31%3A38%20GMT%2B0000%20%28Coordinated%20Universal%20Time%29_Recorder_20240522_040135.m4a',NULL,NULL,NULL,'2024-05-22 10:31:38','2024-05-22 10:31:38',166,163,25,3),(411,NULL,NULL,NULL,'taskUpload','Professional',NULL,NULL,'https://postactionsbucket.s3.ap-south-1.amazonaws.com/uploads/audio/Wed%20May%2022%202024%2010%3A31%3A59%20GMT%2B0000%20%28Coordinated%20Universal%20Time%29_Recorder_20240522_040156.m4a',NULL,NULL,NULL,'2024-05-22 10:31:59','2024-05-22 10:31:59',166,118,18,3),(412,NULL,NULL,NULL,'allTaskCompletion','Professional',NULL,NULL,NULL,NULL,'https://postactionsbucket.s3.ap-south-1.amazonaws.com/allTaskCompletion.png',NULL,'2024-05-22 10:31:59','2024-05-22 10:31:59',166,118,18,3),(413,NULL,NULL,NULL,'taskUpload','Personnel',NULL,NULL,'https://postactionsbucket.s3.ap-south-1.amazonaws.com/uploads/audio/Wed%20May%2022%202024%2010%3A41%3A29%20GMT%2B0000%20%28Coordinated%20Universal%20Time%29_Recorder_20240522_041126.m4a',NULL,NULL,NULL,'2024-05-22 10:41:29','2024-05-22 10:41:29',12,82,13,2),(414,NULL,NULL,NULL,'taskUpload','Personnel',NULL,NULL,'https://postactionsbucket.s3.ap-south-1.amazonaws.com/uploads/audio/Wed%20May%2022%202024%2010%3A41%3A41%20GMT%2B0000%20%28Coordinated%20Universal%20Time%29_Recorder_20240522_041138.m4a',NULL,NULL,NULL,'2024-05-22 10:41:41','2024-05-22 10:41:41',12,68,11,2),(415,NULL,NULL,NULL,'taskUpload','Personnel',NULL,NULL,'https://postactionsbucket.s3.ap-south-1.amazonaws.com/uploads/audio/Wed%20May%2022%202024%2010%3A41%3A54%20GMT%2B0000%20%28Coordinated%20Universal%20Time%29_Recorder_20240522_041152.m4a',NULL,NULL,NULL,'2024-05-22 10:41:54','2024-05-22 10:41:54',12,89,14,2),(416,NULL,NULL,NULL,'taskUpload','Personnel',NULL,NULL,'https://postactionsbucket.s3.ap-south-1.amazonaws.com/uploads/audio/Wed%20May%2022%202024%2010%3A42%3A05%20GMT%2B0000%20%28Coordinated%20Universal%20Time%29_Recorder_20240522_041202.m4a',NULL,NULL,NULL,'2024-05-22 10:42:05','2024-05-22 10:42:05',12,54,9,2),(417,NULL,NULL,NULL,'taskUpload','Professional',NULL,NULL,'https://postactionsbucket.s3.ap-south-1.amazonaws.com/uploads/audio/Wed%20May%2022%202024%2010%3A42%3A21%20GMT%2B0000%20%28Coordinated%20Universal%20Time%29_Recorder_20240522_041218.m4a',NULL,NULL,NULL,'2024-05-22 10:42:21','2024-05-22 10:42:21',12,9,2,2),(418,NULL,NULL,NULL,'taskUpload','Personnel',NULL,NULL,'https://postactionsbucket.s3.ap-south-1.amazonaws.com/uploads/audio/Wed%20May%2022%202024%2010%3A42%3A33%20GMT%2B0000%20%28Coordinated%20Universal%20Time%29_Recorder_20240522_041230.m4a',NULL,NULL,NULL,'2024-05-22 10:42:33','2024-05-22 10:42:33',12,61,10,2),(419,NULL,NULL,NULL,'taskUpload','Personnel',NULL,NULL,'https://postactionsbucket.s3.ap-south-1.amazonaws.com/uploads/audio/Wed%20May%2022%202024%2010%3A42%3A46%20GMT%2B0000%20%28Coordinated%20Universal%20Time%29_Recorder_20240522_041242.m4a',NULL,NULL,NULL,'2024-05-22 10:42:46','2024-05-22 10:42:46',12,75,12,2),(420,'https://postactionsbucket.s3.ap-south-1.amazonaws.com/uploads/images/Thu%20May%2023%202024%2004%3A51%3A36%20GMT%2B0000%20%28Coordinated%20Universal%20Time%29_1716439863718257492526546348.jpg',NULL,NULL,'taskUpload','Professional',NULL,NULL,NULL,NULL,NULL,NULL,'2024-05-23 04:51:37','2024-05-23 04:51:37',10,9,2,1),(421,'https://postactionsbucket.s3.ap-south-1.amazonaws.com/uploads/images/Thu%20May%2023%202024%2004%3A51%3A59%20GMT%2B0000%20%28Coordinated%20Universal%20Time%29_17164399074098453820554001111.jpg',NULL,NULL,'taskUpload','Professional',NULL,NULL,NULL,NULL,NULL,NULL,'2024-05-23 04:51:59','2024-05-23 04:51:59',10,2,1,1),(422,'https://postactionsbucket.s3.ap-south-1.amazonaws.com/uploads/images/Thu%20May%2023%202024%2004%3A53%3A06%20GMT%2B0000%20%28Coordinated%20Universal%20Time%29_Snapinsta.app_video_162191417_964267731805427_4374526143307093197_n.mp4',NULL,NULL,'taskUpload','Personnel',NULL,NULL,NULL,NULL,NULL,NULL,'2024-05-23 04:53:06','2024-05-23 04:53:06',10,54,9,1),(423,'https://postactionsbucket.s3.ap-south-1.amazonaws.com/uploads/images/Thu%20May%2023%202024%2004%3A53%3A34%20GMT%2B0000%20%28Coordinated%20Universal%20Time%29_Snapinsta.app_video_407231566_319033977649744_7650667315258203020_n.mp4',NULL,NULL,'taskUpload','Personnel',NULL,NULL,NULL,NULL,NULL,NULL,'2024-05-23 04:53:34','2024-05-23 04:53:34',10,61,10,1),(424,'https://postactionsbucket.s3.ap-south-1.amazonaws.com/uploads/images/Thu+May+23+2024+08%3A07%3A54+GMT%2B0000+%28Coordinated+Universal+Time%29_VID_20240211_085956.mp4',NULL,NULL,'taskUpload','Personnel',NULL,NULL,NULL,NULL,NULL,NULL,'2024-05-23 08:07:54','2024-05-23 08:07:54',10,75,12,1),(425,'https://postactionsbucket.s3.ap-south-1.amazonaws.com/uploads/images/Thu+May+23+2024+08%3A08%3A56+GMT%2B0000+%28Coordinated+Universal+Time%29_VID_20240518_172139.mp4',NULL,NULL,'taskUpload','Professional',NULL,NULL,NULL,NULL,NULL,NULL,'2024-05-23 08:08:57','2024-05-23 08:08:57',10,118,18,1),(426,'https://postactionsbucket.s3.ap-south-1.amazonaws.com/uploads/images/Thu%20May%2023%202024%2008%3A09%3A50%20GMT%2B0000%20%28Coordinated%20Universal%20Time%29_images%20%289%29.jpeg',NULL,NULL,'taskUpload','Professional',NULL,NULL,NULL,NULL,NULL,NULL,'2024-05-23 08:09:50','2024-05-23 08:09:50',10,16,3,1),(427,NULL,NULL,NULL,'allTaskCompletion','Professional',NULL,NULL,NULL,NULL,'https://postactionsbucket.s3.ap-south-1.amazonaws.com/allTaskCompletion.png',NULL,'2024-05-23 08:09:50','2024-05-23 08:09:50',10,16,3,1),(428,NULL,NULL,NULL,'taskUpload','Personnel','fcfffffffdrrrrrrfrrrrrrtrttt',NULL,NULL,NULL,NULL,NULL,'2024-05-24 05:48:22','2024-05-24 05:48:22',64,68,11,1),(429,NULL,NULL,NULL,'taskUpload','Professional','My product was explained to th',NULL,NULL,NULL,NULL,NULL,'2024-05-24 06:23:14','2024-05-24 06:23:14',7,9,2,1),(430,NULL,NULL,NULL,'taskUpload','Professional','Gcgychchchxhxhxhxxhhxxhhxgx',NULL,NULL,NULL,NULL,NULL,'2024-05-24 08:29:29','2024-05-24 08:29:29',7,110,17,1),(431,'https://postactionsbucket.s3.ap-south-1.amazonaws.com/uploads/images/Fri%20May%2024%202024%2009%3A11%3A39%20GMT%2B0000%20%28Coordinated%20Universal%20Time%29_1716541871953092987027914904.jpg',NULL,NULL,'taskUpload','Professional',NULL,NULL,NULL,NULL,NULL,NULL,'2024-05-24 09:11:39','2024-05-24 09:11:39',10,9,2,1),(432,'https://postactionsbucket.s3.ap-south-1.amazonaws.com/uploads/images/Fri%20May%2024%202024%2009%3A12%3A18%20GMT%2B0000%20%28Coordinated%20Universal%20Time%29_17165419186514826370525395403.jpg',NULL,NULL,'taskUpload','Personnel',NULL,NULL,NULL,NULL,NULL,NULL,'2024-05-24 09:12:19','2024-05-24 09:12:19',10,75,12,1),(433,NULL,NULL,NULL,'taskUpload','Personnel',NULL,NULL,'https://postactionsbucket.s3.ap-south-1.amazonaws.com/uploads/audio/Fri%20May%2024%202024%2009%3A12%3A39%20GMT%2B0000%20%28Coordinated%20Universal%20Time%29_Recorder_20240524_024228.m4a',NULL,NULL,NULL,'2024-05-24 09:12:40','2024-05-24 09:12:40',10,54,9,1),(434,'https://postactionsbucket.s3.ap-south-1.amazonaws.com/uploads/images/Fri+May+24+2024+09%3A13%3A16+GMT%2B0000+%28Coordinated+Universal+Time%29_00-146.JPG',NULL,NULL,'taskUpload','Professional',NULL,NULL,NULL,NULL,NULL,NULL,'2024-05-24 09:13:17','2024-05-24 09:13:17',10,118,18,1),(435,'https://postactionsbucket.s3.ap-south-1.amazonaws.com/uploads/images/Fri+May+24+2024+09%3A14%3A41+GMT%2B0000+%28Coordinated+Universal+Time%29_00-74.JPG',NULL,NULL,'taskUpload','Personnel',NULL,NULL,NULL,NULL,NULL,NULL,'2024-05-24 09:14:41','2024-05-24 09:14:41',10,61,10,1),(436,'https://postactionsbucket.s3.ap-south-1.amazonaws.com/uploads/images/Fri%20May%2024%202024%2009%3A15%3A10%20GMT%2B0000%20%28Coordinated%20Universal%20Time%29_17165420991547080603376028168.jpg',NULL,NULL,'taskUpload','Professional',NULL,NULL,NULL,NULL,NULL,NULL,'2024-05-24 09:15:10','2024-05-24 09:15:10',10,16,3,1),(437,NULL,NULL,NULL,'taskUpload','Personnel','I learnt about Google ads today',NULL,NULL,NULL,NULL,NULL,'2024-05-24 09:15:16','2024-05-24 09:15:16',7,54,9,1),(438,NULL,NULL,NULL,'allTaskCompletion','Personnel',NULL,NULL,NULL,NULL,'https://postactionsbucket.s3.ap-south-1.amazonaws.com/allTaskCompletion.png',NULL,'2024-05-24 09:15:16','2024-05-24 09:15:16',7,54,9,1),(439,'https://postactionsbucket.s3.ap-south-1.amazonaws.com/uploads/images/Fri%20May%2024%202024%2009%3A15%3A28%20GMT%2B0000%20%28Coordinated%20Universal%20Time%29_17165421167292428765793870766.jpg',NULL,NULL,'taskUpload','Professional',NULL,NULL,NULL,NULL,NULL,NULL,'2024-05-24 09:15:28','2024-05-24 09:15:28',10,2,1,1),(440,NULL,NULL,NULL,'allTaskCompletion','Professional',NULL,NULL,NULL,NULL,'https://postactionsbucket.s3.ap-south-1.amazonaws.com/allTaskCompletion.png',NULL,'2024-05-24 09:15:28','2024-05-24 09:15:28',10,2,1,1),(441,NULL,NULL,NULL,'taskUpload','Professional','\r\nSmart begging for change my habits.',NULL,NULL,NULL,NULL,NULL,'2024-05-24 09:21:06','2024-05-24 09:21:06',223,116,18,4),(442,NULL,NULL,NULL,'allTaskCompletion','Professional',NULL,NULL,NULL,NULL,'https://postactionsbucket.s3.ap-south-1.amazonaws.com/allTaskCompletion.png',NULL,'2024-05-24 09:21:06','2024-05-24 09:21:06',223,116,18,4),(443,NULL,NULL,NULL,'taskUpload','Professional','\r\nBlocking 5 minutes, but the first step is important.',NULL,NULL,NULL,NULL,NULL,'2024-05-25 11:00:46','2024-05-25 11:00:46',223,117,18,4),(444,NULL,NULL,NULL,'allTaskCompletion','Professional',NULL,NULL,NULL,NULL,'https://postactionsbucket.s3.ap-south-1.amazonaws.com/allTaskCompletion.png',NULL,'2024-05-25 11:00:46','2024-05-25 11:00:46',223,117,18,4),(445,NULL,NULL,NULL,'taskUpload','Professional','\r\nLearned about content creating and creators economy strategy.',NULL,NULL,NULL,NULL,NULL,'2024-05-26 06:15:04','2024-05-26 06:15:04',223,118,18,4),(446,NULL,NULL,NULL,'allTaskCompletion','Professional',NULL,NULL,NULL,NULL,'https://postactionsbucket.s3.ap-south-1.amazonaws.com/allTaskCompletion.png',NULL,'2024-05-26 06:15:04','2024-05-26 06:15:04',223,118,18,4),(447,NULL,NULL,NULL,'taskUpload','Personnel','\r\nIt was just a refreshment and feel very good now. I’d like to continued in my daily life.',NULL,NULL,NULL,NULL,NULL,'2024-05-26 06:20:02','2024-05-26 06:20:02',223,74,12,4),(448,NULL,NULL,NULL,'allTaskCompletion','Personnel',NULL,NULL,NULL,NULL,'https://postactionsbucket.s3.ap-south-1.amazonaws.com/allTaskCompletion.png',NULL,'2024-05-26 06:20:02','2024-05-26 06:20:02',223,74,12,4),(449,NULL,NULL,NULL,'taskUpload','Professional','\r\nLearned about green energy startups in Germany. I discovered for my first time about the function of a thermostat…..(used in engines for cars).',NULL,NULL,NULL,NULL,NULL,'2024-05-27 03:35:51','2024-05-27 03:35:51',223,118,18,4),(450,NULL,NULL,NULL,'taskUpload','Personnel','\r\nI’m loving little workouts from now!',NULL,NULL,NULL,NULL,NULL,'2024-05-27 06:29:57','2024-05-27 06:29:57',223,75,12,4),(451,NULL,NULL,NULL,'allTaskCompletion','Personnel',NULL,NULL,NULL,NULL,'https://postactionsbucket.s3.ap-south-1.amazonaws.com/allTaskCompletion.png',NULL,'2024-05-27 06:29:57','2024-05-27 06:29:57',223,75,12,4),(452,NULL,NULL,NULL,'taskUpload','Personnel',NULL,NULL,'https://postactionsbucket.s3.ap-south-1.amazonaws.com/uploads/audio/Mon%20May%2027%202024%2006%3A46%3A09%20GMT%2B0000%20%28Coordinated%20Universal%20Time%29_Recorder_20240527_121607.m4a',NULL,NULL,NULL,'2024-05-27 06:46:09','2024-05-27 06:46:09',166,163,25,3),(453,NULL,NULL,NULL,'taskUpload','Professional',NULL,NULL,'https://postactionsbucket.s3.ap-south-1.amazonaws.com/uploads/audio/Mon%20May%2027%202024%2006%3A47%3A18%20GMT%2B0000%20%28Coordinated%20Universal%20Time%29_Recorder_20240527_121716.m4a',NULL,NULL,NULL,'2024-05-27 06:47:18','2024-05-27 06:47:18',166,22,4,3),(454,NULL,NULL,NULL,'taskUpload','Professional','\r\nI gained new practice to train myself as a sales professional.',NULL,NULL,NULL,NULL,NULL,'2024-05-27 06:51:33','2024-05-27 06:51:33',223,1,1,4),(455,NULL,NULL,NULL,'taskUpload','Professional','\r\nMaking actions, feeling everything has started to change.',NULL,NULL,NULL,NULL,NULL,'2024-05-27 09:12:00','2024-05-27 09:12:00',223,22,4,4),(456,NULL,NULL,NULL,'allTaskCompletion','Professional',NULL,NULL,NULL,NULL,'https://postactionsbucket.s3.ap-south-1.amazonaws.com/allTaskCompletion.png',NULL,'2024-05-27 09:12:00','2024-05-27 09:12:00',223,22,4,4),(457,NULL,NULL,NULL,'taskUpload','Professional','Today I made a content about pricing',NULL,NULL,NULL,NULL,NULL,'2024-05-27 13:16:15','2024-05-27 13:16:15',7,9,2,1),(458,NULL,NULL,NULL,'taskUpload','Professional','Awesome pitch. Increasing the reach',NULL,NULL,NULL,NULL,NULL,'2024-05-27 17:44:31','2024-05-27 17:44:31',70,9,2,1),(459,NULL,NULL,NULL,'taskUpload','Professional','Ty for the same time if you are free',NULL,NULL,NULL,NULL,NULL,'2024-05-27 17:49:19','2024-05-27 17:49:19',10,2,1,1),(460,NULL,NULL,NULL,'taskUpload','Professional','Hjjjj ka ingblkihyhtvttvbun u',NULL,NULL,NULL,NULL,NULL,'2024-05-27 17:49:47','2024-05-27 17:49:47',10,118,18,1),(461,NULL,NULL,NULL,'taskUpload','Personnel','\r\nI just love push up! That makes me love push up!',NULL,NULL,NULL,NULL,NULL,'2024-05-28 06:16:12','2024-05-28 06:16:12',223,75,12,4),(462,NULL,NULL,NULL,'taskUpload','Professional','\r\nI’ve listened to a super podcast explaining what is creativity in sales communication.',NULL,NULL,NULL,NULL,NULL,'2024-05-28 06:16:57','2024-05-28 06:16:57',223,23,4,4),(463,NULL,NULL,NULL,'taskUpload','Professional','\r\nI saw a movie telling about how to talk in a sales pitch. And it’s really interesting and in some way I am learning how to build my own content.',NULL,NULL,NULL,NULL,NULL,'2024-05-28 10:08:00','2024-05-28 10:08:00',223,2,1,4),(464,'https://postactionsbucket.s3.ap-south-1.amazonaws.com/uploads/images/Tue%20May%2028%202024%2010%3A27%3A12%20GMT%2B0000%20%28Coordinated%20Universal%20Time%29_IMG-20240528-WA0011.jpg',NULL,NULL,'taskUpload','Professional',NULL,NULL,NULL,NULL,NULL,NULL,'2024-05-28 10:27:12','2024-05-28 10:27:12',166,1,1,3),(465,NULL,NULL,NULL,'taskUpload','Personnel',NULL,NULL,'https://postactionsbucket.s3.ap-south-1.amazonaws.com/uploads/audio/Tue%20May%2028%202024%2010%3A29%3A17%20GMT%2B0000%20%28Coordinated%20Universal%20Time%29_Recorder_20240528_035915.m4a',NULL,NULL,NULL,'2024-05-28 10:29:18','2024-05-28 10:29:18',166,163,25,3),(466,'https://postactionsbucket.s3.ap-south-1.amazonaws.com/uploads/images/Tue%20May%2028%202024%2011%3A11%3A57%20GMT%2B0000%20%28Coordinated%20Universal%20Time%29_17168946984765488932710918545.jpg',NULL,NULL,'taskUpload','Personnel',NULL,NULL,NULL,NULL,NULL,NULL,'2024-05-28 11:11:58','2024-05-28 11:11:58',10,54,9,1),(467,NULL,NULL,NULL,'taskUpload','Professional',NULL,NULL,'https://postactionsbucket.s3.ap-south-1.amazonaws.com/uploads/audio/Tue%20May%2028%202024%2011%3A13%3A49%20GMT%2B0000%20%28Coordinated%20Universal%20Time%29_Recorder_20240528_044346.m4a',NULL,NULL,NULL,'2024-05-28 11:13:49','2024-05-28 11:13:49',166,23,4,3),(468,NULL,NULL,NULL,'taskUpload','Professional','I did 3 rounds of Surya namaskar',NULL,NULL,NULL,NULL,NULL,'2024-05-28 11:13:54','2024-05-28 11:13:54',7,110,17,1),(469,NULL,NULL,NULL,'taskUpload','Professional',NULL,NULL,'https://postactionsbucket.s3.ap-south-1.amazonaws.com/uploads/audio/Tue%20May%2028%202024%2011%3A14%3A04%20GMT%2B0000%20%28Coordinated%20Universal%20Time%29_Recorder_20240528_044400.m4a',NULL,NULL,NULL,'2024-05-28 11:14:04','2024-05-28 11:14:04',166,118,18,3),(470,NULL,NULL,NULL,'allTaskCompletion','Professional',NULL,NULL,NULL,NULL,'https://postactionsbucket.s3.ap-south-1.amazonaws.com/allTaskCompletion.png',NULL,'2024-05-28 11:14:04','2024-05-28 11:14:04',166,118,18,3),(471,'https://postactionsbucket.s3.ap-south-1.amazonaws.com/uploads/images/Tue+May+28+2024+12%3A00%3A31+GMT%2B0000+%28Coordinated+Universal+Time%29_17168976217803372158362820875.jpg',NULL,NULL,'taskUpload','Professional','I had 3 pitches done and it helped.',NULL,NULL,NULL,NULL,NULL,'2024-05-28 12:00:32','2024-05-28 12:00:32',70,9,2,1),(472,'https://postactionsbucket.s3.ap-south-1.amazonaws.com/uploads/images/Tue%20May%2028%202024%2012%3A04%3A29%20GMT%2B0000%20%28Coordinated%20Universal%20Time%29_17168978477037587316714961343.jpg',NULL,NULL,'taskUpload','Professional',NULL,NULL,NULL,NULL,NULL,NULL,'2024-05-28 12:04:29','2024-05-28 12:04:29',10,16,3,1),(473,'https://postactionsbucket.s3.ap-south-1.amazonaws.com/uploads/images/Tue%20May%2028%202024%2012%3A04%3A52%20GMT%2B0000%20%28Coordinated%20Universal%20Time%29_17168978767966329277899587766.jpg',NULL,NULL,'taskUpload','Personnel',NULL,NULL,NULL,NULL,NULL,NULL,'2024-05-28 12:04:52','2024-05-28 12:04:52',10,61,10,1),(474,NULL,NULL,NULL,'taskUpload','Professional','\r\nLearning new insights about sales hacks that I never knew before.',NULL,NULL,NULL,NULL,NULL,'2024-05-28 12:24:55','2024-05-28 12:24:55',223,118,18,4),(475,NULL,NULL,NULL,'allTaskCompletion','Professional',NULL,NULL,NULL,NULL,'https://postactionsbucket.s3.ap-south-1.amazonaws.com/allTaskCompletion.png',NULL,'2024-05-28 12:24:55','2024-05-28 12:24:55',223,118,18,4),(476,NULL,NULL,NULL,'taskUpload','Professional','I spoke to rex about a Collab with Jombay',NULL,NULL,NULL,NULL,NULL,'2024-05-28 12:59:10','2024-05-28 12:59:10',7,9,2,1),(477,NULL,NULL,NULL,'taskUpload','Professional','Today I learned about how to setup MySQL server on the ec2 instance and read the document on how to dockerise the nodejs application ..🥂🤗',NULL,NULL,NULL,NULL,NULL,'2024-05-28 13:37:43','2024-05-28 13:37:43',10,118,18,1),(478,NULL,NULL,NULL,'taskUpload','Personnel','Woke up at 6 o\'clock and went for jogging and did 10 desk pushups',NULL,NULL,NULL,NULL,NULL,'2024-05-28 13:40:16','2024-05-28 13:40:16',10,75,12,1),(479,NULL,NULL,NULL,'taskUpload','Professional','\r\nToday I listened to a podcast which was not so interesting. But it’s important to fail in getting high quality information.',NULL,NULL,NULL,NULL,NULL,'2024-05-29 01:24:37','2024-05-29 01:24:37',223,23,4,4),(480,NULL,NULL,NULL,'taskUpload','Personnel','This morning I took the stairs instead of the lift🙌🏻🥂',NULL,NULL,NULL,NULL,NULL,'2024-05-29 08:54:09','2024-05-29 08:54:09',10,54,9,1),(481,NULL,NULL,NULL,'taskUpload','Professional','This morning I learnt about how to auto scale the ec2 instance with the method called horizontal scaling 💪🏻🔥',NULL,NULL,NULL,NULL,NULL,'2024-05-29 08:55:36','2024-05-29 08:55:36',10,118,18,1),(482,NULL,NULL,NULL,'taskUpload','Personnel','Target was to do the 10 push ups but I did 15 pushups 🙌🏻🥂💪🏻🔥',NULL,NULL,NULL,NULL,NULL,'2024-05-29 08:58:27','2024-05-29 08:58:27',10,75,12,1),(483,NULL,NULL,NULL,'taskUpload','Professional','\r\nFeel that I am immersing myself to this field.',NULL,NULL,NULL,NULL,NULL,'2024-05-29 10:04:40','2024-05-29 10:04:40',223,2,1,4),(484,NULL,NULL,NULL,'taskUpload','Professional','\r\nLearn bout easy meditation methods.',NULL,NULL,NULL,NULL,NULL,'2024-05-29 10:07:23','2024-05-29 10:07:23',223,118,18,4),(485,NULL,NULL,NULL,'taskUpload','Professional','I blocked time with Viveks India today for a meeting',NULL,NULL,NULL,NULL,NULL,'2024-05-29 10:17:53','2024-05-29 10:17:53',7,9,2,1),(486,NULL,NULL,NULL,'taskUpload','Personnel','\r\nKeep a perfect health for every day!',NULL,NULL,NULL,NULL,NULL,'2024-05-29 12:53:27','2024-05-29 12:53:27',223,75,12,4),(487,NULL,NULL,NULL,'allTaskCompletion','Personnel',NULL,NULL,NULL,NULL,'https://postactionsbucket.s3.ap-south-1.amazonaws.com/allTaskCompletion.png',NULL,'2024-05-29 12:53:27','2024-05-29 12:53:27',223,75,12,4),(488,NULL,NULL,NULL,'taskUpload','Personnel','I met Balaji Anna for product demo',NULL,NULL,NULL,NULL,NULL,'2024-05-29 13:11:47','2024-05-29 13:11:47',7,54,9,1),(489,NULL,NULL,NULL,'taskUpload','Personnel','\r\nCarry on! That is the only word in my mind.',NULL,NULL,NULL,NULL,NULL,'2024-05-30 05:05:21','2024-05-30 05:05:21',223,75,12,4),(490,NULL,NULL,NULL,'taskUpload','Professional','I did a product demo for Ati',NULL,NULL,NULL,NULL,NULL,'2024-05-30 06:50:24','2024-05-30 06:50:24',7,9,2,1),(491,NULL,NULL,NULL,'taskUpload','Professional','Did meditation for a minute. When I found free time.',NULL,NULL,NULL,NULL,NULL,'2024-05-30 08:50:14','2024-05-30 08:50:14',233,116,18,4),(492,NULL,NULL,NULL,'allTaskCompletion','Professional',NULL,NULL,NULL,NULL,'https://postactionsbucket.s3.ap-south-1.amazonaws.com/allTaskCompletion.png',NULL,'2024-05-30 08:50:14','2024-05-30 08:50:14',233,116,18,4),(493,NULL,NULL,NULL,'taskUpload','Professional','\r\nI am using YouTube but thinking to shift another type of sns.',NULL,NULL,NULL,NULL,NULL,'2024-05-30 09:39:31','2024-05-30 09:39:31',223,2,1,4),(494,NULL,NULL,NULL,'taskUpload','Professional','\r\nI learned a new method to practice my language.',NULL,NULL,NULL,NULL,NULL,'2024-05-30 10:03:46','2024-05-30 10:03:46',223,118,18,4),(495,NULL,NULL,NULL,'taskUpload','Professional','\r\nEnjoy my podcast journey.',NULL,NULL,NULL,NULL,NULL,'2024-05-30 10:12:02','2024-05-30 10:12:02',223,23,4,4),(496,NULL,NULL,NULL,'allTaskCompletion','Professional',NULL,NULL,NULL,NULL,'https://postactionsbucket.s3.ap-south-1.amazonaws.com/allTaskCompletion.png',NULL,'2024-05-30 10:12:02','2024-05-30 10:12:02',223,23,4,4),(497,NULL,NULL,NULL,'taskUpload','Professional',NULL,NULL,'https://postactionsbucket.s3.ap-south-1.amazonaws.com/uploads/audio/Thu%20May%2030%202024%2010%3A44%3A43%20GMT%2B0000%20%28Coordinated%20Universal%20Time%29_Recorder_20240530_041441.m4a',NULL,NULL,NULL,'2024-05-30 10:44:43','2024-05-30 10:44:43',166,118,18,4),(498,NULL,NULL,NULL,'taskUpload','Professional',NULL,NULL,'https://postactionsbucket.s3.ap-south-1.amazonaws.com/uploads/audio/Thu%20May%2030%202024%2010%3A44%3A51%20GMT%2B0000%20%28Coordinated%20Universal%20Time%29_Recorder_20240530_041448.m4a',NULL,NULL,NULL,'2024-05-30 10:44:51','2024-05-30 10:44:51',166,23,4,4),(499,NULL,NULL,NULL,'taskUpload','Professional',NULL,NULL,'https://postactionsbucket.s3.ap-south-1.amazonaws.com/uploads/audio/Thu%20May%2030%202024%2010%3A44%3A59%20GMT%2B0000%20%28Coordinated%20Universal%20Time%29_Recorder_20240530_041456.m4a',NULL,NULL,NULL,'2024-05-30 10:44:59','2024-05-30 10:44:59',166,2,1,4),(500,NULL,NULL,NULL,'taskUpload','Personnel','\r\nThis routine has changed amazingly my health mind and body.',NULL,NULL,NULL,NULL,NULL,'2024-05-31 01:57:20','2024-05-31 01:57:20',223,75,12,4),(501,NULL,NULL,NULL,'taskUpload','Personnel','I had a beautiful start for the day',NULL,NULL,NULL,NULL,NULL,'2024-05-31 04:45:16','2024-05-31 04:45:16',70,61,10,1),(502,NULL,NULL,NULL,'taskUpload','Professional','Practicing by pitching to new companies',NULL,NULL,NULL,NULL,NULL,'2024-05-31 04:46:19','2024-05-31 04:46:19',70,9,2,1),(503,NULL,NULL,NULL,'allTaskCompletion','Professional',NULL,NULL,NULL,NULL,'https://postactionsbucket.s3.ap-south-1.amazonaws.com/allTaskCompletion.png',NULL,'2024-05-31 04:46:19','2024-05-31 04:46:19',70,9,2,1),(504,'https://postactionsbucket.s3.ap-south-1.amazonaws.com/uploads/images/Fri%20May%2031%202024%2006%3A51%3A37%20GMT%2B0000%20%28Coordinated%20Universal%20Time%29_17171382885417881591886506036.jpg',NULL,NULL,'taskUpload','Professional',NULL,NULL,'https://postactionsbucket.s3.ap-south-1.amazonaws.com/uploads/audio/Fri%20May%2031%202024%2006%3A51%3A37%20GMT%2B0000%20%28Coordinated%20Universal%20Time%29_Recorder_20240531_122132.m4a',NULL,NULL,NULL,'2024-05-31 06:51:37','2024-05-31 06:51:37',10,118,18,1),(505,NULL,NULL,NULL,'taskUpload','Professional','SrzrzrRrtxtxtstztztyfydyzttztz',NULL,NULL,NULL,NULL,NULL,'2024-05-31 06:56:22','2024-05-31 06:56:22',7,9,2,1),(506,NULL,NULL,NULL,'taskUpload','Personnel','I\'m not doing habitssssssss🥲',NULL,NULL,NULL,NULL,NULL,'2024-05-31 07:30:12','2024-05-31 07:30:12',10,61,10,1),(507,NULL,NULL,NULL,'taskUpload','Professional','Just kidding ,I\'m doing habits 😂😂😂',NULL,NULL,NULL,NULL,NULL,'2024-05-31 07:30:31','2024-05-31 07:30:31',10,16,3,1),(508,NULL,NULL,NULL,'taskUpload','Personnel','100 metres tower,more to go 🥳',NULL,NULL,NULL,NULL,NULL,'2024-05-31 07:30:49','2024-05-31 07:30:49',10,54,9,1),(509,NULL,NULL,NULL,'taskUpload','Professional',NULL,NULL,'https://postactionsbucket.s3.ap-south-1.amazonaws.com/uploads/audio/Fri%20May%2031%202024%2007%3A59%3A11%20GMT%2B0000%20%28Coordinated%20Universal%20Time%29_Recorder_20240531_012909.m4a',NULL,NULL,NULL,'2024-05-31 07:59:11','2024-05-31 07:59:11',166,23,4,4),(510,NULL,NULL,NULL,'taskUpload','Personnel',NULL,NULL,'https://postactionsbucket.s3.ap-south-1.amazonaws.com/uploads/audio/Fri%20May%2031%202024%2008%3A00%3A00%20GMT%2B0000%20%28Coordinated%20Universal%20Time%29_Recorder_20240531_012958.m4a',NULL,NULL,NULL,'2024-05-31 08:00:00','2024-05-31 08:00:00',166,163,25,4),(511,NULL,NULL,NULL,'taskUpload','Professional',NULL,NULL,'https://postactionsbucket.s3.ap-south-1.amazonaws.com/uploads/audio/Fri%20May%2031%202024%2008%3A00%3A19%20GMT%2B0000%20%28Coordinated%20Universal%20Time%29_Recorder_20240531_013017.m4a',NULL,NULL,NULL,'2024-05-31 08:00:19','2024-05-31 08:00:19',166,2,1,4),(512,NULL,NULL,NULL,'taskUpload','Professional','\r\nI have just spend significant time with a tutorial today.',NULL,NULL,NULL,NULL,NULL,'2024-05-31 11:45:53','2024-05-31 11:45:53',223,2,1,4),(513,NULL,NULL,NULL,'taskUpload','Professional','\r\nI started to learn about how to use make items……',NULL,NULL,NULL,NULL,NULL,'2024-05-31 11:47:10','2024-05-31 11:47:10',223,118,18,4),(514,NULL,NULL,NULL,'taskUpload','Professional','\r\nListening how to grow small business.',NULL,NULL,NULL,NULL,NULL,'2024-05-31 11:59:48','2024-05-31 11:59:48',223,23,4,4),(515,NULL,NULL,NULL,'allTaskCompletion','Professional',NULL,NULL,NULL,NULL,'https://postactionsbucket.s3.ap-south-1.amazonaws.com/allTaskCompletion.png',NULL,'2024-05-31 11:59:48','2024-05-31 11:59:48',223,23,4,4),(516,NULL,NULL,NULL,'taskUpload','Professional','\r\nResearched about new capital project in Indonesia.',NULL,NULL,NULL,NULL,NULL,'2024-06-01 08:08:18','2024-06-01 08:08:18',223,118,18,4),(517,NULL,NULL,NULL,'taskUpload','Professional','\r\nThis starts becoming one of my most enthousiaste moment in the day.',NULL,NULL,NULL,NULL,NULL,'2024-06-01 08:11:57','2024-06-01 08:11:57',223,2,1,4),(518,NULL,NULL,NULL,'taskUpload','Professional','Customer asked for helpline number',NULL,NULL,NULL,NULL,NULL,'2024-06-01 09:19:28','2024-06-01 09:19:28',7,9,2,1),(519,NULL,NULL,NULL,'taskUpload','Personnel','\r\nI love the wellness program. I think it could be interesting of having a wellness program including alimentary advices.',NULL,NULL,NULL,NULL,NULL,'2024-06-01 11:06:44','2024-06-01 11:06:44',223,75,12,4),(520,NULL,NULL,NULL,'taskUpload','Professional','\r\nA need to forge yourself to a superstar. What I’ve learned from podcasts.',NULL,NULL,NULL,NULL,NULL,'2024-06-01 11:15:57','2024-06-01 11:15:57',223,23,4,4),(521,NULL,NULL,NULL,'allTaskCompletion','Professional',NULL,NULL,NULL,NULL,'https://postactionsbucket.s3.ap-south-1.amazonaws.com/allTaskCompletion.png',NULL,'2024-06-01 11:15:57','2024-06-01 11:15:57',223,23,4,4),(522,NULL,NULL,NULL,'taskUpload','Professional','Be kind to everyone no matter what they are🤧',NULL,NULL,NULL,NULL,NULL,'2024-06-01 13:17:25','2024-06-01 13:17:25',10,118,18,1),(523,NULL,NULL,NULL,'taskUpload','Professional','\r\nI feel that I am doing an intensive training with this habit.',NULL,NULL,NULL,NULL,NULL,'2024-06-02 10:16:57','2024-06-02 10:16:57',223,2,1,4),(524,NULL,NULL,NULL,'taskUpload','Professional','\r\nPodcast, a new hobby and wellness study way.',NULL,NULL,NULL,NULL,NULL,'2024-06-02 10:17:25','2024-06-02 10:17:25',223,23,4,4),(525,NULL,NULL,NULL,'taskUpload','Professional','\r\nI dedicated my day to a friend who experienced serious sadness issue.',NULL,NULL,NULL,NULL,NULL,'2024-06-02 10:18:02','2024-06-02 10:18:02',223,118,18,4),(526,NULL,NULL,NULL,'taskUpload','Personnel','\r\nBecoming strong than before.',NULL,NULL,NULL,NULL,NULL,'2024-06-03 00:51:00','2024-06-03 00:51:00',223,75,12,4),(527,NULL,NULL,NULL,'taskUpload','Professional','\r\nChallenge for cooking! That is also a challenge to improve my daily life?',NULL,NULL,NULL,NULL,NULL,'2024-06-03 10:19:45','2024-06-03 10:19:45',223,118,18,4),(528,NULL,NULL,NULL,'taskUpload','Professional','Today I did a demo for Naveen sir',NULL,NULL,NULL,NULL,NULL,'2024-06-03 11:38:58','2024-06-03 11:38:58',7,9,2,1),(529,NULL,NULL,NULL,'taskUpload','Professional','\r\nSometimes it is hard to find a good tutorial.',NULL,NULL,NULL,NULL,NULL,'2024-06-03 13:14:21','2024-06-03 13:14:21',223,2,1,4),(530,NULL,NULL,NULL,'taskUpload','Personnel',NULL,NULL,'https://postactionsbucket.s3.ap-south-1.amazonaws.com/uploads/audio/Mon%20Jun%2003%202024%2014%3A00%3A19%20GMT%2B0000%20%28Coordinated%20Universal%20Time%29_Recorder_20240603_073013.m4a',NULL,NULL,NULL,'2024-06-03 14:00:19','2024-06-03 14:00:19',12,75,12,2),(531,NULL,NULL,NULL,'taskUpload','Professional',NULL,NULL,'https://postactionsbucket.s3.ap-south-1.amazonaws.com/uploads/audio/Mon%20Jun%2003%202024%2014%3A00%3A33%20GMT%2B0000%20%28Coordinated%20Universal%20Time%29_Recorder_20240603_073029.m4a',NULL,NULL,NULL,'2024-06-03 14:00:33','2024-06-03 14:00:33',12,9,2,2),(532,NULL,NULL,NULL,'taskUpload','Personnel',NULL,NULL,'https://postactionsbucket.s3.ap-south-1.amazonaws.com/uploads/audio/Mon%20Jun%2003%202024%2014%3A00%3A48%20GMT%2B0000%20%28Coordinated%20Universal%20Time%29_Recorder_20240603_073045.m4a',NULL,NULL,NULL,'2024-06-03 14:00:48','2024-06-03 14:00:48',12,68,11,2),(533,'https://postactionsbucket.s3.ap-south-1.amazonaws.com/uploads/images/Mon%20Jun%2003%202024%2014%3A01%3A23%20GMT%2B0000%20%28Coordinated%20Universal%20Time%29_17174232588280459911378889405.jpg',NULL,NULL,'taskUpload','Personnel',NULL,NULL,NULL,NULL,NULL,NULL,'2024-06-03 14:01:23','2024-06-03 14:01:23',12,82,13,2),(534,'https://postactionsbucket.s3.ap-south-1.amazonaws.com/uploads/images/Mon%20Jun%2003%202024%2014%3A01%3A51%20GMT%2B0000%20%28Coordinated%20Universal%20Time%29_17174232923809438162291068219.jpg',NULL,NULL,'taskUpload','Personnel',NULL,NULL,NULL,NULL,NULL,NULL,'2024-06-03 14:01:51','2024-06-03 14:01:51',12,89,14,2),(535,NULL,NULL,NULL,'taskUpload','Personnel','Testinggggggggggggggggggggg',NULL,NULL,NULL,NULL,NULL,'2024-06-03 14:02:06','2024-06-03 14:02:06',12,61,10,2),(536,NULL,NULL,NULL,'taskUpload','Personnel','Testinggggggggggggggggggggg',NULL,NULL,NULL,NULL,NULL,'2024-06-03 14:02:16','2024-06-03 14:02:16',12,54,9,2),(537,NULL,NULL,NULL,'taskUpload','Professional','I had completed today task',NULL,NULL,NULL,NULL,NULL,'2024-06-03 15:32:29','2024-06-03 15:32:29',197,117,18,3),(538,NULL,NULL,NULL,'allTaskCompletion','Professional',NULL,NULL,NULL,NULL,'https://postactionsbucket.s3.ap-south-1.amazonaws.com/allTaskCompletion.png',NULL,'2024-06-03 15:32:29','2024-06-03 15:32:29',197,117,18,3),(539,NULL,NULL,NULL,'taskUpload','Professional','\r\nContinuous learning that changing me.',NULL,NULL,NULL,NULL,NULL,'2024-06-04 06:29:05','2024-06-04 06:29:05',223,23,4,4),(540,NULL,NULL,NULL,'taskUpload','Professional','I spoke to Girish in a clear concise manner.',NULL,NULL,NULL,NULL,NULL,'2024-06-04 07:08:04','2024-06-04 07:08:04',64,9,2,1),(541,NULL,NULL,NULL,'taskUpload','Personnel','I applied axe oil in my nose and was meditating for 10 minutes to unblock my nose.',NULL,NULL,NULL,NULL,NULL,'2024-06-04 07:16:30','2024-06-04 07:16:30',64,136,21,1),(542,NULL,NULL,NULL,'taskUpload','Personnel','Yes I drank water after reaching office',NULL,NULL,NULL,NULL,NULL,'2024-06-04 07:16:55','2024-06-04 07:16:55',64,68,11,1),(543,NULL,NULL,NULL,'taskUpload','Personnel','I wore shoe to the office',NULL,NULL,NULL,NULL,NULL,'2024-06-04 07:17:34','2024-06-04 07:17:34',64,124,19,1),(544,NULL,NULL,NULL,'allTaskCompletion','Personnel',NULL,NULL,NULL,NULL,'https://postactionsbucket.s3.ap-south-1.amazonaws.com/allTaskCompletion.png',NULL,'2024-06-04 07:17:35','2024-06-04 07:17:35',64,124,19,1),(545,NULL,NULL,NULL,'taskUpload','Professional','\r\nFeel that I’m much more better than before.',NULL,NULL,NULL,NULL,NULL,'2024-06-04 09:25:40','2024-06-04 09:25:40',223,2,1,4),(546,NULL,NULL,NULL,'taskUpload','Professional','I did a product demo for shanay from outlead',NULL,NULL,NULL,NULL,NULL,'2024-06-05 08:48:50','2024-06-05 08:48:50',7,9,2,1),(547,'https://postactionsbucket.s3.ap-south-1.amazonaws.com/uploads/images/Wed+Jun+05+2024+09%3A43%3A29+GMT%2B0000+%28Coordinated+Universal+Time%29_VID_20240605_151217.mp4',NULL,NULL,'taskUpload','Professional','Saw nithish dancing for 5 minutes',NULL,NULL,NULL,NULL,NULL,'2024-06-05 09:43:29','2024-06-05 09:43:29',10,9,2,1),(548,NULL,NULL,NULL,'taskUpload','Personnel','I got a feedback from Irin today',NULL,NULL,NULL,NULL,NULL,'2024-06-05 11:57:02','2024-06-05 11:57:02',7,54,9,1),(549,NULL,NULL,NULL,'taskUpload','Personnel','Doing quick recalls of events to sharpen my memory.',NULL,NULL,NULL,NULL,NULL,'2024-06-05 13:33:10','2024-06-05 13:33:10',64,124,19,1),(550,NULL,NULL,NULL,'taskUpload','Personnel','I imagined walking in  a beach',NULL,NULL,NULL,NULL,NULL,'2024-06-05 13:33:45','2024-06-05 13:33:45',64,136,21,1),(551,NULL,NULL,NULL,'taskUpload','Personnel','Yes a bottle of water i had',NULL,NULL,NULL,NULL,NULL,'2024-06-05 13:34:14','2024-06-05 13:34:14',64,68,11,1),(552,NULL,NULL,NULL,'taskUpload','Professional','I rehearsed few questions that I will ask my subject',NULL,NULL,NULL,NULL,NULL,'2024-06-05 13:34:54','2024-06-05 13:34:54',64,9,2,1),(553,NULL,NULL,NULL,'allTaskCompletion','Professional',NULL,NULL,NULL,NULL,'https://postactionsbucket.s3.ap-south-1.amazonaws.com/allTaskCompletion.png',NULL,'2024-06-05 13:34:54','2024-06-05 13:34:54',64,9,2,1),(554,NULL,NULL,NULL,'taskUpload','Personnel','Had water.................',NULL,NULL,NULL,NULL,NULL,'2024-06-06 04:42:00','2024-06-06 04:42:00',64,68,11,1),(555,NULL,NULL,NULL,'taskUpload','Personnel','Did a slow breathing .....',NULL,NULL,NULL,NULL,NULL,'2024-06-06 04:42:35','2024-06-06 04:42:35',64,136,21,1),(556,NULL,NULL,NULL,'taskUpload','Professional','Rehearsed questions ......',NULL,NULL,NULL,NULL,NULL,'2024-06-06 04:42:58','2024-06-06 04:42:58',64,9,2,1),(557,NULL,NULL,NULL,'taskUpload','Professional','I completed today task...',NULL,NULL,NULL,NULL,NULL,'2024-06-06 11:26:33','2024-06-06 11:26:33',10,2,1,1),(558,NULL,NULL,NULL,'taskUpload','Professional','I have done today\'s task...',NULL,NULL,NULL,NULL,NULL,'2024-06-06 11:29:47','2024-06-06 11:29:47',10,9,2,1),(559,NULL,NULL,NULL,'taskUpload','Personnel','\r\nThis is my morning routine now.',NULL,NULL,NULL,NULL,NULL,'2024-06-07 06:56:41','2024-06-07 06:56:41',223,75,12,4),(560,NULL,NULL,NULL,'taskUpload','Professional','\r\nI learn about B2B content which is crucial in today’s approach. You gain customers interests and educate them about your service.',NULL,NULL,NULL,NULL,NULL,'2024-06-07 09:34:54','2024-06-07 09:34:54',223,23,4,4),(561,NULL,NULL,NULL,'taskUpload','Professional','\r\nStarting something which could be a new hobby for me.',NULL,NULL,NULL,NULL,NULL,'2024-06-07 09:35:21','2024-06-07 09:35:21',223,118,18,4),(562,NULL,NULL,NULL,'taskUpload','Professional','\r\nIt’s becoming a part of my life. That is a magic!',NULL,NULL,NULL,NULL,NULL,'2024-06-07 13:55:54','2024-06-07 13:55:54',223,2,1,4),(563,NULL,NULL,NULL,'allTaskCompletion','Professional',NULL,NULL,NULL,NULL,'https://postactionsbucket.s3.ap-south-1.amazonaws.com/allTaskCompletion.png',NULL,'2024-06-07 13:55:54','2024-06-07 13:55:54',223,2,1,4),(564,NULL,NULL,NULL,'taskUpload','Personnel','\r\nI start each morning with this action!',NULL,NULL,NULL,NULL,NULL,'2024-06-08 01:57:43','2024-06-08 01:57:43',223,75,12,4),(565,NULL,NULL,NULL,'taskUpload','Professional','\r\n営業交渉について、とても興味深いポッドキャストを聞きました。セールスへの観点が一新されます。',NULL,NULL,NULL,NULL,NULL,'2024-06-08 02:02:07','2024-06-08 02:02:07',223,23,4,4),(566,NULL,NULL,NULL,'taskUpload','Professional','I have updated this api.....',NULL,NULL,NULL,NULL,NULL,'2024-06-08 10:36:27','2024-06-08 10:36:27',10,9,2,1),(567,NULL,NULL,NULL,'taskUpload','Professional','Learned how to MySQL dump from one server to another',NULL,NULL,NULL,NULL,NULL,'2024-06-08 11:44:40','2024-06-08 11:44:40',10,118,18,1),(568,NULL,NULL,NULL,'taskUpload','Personnel','Taken stairs for 5 minutess',NULL,NULL,NULL,NULL,NULL,'2024-06-08 11:45:20','2024-06-08 11:45:20',10,54,9,1),(569,NULL,NULL,NULL,'taskUpload','Personnel','Did  push ups for 30 minutes',NULL,NULL,NULL,NULL,NULL,'2024-06-08 11:45:36','2024-06-08 11:45:36',10,61,10,1),(570,NULL,NULL,NULL,'taskUpload','Professional','Watched tutorial,..........',NULL,NULL,NULL,NULL,NULL,'2024-06-08 11:46:04','2024-06-08 11:46:04',10,2,1,1),(571,NULL,NULL,NULL,'taskUpload','Professional','Sent mungaru male song link to kp',NULL,NULL,NULL,NULL,NULL,'2024-06-08 11:46:23','2024-06-08 11:46:23',10,16,3,1),(572,NULL,NULL,NULL,'taskUpload','Personnel','Performed 50 push ups , pushing the limoys',NULL,NULL,NULL,NULL,NULL,'2024-06-08 11:46:47','2024-06-08 11:46:47',10,75,12,1),(573,NULL,NULL,NULL,'allTaskCompletion','Personnel',NULL,NULL,NULL,NULL,'https://postactionsbucket.s3.ap-south-1.amazonaws.com/allTaskCompletion.png',NULL,'2024-06-08 11:46:47','2024-06-08 11:46:47',10,75,12,1);
/*!40000 ALTER TABLE `feeds` ENABLE KEYS */;
UNLOCK TABLES;

--
-- Table structure for table `forgotpasswords`
--

DROP TABLE IF EXISTS `forgotpasswords`;
/*!40101 SET @saved_cs_client     = @@character_set_client */;
/*!50503 SET character_set_client = utf8mb4 */;
CREATE TABLE `forgotpasswords` (
  `id` int NOT NULL AUTO_INCREMENT,
  `uniqueToken` varchar(255) NOT NULL,
  `expiresAt` datetime DEFAULT NULL,
  `used` tinyint(1) DEFAULT '0',
  `otp` int DEFAULT NULL,
  `createdAt` datetime NOT NULL,
  `updatedAt` datetime NOT NULL,
  `userId` int DEFAULT NULL,
  PRIMARY KEY (`id`),
  KEY `userId` (`userId`),
  CONSTRAINT `forgotpasswords_ibfk_1` FOREIGN KEY (`userId`) REFERENCES `users` (`id`) ON DELETE SET NULL ON UPDATE CASCADE
) ENGINE=InnoDB AUTO_INCREMENT=6 DEFAULT CHARSET=utf8mb4 COLLATE=utf8mb4_0900_ai_ci;
/*!40101 SET character_set_client = @saved_cs_client */;

--
-- Dumping data for table `forgotpasswords`
--

LOCK TABLES `forgotpasswords` WRITE;
/*!40000 ALTER TABLE `forgotpasswords` DISABLE KEYS */;
INSERT INTO `forgotpasswords` VALUES (1,'57727ea0-1c55-4e26-9794-7c17483ab159','2024-04-30 07:28:51',1,7577,'2024-04-30 07:18:51','2024-04-30 07:22:43',47),(2,'517452b3-2b24-4b85-906a-e4bbfe2a7ef6','2024-04-30 09:22:04',1,9821,'2024-04-30 09:12:04','2024-04-30 09:12:24',46),(3,'61f409fa-86cf-4b25-90cb-95d615d0242b','2024-05-03 12:23:34',1,3096,'2024-05-03 12:13:34','2024-05-03 12:14:02',43),(4,'6dfba49b-1349-48a0-b758-c62ab770af67','2024-05-09 14:56:31',1,2762,'2024-05-09 14:46:31','2024-05-09 14:46:53',61),(5,'87311f4f-0205-44c9-ae10-9403462ad559','2024-05-30 06:34:07',1,7023,'2024-05-30 06:24:07','2024-05-30 06:24:32',49);
/*!40000 ALTER TABLE `forgotpasswords` ENABLE KEYS */;
UNLOCK TABLES;

--
-- Table structure for table `holograms`
--

DROP TABLE IF EXISTS `holograms`;
/*!40101 SET @saved_cs_client     = @@character_set_client */;
/*!50503 SET character_set_client = utf8mb4 */;
CREATE TABLE `holograms` (
  `id` int NOT NULL AUTO_INCREMENT,
  `holloCount` int NOT NULL,
  `isRewarded` tinyint(1) DEFAULT '0',
  `createdAt` datetime NOT NULL,
  `updatedAt` datetime NOT NULL,
  `userId` int DEFAULT NULL,
  `shapeId` int DEFAULT NULL,
  PRIMARY KEY (`id`),
  KEY `userId` (`userId`),
  KEY `shapeId` (`shapeId`),
  CONSTRAINT `holograms_ibfk_1` FOREIGN KEY (`userId`) REFERENCES `users` (`id`) ON DELETE SET NULL ON UPDATE CASCADE,
  CONSTRAINT `holograms_ibfk_2` FOREIGN KEY (`shapeId`) REFERENCES `shapes` (`id`) ON DELETE SET NULL ON UPDATE CASCADE
) ENGINE=InnoDB AUTO_INCREMENT=99 DEFAULT CHARSET=utf8mb4 COLLATE=utf8mb4_0900_ai_ci;
/*!40101 SET character_set_client = @saved_cs_client */;

--
-- Dumping data for table `holograms`
--

LOCK TABLES `holograms` WRITE;
/*!40000 ALTER TABLE `holograms` DISABLE KEYS */;
INSERT INTO `holograms` VALUES (1,1,0,'2024-04-24 07:23:49','2024-04-24 07:23:49',8,14),(2,1,0,'2024-04-24 07:32:57','2024-04-24 07:32:57',10,14),(3,1,0,'2024-04-24 08:00:09','2024-04-24 08:00:09',7,14),(4,1,0,'2024-04-24 08:09:42','2024-04-24 08:09:42',11,14),(5,1,0,'2024-04-24 08:54:34','2024-04-24 08:54:34',12,14),(6,1,0,'2024-04-24 11:42:37','2024-04-24 11:42:37',14,14),(7,2,0,'2024-04-25 06:31:09','2024-04-25 06:31:09',10,14),(8,1,0,'2024-04-25 07:40:05','2024-04-25 07:40:05',15,14),(9,2,0,'2024-04-25 07:44:23','2024-04-25 07:44:23',12,14),(10,1,0,'2024-04-25 13:50:01','2024-04-25 13:50:01',19,14),(11,1,0,'2024-04-25 14:05:06','2024-04-25 14:05:06',18,14),(12,1,0,'2024-04-25 16:10:27','2024-04-25 16:10:27',20,14),(13,1,0,'2024-04-25 16:14:11','2024-04-25 16:14:11',20,14),(14,1,0,'2024-04-25 16:17:00','2024-04-25 16:17:00',20,14),(15,1,0,'2024-04-25 16:32:30','2024-04-25 16:32:30',20,14),(16,2,0,'2024-04-25 20:03:05','2024-04-25 20:03:05',10,14),(17,3,0,'2024-04-26 04:08:42','2024-04-26 04:08:42',10,14),(18,3,0,'2024-04-26 11:34:39','2024-04-26 11:34:39',10,14),(19,1,0,'2024-04-26 11:36:59','2024-04-26 11:36:59',24,14),(20,1,0,'2024-04-26 12:37:43','2024-04-26 12:37:43',23,14),(21,1,0,'2024-04-27 08:12:03','2024-04-27 08:12:03',26,14),(22,1,0,'2024-04-27 09:27:00','2024-04-27 09:27:00',35,14),(23,1,0,'2024-04-27 09:45:54','2024-04-27 09:45:54',35,14),(24,1,0,'2024-04-27 10:32:50','2024-04-27 10:32:50',36,14),(25,1,0,'2024-04-28 10:46:56','2024-04-28 10:46:56',37,14),(26,1,0,'2024-04-29 10:07:54','2024-04-29 10:07:54',21,14),(27,1,0,'2024-04-29 14:28:35','2024-04-29 14:28:35',10,14),(28,1,0,'2024-04-30 04:29:58','2024-04-30 04:29:58',41,14),(29,1,0,'2024-04-30 07:06:05','2024-04-30 07:06:05',42,14),(30,1,0,'2024-04-30 08:57:54','2024-04-30 08:57:54',47,14),(31,1,0,'2024-04-30 09:22:55','2024-04-30 09:22:55',45,14),(32,1,0,'2024-04-30 09:28:03','2024-04-30 09:28:03',46,14),(33,2,0,'2024-05-01 14:07:28','2024-05-01 14:07:28',47,14),(34,3,0,'2024-05-02 06:13:00','2024-05-02 06:13:00',47,14),(35,3,0,'2024-05-02 16:35:19','2024-05-02 16:35:19',47,14),(36,1,0,'2024-05-02 18:07:52','2024-05-02 18:07:52',48,14),(37,1,0,'2024-05-03 12:41:20','2024-05-03 12:41:20',51,14),(38,1,0,'2024-05-04 11:07:05','2024-05-04 11:07:05',47,14),(39,1,0,'2024-05-05 07:31:40','2024-05-05 07:31:40',10,14),(40,1,0,'2024-05-06 09:50:18','2024-05-06 09:50:18',50,14),(41,1,0,'2024-05-06 13:24:04','2024-05-06 13:24:04',53,14),(42,1,0,'2024-05-07 10:30:32','2024-05-07 10:30:32',10,14),(43,1,0,'2024-05-07 11:30:30','2024-05-07 11:30:30',46,14),(44,1,0,'2024-05-09 14:03:50','2024-05-09 14:03:50',60,14),(45,1,0,'2024-05-09 15:02:45','2024-05-09 15:02:45',61,14),(46,1,0,'2024-05-09 15:44:31','2024-05-09 15:44:31',57,14),(47,1,0,'2024-05-10 08:10:48','2024-05-10 08:10:48',65,14),(48,1,0,'2024-05-10 08:11:11','2024-05-10 08:11:11',66,14),(49,1,0,'2024-05-11 06:58:48','2024-05-11 06:58:48',68,14),(50,1,0,'2024-05-11 07:46:42','2024-05-11 07:46:42',47,14),(51,1,0,'2024-05-11 08:30:38','2024-05-11 08:30:38',69,14),(52,1,0,'2024-05-11 10:36:30','2024-05-11 10:36:30',64,14),(53,1,0,'2024-05-11 14:17:59','2024-05-11 14:17:59',85,14),(54,1,0,'2024-05-11 14:30:07','2024-05-11 14:30:07',84,14),(55,1,0,'2024-05-13 07:41:21','2024-05-13 07:41:21',94,14),(56,1,0,'2024-05-13 08:12:27','2024-05-13 08:12:27',95,14),(57,1,0,'2024-05-13 08:34:21','2024-05-13 08:34:21',97,14),(58,1,0,'2024-05-13 09:12:04','2024-05-13 09:12:04',99,14),(59,1,0,'2024-05-13 09:42:29','2024-05-13 09:42:29',101,14),(60,1,0,'2024-05-13 12:39:01','2024-05-13 12:39:01',166,14),(61,1,0,'2024-05-13 13:31:09','2024-05-13 13:31:09',164,14),(62,1,0,'2024-05-14 05:37:12','2024-05-14 05:37:12',168,14),(63,1,0,'2024-05-14 11:26:25','2024-05-14 11:26:25',172,14),(64,1,0,'2024-05-14 12:24:40','2024-05-14 12:24:40',174,14),(65,1,0,'2024-05-14 12:42:09','2024-05-14 12:42:09',176,14),(66,1,0,'2024-05-14 15:14:17','2024-05-14 15:14:17',54,14),(67,1,0,'2024-05-15 03:05:37','2024-05-15 03:05:37',70,14),(68,1,0,'2024-05-15 07:09:10','2024-05-15 07:09:10',178,14),(69,2,0,'2024-05-16 11:40:17','2024-05-16 11:40:17',70,14),(70,3,0,'2024-05-17 04:06:03','2024-05-17 04:06:03',70,14),(71,1,0,'2024-05-17 09:03:50','2024-05-17 09:03:50',166,14),(72,1,0,'2024-05-17 13:45:14','2024-05-17 13:45:14',10,14),(73,1,0,'2024-05-17 13:47:28','2024-05-17 13:47:28',197,14),(74,1,0,'2024-05-20 10:47:34','2024-05-20 10:47:34',166,14),(75,1,0,'2024-05-20 11:56:22','2024-05-20 11:56:22',219,14),(76,1,0,'2024-05-21 09:28:15','2024-05-21 09:28:15',10,14),(77,1,0,'2024-05-21 09:33:42','2024-05-21 09:33:42',64,14),(78,1,0,'2024-05-22 10:31:59','2024-05-22 10:31:59',166,14),(79,1,0,'2024-05-23 08:09:51','2024-05-23 08:09:51',10,14),(80,1,0,'2024-05-24 09:15:16','2024-05-24 09:15:16',7,14),(81,2,0,'2024-05-24 09:15:28','2024-05-24 09:15:28',10,14),(82,1,0,'2024-05-24 09:21:07','2024-05-24 09:21:07',223,14),(83,2,0,'2024-05-25 11:00:46','2024-05-25 11:00:46',223,14),(84,3,0,'2024-05-26 06:15:04','2024-05-26 06:15:04',223,14),(85,4,0,'2024-05-27 06:29:57','2024-05-27 06:29:57',223,14),(86,1,0,'2024-05-28 11:14:04','2024-05-28 11:14:04',166,14),(87,5,1,'2024-05-28 12:24:55','2024-05-28 12:24:55',223,14),(88,1,0,'2024-05-29 12:53:28','2024-05-29 12:53:28',223,14),(89,1,0,'2024-05-30 08:50:14','2024-05-30 08:50:14',233,14),(90,2,0,'2024-05-30 10:12:02','2024-05-30 10:12:02',223,14),(91,1,0,'2024-05-31 04:46:19','2024-05-31 04:46:19',70,14),(92,3,0,'2024-05-31 11:59:48','2024-05-31 11:59:48',223,14),(93,4,0,'2024-06-01 11:15:57','2024-06-01 11:15:57',223,14),(94,1,0,'2024-06-03 15:32:29','2024-06-03 15:32:29',197,14),(95,1,0,'2024-06-04 07:17:35','2024-06-04 07:17:35',64,14),(96,2,0,'2024-06-05 13:34:54','2024-06-05 13:34:54',64,14),(97,1,0,'2024-06-07 13:55:54','2024-06-07 13:55:54',223,14),(98,1,0,'2024-06-08 11:46:47','2024-06-08 11:46:47',10,14);
/*!40000 ALTER TABLE `holograms` ENABLE KEYS */;
UNLOCK TABLES;

--
-- Table structure for table `impactStories`
--

DROP TABLE IF EXISTS `impactStories`;
/*!40101 SET @saved_cs_client     = @@character_set_client */;
/*!50503 SET character_set_client = utf8mb4 */;
CREATE TABLE `impactStories` (
  `id` int NOT NULL AUTO_INCREMENT,
  `story` text,
  `userId` int DEFAULT NULL,
  `customerId` int DEFAULT NULL,
  `createdAt` timestamp NULL DEFAULT CURRENT_TIMESTAMP,
  `updatedAt` timestamp NULL DEFAULT CURRENT_TIMESTAMP ON UPDATE CURRENT_TIMESTAMP,
  PRIMARY KEY (`id`),
  KEY `userId` (`userId`),
  KEY `customerId` (`customerId`),
  CONSTRAINT `impactStories_ibfk_1` FOREIGN KEY (`userId`) REFERENCES `users` (`id`),
  CONSTRAINT `impactStories_ibfk_2` FOREIGN KEY (`customerId`) REFERENCES `customers` (`id`)
) ENGINE=InnoDB DEFAULT CHARSET=utf8mb4 COLLATE=utf8mb4_0900_ai_ci;
/*!40101 SET character_set_client = @saved_cs_client */;

--
-- Dumping data for table `impactStories`
--

LOCK TABLES `impactStories` WRITE;
/*!40000 ALTER TABLE `impactStories` DISABLE KEYS */;
/*!40000 ALTER TABLE `impactStories` ENABLE KEYS */;
UNLOCK TABLES;

--
-- Table structure for table `lifeHabitTrackers`
--

DROP TABLE IF EXISTS `lifeHabitTrackers`;
/*!40101 SET @saved_cs_client     = @@character_set_client */;
/*!50503 SET character_set_client = utf8mb4 */;
CREATE TABLE `lifeHabitTrackers` (
  `id` int NOT NULL AUTO_INCREMENT,
  `isCompleted` tinyint(1) DEFAULT NULL,
  `lifeCount` int DEFAULT NULL,
  `createdAt` datetime NOT NULL,
  `updatedAt` datetime NOT NULL,
  `userId` int DEFAULT NULL,
  `programId` int DEFAULT NULL,
  `taskId` int DEFAULT NULL,
  PRIMARY KEY (`id`),
  KEY `userId` (`userId`),
  KEY `programId` (`programId`),
  KEY `taskId` (`taskId`),
  CONSTRAINT `lifeHabitTrackers_ibfk_1` FOREIGN KEY (`userId`) REFERENCES `users` (`id`) ON DELETE SET NULL ON UPDATE CASCADE,
  CONSTRAINT `lifeHabitTrackers_ibfk_2` FOREIGN KEY (`programId`) REFERENCES `programs` (`id`) ON DELETE SET NULL ON UPDATE CASCADE,
  CONSTRAINT `lifeHabitTrackers_ibfk_3` FOREIGN KEY (`taskId`) REFERENCES `tasks` (`id`) ON DELETE SET NULL ON UPDATE CASCADE
) ENGINE=InnoDB DEFAULT CHARSET=utf8mb4 COLLATE=utf8mb4_0900_ai_ci;
/*!40101 SET character_set_client = @saved_cs_client */;

--
-- Dumping data for table `lifeHabitTrackers`
--

LOCK TABLES `lifeHabitTrackers` WRITE;
/*!40000 ALTER TABLE `lifeHabitTrackers` DISABLE KEYS */;
/*!40000 ALTER TABLE `lifeHabitTrackers` ENABLE KEYS */;
UNLOCK TABLES;

--
-- Table structure for table `lifeHabitUpdates`
--

DROP TABLE IF EXISTS `lifeHabitUpdates`;
/*!40101 SET @saved_cs_client     = @@character_set_client */;
/*!50503 SET character_set_client = utf8mb4 */;
CREATE TABLE `lifeHabitUpdates` (
  `id` int NOT NULL AUTO_INCREMENT,
  `isCompleted` tinyint(1) DEFAULT '0',
  `habitCount` int DEFAULT NULL,
  `createdAt` datetime NOT NULL,
  `updatedAt` datetime NOT NULL,
  `userId` int DEFAULT NULL,
  `programId` int DEFAULT NULL,
  `taskId` int DEFAULT NULL,
  PRIMARY KEY (`id`),
  KEY `userId` (`userId`),
  KEY `programId` (`programId`),
  KEY `taskId` (`taskId`),
  CONSTRAINT `lifeHabitUpdates_ibfk_1` FOREIGN KEY (`userId`) REFERENCES `users` (`id`) ON DELETE SET NULL ON UPDATE CASCADE,
  CONSTRAINT `lifeHabitUpdates_ibfk_2` FOREIGN KEY (`programId`) REFERENCES `programs` (`id`) ON DELETE SET NULL ON UPDATE CASCADE,
  CONSTRAINT `lifeHabitUpdates_ibfk_3` FOREIGN KEY (`taskId`) REFERENCES `tasks` (`id`) ON DELETE SET NULL ON UPDATE CASCADE
) ENGINE=InnoDB DEFAULT CHARSET=utf8mb4 COLLATE=utf8mb4_0900_ai_ci;
/*!40101 SET character_set_client = @saved_cs_client */;

--
-- Dumping data for table `lifeHabitUpdates`
--

LOCK TABLES `lifeHabitUpdates` WRITE;
/*!40000 ALTER TABLE `lifeHabitUpdates` DISABLE KEYS */;
/*!40000 ALTER TABLE `lifeHabitUpdates` ENABLE KEYS */;
UNLOCK TABLES;

--
-- Table structure for table `monthlyAnswers`
--

DROP TABLE IF EXISTS `monthlyAnswers`;
/*!40101 SET @saved_cs_client     = @@character_set_client */;
/*!50503 SET character_set_client = utf8mb4 */;
CREATE TABLE `monthlyAnswers` (
  `id` int NOT NULL AUTO_INCREMENT,
  `text` text,
  `responseType` varchar(255) DEFAULT NULL,
  `createdAt` datetime NOT NULL,
  `updatedAt` datetime NOT NULL,
  `userId` int DEFAULT NULL,
  `monthlyQuestionId` int DEFAULT NULL,
  `monthlyOptionId` int DEFAULT NULL,
  PRIMARY KEY (`id`),
  KEY `userId` (`userId`),
  KEY `monthlyQuestionId` (`monthlyQuestionId`),
  KEY `monthlyOptionId` (`monthlyOptionId`),
  CONSTRAINT `monthlyAnswers_ibfk_1` FOREIGN KEY (`userId`) REFERENCES `users` (`id`) ON DELETE SET NULL ON UPDATE CASCADE,
  CONSTRAINT `monthlyAnswers_ibfk_2` FOREIGN KEY (`monthlyQuestionId`) REFERENCES `monthlyQuestions` (`id`) ON DELETE SET NULL ON UPDATE CASCADE,
  CONSTRAINT `monthlyAnswers_ibfk_3` FOREIGN KEY (`monthlyOptionId`) REFERENCES `monthlyOptions` (`id`) ON DELETE SET NULL ON UPDATE CASCADE
) ENGINE=InnoDB AUTO_INCREMENT=15 DEFAULT CHARSET=utf8mb4 COLLATE=utf8mb4_0900_ai_ci;
/*!40101 SET character_set_client = @saved_cs_client */;

--
-- Dumping data for table `monthlyAnswers`
--

LOCK TABLES `monthlyAnswers` WRITE;
/*!40000 ALTER TABLE `monthlyAnswers` DISABLE KEYS */;
INSERT INTO `monthlyAnswers` VALUES (1,'good',NULL,'2024-05-01 05:35:48','2024-05-01 05:35:48',10,1,NULL),(2,'good',NULL,'2024-05-01 05:37:19','2024-05-01 05:37:19',10,1,NULL),(3,'hhajja',NULL,'2024-05-01 05:37:30','2024-05-01 05:37:30',10,1,NULL),(4,'good',NULL,'2024-05-01 09:20:23','2024-05-01 09:20:23',21,1,NULL),(5,'hh',NULL,'2024-05-01 14:02:55','2024-05-01 14:02:55',47,1,NULL),(6,'A very effective program for my daily activities',NULL,'2024-05-01 15:02:20','2024-05-01 15:02:20',8,1,NULL),(7,'it\'s good',NULL,'2024-05-06 13:19:41','2024-05-06 13:19:41',53,1,NULL),(8,'hjjjj',NULL,'2024-05-13 03:19:26','2024-05-13 03:19:26',10,1,NULL),(9,'good',NULL,'2024-05-13 03:19:43','2024-05-13 03:19:43',10,1,NULL),(10,'Nnananns',NULL,'2024-05-13 03:19:49','2024-05-13 03:19:49',10,1,NULL),(11,'hi',NULL,'2024-05-20 18:29:28','2024-05-20 18:29:28',10,1,NULL),(12,'test',NULL,'2024-05-27 06:47:53','2024-05-27 06:47:53',166,1,NULL),(13,'it\'s great !!',NULL,'2024-05-27 17:46:33','2024-05-27 17:46:33',70,1,NULL),(14,'good',NULL,'2024-06-01 08:54:08','2024-06-01 08:54:08',10,1,NULL);
/*!40000 ALTER TABLE `monthlyAnswers` ENABLE KEYS */;
UNLOCK TABLES;

--
-- Table structure for table `monthlyOptions`
--

DROP TABLE IF EXISTS `monthlyOptions`;
/*!40101 SET @saved_cs_client     = @@character_set_client */;
/*!50503 SET character_set_client = utf8mb4 */;
CREATE TABLE `monthlyOptions` (
  `id` int NOT NULL AUTO_INCREMENT,
  `optionName` varchar(255) DEFAULT NULL,
  `createdAt` datetime NOT NULL,
  `updatedAt` datetime NOT NULL,
  `monthlyQuestionId` int DEFAULT NULL,
  PRIMARY KEY (`id`),
  KEY `monthlyQuestionId` (`monthlyQuestionId`),
  CONSTRAINT `monthlyOptions_ibfk_1` FOREIGN KEY (`monthlyQuestionId`) REFERENCES `monthlyQuestions` (`id`) ON DELETE SET NULL ON UPDATE CASCADE
) ENGINE=InnoDB DEFAULT CHARSET=utf8mb4 COLLATE=utf8mb4_0900_ai_ci;
/*!40101 SET character_set_client = @saved_cs_client */;

--
-- Dumping data for table `monthlyOptions`
--

LOCK TABLES `monthlyOptions` WRITE;
/*!40000 ALTER TABLE `monthlyOptions` DISABLE KEYS */;
/*!40000 ALTER TABLE `monthlyOptions` ENABLE KEYS */;
UNLOCK TABLES;

--
-- Table structure for table `monthlyQuestions`
--

DROP TABLE IF EXISTS `monthlyQuestions`;
/*!40101 SET @saved_cs_client     = @@character_set_client */;
/*!50503 SET character_set_client = utf8mb4 */;
CREATE TABLE `monthlyQuestions` (
  `id` int NOT NULL AUTO_INCREMENT,
  `questionName` varchar(255) DEFAULT NULL,
  `type` varchar(255) DEFAULT NULL,
  `createdAt` datetime NOT NULL DEFAULT CURRENT_TIMESTAMP,
  `updatedAt` datetime NOT NULL DEFAULT CURRENT_TIMESTAMP ON UPDATE CURRENT_TIMESTAMP,
  PRIMARY KEY (`id`)
) ENGINE=InnoDB AUTO_INCREMENT=3 DEFAULT CHARSET=utf8mb4 COLLATE=utf8mb4_0900_ai_ci;
/*!40101 SET character_set_client = @saved_cs_client */;

--
-- Dumping data for table `monthlyQuestions`
--

LOCK TABLES `monthlyQuestions` WRITE;
/*!40000 ALTER TABLE `monthlyQuestions` DISABLE KEYS */;
INSERT INTO `monthlyQuestions` VALUES (1,'How is your program helping you at work?','text','2024-04-23 07:37:56','2024-04-23 07:38:08');
/*!40000 ALTER TABLE `monthlyQuestions` ENABLE KEYS */;
UNLOCK TABLES;

--
-- Table structure for table `notifications`
--

DROP TABLE IF EXISTS `notifications`;
/*!40101 SET @saved_cs_client     = @@character_set_client */;
/*!50503 SET character_set_client = utf8mb4 */;
CREATE TABLE `notifications` (
  `id` int NOT NULL AUTO_INCREMENT,
  `title` varchar(255) NOT NULL,
  `body` varchar(255) NOT NULL,
  `sound` varchar(255) DEFAULT NULL,
  `icon` varchar(255) DEFAULT NULL,
  `image` varchar(255) DEFAULT NULL,
  `createdAt` datetime NOT NULL,
  `updatedAt` datetime NOT NULL,
  `userId` int DEFAULT NULL,
  PRIMARY KEY (`id`),
  KEY `userId` (`userId`),
  CONSTRAINT `notifications_ibfk_1` FOREIGN KEY (`userId`) REFERENCES `users` (`id`) ON DELETE SET NULL ON UPDATE CASCADE
) ENGINE=InnoDB AUTO_INCREMENT=948 DEFAULT CHARSET=utf8mb4 COLLATE=utf8mb4_0900_ai_ci;
/*!40101 SET character_set_client = @saved_cs_client */;

--
-- Dumping data for table `notifications`
--

LOCK TABLES `notifications` WRITE;
/*!40000 ALTER TABLE `notifications` DISABLE KEYS */;
INSERT INTO `notifications` VALUES (1,'Unlock New Possibilities! 🔓','A new program has been unlocked just for you. It\'s time to embark on another exciting learning journey.','default','https://postactionsbucket.s3.ap-south-1.amazonaws.com/aspireLogo.png',NULL,'2024-04-24 06:36:10','2024-04-24 06:36:10',5),(2,'Unlock New Possibilities! 🔓','A new program has been unlocked just for you. It\'s time to embark on another exciting learning journey.','default','https://postactionsbucket.s3.ap-south-1.amazonaws.com/aspireLogo.png',NULL,'2024-04-24 06:36:10','2024-04-24 06:36:10',6),(3,'Unlock New Possibilities! 🔓','A new program has been unlocked just for you. It\'s time to embark on another exciting learning journey.','default','https://postactionsbucket.s3.ap-south-1.amazonaws.com/aspireLogo.png',NULL,'2024-04-24 06:36:10','2024-04-24 06:36:10',7),(4,'Unlock New Possibilities! 🔓','A new program has been unlocked just for you. It\'s time to embark on another exciting learning journey.','default','https://postactionsbucket.s3.ap-south-1.amazonaws.com/aspireLogo.png',NULL,'2024-04-24 06:36:10','2024-04-24 06:36:10',8),(5,'Unlock New Possibilities! 🔓','A new program has been unlocked just for you. It\'s time to embark on another exciting learning journey.','default','https://postactionsbucket.s3.ap-south-1.amazonaws.com/aspireLogo.png',NULL,'2024-04-24 06:36:10','2024-04-24 06:36:10',9),(6,'Unlock New Possibilities! 🔓','A new program has been unlocked just for you. It\'s time to embark on another exciting learning journey.','default','https://postactionsbucket.s3.ap-south-1.amazonaws.com/aspireLogo.png',NULL,'2024-04-24 06:36:10','2024-04-24 06:36:10',10),(7,'Unlock New Possibilities! 🔓','A new program has been unlocked just for you. It\'s time to embark on another exciting learning journey.','default','https://postactionsbucket.s3.ap-south-1.amazonaws.com/aspireLogo.png',NULL,'2024-04-24 06:36:10','2024-04-24 06:36:10',11),(8,'The Clock is Ticking! ⏰','A fresh task is ready for you, just waiting to be conquered','default','https://postactionsbucket.s3.ap-south-1.amazonaws.com/aspireLogo.png',NULL,'2024-04-24 06:45:01','2024-04-24 06:45:01',9),(9,'The Clock is Ticking! ⏰','A fresh task is ready for you, just waiting to be conquered','default','https://postactionsbucket.s3.ap-south-1.amazonaws.com/aspireLogo.png',NULL,'2024-04-24 07:17:35','2024-04-24 07:17:35',8),(10,'The Clock is Ticking! ⏰','A fresh task is ready for you, just waiting to be conquered','default','https://postactionsbucket.s3.ap-south-1.amazonaws.com/aspireLogo.png',NULL,'2024-04-24 07:25:40','2024-04-24 07:25:40',10),(11,'The Clock is Ticking! ⏰','A fresh task is ready for you, just waiting to be conquered','default','https://postactionsbucket.s3.ap-south-1.amazonaws.com/aspireLogo.png',NULL,'2024-04-24 07:38:47','2024-04-24 07:38:47',11),(12,'👀 Someone just reacted to your post! ','Your post received a heartwarming reaction.','default','https://postactionsbucket.s3.ap-south-1.amazonaws.com/aspireLogo.png',NULL,'2024-04-24 07:41:24','2024-04-24 07:41:24',10),(13,'👀 Someone just reacted to your post! ','Your post received a heartwarming reaction.','default','https://postactionsbucket.s3.ap-south-1.amazonaws.com/aspireLogo.png',NULL,'2024-04-24 07:41:24','2024-04-24 07:41:24',10),(14,'👀 Someone just reacted to your post! ','Your post received a heartwarming reaction.','default','https://postactionsbucket.s3.ap-south-1.amazonaws.com/aspireLogo.png',NULL,'2024-04-24 07:41:25','2024-04-24 07:41:25',10),(15,'👀 Someone just reacted to your post! ','Your post received a heartwarming reaction.','default','https://postactionsbucket.s3.ap-south-1.amazonaws.com/aspireLogo.png',NULL,'2024-04-24 07:41:25','2024-04-24 07:41:25',10),(16,'👀 Someone just reacted to your post! ','Your post received a heartwarming reaction.','default','https://postactionsbucket.s3.ap-south-1.amazonaws.com/aspireLogo.png',NULL,'2024-04-24 07:41:26','2024-04-24 07:41:26',10),(17,'The Clock is Ticking! ⏰','A fresh task is ready for you, just waiting to be conquered','default','https://postactionsbucket.s3.ap-south-1.amazonaws.com/aspireLogo.png',NULL,'2024-04-24 07:44:04','2024-04-24 07:44:04',7),(18,'Unlock New Possibilities! 🔓','A new program has been unlocked just for you. It\'s time to embark on another exciting learning journey.','default','https://postactionsbucket.s3.ap-south-1.amazonaws.com/aspireLogo.png',NULL,'2024-04-24 08:00:00','2024-04-24 08:00:00',4),(19,'Unlock New Possibilities! 🔓','A new program has been unlocked just for you. It\'s time to embark on another exciting learning journey.','default','https://postactionsbucket.s3.ap-south-1.amazonaws.com/aspireLogo.png',NULL,'2024-04-24 08:00:00','2024-04-24 08:00:00',12),(20,'The Clock is Ticking! ⏰','A fresh task is ready for you, just waiting to be conquered','default','https://postactionsbucket.s3.ap-south-1.amazonaws.com/aspireLogo.png',NULL,'2024-04-24 08:25:15','2024-04-24 08:25:15',12),(21,'Unlock New Possibilities! 🔓','A new program has been unlocked just for you. It\'s time to embark on another exciting learning journey.','default','https://postactionsbucket.s3.ap-south-1.amazonaws.com/aspireLogo.png',NULL,'2024-04-24 11:04:17','2024-04-24 11:04:17',13),(22,'Unlock New Possibilities! 🔓','A new program has been unlocked just for you. It\'s time to embark on another exciting learning journey.','default','https://postactionsbucket.s3.ap-south-1.amazonaws.com/aspireLogo.png',NULL,'2024-04-24 11:04:17','2024-04-24 11:04:17',14),(23,'The Clock is Ticking! ⏰','A fresh task is ready for you, just waiting to be conquered','default','https://postactionsbucket.s3.ap-south-1.amazonaws.com/aspireLogo.png',NULL,'2024-04-24 11:40:28','2024-04-24 11:40:28',14),(24,'The Clock is Ticking! ⏰','A fresh task is ready for you, just waiting to be conquered','default','https://postactionsbucket.s3.ap-south-1.amazonaws.com/aspireLogo.png',NULL,'2024-04-24 12:34:06','2024-04-24 12:34:06',13),(25,'👀 Someone just reacted to your post! ','Your post received a heartwarming reaction.','default','https://postactionsbucket.s3.ap-south-1.amazonaws.com/aspireLogo.png',NULL,'2024-04-24 12:51:46','2024-04-24 12:51:46',14),(26,'👀 Someone just reacted to your post! ','Your post received a heartwarming reaction.','default','https://postactionsbucket.s3.ap-south-1.amazonaws.com/aspireLogo.png',NULL,'2024-04-24 12:51:48','2024-04-24 12:51:48',14),(27,'👀 Someone just reacted to your post! ','Your post received a heartwarming reaction.','default','https://postactionsbucket.s3.ap-south-1.amazonaws.com/aspireLogo.png',NULL,'2024-04-24 12:51:50','2024-04-24 12:51:50',14),(28,'The Clock is Ticking! ⏰','A fresh task is ready for you, just waiting to be conquered','default','https://postactionsbucket.s3.ap-south-1.amazonaws.com/aspireLogo.png',NULL,'2024-04-25 05:18:28','2024-04-25 05:18:28',10),(29,'Unlock New Possibilities! 🔓','A new program has been unlocked just for you. It\'s time to embark on another exciting learning journey.','default','https://postactionsbucket.s3.ap-south-1.amazonaws.com/aspireLogo.png',NULL,'2024-04-25 05:59:17','2024-04-25 05:59:17',15),(30,'Unlock New Possibilities! 🔓','A new program has been unlocked just for you. It\'s time to embark on another exciting learning journey.','default','https://postactionsbucket.s3.ap-south-1.amazonaws.com/aspireLogo.png',NULL,'2024-04-25 05:59:52','2024-04-25 05:59:52',16),(31,'The Clock is Ticking! ⏰','A fresh task is ready for you, just waiting to be conquered','default','https://postactionsbucket.s3.ap-south-1.amazonaws.com/aspireLogo.png',NULL,'2024-04-25 06:21:36','2024-04-25 06:21:36',10),(32,'👀 Someone just reacted to your post! ','Your post received a heartwarming reaction.','default','https://postactionsbucket.s3.ap-south-1.amazonaws.com/aspireLogo.png',NULL,'2024-04-25 06:35:24','2024-04-25 06:35:24',10),(33,'The Clock is Ticking! ⏰','A fresh task is ready for you, just waiting to be conquered','default','https://postactionsbucket.s3.ap-south-1.amazonaws.com/aspireLogo.png',NULL,'2024-04-25 07:20:26','2024-04-25 07:20:26',15),(34,'The Clock is Ticking! ⏰','A fresh task is ready for you, just waiting to be conquered','default','https://postactionsbucket.s3.ap-south-1.amazonaws.com/aspireLogo.png',NULL,'2024-04-25 07:27:44','2024-04-25 07:27:44',12),(35,'The Clock is Ticking! ⏰','A fresh task is ready for you, just waiting to be conquered','default','https://postactionsbucket.s3.ap-south-1.amazonaws.com/aspireLogo.png',NULL,'2024-04-25 07:27:57','2024-04-25 07:27:57',12),(36,'👀 Someone just reacted to your post! ','Your post received a heartwarming reaction.','default','https://postactionsbucket.s3.ap-south-1.amazonaws.com/aspireLogo.png',NULL,'2024-04-25 10:24:05','2024-04-25 10:24:05',12),(37,'👀 Someone just reacted to your post! ','Your post received a heartwarming reaction.','default','https://postactionsbucket.s3.ap-south-1.amazonaws.com/aspireLogo.png',NULL,'2024-04-25 10:24:09','2024-04-25 10:24:09',12),(38,'Unlock New Possibilities! 🔓','A new program has been unlocked just for you. It\'s time to embark on another exciting learning journey.','default','https://postactionsbucket.s3.ap-south-1.amazonaws.com/aspireLogo.png',NULL,'2024-04-25 11:49:50','2024-04-25 11:49:50',17),(39,'Unlock New Possibilities! 🔓','A new program has been unlocked just for you. It\'s time to embark on another exciting learning journey.','default','https://postactionsbucket.s3.ap-south-1.amazonaws.com/aspireLogo.png',NULL,'2024-04-25 11:51:02','2024-04-25 11:51:02',18),(40,'Unlock New Possibilities! 🔓','A new program has been unlocked just for you. It\'s time to embark on another exciting learning journey.','default','https://postactionsbucket.s3.ap-south-1.amazonaws.com/aspireLogo.png',NULL,'2024-04-25 13:07:14','2024-04-25 13:07:14',19),(41,'Unlock New Possibilities! 🔓','A new program has been unlocked just for you. It\'s time to embark on another exciting learning journey.','default','https://postactionsbucket.s3.ap-south-1.amazonaws.com/aspireLogo.png',NULL,'2024-04-25 13:07:14','2024-04-25 13:07:14',20),(42,'The Clock is Ticking! ⏰','A fresh task is ready for you, just waiting to be conquered','default','https://postactionsbucket.s3.ap-south-1.amazonaws.com/aspireLogo.png',NULL,'2024-04-25 13:35:48','2024-04-25 13:35:48',19),(43,'Unlock New Possibilities! 🔓','A new program has been unlocked just for you. It\'s time to embark on another exciting learning journey.','default','https://postactionsbucket.s3.ap-south-1.amazonaws.com/aspireLogo.png',NULL,'2024-04-25 14:18:14','2024-04-25 14:18:14',17),(44,'Unlock New Possibilities! 🔓','A new program has been unlocked just for you. It\'s time to embark on another exciting learning journey.','default','https://postactionsbucket.s3.ap-south-1.amazonaws.com/aspireLogo.png',NULL,'2024-04-25 14:18:14','2024-04-25 14:18:14',18),(45,'New Challenge Awaits','[Assignee Name] just threw down the gauntlet with a new challenge for the team.','default','https://postactionsbucket.s3.ap-south-1.amazonaws.com/uploads/profile-picture1714060510722_imagefile.jpg',NULL,'2024-04-25 16:51:13','2024-04-25 16:51:13',19),(46,'Unlock New Possibilities! 🔓','A new program has been unlocked just for you. It\'s time to embark on another exciting learning journey.','default','https://postactionsbucket.s3.ap-south-1.amazonaws.com/aspireLogo.png',NULL,'2024-04-26 02:07:10','2024-04-26 02:07:10',21),(47,'Unlock New Possibilities! 🔓','A new program has been unlocked just for you. It\'s time to embark on another exciting learning journey.','default','https://postactionsbucket.s3.ap-south-1.amazonaws.com/aspireLogo.png',NULL,'2024-04-26 02:07:10','2024-04-26 02:07:10',22),(48,'The Clock is Ticking! ⏰','A fresh task is ready for you, just waiting to be conquered','default','https://postactionsbucket.s3.ap-south-1.amazonaws.com/aspireLogo.png',NULL,'2024-04-26 03:15:07','2024-04-26 03:15:07',10),(49,'The Clock is Ticking! ⏰','A fresh task is ready for you, just waiting to be conquered','default','https://postactionsbucket.s3.ap-south-1.amazonaws.com/aspireLogo.png',NULL,'2024-04-26 09:47:31','2024-04-26 09:47:31',12),(50,'Unlock New Possibilities! 🔓','A new program has been unlocked just for you. It\'s time to embark on another exciting learning journey.','default','https://postactionsbucket.s3.ap-south-1.amazonaws.com/aspireLogo.png',NULL,'2024-04-26 10:26:55','2024-04-26 10:26:55',23),(51,'Unlock New Possibilities! 🔓','A new program has been unlocked just for you. It\'s time to embark on another exciting learning journey.','default','https://postactionsbucket.s3.ap-south-1.amazonaws.com/aspireLogo.png',NULL,'2024-04-26 10:26:55','2024-04-26 10:26:55',24),(52,'Unlock New Possibilities! 🔓','A new program has been unlocked just for you. It\'s time to embark on another exciting learning journey.','default','https://postactionsbucket.s3.ap-south-1.amazonaws.com/aspireLogo.png',NULL,'2024-04-26 11:26:03','2024-04-26 11:26:03',25),(53,'Unlock New Possibilities! 🔓','A new program has been unlocked just for you. It\'s time to embark on another exciting learning journey.','default','https://postactionsbucket.s3.ap-south-1.amazonaws.com/aspireLogo.png',NULL,'2024-04-26 11:26:03','2024-04-26 11:26:03',10),(54,'The Clock is Ticking! ⏰','A fresh task is ready for you, just waiting to be conquered','default','https://postactionsbucket.s3.ap-south-1.amazonaws.com/aspireLogo.png',NULL,'2024-04-26 11:31:50','2024-04-26 11:31:50',24),(55,'The Clock is Ticking! ⏰','A fresh task is ready for you, just waiting to be conquered','default','https://postactionsbucket.s3.ap-south-1.amazonaws.com/aspireLogo.png',NULL,'2024-04-26 11:33:35','2024-04-26 11:33:35',10),(56,'The Clock is Ticking! ⏰','A fresh task is ready for you, just waiting to be conquered','default','https://postactionsbucket.s3.ap-south-1.amazonaws.com/aspireLogo.png',NULL,'2024-04-26 12:30:38','2024-04-26 12:30:38',23),(57,'The Clock is Ticking! ⏰','A fresh task is ready for you, just waiting to be conquered','default','https://postactionsbucket.s3.ap-south-1.amazonaws.com/aspireLogo.png',NULL,'2024-04-26 12:53:19','2024-04-26 12:53:19',8),(58,'👀 Someone just reacted to your post! ','Your post received a heartwarming reaction.','default','https://postactionsbucket.s3.ap-south-1.amazonaws.com/aspireLogo.png',NULL,'2024-04-26 13:09:47','2024-04-26 13:09:47',23),(59,'👀 Someone just reacted to your post! ','Your post received a heartwarming reaction.','default','https://postactionsbucket.s3.ap-south-1.amazonaws.com/aspireLogo.png',NULL,'2024-04-26 13:10:10','2024-04-26 13:10:10',23),(60,'👀 Someone just reacted to your post! ','Your post received a heartwarming reaction.','default','https://postactionsbucket.s3.ap-south-1.amazonaws.com/aspireLogo.png',NULL,'2024-04-26 13:10:13','2024-04-26 13:10:13',23),(61,'👀 Someone just reacted to your post! ','Your post received a heartwarming reaction.','default','https://postactionsbucket.s3.ap-south-1.amazonaws.com/aspireLogo.png',NULL,'2024-04-26 13:10:14','2024-04-26 13:10:14',23),(62,'👀 Someone just reacted to your post! ','Your post received a heartwarming reaction.','default','https://postactionsbucket.s3.ap-south-1.amazonaws.com/aspireLogo.png',NULL,'2024-04-26 13:10:15','2024-04-26 13:10:15',23),(63,'👀 Someone just reacted to your post! ','Your post received a heartwarming reaction.','default','https://postactionsbucket.s3.ap-south-1.amazonaws.com/aspireLogo.png',NULL,'2024-04-26 13:10:18','2024-04-26 13:10:18',24),(64,'👀 Someone just reacted to your post! ','Your post received a heartwarming reaction.','default','https://postactionsbucket.s3.ap-south-1.amazonaws.com/aspireLogo.png',NULL,'2024-04-26 13:10:22','2024-04-26 13:10:22',10),(65,'👀 Someone just reacted to your post! ','Your post received a heartwarming reaction.','default','https://postactionsbucket.s3.ap-south-1.amazonaws.com/aspireLogo.png',NULL,'2024-04-26 15:45:59','2024-04-26 15:45:59',23),(66,'The Clock is Ticking! ⏰','A fresh task is ready for you, just waiting to be conquered','default','https://postactionsbucket.s3.ap-south-1.amazonaws.com/aspireLogo.png',NULL,'2024-04-27 04:26:41','2024-04-27 04:26:41',10),(67,'Unlock New Possibilities! 🔓','A new program has been unlocked just for you. It\'s time to embark on another exciting learning journey.','default','https://postactionsbucket.s3.ap-south-1.amazonaws.com/aspireLogo.png',NULL,'2024-04-27 06:26:11','2024-04-27 06:26:11',26),(68,'The Clock is Ticking! ⏰','A fresh task is ready for you, just waiting to be conquered','default','https://postactionsbucket.s3.ap-south-1.amazonaws.com/aspireLogo.png',NULL,'2024-04-27 08:07:28','2024-04-27 08:07:28',26),(69,'👀 Someone just reacted to your post! ','Your post received a heartwarming reaction.','default','https://postactionsbucket.s3.ap-south-1.amazonaws.com/aspireLogo.png',NULL,'2024-04-27 08:27:25','2024-04-27 08:27:25',26),(70,'👀 Someone just reacted to your post! ','Your post received a heartwarming reaction.','default','https://postactionsbucket.s3.ap-south-1.amazonaws.com/aspireLogo.png',NULL,'2024-04-27 08:27:27','2024-04-27 08:27:27',26),(71,'👀 Someone just reacted to your post! ','Your post received a heartwarming reaction.','default','https://postactionsbucket.s3.ap-south-1.amazonaws.com/aspireLogo.png',NULL,'2024-04-27 08:27:28','2024-04-27 08:27:28',26),(72,'👀 Someone just reacted to your post! ','Your post received a heartwarming reaction.','default','https://postactionsbucket.s3.ap-south-1.amazonaws.com/aspireLogo.png',NULL,'2024-04-27 08:27:29','2024-04-27 08:27:29',26),(73,'👀 Someone just reacted to your post! ','Your post received a heartwarming reaction.','default','https://postactionsbucket.s3.ap-south-1.amazonaws.com/aspireLogo.png',NULL,'2024-04-27 08:27:43','2024-04-27 08:27:43',10),(74,'👀 Someone just reacted to your post! ','Your post received a heartwarming reaction.','default','https://postactionsbucket.s3.ap-south-1.amazonaws.com/aspireLogo.png',NULL,'2024-04-27 08:28:09','2024-04-27 08:28:09',26),(75,'👀 Someone just reacted to your post! ','Your post received a heartwarming reaction.','default','https://postactionsbucket.s3.ap-south-1.amazonaws.com/aspireLogo.png',NULL,'2024-04-27 08:28:11','2024-04-27 08:28:11',26),(76,'Unlock New Possibilities! 🔓','A new program has been unlocked just for you. It\'s time to embark on another exciting learning journey.','default','https://postactionsbucket.s3.ap-south-1.amazonaws.com/aspireLogo.png',NULL,'2024-04-27 09:22:27','2024-04-27 09:22:27',35),(77,'Unlock New Possibilities! 🔓','A new program has been unlocked just for you. It\'s time to embark on another exciting learning journey.','default','https://postactionsbucket.s3.ap-south-1.amazonaws.com/aspireLogo.png',NULL,'2024-04-27 09:22:27','2024-04-27 09:22:27',36),(78,'The Clock is Ticking! ⏰','A fresh task is ready for you, just waiting to be conquered','default','https://postactionsbucket.s3.ap-south-1.amazonaws.com/aspireLogo.png',NULL,'2024-04-27 09:23:28','2024-04-27 09:23:28',35),(79,'👀 Someone just reacted to your post! ','Your post received a heartwarming reaction.','default','https://postactionsbucket.s3.ap-south-1.amazonaws.com/aspireLogo.png',NULL,'2024-04-27 09:50:14','2024-04-27 09:50:14',10),(80,'👀 Someone just reacted to your post! ','Your post received a heartwarming reaction.','default','https://postactionsbucket.s3.ap-south-1.amazonaws.com/aspireLogo.png',NULL,'2024-04-27 09:55:43','2024-04-27 09:55:43',35),(81,'Unlock New Possibilities! 🔓','A new program has been unlocked just for you. It\'s time to embark on another exciting learning journey.','default','https://postactionsbucket.s3.ap-south-1.amazonaws.com/aspireLogo.png',NULL,'2024-04-27 10:06:19','2024-04-27 10:06:19',36),(82,'Unlock New Possibilities! 🔓','A new program has been unlocked just for you. It\'s time to embark on another exciting learning journey.','default','https://postactionsbucket.s3.ap-south-1.amazonaws.com/aspireLogo.png',NULL,'2024-04-27 14:32:53','2024-04-27 14:32:53',37),(83,'👀 Someone just reacted to your post! ','Your post received a heartwarming reaction.','default','https://postactionsbucket.s3.ap-south-1.amazonaws.com/aspireLogo.png',NULL,'2024-04-28 08:20:52','2024-04-28 08:20:52',10),(84,'Oopsie-daisy!','Looks like you have missed shapes yesterday.','default','https://postactionsbucket.s3.ap-south-1.amazonaws.com/aspireLogo.png',NULL,'2024-04-28 18:34:15','2024-04-28 18:34:15',10),(85,'The Clock is Ticking! ⏰','A fresh task is ready for you, just waiting to be conquered','default','https://postactionsbucket.s3.ap-south-1.amazonaws.com/aspireLogo.png',NULL,'2024-04-29 06:01:55','2024-04-29 06:01:55',8),(86,'Unlock New Possibilities! 🔓','A new program has been unlocked just for you. It\'s time to embark on another exciting learning journey.','default','https://postactionsbucket.s3.ap-south-1.amazonaws.com/aspireLogo.png',NULL,'2024-04-29 07:16:19','2024-04-29 07:16:19',38),(87,'Unlock New Possibilities! 🔓','A new program has been unlocked just for you. It\'s time to embark on another exciting learning journey.','default','https://postactionsbucket.s3.ap-south-1.amazonaws.com/aspireLogo.png',NULL,'2024-04-29 07:16:19','2024-04-29 07:16:19',39),(88,'The Clock is Ticking! ⏰','A fresh task is ready for you, just waiting to be conquered','default','https://postactionsbucket.s3.ap-south-1.amazonaws.com/aspireLogo.png',NULL,'2024-04-29 07:30:02','2024-04-29 07:30:02',35),(89,'The Clock is Ticking! ⏰','A fresh task is ready for you, just waiting to be conquered','default','https://postactionsbucket.s3.ap-south-1.amazonaws.com/aspireLogo.png',NULL,'2024-04-29 07:34:25','2024-04-29 07:34:25',35),(90,'The Clock is Ticking! ⏰','A fresh task is ready for you, just waiting to be conquered','default','https://postactionsbucket.s3.ap-south-1.amazonaws.com/aspireLogo.png',NULL,'2024-04-29 08:43:21','2024-04-29 08:43:21',38),(91,'The Clock is Ticking! ⏰','A fresh task is ready for you, just waiting to be conquered','default','https://postactionsbucket.s3.ap-south-1.amazonaws.com/aspireLogo.png',NULL,'2024-04-29 10:03:57','2024-04-29 10:03:57',21),(92,'The Clock is Ticking! ⏰','A fresh task is ready for you, just waiting to be conquered','default','https://postactionsbucket.s3.ap-south-1.amazonaws.com/aspireLogo.png',NULL,'2024-04-29 10:54:38','2024-04-29 10:54:38',7),(93,'Oopsie-daisy!','Looks like you have missed shapes yesterday.','default','https://postactionsbucket.s3.ap-south-1.amazonaws.com/aspireLogo.png',NULL,'2024-04-29 10:55:07','2024-04-29 10:55:07',8),(94,'The Clock is Ticking! ⏰','A fresh task is ready for you, just waiting to be conquered','default','https://postactionsbucket.s3.ap-south-1.amazonaws.com/aspireLogo.png',NULL,'2024-04-29 12:20:38','2024-04-29 12:20:38',5),(95,'The Clock is Ticking! ⏰','A fresh task is ready for you, just waiting to be conquered','default','https://postactionsbucket.s3.ap-south-1.amazonaws.com/aspireLogo.png',NULL,'2024-04-29 12:48:18','2024-04-29 12:48:18',39),(96,'Oopsie-daisy!','Looks like you have missed shapes yesterday.','default','https://postactionsbucket.s3.ap-south-1.amazonaws.com/aspireLogo.png',NULL,'2024-04-29 14:25:10','2024-04-29 14:25:10',12),(97,'Unlock New Possibilities! 🔓','A new program has been unlocked just for you. It\'s time to embark on another exciting learning journey.','default','https://postactionsbucket.s3.ap-south-1.amazonaws.com/aspireLogo.png',NULL,'2024-04-29 14:33:51','2024-04-29 14:33:51',37),(98,'Unlock New Possibilities! 🔓','A new program has been unlocked just for you. It\'s time to embark on another exciting learning journey.','default','https://postactionsbucket.s3.ap-south-1.amazonaws.com/aspireLogo.png',NULL,'2024-04-29 14:33:51','2024-04-29 14:33:51',40),(99,'Unlock New Possibilities! 🔓','A new program has been unlocked just for you. It\'s time to embark on another exciting learning journey.','default','https://postactionsbucket.s3.ap-south-1.amazonaws.com/aspireLogo.png',NULL,'2024-04-29 14:33:51','2024-04-29 14:33:51',41),(100,'Unlock New Possibilities! 🔓','A new program has been unlocked just for you. It\'s time to embark on another exciting learning journey.','default','https://postactionsbucket.s3.ap-south-1.amazonaws.com/aspireLogo.png',NULL,'2024-04-29 14:33:51','2024-04-29 14:33:51',42),(101,'Unlock New Possibilities! 🔓','A new program has been unlocked just for you. It\'s time to embark on another exciting learning journey.','default','https://postactionsbucket.s3.ap-south-1.amazonaws.com/aspireLogo.png',NULL,'2024-04-29 14:47:15','2024-04-29 14:47:15',43),(102,'Unlock New Possibilities! 🔓','A new program has been unlocked just for you. It\'s time to embark on another exciting learning journey.','default','https://postactionsbucket.s3.ap-south-1.amazonaws.com/aspireLogo.png',NULL,'2024-04-29 14:47:15','2024-04-29 14:47:15',44),(103,'👀 Someone just reacted to your post! ','Your post received a heartwarming reaction.','default','https://postactionsbucket.s3.ap-south-1.amazonaws.com/aspireLogo.png',NULL,'2024-04-30 03:55:26','2024-04-30 03:55:26',21),(104,'The Clock is Ticking! ⏰','A fresh task is ready for you, just waiting to be conquered','default','https://postactionsbucket.s3.ap-south-1.amazonaws.com/aspireLogo.png',NULL,'2024-04-30 04:20:16','2024-04-30 04:20:16',41),(105,'👀 Someone just reacted to your post! ','Your post received a heartwarming reaction.','default','https://postactionsbucket.s3.ap-south-1.amazonaws.com/aspireLogo.png',NULL,'2024-04-30 04:32:57','2024-04-30 04:32:57',10),(106,'Oopsie-daisy!','Looks like you have missed shapes yesterday.','default','https://postactionsbucket.s3.ap-south-1.amazonaws.com/aspireLogo.png',NULL,'2024-04-30 06:47:47','2024-04-30 06:47:47',8),(107,'The Clock is Ticking! ⏰','A fresh task is ready for you, just waiting to be conquered','default','https://postactionsbucket.s3.ap-south-1.amazonaws.com/aspireLogo.png',NULL,'2024-04-30 06:57:46','2024-04-30 06:57:46',42),(108,'Unlock New Possibilities! 🔓','A new program has been unlocked just for you. It\'s time to embark on another exciting learning journey.','default','https://postactionsbucket.s3.ap-south-1.amazonaws.com/aspireLogo.png',NULL,'2024-04-30 07:02:14','2024-04-30 07:02:14',45),(109,'Unlock New Possibilities! 🔓','A new program has been unlocked just for you. It\'s time to embark on another exciting learning journey.','default','https://postactionsbucket.s3.ap-south-1.amazonaws.com/aspireLogo.png',NULL,'2024-04-30 07:02:14','2024-04-30 07:02:14',46),(110,'Unlock New Possibilities! 🔓','A new program has been unlocked just for you. It\'s time to embark on another exciting learning journey.','default','https://postactionsbucket.s3.ap-south-1.amazonaws.com/aspireLogo.png',NULL,'2024-04-30 07:02:14','2024-04-30 07:02:14',47),(111,'The Clock is Ticking! ⏰','A fresh task is ready for you, just waiting to be conquered','default','https://postactionsbucket.s3.ap-south-1.amazonaws.com/aspireLogo.png',NULL,'2024-04-30 08:46:59','2024-04-30 08:46:59',47),(112,'The Clock is Ticking! ⏰','A fresh task is ready for you, just waiting to be conquered','default','https://postactionsbucket.s3.ap-south-1.amazonaws.com/aspireLogo.png',NULL,'2024-04-30 08:50:32','2024-04-30 08:50:32',7),(113,'The Clock is Ticking! ⏰','A fresh task is ready for you, just waiting to be conquered','default','https://postactionsbucket.s3.ap-south-1.amazonaws.com/aspireLogo.png',NULL,'2024-04-30 09:15:57','2024-04-30 09:15:57',45),(114,'Ready for action!','s now onboard for the challenge.','default','https://postactionsbucket.s3.ap-south-1.amazonaws.com/uploads/profile-picture1714468427360_images%20%289%29.jpeg',NULL,'2024-04-30 09:36:35','2024-04-30 09:36:35',47),(115,'Oopsie-daisy!','Looks like you have missed shapes yesterday.','default','https://postactionsbucket.s3.ap-south-1.amazonaws.com/aspireLogo.png',NULL,'2024-04-30 09:37:58','2024-04-30 09:37:58',12),(116,'The Clock is Ticking! ⏰','A fresh task is ready for you, just waiting to be conquered','default','https://postactionsbucket.s3.ap-south-1.amazonaws.com/aspireLogo.png',NULL,'2024-04-30 09:38:12','2024-04-30 09:38:12',12),(117,'👀 Someone just reacted to your post! ','Your post received a heartwarming reaction.','default','https://postactionsbucket.s3.ap-south-1.amazonaws.com/aspireLogo.png',NULL,'2024-04-30 09:39:46','2024-04-30 09:39:46',12),(118,'👀 Someone just reacted to your post! ','Your post received a heartwarming reaction.','default','https://postactionsbucket.s3.ap-south-1.amazonaws.com/aspireLogo.png',NULL,'2024-04-30 09:40:28','2024-04-30 09:40:28',12),(119,'Oopsie-daisy!','Looks like you have missed shapes yesterday.','default','https://postactionsbucket.s3.ap-south-1.amazonaws.com/aspireLogo.png',NULL,'2024-05-01 05:34:43','2024-05-01 05:34:43',10),(120,'Oopsie-daisy!','Looks like you have missed shapes yesterday.','default','https://postactionsbucket.s3.ap-south-1.amazonaws.com/aspireLogo.png',NULL,'2024-05-01 05:37:48','2024-05-01 05:37:48',12),(121,'👀 Someone just reacted to your post! ','Your post received a heartwarming reaction.','default','https://postactionsbucket.s3.ap-south-1.amazonaws.com/aspireLogo.png',NULL,'2024-05-01 06:17:57','2024-05-01 06:17:57',12),(122,'Rise and shine, team! 💪','Your challenge has officially begun. It\'s time to accept and join the fray.','default','https://postactionsbucket.s3.ap-south-1.amazonaws.com/aspireLogo.png',NULL,'2024-05-01 09:30:00','2024-05-01 09:30:00',45),(123,'Rise and shine, team! 💪','Your challenge has officially begun. It\'s time to accept and join the fray.','default','https://postactionsbucket.s3.ap-south-1.amazonaws.com/aspireLogo.png',NULL,'2024-05-01 09:30:01','2024-05-01 09:30:01',47),(124,'Unlock New Possibilities! 🔓','A new program has been unlocked just for you. It\'s time to embark on another exciting learning journey.','default','https://postactionsbucket.s3.ap-south-1.amazonaws.com/aspireLogo.png',NULL,'2024-05-01 13:52:11','2024-05-01 13:52:11',48),(125,'Unlock New Possibilities! 🔓','A new program has been unlocked just for you. It\'s time to embark on another exciting learning journey.','default','https://postactionsbucket.s3.ap-south-1.amazonaws.com/aspireLogo.png',NULL,'2024-05-01 13:52:11','2024-05-01 13:52:11',49),(126,'Unlock New Possibilities! 🔓','A new program has been unlocked just for you. It\'s time to embark on another exciting learning journey.','default','https://postactionsbucket.s3.ap-south-1.amazonaws.com/aspireLogo.png',NULL,'2024-05-01 13:52:11','2024-05-01 13:52:11',50),(127,'The Clock is Ticking! ⏰','A fresh task is ready for you, just waiting to be conquered','default','https://postactionsbucket.s3.ap-south-1.amazonaws.com/aspireLogo.png',NULL,'2024-05-01 14:04:44','2024-05-01 14:04:44',47),(128,'The Clock is Ticking! ⏰','A fresh task is ready for you, just waiting to be conquered','default','https://postactionsbucket.s3.ap-south-1.amazonaws.com/aspireLogo.png',NULL,'2024-05-01 14:05:00','2024-05-01 14:05:00',47),(129,'Psst! You\'ve got a nudge! 🤫','Looks like someone\'s thinking of you','default','https://postactionsbucket.s3.ap-south-1.amazonaws.com/aspireLogo.png',NULL,'2024-05-01 14:05:32','2024-05-01 14:05:32',45),(130,'Psst! You\'ve got a nudge! 🤫','Looks like someone\'s thinking of you','default','https://postactionsbucket.s3.ap-south-1.amazonaws.com/aspireLogo.png',NULL,'2024-05-01 14:05:45','2024-05-01 14:05:45',45),(131,'Oopsie-daisy!','Looks like you have missed shapes yesterday.','default','https://postactionsbucket.s3.ap-south-1.amazonaws.com/aspireLogo.png',NULL,'2024-05-01 15:00:48','2024-05-01 15:00:48',8),(132,'Oopsie-daisy!','Looks like you have missed shapes yesterday.','default','https://postactionsbucket.s3.ap-south-1.amazonaws.com/aspireLogo.png',NULL,'2024-05-01 15:09:56','2024-05-01 15:09:56',12),(133,'Oopsie-daisy!','Looks like you have missed shapes yesterday.','default','https://postactionsbucket.s3.ap-south-1.amazonaws.com/aspireLogo.png',NULL,'2024-05-01 15:14:36','2024-05-01 15:14:36',10),(134,'Oopsie-daisy!','Looks like you have missed shapes yesterday.','default','https://postactionsbucket.s3.ap-south-1.amazonaws.com/aspireLogo.png',NULL,'2024-05-01 19:05:18','2024-05-01 19:05:18',10),(135,'Oopsie-daisy!','Looks like you have missed shapes yesterday.','default','https://postactionsbucket.s3.ap-south-1.amazonaws.com/aspireLogo.png',NULL,'2024-05-01 19:05:19','2024-05-01 19:05:19',10),(136,'👀 Someone just reacted to your post! ','Your post received a heartwarming reaction.','default','https://postactionsbucket.s3.ap-south-1.amazonaws.com/aspireLogo.png',NULL,'2024-05-01 19:10:20','2024-05-01 19:10:20',10),(137,'Oopsie-daisy!','Looks like you have missed shapes yesterday.','default','https://postactionsbucket.s3.ap-south-1.amazonaws.com/aspireLogo.png',NULL,'2024-05-01 20:51:25','2024-05-01 20:51:25',7),(138,'Oopsie-daisy!','Looks like you have missed shapes yesterday.','default','https://postactionsbucket.s3.ap-south-1.amazonaws.com/aspireLogo.png',NULL,'2024-05-02 04:28:11','2024-05-02 04:28:11',12),(139,'👀 Someone just reacted to your post! ','Your post received a heartwarming reaction.','default','https://postactionsbucket.s3.ap-south-1.amazonaws.com/aspireLogo.png',NULL,'2024-05-02 04:28:47','2024-05-02 04:28:47',8),(140,'👀 Someone just reacted to your post! ','Your post received a heartwarming reaction.','default','https://postactionsbucket.s3.ap-south-1.amazonaws.com/aspireLogo.png',NULL,'2024-05-02 04:28:49','2024-05-02 04:28:49',8),(141,'👀 Someone just reacted to your post! ','Your post received a heartwarming reaction.','default','https://postactionsbucket.s3.ap-south-1.amazonaws.com/aspireLogo.png',NULL,'2024-05-02 07:06:06','2024-05-02 07:06:06',10),(142,'👀 Someone just reacted to your post! ','Your post received a heartwarming reaction.','default','https://postactionsbucket.s3.ap-south-1.amazonaws.com/aspireLogo.png',NULL,'2024-05-02 07:48:38','2024-05-02 07:48:38',10),(143,'The Clock is Ticking! ⏰','A fresh task is ready for you, just waiting to be conquered','default','https://postactionsbucket.s3.ap-south-1.amazonaws.com/aspireLogo.png',NULL,'2024-05-02 07:50:55','2024-05-02 07:50:55',49),(144,'Oopsie-daisy!','Looks like you have missed shapes yesterday.','default','https://postactionsbucket.s3.ap-south-1.amazonaws.com/aspireLogo.png',NULL,'2024-05-02 08:29:20','2024-05-02 08:29:20',12),(145,'The Clock is Ticking! ⏰','A fresh task is ready for you, just waiting to be conquered','default','https://postactionsbucket.s3.ap-south-1.amazonaws.com/aspireLogo.png',NULL,'2024-05-02 08:40:34','2024-05-02 08:40:34',12),(146,'The Clock is Ticking! ⏰','A fresh task is ready for you, just waiting to be conquered','default','https://postactionsbucket.s3.ap-south-1.amazonaws.com/aspireLogo.png',NULL,'2024-05-02 08:40:58','2024-05-02 08:40:58',12),(147,'New Challenge Awaits','[Assignee Name] just threw down the gauntlet with a new challenge for the team.','default','https://postactionsbucket.s3.ap-south-1.amazonaws.com/uploads/profile-picture1713946980690_IMG-20240422-WA0011.jpg',NULL,'2024-05-02 08:42:58','2024-05-02 08:42:58',4),(148,'The Clock is Ticking! ⏰','A fresh task is ready for you, just waiting to be conquered','default','https://postactionsbucket.s3.ap-south-1.amazonaws.com/aspireLogo.png',NULL,'2024-05-02 11:14:49','2024-05-02 11:14:49',46),(149,'New Challenge Awaits','[Assignee Name] just threw down the gauntlet with a new challenge for the team.','default','https://postactionsbucket.s3.ap-south-1.amazonaws.com/uploads/profile-picture1714468513766_imagefile.jpg',NULL,'2024-05-02 11:14:59','2024-05-02 11:14:59',45),(150,'New Challenge Awaits','[Assignee Name] just threw down the gauntlet with a new challenge for the team.','default','https://postactionsbucket.s3.ap-south-1.amazonaws.com/uploads/profile-picture1714468513766_imagefile.jpg',NULL,'2024-05-02 11:14:59','2024-05-02 11:14:59',47),(151,'New Challenge Awaits','[Assignee Name] just threw down the gauntlet with a new challenge for the team.','default','https://postactionsbucket.s3.ap-south-1.amazonaws.com/uploads/profile-picture1714652641816_imagefile.jpg',NULL,'2024-05-02 13:24:18','2024-05-02 13:24:18',45),(152,'👀 Someone just reacted to your post! ','Your post received a heartwarming reaction.','default','https://postactionsbucket.s3.ap-south-1.amazonaws.com/aspireLogo.png',NULL,'2024-05-02 13:45:17','2024-05-02 13:45:17',8),(153,'👀 Someone just reacted to your post! ','Your post received a heartwarming reaction.','default','https://postactionsbucket.s3.ap-south-1.amazonaws.com/aspireLogo.png',NULL,'2024-05-02 13:45:18','2024-05-02 13:45:18',8),(154,'👀 Someone just reacted to your post! ','Your post received a heartwarming reaction.','default','https://postactionsbucket.s3.ap-south-1.amazonaws.com/aspireLogo.png',NULL,'2024-05-02 13:45:21','2024-05-02 13:45:21',46),(155,'👀 Someone just reacted to your post! ','Your post received a heartwarming reaction.','default','https://postactionsbucket.s3.ap-south-1.amazonaws.com/aspireLogo.png',NULL,'2024-05-02 13:45:23','2024-05-02 13:45:23',12),(156,'👀 Someone just reacted to your post! ','Your post received a heartwarming reaction.','default','https://postactionsbucket.s3.ap-south-1.amazonaws.com/aspireLogo.png',NULL,'2024-05-02 13:47:11','2024-05-02 13:47:11',8),(157,'👀 Someone just reacted to your post! ','Your post received a heartwarming reaction.','default','https://postactionsbucket.s3.ap-south-1.amazonaws.com/aspireLogo.png',NULL,'2024-05-02 13:47:11','2024-05-02 13:47:11',8),(158,'👀 Someone just reacted to your post! ','Your post received a heartwarming reaction.','default','https://postactionsbucket.s3.ap-south-1.amazonaws.com/aspireLogo.png',NULL,'2024-05-02 13:47:13','2024-05-02 13:47:13',8),(159,'👀 Someone just reacted to your post! ','Your post received a heartwarming reaction.','default','https://postactionsbucket.s3.ap-south-1.amazonaws.com/aspireLogo.png',NULL,'2024-05-02 13:47:16','2024-05-02 13:47:16',8),(160,'👀 Someone just reacted to your post! ','Your post received a heartwarming reaction.','default','https://postactionsbucket.s3.ap-south-1.amazonaws.com/aspireLogo.png',NULL,'2024-05-02 13:47:19','2024-05-02 13:47:19',8),(161,'Unlock New Possibilities! 🔓','A new program has been unlocked just for you. It\'s time to embark on another exciting learning journey.','default','https://postactionsbucket.s3.ap-south-1.amazonaws.com/aspireLogo.png',NULL,'2024-05-02 14:01:56','2024-05-02 14:01:56',7),(162,'Unlock New Possibilities! 🔓','A new program has been unlocked just for you. It\'s time to embark on another exciting learning journey.','default','https://postactionsbucket.s3.ap-south-1.amazonaws.com/aspireLogo.png',NULL,'2024-05-02 14:01:56','2024-05-02 14:01:56',40),(163,'👀 Someone just reacted to your post! ','Your post received a heartwarming reaction.','default','https://postactionsbucket.s3.ap-south-1.amazonaws.com/aspireLogo.png',NULL,'2024-05-02 14:18:17','2024-05-02 14:18:17',8),(164,'👀 Someone just reacted to your post! ','Your post received a heartwarming reaction.','default','https://postactionsbucket.s3.ap-south-1.amazonaws.com/aspireLogo.png',NULL,'2024-05-02 14:53:15','2024-05-02 14:53:15',10),(165,'👀 Someone just reacted to your post! ','Your post received a heartwarming reaction.','default','https://postactionsbucket.s3.ap-south-1.amazonaws.com/aspireLogo.png',NULL,'2024-05-02 14:53:24','2024-05-02 14:53:24',10),(166,'Oopsie-daisy!','Looks like you have missed shapes yesterday.','default','https://postactionsbucket.s3.ap-south-1.amazonaws.com/aspireLogo.png',NULL,'2024-05-02 15:29:21','2024-05-02 15:29:21',7),(167,'👀 Someone just reacted to your post! ','Your post received a heartwarming reaction.','default','https://postactionsbucket.s3.ap-south-1.amazonaws.com/aspireLogo.png',NULL,'2024-05-02 17:37:19','2024-05-02 17:37:19',47),(168,'👀 Someone just reacted to your post! ','Your post received a heartwarming reaction.','default','https://postactionsbucket.s3.ap-south-1.amazonaws.com/aspireLogo.png',NULL,'2024-05-02 17:37:22','2024-05-02 17:37:22',47),(169,'👀 Someone just reacted to your post! ','Your post received a heartwarming reaction.','default','https://postactionsbucket.s3.ap-south-1.amazonaws.com/aspireLogo.png',NULL,'2024-05-02 17:37:23','2024-05-02 17:37:23',47),(170,'👀 Someone just reacted to your post! ','Your post received a heartwarming reaction.','default','https://postactionsbucket.s3.ap-south-1.amazonaws.com/aspireLogo.png',NULL,'2024-05-02 17:37:28','2024-05-02 17:37:28',12),(171,'👀 Someone just reacted to your post! ','Your post received a heartwarming reaction.','default','https://postactionsbucket.s3.ap-south-1.amazonaws.com/aspireLogo.png',NULL,'2024-05-02 17:37:30','2024-05-02 17:37:30',12),(172,'👀 Someone just reacted to your post! ','Your post received a heartwarming reaction.','default','https://postactionsbucket.s3.ap-south-1.amazonaws.com/aspireLogo.png',NULL,'2024-05-02 17:37:31','2024-05-02 17:37:31',12),(173,'👀 Someone just reacted to your post! ','Your post received a heartwarming reaction.','default','https://postactionsbucket.s3.ap-south-1.amazonaws.com/aspireLogo.png',NULL,'2024-05-02 17:37:35','2024-05-02 17:37:35',8),(174,'👀 Someone just reacted to your post! ','Your post received a heartwarming reaction.','default','https://postactionsbucket.s3.ap-south-1.amazonaws.com/aspireLogo.png',NULL,'2024-05-02 17:37:40','2024-05-02 17:37:40',8),(175,'👀 Someone just reacted to your post! ','Your post received a heartwarming reaction.','default','https://postactionsbucket.s3.ap-south-1.amazonaws.com/aspireLogo.png',NULL,'2024-05-02 18:21:22','2024-05-02 18:21:22',47),(176,'👀 Someone just reacted to your post! ','Your post received a heartwarming reaction.','default','https://postactionsbucket.s3.ap-south-1.amazonaws.com/aspireLogo.png',NULL,'2024-05-02 18:21:23','2024-05-02 18:21:23',47),(177,'👀 Someone just reacted to your post! ','Your post received a heartwarming reaction.','default','https://postactionsbucket.s3.ap-south-1.amazonaws.com/aspireLogo.png',NULL,'2024-05-02 18:21:25','2024-05-02 18:21:25',47),(178,'👀 Someone just reacted to your post! ','Your post received a heartwarming reaction.','default','https://postactionsbucket.s3.ap-south-1.amazonaws.com/aspireLogo.png',NULL,'2024-05-02 18:21:27','2024-05-02 18:21:27',47),(179,'👀 Someone just reacted to your post! ','Your post received a heartwarming reaction.','default','https://postactionsbucket.s3.ap-south-1.amazonaws.com/aspireLogo.png',NULL,'2024-05-02 18:25:51','2024-05-02 18:25:51',47),(180,'👀 Someone just reacted to your post! ','Your post received a heartwarming reaction.','default','https://postactionsbucket.s3.ap-south-1.amazonaws.com/aspireLogo.png',NULL,'2024-05-02 18:25:53','2024-05-02 18:25:53',12),(181,'👀 Someone just reacted to your post! ','Your post received a heartwarming reaction.','default','https://postactionsbucket.s3.ap-south-1.amazonaws.com/aspireLogo.png',NULL,'2024-05-02 18:25:59','2024-05-02 18:25:59',8),(182,'👀 Someone just reacted to your post! ','Your post received a heartwarming reaction.','default','https://postactionsbucket.s3.ap-south-1.amazonaws.com/aspireLogo.png',NULL,'2024-05-02 18:26:02','2024-05-02 18:26:02',8),(183,'Oopsie-daisy!','Looks like you have missed shapes yesterday.','default','https://postactionsbucket.s3.ap-south-1.amazonaws.com/aspireLogo.png',NULL,'2024-05-02 20:04:31','2024-05-02 20:04:31',10),(184,'Oopsie-daisy!','Looks like you have missed shapes yesterday.','default','https://postactionsbucket.s3.ap-south-1.amazonaws.com/aspireLogo.png',NULL,'2024-05-03 04:55:36','2024-05-03 04:55:36',7),(185,'The Clock is Ticking! ⏰','A fresh task is ready for you, just waiting to be conquered','default','https://postactionsbucket.s3.ap-south-1.amazonaws.com/aspireLogo.png',NULL,'2024-05-03 06:47:20','2024-05-03 06:47:20',21),(186,'👀 Someone just reacted to your post! ','Your post received a heartwarming reaction.','default','https://postactionsbucket.s3.ap-south-1.amazonaws.com/aspireLogo.png',NULL,'2024-05-03 07:57:16','2024-05-03 07:57:16',8),(187,'Oops!','Your challenge is cancelled as no one has accepted it','default','https://postactionsbucket.s3.ap-south-1.amazonaws.com/aspireLogo.png',NULL,'2024-05-03 09:00:00','2024-05-03 09:00:00',12),(188,'The Clock is Ticking! ⏰','A fresh task is ready for you, just waiting to be conquered','default','https://postactionsbucket.s3.ap-south-1.amazonaws.com/aspireLogo.png',NULL,'2024-05-03 10:32:10','2024-05-03 10:32:10',47),(189,'👀 Someone just reacted to your post! ','Your post received a heartwarming reaction.','default','https://postactionsbucket.s3.ap-south-1.amazonaws.com/aspireLogo.png',NULL,'2024-05-03 10:36:21','2024-05-03 10:36:21',8),(190,'Oops!','Your challenge is cancelled as no one has accepted it','default','https://postactionsbucket.s3.ap-south-1.amazonaws.com/aspireLogo.png',NULL,'2024-05-03 11:30:00','2024-05-03 11:30:00',46),(191,'Unlock New Possibilities! 🔓','A new program has been unlocked just for you. It\'s time to embark on another exciting learning journey.','default','https://postactionsbucket.s3.ap-south-1.amazonaws.com/aspireLogo.png',NULL,'2024-05-03 12:04:55','2024-05-03 12:04:55',47),(192,'Unlock New Possibilities! 🔓','A new program has been unlocked just for you. It\'s time to embark on another exciting learning journey.','default','https://postactionsbucket.s3.ap-south-1.amazonaws.com/aspireLogo.png',NULL,'2024-05-03 12:04:56','2024-05-03 12:04:56',51),(193,'The Clock is Ticking! ⏰','A fresh task is ready for you, just waiting to be conquered','default','https://postactionsbucket.s3.ap-south-1.amazonaws.com/aspireLogo.png',NULL,'2024-05-03 12:34:00','2024-05-03 12:34:00',51),(194,'👀 Someone just reacted to your post! ','Your post received a heartwarming reaction.','default','https://postactionsbucket.s3.ap-south-1.amazonaws.com/aspireLogo.png',NULL,'2024-05-03 12:42:06','2024-05-03 12:42:06',47),(195,'👀 Someone just reacted to your post! ','Your post received a heartwarming reaction.','default','https://postactionsbucket.s3.ap-south-1.amazonaws.com/aspireLogo.png',NULL,'2024-05-03 12:42:12','2024-05-03 12:42:12',12),(196,'👀 Someone just reacted to your post! ','Your post received a heartwarming reaction.','default','https://postactionsbucket.s3.ap-south-1.amazonaws.com/aspireLogo.png',NULL,'2024-05-03 12:42:16','2024-05-03 12:42:16',12),(197,'👀 Someone just reacted to your post! ','Your post received a heartwarming reaction.','default','https://postactionsbucket.s3.ap-south-1.amazonaws.com/aspireLogo.png',NULL,'2024-05-03 12:42:21','2024-05-03 12:42:21',8),(198,'Oops!','Your challenge is cancelled as no one has accepted it','default','https://postactionsbucket.s3.ap-south-1.amazonaws.com/aspireLogo.png',NULL,'2024-05-03 13:30:00','2024-05-03 13:30:00',47),(199,'The Clock is Ticking! ⏰','A fresh task is ready for you, just waiting to be conquered','default','https://postactionsbucket.s3.ap-south-1.amazonaws.com/aspireLogo.png',NULL,'2024-05-03 13:42:43','2024-05-03 13:42:43',12),(200,'Oopsie-daisy!','Looks like you have missed shapes yesterday.','default','https://postactionsbucket.s3.ap-south-1.amazonaws.com/aspireLogo.png',NULL,'2024-05-04 04:16:08','2024-05-04 04:16:08',7),(201,'Oopsie-daisy!','Looks like you have missed shapes yesterday.','default','https://postactionsbucket.s3.ap-south-1.amazonaws.com/aspireLogo.png',NULL,'2024-05-04 04:27:45','2024-05-04 04:27:45',47),(202,'Oopsie-daisy!','Looks like you have missed shapes yesterday.','default','https://postactionsbucket.s3.ap-south-1.amazonaws.com/aspireLogo.png',NULL,'2024-05-04 06:43:57','2024-05-04 06:43:57',10),(203,'Oopsie-daisy!','Looks like you have missed shapes yesterday.','default','https://postactionsbucket.s3.ap-south-1.amazonaws.com/aspireLogo.png',NULL,'2024-05-04 10:16:49','2024-05-04 10:16:49',47),(204,'👀 Someone just reacted to your post! ','Your post received a heartwarming reaction.','default','https://postactionsbucket.s3.ap-south-1.amazonaws.com/aspireLogo.png',NULL,'2024-05-04 10:52:27','2024-05-04 10:52:27',7),(205,'Oopsie-daisy!','Looks like you have missed shapes yesterday.','default','https://postactionsbucket.s3.ap-south-1.amazonaws.com/aspireLogo.png',NULL,'2024-05-04 10:58:39','2024-05-04 10:58:39',10),(206,'New Challenge Awaits','[Assignee Name] just threw down the gauntlet with a new challenge for the team.','default','https://postactionsbucket.s3.ap-south-1.amazonaws.com/uploads/profile-picture1714659946230_imagefile.jpg',NULL,'2024-05-04 10:58:41','2024-05-04 10:58:41',45),(207,'New Challenge Awaits','[Assignee Name] just threw down the gauntlet with a new challenge for the team.','default','https://postactionsbucket.s3.ap-south-1.amazonaws.com/uploads/profile-picture1714659946230_imagefile.jpg',NULL,'2024-05-04 10:58:41','2024-05-04 10:58:41',46),(208,'👀 Someone just reacted to your post! ','Your post received a heartwarming reaction.','default','https://postactionsbucket.s3.ap-south-1.amazonaws.com/aspireLogo.png',NULL,'2024-05-04 11:12:52','2024-05-04 11:12:52',47),(209,'Oopsie-daisy!','Looks like you have missed shapes yesterday.','default','https://postactionsbucket.s3.ap-south-1.amazonaws.com/aspireLogo.png',NULL,'2024-05-04 11:22:24','2024-05-04 11:22:24',46),(210,'The Clock is Ticking! ⏰','A fresh task is ready for you, just waiting to be conquered','default','https://postactionsbucket.s3.ap-south-1.amazonaws.com/aspireLogo.png',NULL,'2024-05-04 11:22:48','2024-05-04 11:22:48',46),(211,'New Challenge Awaits','[Assignee Name] just threw down the gauntlet with a new challenge for the team.','default','https://postactionsbucket.s3.ap-south-1.amazonaws.com/uploads/profile-picture1714468513766_imagefile.jpg',NULL,'2024-05-04 11:24:11','2024-05-04 11:24:11',45),(212,'The Clock is Ticking! ⏰','A fresh task is ready for you, just waiting to be conquered','default','https://postactionsbucket.s3.ap-south-1.amazonaws.com/aspireLogo.png',NULL,'2024-05-04 16:14:33','2024-05-04 16:14:33',7),(213,'Oopsie-daisy!','Looks like you have missed shapes yesterday.','default','https://postactionsbucket.s3.ap-south-1.amazonaws.com/aspireLogo.png',NULL,'2024-05-05 05:46:36','2024-05-05 05:46:36',12),(214,'Oopsie-daisy!','Looks like you have missed shapes yesterday.','default','https://postactionsbucket.s3.ap-south-1.amazonaws.com/aspireLogo.png',NULL,'2024-05-05 07:20:40','2024-05-05 07:20:40',10),(215,'👀 Someone just reacted to your post! ','Your post received a heartwarming reaction.','default','https://postactionsbucket.s3.ap-south-1.amazonaws.com/aspireLogo.png',NULL,'2024-05-05 10:54:04','2024-05-05 10:54:04',10),(216,'Oops!','Your challenge is cancelled as no one has accepted it','default','https://postactionsbucket.s3.ap-south-1.amazonaws.com/aspireLogo.png',NULL,'2024-05-05 11:00:00','2024-05-05 11:00:00',47),(217,'Oops!','Your challenge is cancelled as no one has accepted it','default','https://postactionsbucket.s3.ap-south-1.amazonaws.com/aspireLogo.png',NULL,'2024-05-05 11:30:00','2024-05-05 11:30:00',46),(218,'Oopsie-daisy!','Looks like you have missed shapes yesterday.','default','https://postactionsbucket.s3.ap-south-1.amazonaws.com/aspireLogo.png',NULL,'2024-05-05 14:06:20','2024-05-05 14:06:20',8),(219,'👀 Someone just reacted to your post! ','Your post received a heartwarming reaction.','default','https://postactionsbucket.s3.ap-south-1.amazonaws.com/aspireLogo.png',NULL,'2024-05-05 14:30:45','2024-05-05 14:30:45',8),(220,'👀 Someone just reacted to your post! ','Your post received a heartwarming reaction.','default','https://postactionsbucket.s3.ap-south-1.amazonaws.com/aspireLogo.png',NULL,'2024-05-05 19:14:02','2024-05-05 19:14:02',10),(221,'Oopsie-daisy!','Looks like you have missed shapes yesterday.','default','https://postactionsbucket.s3.ap-south-1.amazonaws.com/aspireLogo.png',NULL,'2024-05-06 03:18:38','2024-05-06 03:18:38',8),(222,'Oopsie-daisy!','Looks like you have missed shapes yesterday.','default','https://postactionsbucket.s3.ap-south-1.amazonaws.com/aspireLogo.png',NULL,'2024-05-06 03:25:52','2024-05-06 03:25:52',8),(223,'New Challenge Awaits','[Assignee Name] just threw down the gauntlet with a new challenge for the team.','default','https://postactionsbucket.s3.ap-south-1.amazonaws.com/uploads/profile-picture1713942971379_1713942932900_IMG.png',NULL,'2024-05-06 03:32:22','2024-05-06 03:32:22',5),(224,'New Challenge Awaits','[Assignee Name] just threw down the gauntlet with a new challenge for the team.','default','https://postactionsbucket.s3.ap-south-1.amazonaws.com/uploads/profile-picture1713942971379_1713942932900_IMG.png',NULL,'2024-05-06 03:32:22','2024-05-06 03:32:22',7),(225,'New Challenge Awaits','[Assignee Name] just threw down the gauntlet with a new challenge for the team.','default','https://postactionsbucket.s3.ap-south-1.amazonaws.com/uploads/profile-picture1713942971379_1713942932900_IMG.png',NULL,'2024-05-06 03:32:22','2024-05-06 03:32:22',9),(226,'New Challenge Awaits','[Assignee Name] just threw down the gauntlet with a new challenge for the team.','default','https://postactionsbucket.s3.ap-south-1.amazonaws.com/uploads/profile-picture1713942971379_1713942932900_IMG.png',NULL,'2024-05-06 03:32:22','2024-05-06 03:32:22',10),(227,'The Clock is Ticking! ⏰','A fresh task is ready for you, just waiting to be conquered','default','https://postactionsbucket.s3.ap-south-1.amazonaws.com/aspireLogo.png',NULL,'2024-05-06 04:19:50','2024-05-06 04:19:50',5),(228,'Oopsie-daisy!','Looks like you have missed shapes yesterday.','default','https://postactionsbucket.s3.ap-south-1.amazonaws.com/aspireLogo.png',NULL,'2024-05-06 04:34:02','2024-05-06 04:34:02',8),(229,'Oopsie-daisy!','Looks like you have missed shapes yesterday.','default','https://postactionsbucket.s3.ap-south-1.amazonaws.com/aspireLogo.png',NULL,'2024-05-06 04:59:31','2024-05-06 04:59:31',8),(230,'Oopsie-daisy!','Looks like you have missed shapes yesterday.','default','https://postactionsbucket.s3.ap-south-1.amazonaws.com/aspireLogo.png',NULL,'2024-05-06 06:04:37','2024-05-06 06:04:37',48),(231,'New Challenge Awaits','[Assignee Name] just threw down the gauntlet with a new challenge for the team.','default','https://postactionsbucket.s3.ap-south-1.amazonaws.com/uploads/profile-picture1714659946944_1714659932823_IMG.png',NULL,'2024-05-06 06:32:16','2024-05-06 06:32:16',4),(232,'Oopsie-daisy!','Looks like you have missed shapes yesterday.','default','https://postactionsbucket.s3.ap-south-1.amazonaws.com/aspireLogo.png',NULL,'2024-05-06 06:51:04','2024-05-06 06:51:04',7),(233,'👀 Someone just reacted to your post! ','Your post received a heartwarming reaction.','default','https://postactionsbucket.s3.ap-south-1.amazonaws.com/aspireLogo.png',NULL,'2024-05-06 09:08:19','2024-05-06 09:08:19',12),(234,'👀 Someone just reacted to your post! ','Your post received a heartwarming reaction.','default','https://postactionsbucket.s3.ap-south-1.amazonaws.com/aspireLogo.png',NULL,'2024-05-06 09:09:00','2024-05-06 09:09:00',12),(235,'Oopsie-daisy!','Looks like you have missed shapes yesterday.','default','https://postactionsbucket.s3.ap-south-1.amazonaws.com/aspireLogo.png',NULL,'2024-05-06 09:44:36','2024-05-06 09:44:36',47),(236,'Oopsie-daisy!','Looks like you have missed shapes yesterday.','default','https://postactionsbucket.s3.ap-south-1.amazonaws.com/aspireLogo.png',NULL,'2024-05-06 09:45:56','2024-05-06 09:45:56',46),(237,'Oopsie-daisy!','Looks like you have missed shapes yesterday.','default','https://postactionsbucket.s3.ap-south-1.amazonaws.com/aspireLogo.png',NULL,'2024-05-06 09:50:00','2024-05-06 09:50:00',48),(238,'Oopsie-daisy!','Looks like you have missed shapes yesterday.','default','https://postactionsbucket.s3.ap-south-1.amazonaws.com/aspireLogo.png',NULL,'2024-05-06 10:34:34','2024-05-06 10:34:34',8),(239,'Ready for action!','s now onboard for the challenge.','default','https://postactionsbucket.s3.ap-south-1.amazonaws.com/uploads/profile-picture1713944611490_IMG_20240107_212915_015.jpg',NULL,'2024-05-06 10:58:48','2024-05-06 10:58:48',8),(240,'Oopsie-daisy!','Looks like you have missed shapes yesterday.','default','https://postactionsbucket.s3.ap-south-1.amazonaws.com/aspireLogo.png',NULL,'2024-05-06 12:13:31','2024-05-06 12:13:31',47),(241,'The Clock is Ticking! ⏰','A fresh task is ready for you, just waiting to be conquered','default','https://postactionsbucket.s3.ap-south-1.amazonaws.com/aspireLogo.png',NULL,'2024-05-06 12:14:07','2024-05-06 12:14:07',47),(242,'Unlock New Possibilities! 🔓','A new program has been unlocked just for you. It\'s time to embark on another exciting learning journey.','default','https://postactionsbucket.s3.ap-south-1.amazonaws.com/aspireLogo.png',NULL,'2024-05-06 12:28:18','2024-05-06 12:28:18',52),(243,'Unlock New Possibilities! 🔓','A new program has been unlocked just for you. It\'s time to embark on another exciting learning journey.','default','https://postactionsbucket.s3.ap-south-1.amazonaws.com/aspireLogo.png',NULL,'2024-05-06 12:28:18','2024-05-06 12:28:18',53),(244,'Unlock New Possibilities! 🔓','A new program has been unlocked just for you. It\'s time to embark on another exciting learning journey.','default','https://postactionsbucket.s3.ap-south-1.amazonaws.com/aspireLogo.png',NULL,'2024-05-06 12:57:04','2024-05-06 12:57:04',54),(245,'Unlock New Possibilities! 🔓','A new program has been unlocked just for you. It\'s time to embark on another exciting learning journey.','default','https://postactionsbucket.s3.ap-south-1.amazonaws.com/aspireLogo.png',NULL,'2024-05-06 12:57:05','2024-05-06 12:57:05',10),(246,'The Clock is Ticking! ⏰','A fresh task is ready for you, just waiting to be conquered','default','https://postactionsbucket.s3.ap-south-1.amazonaws.com/aspireLogo.png',NULL,'2024-05-06 12:58:12','2024-05-06 12:58:12',10),(247,'The Clock is Ticking! ⏰','A fresh task is ready for you, just waiting to be conquered','default','https://postactionsbucket.s3.ap-south-1.amazonaws.com/aspireLogo.png',NULL,'2024-05-06 13:17:43','2024-05-06 13:17:43',53),(248,'👀 Someone just reacted to your post! ','Your post received a heartwarming reaction.','default','https://postactionsbucket.s3.ap-south-1.amazonaws.com/aspireLogo.png',NULL,'2024-05-06 13:46:26','2024-05-06 13:46:26',53),(249,'Rise and shine, team! 💪','Your challenge has officially begun. It\'s time to accept and join the fray.','default','https://postactionsbucket.s3.ap-south-1.amazonaws.com/aspireLogo.png',NULL,'2024-05-07 04:00:00','2024-05-07 04:00:00',7),(250,'Rise and shine, team! 💪','Your challenge has officially begun. It\'s time to accept and join the fray.','default','https://postactionsbucket.s3.ap-south-1.amazonaws.com/aspireLogo.png',NULL,'2024-05-07 04:00:00','2024-05-07 04:00:00',8),(251,'Oops!','Your challenge is cancelled as no one has accepted it','default','https://postactionsbucket.s3.ap-south-1.amazonaws.com/aspireLogo.png',NULL,'2024-05-07 04:30:00','2024-05-07 04:30:00',5),(252,'The Clock is Ticking! ⏰','A fresh task is ready for you, just waiting to be conquered','default','https://postactionsbucket.s3.ap-south-1.amazonaws.com/aspireLogo.png',NULL,'2024-05-07 05:35:19','2024-05-07 05:35:19',53),(253,'The Clock is Ticking! ⏰','A fresh task is ready for you, just waiting to be conquered','default','https://postactionsbucket.s3.ap-south-1.amazonaws.com/aspireLogo.png',NULL,'2024-05-07 05:35:19','2024-05-07 05:35:19',53),(254,'Oopsie-daisy!','Looks like you have missed shapes yesterday.','default','https://postactionsbucket.s3.ap-south-1.amazonaws.com/aspireLogo.png',NULL,'2024-05-07 06:01:28','2024-05-07 06:01:28',47),(255,'Oopsie-daisy!','Looks like you have missed shapes yesterday.','default','https://postactionsbucket.s3.ap-south-1.amazonaws.com/aspireLogo.png',NULL,'2024-05-07 06:04:45','2024-05-07 06:04:45',10),(256,'Oopsie-daisy!','Looks like you have missed shapes yesterday.','default','https://postactionsbucket.s3.ap-south-1.amazonaws.com/aspireLogo.png',NULL,'2024-05-07 06:06:02','2024-05-07 06:06:02',8),(257,'Oopsie-daisy!','Looks like you have missed shapes yesterday.','default','https://postactionsbucket.s3.ap-south-1.amazonaws.com/aspireLogo.png',NULL,'2024-05-07 06:07:17','2024-05-07 06:07:17',47),(258,'Oopsie-daisy!','Looks like you have missed shapes yesterday.','default','https://postactionsbucket.s3.ap-south-1.amazonaws.com/aspireLogo.png',NULL,'2024-05-07 06:07:57','2024-05-07 06:07:57',46),(259,'New Challenge Awaits','[Assignee Name] just threw down the gauntlet with a new challenge for the team.','default','https://postactionsbucket.s3.ap-south-1.amazonaws.com/uploads/profile-picture1714468513766_imagefile.jpg',NULL,'2024-05-07 06:08:36','2024-05-07 06:08:36',45),(260,'New Challenge Awaits','[Assignee Name] just threw down the gauntlet with a new challenge for the team.','default','https://postactionsbucket.s3.ap-south-1.amazonaws.com/uploads/profile-picture1714468513766_imagefile.jpg',NULL,'2024-05-07 06:08:36','2024-05-07 06:08:36',47),(261,'Oopsie-daisy!','Looks like you have missed shapes yesterday.','default','https://postactionsbucket.s3.ap-south-1.amazonaws.com/aspireLogo.png',NULL,'2024-05-07 06:47:14','2024-05-07 06:47:14',12),(262,'Oopsie-daisy!','Looks like you have missed shapes yesterday.','default','https://postactionsbucket.s3.ap-south-1.amazonaws.com/aspireLogo.png',NULL,'2024-05-07 06:54:51','2024-05-07 06:54:51',47),(263,'Oops!','Your challenge is cancelled as no one has accepted it','default','https://postactionsbucket.s3.ap-south-1.amazonaws.com/aspireLogo.png',NULL,'2024-05-07 07:00:00','2024-05-07 07:00:00',12),(264,'Oops!','Your challenge is cancelled as no one has accepted it','default','https://postactionsbucket.s3.ap-south-1.amazonaws.com/aspireLogo.png',NULL,'2024-05-07 07:00:00','2024-05-07 07:00:00',12),(265,'New Challenge Awaits','[Assignee Name] just threw down the gauntlet with a new challenge for the team.','default','https://postactionsbucket.s3.ap-south-1.amazonaws.com/uploads/profile-picture1714659946944_1714659932823_IMG.png',NULL,'2024-05-07 07:06:39','2024-05-07 07:06:39',4),(266,'Oopsie-daisy!','Looks like you have missed shapes yesterday.','default','https://postactionsbucket.s3.ap-south-1.amazonaws.com/aspireLogo.png',NULL,'2024-05-07 07:34:48','2024-05-07 07:34:48',47),(267,'Oopsie-daisy!','Looks like you have missed shapes yesterday.','default','https://postactionsbucket.s3.ap-south-1.amazonaws.com/aspireLogo.png',NULL,'2024-05-07 07:35:14','2024-05-07 07:35:14',47),(268,'Oopsie-daisy!','Looks like you have missed shapes yesterday.','default','https://postactionsbucket.s3.ap-south-1.amazonaws.com/aspireLogo.png',NULL,'2024-05-07 07:39:24','2024-05-07 07:39:24',47),(269,'👀 Someone just reacted to your post! ','Your post received a heartwarming reaction.','default','https://postactionsbucket.s3.ap-south-1.amazonaws.com/aspireLogo.png',NULL,'2024-05-07 07:40:28','2024-05-07 07:40:28',12),(270,'👀 Someone just reacted to your post! ','Your post received a heartwarming reaction.','default','https://postactionsbucket.s3.ap-south-1.amazonaws.com/aspireLogo.png',NULL,'2024-05-07 07:40:33','2024-05-07 07:40:33',12),(271,'Oopsie-daisy!','Looks like you have missed shapes yesterday.','default','https://postactionsbucket.s3.ap-south-1.amazonaws.com/aspireLogo.png',NULL,'2024-05-07 09:42:19','2024-05-07 09:42:19',47),(272,'👀 Someone just reacted to your post! ','Your post received a heartwarming reaction.','default','https://postactionsbucket.s3.ap-south-1.amazonaws.com/aspireLogo.png',NULL,'2024-05-07 10:29:45','2024-05-07 10:29:45',10),(273,'👀 Someone just reacted to your post! ','Your post received a heartwarming reaction.','default','https://postactionsbucket.s3.ap-south-1.amazonaws.com/aspireLogo.png',NULL,'2024-05-07 10:35:00','2024-05-07 10:35:00',12),(274,'👀 Someone just reacted to your post! ','Your post received a heartwarming reaction.','default','https://postactionsbucket.s3.ap-south-1.amazonaws.com/aspireLogo.png',NULL,'2024-05-07 10:35:08','2024-05-07 10:35:08',10),(275,'👀 Someone just reacted to your post! ','Your post received a heartwarming reaction.','default','https://postactionsbucket.s3.ap-south-1.amazonaws.com/aspireLogo.png',NULL,'2024-05-07 10:35:10','2024-05-07 10:35:10',47),(276,'👀 Someone just reacted to your post! ','Your post received a heartwarming reaction.','default','https://postactionsbucket.s3.ap-south-1.amazonaws.com/aspireLogo.png',NULL,'2024-05-07 10:35:12','2024-05-07 10:35:12',12),(277,'Oopsie-daisy!','Looks like you have missed shapes yesterday.','default','https://postactionsbucket.s3.ap-south-1.amazonaws.com/aspireLogo.png',NULL,'2024-05-07 10:41:03','2024-05-07 10:41:03',48),(278,'👀 Someone just reacted to your post! ','Your post received a heartwarming reaction.','default','https://postactionsbucket.s3.ap-south-1.amazonaws.com/aspireLogo.png',NULL,'2024-05-07 10:46:18','2024-05-07 10:46:18',12),(279,'Oopsie-daisy!','Looks like you have missed shapes yesterday.','default','https://postactionsbucket.s3.ap-south-1.amazonaws.com/aspireLogo.png',NULL,'2024-05-07 10:49:00','2024-05-07 10:49:00',47),(280,'Oopsie-daisy!','Looks like you have missed shapes yesterday.','default','https://postactionsbucket.s3.ap-south-1.amazonaws.com/aspireLogo.png',NULL,'2024-05-07 10:59:14','2024-05-07 10:59:14',46),(281,'👀 Someone just reacted to your post! ','Your post received a heartwarming reaction.','default','https://postactionsbucket.s3.ap-south-1.amazonaws.com/aspireLogo.png',NULL,'2024-05-07 11:33:14','2024-05-07 11:33:14',46),(282,'👀 Someone just reacted to your post! ','Your post received a heartwarming reaction.','default','https://postactionsbucket.s3.ap-south-1.amazonaws.com/aspireLogo.png',NULL,'2024-05-07 11:33:16','2024-05-07 11:33:16',46),(283,'Oopsie-daisy!','Looks like you have missed shapes yesterday.','default','https://postactionsbucket.s3.ap-south-1.amazonaws.com/aspireLogo.png',NULL,'2024-05-07 11:34:42','2024-05-07 11:34:42',10),(284,'Oopsie-daisy!','Looks like you have missed shapes yesterday.','default','https://postactionsbucket.s3.ap-south-1.amazonaws.com/aspireLogo.png',NULL,'2024-05-07 11:52:08','2024-05-07 11:52:08',47),(285,'Oopsie-daisy!','Looks like you have missed shapes yesterday.','default','https://postactionsbucket.s3.ap-south-1.amazonaws.com/aspireLogo.png',NULL,'2024-05-07 12:03:58','2024-05-07 12:03:58',46),(286,'Oopsie-daisy!','Looks like you have missed shapes yesterday.','default','https://postactionsbucket.s3.ap-south-1.amazonaws.com/aspireLogo.png',NULL,'2024-05-07 12:05:06','2024-05-07 12:05:06',47),(287,'Oopsie-daisy!','Looks like you have missed shapes yesterday.','default','https://postactionsbucket.s3.ap-south-1.amazonaws.com/aspireLogo.png',NULL,'2024-05-07 13:17:31','2024-05-07 13:17:31',12),(288,'Oopsie-daisy!','Looks like you have missed shapes yesterday.','default','https://postactionsbucket.s3.ap-south-1.amazonaws.com/aspireLogo.png',NULL,'2024-05-07 14:04:51','2024-05-07 14:04:51',46),(289,'👀 Someone just reacted to your post! ','Your post received a heartwarming reaction.','default','https://postactionsbucket.s3.ap-south-1.amazonaws.com/aspireLogo.png',NULL,'2024-05-07 14:12:28','2024-05-07 14:12:28',10),(290,'Oopsie-daisy!','Looks like you have missed shapes yesterday.','default','https://postactionsbucket.s3.ap-south-1.amazonaws.com/aspireLogo.png',NULL,'2024-05-07 18:51:59','2024-05-07 18:51:59',10),(291,'Oops!','Your challenge is cancelled as no one has accepted it','default','https://postactionsbucket.s3.ap-south-1.amazonaws.com/aspireLogo.png',NULL,'2024-05-07 19:00:00','2024-05-07 19:00:00',10),(292,'The Clock is Ticking! ⏰','A fresh task is ready for you, just waiting to be conquered','default','https://postactionsbucket.s3.ap-south-1.amazonaws.com/aspireLogo.png',NULL,'2024-05-08 02:49:07','2024-05-08 02:49:07',10),(293,'The Clock is Ticking! ⏰','A fresh task is ready for you, just waiting to be conquered','default','https://postactionsbucket.s3.ap-south-1.amazonaws.com/aspireLogo.png',NULL,'2024-05-08 02:49:07','2024-05-08 02:49:07',10),(294,'Oopsie-daisy!','Looks like you have missed shapes yesterday.','default','https://postactionsbucket.s3.ap-south-1.amazonaws.com/aspireLogo.png',NULL,'2024-05-08 05:02:12','2024-05-08 05:02:12',8),(295,'Oopsie-daisy!','Looks like you have missed shapes yesterday.','default','https://postactionsbucket.s3.ap-south-1.amazonaws.com/aspireLogo.png',NULL,'2024-05-08 06:00:04','2024-05-08 06:00:04',8),(296,'Oops!','Your challenge is cancelled as no one has accepted it','default','https://postactionsbucket.s3.ap-south-1.amazonaws.com/aspireLogo.png',NULL,'2024-05-08 06:30:00','2024-05-08 06:30:00',46),(297,'Oopsie-daisy!','Looks like you have missed shapes yesterday.','default','https://postactionsbucket.s3.ap-south-1.amazonaws.com/aspireLogo.png',NULL,'2024-05-08 06:33:47','2024-05-08 06:33:47',46),(298,'Unlock New Possibilities! 🔓','A new program has been unlocked just for you. It\'s time to embark on another exciting learning journey.','default','https://postactionsbucket.s3.ap-south-1.amazonaws.com/aspireLogo.png',NULL,'2024-05-08 06:46:31','2024-05-08 06:46:31',55),(299,'Unlock New Possibilities! 🔓','A new program has been unlocked just for you. It\'s time to embark on another exciting learning journey.','default','https://postactionsbucket.s3.ap-south-1.amazonaws.com/aspireLogo.png',NULL,'2024-05-08 06:46:31','2024-05-08 06:46:31',56),(300,'Oopsie-daisy!','Looks like you have missed shapes yesterday.','default','https://postactionsbucket.s3.ap-south-1.amazonaws.com/aspireLogo.png',NULL,'2024-05-08 06:56:05','2024-05-08 06:56:05',12),(301,'👀 Someone just reacted to your post! ','Your post received a heartwarming reaction.','default','https://postactionsbucket.s3.ap-south-1.amazonaws.com/aspireLogo.png',NULL,'2024-05-08 07:16:23','2024-05-08 07:16:23',46),(302,'👀 Someone just reacted to your post! ','Your post received a heartwarming reaction.','default','https://postactionsbucket.s3.ap-south-1.amazonaws.com/aspireLogo.png',NULL,'2024-05-08 07:16:26','2024-05-08 07:16:26',46),(303,'👀 Someone just reacted to your post! ','Your post received a heartwarming reaction.','default','https://postactionsbucket.s3.ap-south-1.amazonaws.com/aspireLogo.png',NULL,'2024-05-08 07:16:28','2024-05-08 07:16:28',46),(304,'👀 Someone just reacted to your post! ','Your post received a heartwarming reaction.','default','https://postactionsbucket.s3.ap-south-1.amazonaws.com/aspireLogo.png',NULL,'2024-05-08 07:16:29','2024-05-08 07:16:29',46),(305,'👀 Someone just reacted to your post! ','Your post received a heartwarming reaction.','default','https://postactionsbucket.s3.ap-south-1.amazonaws.com/aspireLogo.png',NULL,'2024-05-08 07:16:31','2024-05-08 07:16:31',46),(306,'👀 Someone just reacted to your post! ','Your post received a heartwarming reaction.','default','https://postactionsbucket.s3.ap-south-1.amazonaws.com/aspireLogo.png',NULL,'2024-05-08 07:16:34','2024-05-08 07:16:34',46),(307,'👀 Someone just reacted to your post! ','Your post received a heartwarming reaction.','default','https://postactionsbucket.s3.ap-south-1.amazonaws.com/aspireLogo.png',NULL,'2024-05-08 07:16:35','2024-05-08 07:16:35',46),(308,'👀 Someone just reacted to your post! ','Your post received a heartwarming reaction.','default','https://postactionsbucket.s3.ap-south-1.amazonaws.com/aspireLogo.png',NULL,'2024-05-08 07:16:38','2024-05-08 07:16:38',46),(309,'👀 Someone just reacted to your post! ','Your post received a heartwarming reaction.','default','https://postactionsbucket.s3.ap-south-1.amazonaws.com/aspireLogo.png',NULL,'2024-05-08 07:16:42','2024-05-08 07:16:42',46),(310,'👀 Someone just reacted to your post! ','Your post received a heartwarming reaction.','default','https://postactionsbucket.s3.ap-south-1.amazonaws.com/aspireLogo.png',NULL,'2024-05-08 07:16:44','2024-05-08 07:16:44',46),(311,'👀 Someone just reacted to your post! ','Your post received a heartwarming reaction.','default','https://postactionsbucket.s3.ap-south-1.amazonaws.com/aspireLogo.png',NULL,'2024-05-08 07:16:51','2024-05-08 07:16:51',46),(312,'Oops!','Your challenge is cancelled as no one has accepted it','default','https://postactionsbucket.s3.ap-south-1.amazonaws.com/aspireLogo.png',NULL,'2024-05-08 07:30:00','2024-05-08 07:30:00',12),(313,'👀 Someone just reacted to your post! ','Your post received a heartwarming reaction.','default','https://postactionsbucket.s3.ap-south-1.amazonaws.com/aspireLogo.png',NULL,'2024-05-08 08:45:33','2024-05-08 08:45:33',12),(314,'Oopsie-daisy!','Looks like you have missed shapes yesterday.','default','https://postactionsbucket.s3.ap-south-1.amazonaws.com/aspireLogo.png',NULL,'2024-05-08 08:48:15','2024-05-08 08:48:15',47),(315,'The Clock is Ticking! ⏰','A fresh task is ready for you, just waiting to be conquered','default','https://postactionsbucket.s3.ap-south-1.amazonaws.com/aspireLogo.png',NULL,'2024-05-08 08:50:54','2024-05-08 08:50:54',47),(316,'Unlock New Possibilities! 🔓','A new program has been unlocked just for you. It\'s time to embark on another exciting learning journey.','default','https://postactionsbucket.s3.ap-south-1.amazonaws.com/aspireLogo.png',NULL,'2024-05-08 09:25:17','2024-05-08 09:25:17',57),(317,'Unlock New Possibilities! 🔓','A new program has been unlocked just for you. It\'s time to embark on another exciting learning journey.','default','https://postactionsbucket.s3.ap-south-1.amazonaws.com/aspireLogo.png',NULL,'2024-05-08 09:25:17','2024-05-08 09:25:17',58),(318,'Oopsie-daisy!','Looks like you have missed shapes yesterday.','default','https://postactionsbucket.s3.ap-south-1.amazonaws.com/aspireLogo.png',NULL,'2024-05-08 10:57:45','2024-05-08 10:57:45',47),(319,'Oopsie-daisy!','Looks like you have missed shapes yesterday.','default','https://postactionsbucket.s3.ap-south-1.amazonaws.com/aspireLogo.png',NULL,'2024-05-08 11:02:44','2024-05-08 11:02:44',10),(320,'Oopsie-daisy!','Looks like you have missed shapes yesterday.','default','https://postactionsbucket.s3.ap-south-1.amazonaws.com/aspireLogo.png',NULL,'2024-05-08 11:35:58','2024-05-08 11:35:58',47),(321,'Oopsie-daisy!','Looks like you have missed shapes yesterday.','default','https://postactionsbucket.s3.ap-south-1.amazonaws.com/aspireLogo.png',NULL,'2024-05-08 12:49:42','2024-05-08 12:49:42',46),(322,'Oopsie-daisy!','Looks like you have missed shapes yesterday.','default','https://postactionsbucket.s3.ap-south-1.amazonaws.com/aspireLogo.png',NULL,'2024-05-08 13:09:54','2024-05-08 13:09:54',47),(323,'Oopsie-daisy!','Looks like you have missed shapes yesterday.','default','https://postactionsbucket.s3.ap-south-1.amazonaws.com/aspireLogo.png',NULL,'2024-05-08 13:50:14','2024-05-08 13:50:14',47),(324,'New Challenge Awaits','[Assignee Name] just threw down the gauntlet with a new challenge for the team.','default','https://postactionsbucket.s3.ap-south-1.amazonaws.com/uploads/profile-picture1715173785457_imagefile.jpg',NULL,'2024-05-08 13:54:48','2024-05-08 13:54:48',45),(325,'New Challenge Awaits','[Assignee Name] just threw down the gauntlet with a new challenge for the team.','default','https://postactionsbucket.s3.ap-south-1.amazonaws.com/uploads/profile-picture1715173785457_imagefile.jpg',NULL,'2024-05-08 13:54:48','2024-05-08 13:54:48',46),(326,'Oopsie-daisy!','Looks like you have missed shapes yesterday.','default','https://postactionsbucket.s3.ap-south-1.amazonaws.com/aspireLogo.png',NULL,'2024-05-08 14:12:31','2024-05-08 14:12:31',47),(327,'Oopsie-daisy!','Looks like you have missed shapes yesterday.','default','https://postactionsbucket.s3.ap-south-1.amazonaws.com/aspireLogo.png',NULL,'2024-05-08 14:18:12','2024-05-08 14:18:12',12),(328,'Oopsie-daisy!','Looks like you have missed shapes yesterday.','default','https://postactionsbucket.s3.ap-south-1.amazonaws.com/aspireLogo.png',NULL,'2024-05-08 14:18:36','2024-05-08 14:18:36',47),(329,'Oopsie-daisy!','Looks like you have missed shapes yesterday.','default','https://postactionsbucket.s3.ap-south-1.amazonaws.com/aspireLogo.png',NULL,'2024-05-08 14:22:57','2024-05-08 14:22:57',12),(330,'Oopsie-daisy!','Looks like you have missed shapes yesterday.','default','https://postactionsbucket.s3.ap-south-1.amazonaws.com/aspireLogo.png',NULL,'2024-05-08 14:26:06','2024-05-08 14:26:06',46),(331,'Oopsie-daisy!','Looks like you have missed shapes yesterday.','default','https://postactionsbucket.s3.ap-south-1.amazonaws.com/aspireLogo.png',NULL,'2024-05-08 14:40:45','2024-05-08 14:40:45',47),(332,'Oopsie-daisy!','Looks like you have missed shapes yesterday.','default','https://postactionsbucket.s3.ap-south-1.amazonaws.com/aspireLogo.png',NULL,'2024-05-08 15:37:53','2024-05-08 15:37:53',12),(333,'Oopsie-daisy!','Looks like you have missed shapes yesterday.','default','https://postactionsbucket.s3.ap-south-1.amazonaws.com/aspireLogo.png',NULL,'2024-05-08 16:55:01','2024-05-08 16:55:01',12),(334,'New Challenge Awaits','[Assignee Name] just threw down the gauntlet with a new challenge for the team.','default','https://postactionsbucket.s3.ap-south-1.amazonaws.com/uploads/profile-picture1714659946944_1714659932823_IMG.png',NULL,'2024-05-08 16:57:35','2024-05-08 16:57:35',4),(335,'Oopsie-daisy!','Looks like you have missed shapes yesterday.','default','https://postactionsbucket.s3.ap-south-1.amazonaws.com/aspireLogo.png',NULL,'2024-05-08 18:34:34','2024-05-08 18:34:34',10),(336,'Oopsie-daisy!','Looks like you have missed shapes yesterday.','default','https://postactionsbucket.s3.ap-south-1.amazonaws.com/aspireLogo.png',NULL,'2024-05-08 19:07:58','2024-05-08 19:07:58',7),(337,'👀 Someone just reacted to your post! ','Your post received a heartwarming reaction.','default','https://postactionsbucket.s3.ap-south-1.amazonaws.com/aspireLogo.png',NULL,'2024-05-08 19:23:58','2024-05-08 19:23:58',12),(338,'👀 Someone just reacted to your post! ','Your post received a heartwarming reaction.','default','https://postactionsbucket.s3.ap-south-1.amazonaws.com/aspireLogo.png',NULL,'2024-05-08 19:24:01','2024-05-08 19:24:01',12),(339,'👀 Someone just reacted to your post! ','Your post received a heartwarming reaction.','default','https://postactionsbucket.s3.ap-south-1.amazonaws.com/aspireLogo.png',NULL,'2024-05-08 19:24:03','2024-05-08 19:24:03',12),(340,'👀 Someone just reacted to your post! ','Your post received a heartwarming reaction.','default','https://postactionsbucket.s3.ap-south-1.amazonaws.com/aspireLogo.png',NULL,'2024-05-08 19:24:06','2024-05-08 19:24:06',12),(341,'Oopsie-daisy!','Looks like you have missed shapes yesterday.','default','https://postactionsbucket.s3.ap-south-1.amazonaws.com/aspireLogo.png',NULL,'2024-05-09 05:12:46','2024-05-09 05:12:46',8),(342,'👀 Someone just reacted to your post! ','Your post received a heartwarming reaction.','default','https://postactionsbucket.s3.ap-south-1.amazonaws.com/aspireLogo.png',NULL,'2024-05-09 05:19:11','2024-05-09 05:19:11',7),(343,'Oopsie-daisy!','Looks like you have missed shapes yesterday.','default','https://postactionsbucket.s3.ap-south-1.amazonaws.com/aspireLogo.png',NULL,'2024-05-09 05:38:32','2024-05-09 05:38:32',12),(344,'Oopsie-daisy!','Looks like you have missed shapes yesterday.','default','https://postactionsbucket.s3.ap-south-1.amazonaws.com/aspireLogo.png',NULL,'2024-05-09 06:04:14','2024-05-09 06:04:14',47),(345,'Oopsie-daisy!','Looks like you have missed shapes yesterday.','default','https://postactionsbucket.s3.ap-south-1.amazonaws.com/aspireLogo.png',NULL,'2024-05-09 06:09:06','2024-05-09 06:09:06',47),(346,'Oopsie-daisy!','Looks like you have missed shapes yesterday.','default','https://postactionsbucket.s3.ap-south-1.amazonaws.com/aspireLogo.png',NULL,'2024-05-09 06:15:18','2024-05-09 06:15:18',10),(347,'Unlock New Possibilities! 🔓','A new program has been unlocked just for you. It\'s time to embark on another exciting learning journey.','default','https://postactionsbucket.s3.ap-south-1.amazonaws.com/aspireLogo.png',NULL,'2024-05-09 07:23:17','2024-05-09 07:23:17',59),(348,'Unlock New Possibilities! 🔓','A new program has been unlocked just for you. It\'s time to embark on another exciting learning journey.','default','https://postactionsbucket.s3.ap-south-1.amazonaws.com/aspireLogo.png',NULL,'2024-05-09 07:23:17','2024-05-09 07:23:17',60),(349,'Oopsie-daisy!','Looks like you have missed shapes yesterday.','default','https://postactionsbucket.s3.ap-south-1.amazonaws.com/aspireLogo.png',NULL,'2024-05-09 08:42:26','2024-05-09 08:42:26',47),(350,'👀 Someone just reacted to your post! ','Your post received a heartwarming reaction.','default','https://postactionsbucket.s3.ap-south-1.amazonaws.com/aspireLogo.png',NULL,'2024-05-09 08:57:42','2024-05-09 08:57:42',8),(351,'👀 Someone just reacted to your post! ','Your post received a heartwarming reaction.','default','https://postactionsbucket.s3.ap-south-1.amazonaws.com/aspireLogo.png',NULL,'2024-05-09 08:57:44','2024-05-09 08:57:44',8),(352,'👀 Someone just reacted to your post! ','Your post received a heartwarming reaction.','default','https://postactionsbucket.s3.ap-south-1.amazonaws.com/aspireLogo.png',NULL,'2024-05-09 08:57:45','2024-05-09 08:57:45',8),(353,'👀 Someone just reacted to your post! ','Your post received a heartwarming reaction.','default','https://postactionsbucket.s3.ap-south-1.amazonaws.com/aspireLogo.png',NULL,'2024-05-09 08:57:47','2024-05-09 08:57:47',8),(354,'👀 Someone just reacted to your post! ','Your post received a heartwarming reaction.','default','https://postactionsbucket.s3.ap-south-1.amazonaws.com/aspireLogo.png',NULL,'2024-05-09 08:57:48','2024-05-09 08:57:48',8),(355,'👀 Someone just reacted to your post! ','Your post received a heartwarming reaction.','default','https://postactionsbucket.s3.ap-south-1.amazonaws.com/aspireLogo.png',NULL,'2024-05-09 08:57:49','2024-05-09 08:57:49',8),(356,'Oopsie-daisy!','Looks like you have missed shapes yesterday.','default','https://postactionsbucket.s3.ap-south-1.amazonaws.com/aspireLogo.png',NULL,'2024-05-09 09:03:00','2024-05-09 09:03:00',12),(357,'👀 Someone just reacted to your post! ','Your post received a heartwarming reaction.','default','https://postactionsbucket.s3.ap-south-1.amazonaws.com/aspireLogo.png',NULL,'2024-05-09 12:58:10','2024-05-09 12:58:10',47),(358,'👀 Someone just reacted to your post! ','Your post received a heartwarming reaction.','default','https://postactionsbucket.s3.ap-south-1.amazonaws.com/aspireLogo.png',NULL,'2024-05-09 12:58:14','2024-05-09 12:58:14',10),(359,'Oopsie-daisy!','Looks like you have missed shapes yesterday.','default','https://postactionsbucket.s3.ap-south-1.amazonaws.com/aspireLogo.png',NULL,'2024-05-09 13:05:56','2024-05-09 13:05:56',12),(360,'👀 Someone just reacted to your post! ','Your post received a heartwarming reaction.','default','https://postactionsbucket.s3.ap-south-1.amazonaws.com/aspireLogo.png',NULL,'2024-05-09 13:11:05','2024-05-09 13:11:05',47),(361,'Oopsie-daisy!','Looks like you have missed shapes yesterday.','default','https://postactionsbucket.s3.ap-south-1.amazonaws.com/aspireLogo.png',NULL,'2024-05-09 13:12:00','2024-05-09 13:12:00',47),(362,'New Challenge Awaits','[Assignee Name] just threw down the gauntlet with a new challenge for the team.','default','https://postactionsbucket.s3.ap-south-1.amazonaws.com/uploads/profile-picture1715173785457_imagefile.jpg',NULL,'2024-05-09 13:29:24','2024-05-09 13:29:24',51),(363,'Oopsie-daisy!','Looks like you have missed shapes yesterday.','default','https://postactionsbucket.s3.ap-south-1.amazonaws.com/aspireLogo.png',NULL,'2024-05-09 13:47:12','2024-05-09 13:47:12',10),(364,'Oops!','Your challenge is cancelled as no one has accepted it','default','https://postactionsbucket.s3.ap-south-1.amazonaws.com/aspireLogo.png',NULL,'2024-05-09 14:00:00','2024-05-09 14:00:00',47),(365,'Unlock New Possibilities! 🔓','A new program has been unlocked just for you. It\'s time to embark on another exciting learning journey.','default','https://postactionsbucket.s3.ap-south-1.amazonaws.com/aspireLogo.png',NULL,'2024-05-09 14:36:16','2024-05-09 14:36:16',60),(366,'Unlock New Possibilities! 🔓','A new program has been unlocked just for you. It\'s time to embark on another exciting learning journey.','default','https://postactionsbucket.s3.ap-south-1.amazonaws.com/aspireLogo.png',NULL,'2024-05-09 14:36:16','2024-05-09 14:36:16',61),(367,'The Clock is Ticking! ⏰','A fresh task is ready for you, just waiting to be conquered','default','https://postactionsbucket.s3.ap-south-1.amazonaws.com/aspireLogo.png',NULL,'2024-05-09 14:58:08','2024-05-09 14:58:08',61),(368,'Oopsie-daisy!','Looks like you have missed shapes yesterday.','default','https://postactionsbucket.s3.ap-south-1.amazonaws.com/aspireLogo.png',NULL,'2024-05-09 15:03:35','2024-05-09 15:03:35',61),(369,'The Clock is Ticking! ⏰','A fresh task is ready for you, just waiting to be conquered','default','https://postactionsbucket.s3.ap-south-1.amazonaws.com/aspireLogo.png',NULL,'2024-05-09 15:40:45','2024-05-09 15:40:45',57),(370,'Oopsie-daisy!','Looks like you have missed shapes yesterday.','default','https://postactionsbucket.s3.ap-south-1.amazonaws.com/aspireLogo.png',NULL,'2024-05-09 15:44:42','2024-05-09 15:44:42',57),(371,'Oops!','Your challenge is cancelled as no one has accepted it','default','https://postactionsbucket.s3.ap-south-1.amazonaws.com/aspireLogo.png',NULL,'2024-05-09 16:00:01','2024-05-09 16:00:01',10),(372,'Unlock New Possibilities! 🔓','A new program has been unlocked just for you. It\'s time to embark on another exciting learning journey.','default','https://postactionsbucket.s3.ap-south-1.amazonaws.com/aspireLogo.png',NULL,'2024-05-09 16:38:53','2024-05-09 16:38:53',62),(373,'Unlock New Possibilities! 🔓','A new program has been unlocked just for you. It\'s time to embark on another exciting learning journey.','default','https://postactionsbucket.s3.ap-south-1.amazonaws.com/aspireLogo.png',NULL,'2024-05-09 16:38:53','2024-05-09 16:38:53',63),(374,'Oops!','Your challenge is cancelled as no one has accepted it','default','https://postactionsbucket.s3.ap-south-1.amazonaws.com/aspireLogo.png',NULL,'2024-05-09 17:00:00','2024-05-09 17:00:00',12),(375,'Oopsie-daisy!','Looks like you have missed shapes yesterday.','default','https://postactionsbucket.s3.ap-south-1.amazonaws.com/aspireLogo.png',NULL,'2024-05-09 18:46:04','2024-05-09 18:46:04',10),(376,'Oops!','Your challenge is cancelled as no one has accepted it','default','https://postactionsbucket.s3.ap-south-1.amazonaws.com/aspireLogo.png',NULL,'2024-05-09 19:30:00','2024-05-09 19:30:00',7),(377,'Oopsie-daisy!','Looks like you have missed shapes yesterday.','default','https://postactionsbucket.s3.ap-south-1.amazonaws.com/aspireLogo.png',NULL,'2024-05-10 04:16:22','2024-05-10 04:16:22',61),(378,'The Clock is Ticking! ⏰','A fresh task is ready for you, just waiting to be conquered','default','https://postactionsbucket.s3.ap-south-1.amazonaws.com/aspireLogo.png',NULL,'2024-05-10 04:16:54','2024-05-10 04:16:54',61),(379,'The Clock is Ticking! ⏰','A fresh task is ready for you, just waiting to be conquered','default','https://postactionsbucket.s3.ap-south-1.amazonaws.com/aspireLogo.png',NULL,'2024-05-10 04:16:54','2024-05-10 04:16:54',61),(380,'Oopsie-daisy!','Looks like you have missed shapes yesterday.','default','https://postactionsbucket.s3.ap-south-1.amazonaws.com/aspireLogo.png',NULL,'2024-05-10 04:24:59','2024-05-10 04:24:59',47),(381,'Oopsie-daisy!','Looks like you have missed shapes yesterday.','default','https://postactionsbucket.s3.ap-south-1.amazonaws.com/aspireLogo.png',NULL,'2024-05-10 05:09:05','2024-05-10 05:09:05',12),(382,'Oopsie-daisy!','Looks like you have missed shapes yesterday.','default','https://postactionsbucket.s3.ap-south-1.amazonaws.com/aspireLogo.png',NULL,'2024-05-10 05:15:04','2024-05-10 05:15:04',7),(383,'👀 Someone just reacted to your post! ','Your post received a heartwarming reaction.','default','https://postactionsbucket.s3.ap-south-1.amazonaws.com/aspireLogo.png',NULL,'2024-05-10 07:07:18','2024-05-10 07:07:18',10),(384,'👀 Someone just reacted to your post! ','Your post received a heartwarming reaction.','default','https://postactionsbucket.s3.ap-south-1.amazonaws.com/aspireLogo.png',NULL,'2024-05-10 07:07:21','2024-05-10 07:07:21',10),(385,'👀 Someone just reacted to your post! ','Your post received a heartwarming reaction.','default','https://postactionsbucket.s3.ap-south-1.amazonaws.com/aspireLogo.png',NULL,'2024-05-10 07:07:28','2024-05-10 07:07:28',57),(386,'👀 Someone just reacted to your post! ','Your post received a heartwarming reaction.','default','https://postactionsbucket.s3.ap-south-1.amazonaws.com/aspireLogo.png',NULL,'2024-05-10 07:07:30','2024-05-10 07:07:30',57),(387,'Unlock New Possibilities! 🔓','A new program has been unlocked just for you. It\'s time to embark on another exciting learning journey.','default','https://postactionsbucket.s3.ap-south-1.amazonaws.com/aspireLogo.png',NULL,'2024-05-10 07:30:18','2024-05-10 07:30:18',64),(388,'Unlock New Possibilities! 🔓','A new program has been unlocked just for you. It\'s time to embark on another exciting learning journey.','default','https://postactionsbucket.s3.ap-south-1.amazonaws.com/aspireLogo.png',NULL,'2024-05-10 07:30:18','2024-05-10 07:30:18',65),(389,'Unlock New Possibilities! 🔓','A new program has been unlocked just for you. It\'s time to embark on another exciting learning journey.','default','https://postactionsbucket.s3.ap-south-1.amazonaws.com/aspireLogo.png',NULL,'2024-05-10 07:30:18','2024-05-10 07:30:18',66),(390,'The Clock is Ticking! ⏰','A fresh task is ready for you, just waiting to be conquered','default','https://postactionsbucket.s3.ap-south-1.amazonaws.com/aspireLogo.png',NULL,'2024-05-10 08:02:29','2024-05-10 08:02:29',65),(391,'Oopsie-daisy!','Looks like you have missed shapes yesterday.','default','https://postactionsbucket.s3.ap-south-1.amazonaws.com/aspireLogo.png',NULL,'2024-05-10 08:13:24','2024-05-10 08:13:24',65),(392,'👀 Someone just reacted to your post! ','Your post received a heartwarming reaction.','default','https://postactionsbucket.s3.ap-south-1.amazonaws.com/aspireLogo.png',NULL,'2024-05-10 09:03:11','2024-05-10 09:03:11',57),(393,'Oops!','Your challenge is cancelled as no one has accepted it','default','https://postactionsbucket.s3.ap-south-1.amazonaws.com/aspireLogo.png',NULL,'2024-05-10 16:30:00','2024-05-10 16:30:00',47),(394,'Oopsie-daisy!','Looks like you have missed shapes yesterday.','default','https://postactionsbucket.s3.ap-south-1.amazonaws.com/aspireLogo.png',NULL,'2024-05-10 18:54:31','2024-05-10 18:54:31',10),(395,'Oopsie-daisy!','Looks like you have missed shapes yesterday.','default','https://postactionsbucket.s3.ap-south-1.amazonaws.com/aspireLogo.png',NULL,'2024-05-11 04:28:39','2024-05-11 04:28:39',7),(396,'Oopsie-daisy!','Looks like you have missed shapes yesterday.','default','https://postactionsbucket.s3.ap-south-1.amazonaws.com/aspireLogo.png',NULL,'2024-05-11 04:29:29','2024-05-11 04:29:29',8),(397,'Oopsie-daisy!','Looks like you have missed shapes yesterday.','default','https://postactionsbucket.s3.ap-south-1.amazonaws.com/aspireLogo.png',NULL,'2024-05-11 04:32:59','2024-05-11 04:32:59',47),(398,'Unlock New Possibilities! 🔓','A new program has been unlocked just for you. It\'s time to embark on another exciting learning journey.','default','https://postactionsbucket.s3.ap-south-1.amazonaws.com/aspireLogo.png',NULL,'2024-05-11 05:09:01','2024-05-11 05:09:01',67),(399,'Unlock New Possibilities! 🔓','A new program has been unlocked just for you. It\'s time to embark on another exciting learning journey.','default','https://postactionsbucket.s3.ap-south-1.amazonaws.com/aspireLogo.png',NULL,'2024-05-11 05:09:01','2024-05-11 05:09:01',68),(400,'Unlock New Possibilities! 🔓','A new program has been unlocked just for you. It\'s time to embark on another exciting learning journey.','default','https://postactionsbucket.s3.ap-south-1.amazonaws.com/aspireLogo.png',NULL,'2024-05-11 05:09:01','2024-05-11 05:09:01',69),(401,'Oopsie-daisy!','Looks like you have missed shapes yesterday.','default','https://postactionsbucket.s3.ap-south-1.amazonaws.com/aspireLogo.png',NULL,'2024-05-11 06:34:08','2024-05-11 06:34:08',12),(402,'The Clock is Ticking! ⏰','A fresh task is ready for you, just waiting to be conquered','default','https://postactionsbucket.s3.ap-south-1.amazonaws.com/aspireLogo.png',NULL,'2024-05-11 06:56:11','2024-05-11 06:56:11',68),(403,'Oopsie-daisy!','Looks like you have missed shapes yesterday.','default','https://postactionsbucket.s3.ap-south-1.amazonaws.com/aspireLogo.png',NULL,'2024-05-11 06:58:56','2024-05-11 06:58:56',68),(404,'👀 Someone just reacted to your post! ','Your post received a heartwarming reaction.','default','https://postactionsbucket.s3.ap-south-1.amazonaws.com/aspireLogo.png',NULL,'2024-05-11 06:59:43','2024-05-11 06:59:43',68),(405,'Oopsie-daisy!','Looks like you have missed shapes yesterday.','default','https://postactionsbucket.s3.ap-south-1.amazonaws.com/aspireLogo.png',NULL,'2024-05-11 07:05:09','2024-05-11 07:05:09',68),(406,'Oopsie-daisy!','Looks like you have missed shapes yesterday.','default','https://postactionsbucket.s3.ap-south-1.amazonaws.com/aspireLogo.png',NULL,'2024-05-11 07:24:07','2024-05-11 07:24:07',10),(407,'👀 Someone just reacted to your post! ','Your post received a heartwarming reaction.','default','https://postactionsbucket.s3.ap-south-1.amazonaws.com/aspireLogo.png',NULL,'2024-05-11 07:24:24','2024-05-11 07:24:24',68),(408,'👀 Someone just reacted to your post! ','Your post received a heartwarming reaction.','default','https://postactionsbucket.s3.ap-south-1.amazonaws.com/aspireLogo.png',NULL,'2024-05-11 07:24:34','2024-05-11 07:24:34',68),(409,'👀 Someone just reacted to your post! ','Your post received a heartwarming reaction.','default','https://postactionsbucket.s3.ap-south-1.amazonaws.com/aspireLogo.png',NULL,'2024-05-11 07:24:40','2024-05-11 07:24:40',8),(410,'👀 Someone just reacted to your post! ','Your post received a heartwarming reaction.','default','https://postactionsbucket.s3.ap-south-1.amazonaws.com/aspireLogo.png',NULL,'2024-05-11 07:25:14','2024-05-11 07:25:14',68),(411,'Oopsie-daisy!','Looks like you have missed shapes yesterday.','default','https://postactionsbucket.s3.ap-south-1.amazonaws.com/aspireLogo.png',NULL,'2024-05-11 07:30:57','2024-05-11 07:30:57',68),(412,'Oopsie-daisy!','Looks like you have missed shapes yesterday.','default','https://postactionsbucket.s3.ap-south-1.amazonaws.com/aspireLogo.png',NULL,'2024-05-11 07:39:39','2024-05-11 07:39:39',47),(413,'Oopsie-daisy!','Looks like you have missed shapes yesterday.','default','https://postactionsbucket.s3.ap-south-1.amazonaws.com/aspireLogo.png',NULL,'2024-05-11 07:49:42','2024-05-11 07:49:42',10),(414,'Oopsie-daisy!','Looks like you have missed shapes yesterday.','default','https://postactionsbucket.s3.ap-south-1.amazonaws.com/aspireLogo.png',NULL,'2024-05-11 07:51:35','2024-05-11 07:51:35',10),(415,'Oopsie-daisy!','Looks like you have missed shapes yesterday.','default','https://postactionsbucket.s3.ap-south-1.amazonaws.com/aspireLogo.png',NULL,'2024-05-11 07:58:25','2024-05-11 07:58:25',47),(416,'Oopsie-daisy!','Looks like you have missed shapes yesterday.','default','https://postactionsbucket.s3.ap-south-1.amazonaws.com/aspireLogo.png',NULL,'2024-05-11 07:59:47','2024-05-11 07:59:47',68),(417,'Oopsie-daisy!','Looks like you have missed shapes yesterday.','default','https://postactionsbucket.s3.ap-south-1.amazonaws.com/aspireLogo.png',NULL,'2024-05-11 08:16:23','2024-05-11 08:16:23',5),(418,'Oopsie-daisy!','Looks like you have missed shapes yesterday.','default','https://postactionsbucket.s3.ap-south-1.amazonaws.com/aspireLogo.png',NULL,'2024-05-11 08:18:40','2024-05-11 08:18:40',68),(419,'Oopsie-daisy!','Looks like you have missed shapes yesterday.','default','https://postactionsbucket.s3.ap-south-1.amazonaws.com/aspireLogo.png',NULL,'2024-05-11 08:19:40','2024-05-11 08:19:40',47),(420,'Oopsie-daisy!','Looks like you have missed shapes yesterday.','default','https://postactionsbucket.s3.ap-south-1.amazonaws.com/aspireLogo.png',NULL,'2024-05-11 08:21:28','2024-05-11 08:21:28',68),(421,'Unlock New Possibilities! 🔓','A new program has been unlocked just for you. It\'s time to embark on another exciting learning journey.','default','https://postactionsbucket.s3.ap-south-1.amazonaws.com/aspireLogo.png',NULL,'2024-05-11 08:40:09','2024-05-11 08:40:09',70),(422,'Unlock New Possibilities! 🔓','A new program has been unlocked just for you. It\'s time to embark on another exciting learning journey.','default','https://postactionsbucket.s3.ap-south-1.amazonaws.com/aspireLogo.png',NULL,'2024-05-11 08:40:09','2024-05-11 08:40:09',71),(423,'New Challenge Awaits','[Assignee Name] just threw down the gauntlet with a new challenge for the team.','default','https://postactionsbucket.s3.ap-south-1.amazonaws.com/uploads/profile-picture1715417034003_imagefile.jpg',NULL,'2024-05-11 08:55:05','2024-05-11 08:55:05',68),(424,'Oopsie-daisy!','Looks like you have missed shapes yesterday.','default','https://postactionsbucket.s3.ap-south-1.amazonaws.com/aspireLogo.png',NULL,'2024-05-11 09:04:29','2024-05-11 09:04:29',47),(425,'Unlock New Possibilities! 🔓','A new program has been unlocked just for you. It\'s time to embark on another exciting learning journey.','default','https://postactionsbucket.s3.ap-south-1.amazonaws.com/aspireLogo.png',NULL,'2024-05-11 09:06:39','2024-05-11 09:06:39',69),(426,'Unlock New Possibilities! 🔓','A new program has been unlocked just for you. It\'s time to embark on another exciting learning journey.','default','https://postactionsbucket.s3.ap-south-1.amazonaws.com/aspireLogo.png',NULL,'2024-05-11 09:06:39','2024-05-11 09:06:39',47),(427,'The Clock is Ticking! ⏰','A fresh task is ready for you, just waiting to be conquered','default','https://postactionsbucket.s3.ap-south-1.amazonaws.com/aspireLogo.png',NULL,'2024-05-11 09:07:16','2024-05-11 09:07:16',47),(428,'Ready for action!','s now onboard for the challenge.','default','https://postactionsbucket.s3.ap-south-1.amazonaws.com/uploads/profile-picture1715417034003_imagefile.jpg',NULL,'2024-05-11 09:10:32','2024-05-11 09:10:32',47),(429,'The Clock is Ticking! ⏰','A fresh task is ready for you, just waiting to be conquered','default','https://postactionsbucket.s3.ap-south-1.amazonaws.com/aspireLogo.png',NULL,'2024-05-11 10:33:38','2024-05-11 10:33:38',64),(430,'Oopsie-daisy!','Looks like you have missed shapes yesterday.','default','https://postactionsbucket.s3.ap-south-1.amazonaws.com/aspireLogo.png',NULL,'2024-05-11 10:36:42','2024-05-11 10:36:42',64),(431,'Oopsie-daisy!','Looks like you have missed shapes yesterday.','default','https://postactionsbucket.s3.ap-south-1.amazonaws.com/aspireLogo.png',NULL,'2024-05-11 12:05:38','2024-05-11 12:05:38',12),(432,'Oopsie-daisy!','Looks like you have missed shapes yesterday.','default','https://postactionsbucket.s3.ap-south-1.amazonaws.com/aspireLogo.png',NULL,'2024-05-11 12:08:44','2024-05-11 12:08:44',10),(433,'Oopsie-daisy!','Looks like you have missed shapes yesterday.','default','https://postactionsbucket.s3.ap-south-1.amazonaws.com/aspireLogo.png',NULL,'2024-05-11 12:41:16','2024-05-11 12:41:16',10),(434,'Unlock New Possibilities! 🔓','A new program has been unlocked just for you. It\'s time to embark on another exciting learning journey.','default','https://postactionsbucket.s3.ap-south-1.amazonaws.com/aspireLogo.png',NULL,'2024-05-11 12:52:28','2024-05-11 12:52:28',80),(435,'Unlock New Possibilities! 🔓','A new program has been unlocked just for you. It\'s time to embark on another exciting learning journey.','default','https://postactionsbucket.s3.ap-south-1.amazonaws.com/aspireLogo.png',NULL,'2024-05-11 12:52:28','2024-05-11 12:52:28',81),(436,'Unlock New Possibilities! 🔓','A new program has been unlocked just for you. It\'s time to embark on another exciting learning journey.','default','https://postactionsbucket.s3.ap-south-1.amazonaws.com/aspireLogo.png',NULL,'2024-05-11 12:58:50','2024-05-11 12:58:50',82),(437,'Unlock New Possibilities! 🔓','A new program has been unlocked just for you. It\'s time to embark on another exciting learning journey.','default','https://postactionsbucket.s3.ap-south-1.amazonaws.com/aspireLogo.png',NULL,'2024-05-11 12:58:50','2024-05-11 12:58:50',83),(438,'The Clock is Ticking! ⏰','A fresh task is ready for you, just waiting to be conquered','default','https://postactionsbucket.s3.ap-south-1.amazonaws.com/aspireLogo.png',NULL,'2024-05-11 13:00:21','2024-05-11 13:00:21',83),(439,'The Clock is Ticking! ⏰','A fresh task is ready for you, just waiting to be conquered','default','https://postactionsbucket.s3.ap-south-1.amazonaws.com/aspireLogo.png',NULL,'2024-05-11 13:04:33','2024-05-11 13:04:33',82),(440,'Unlock New Possibilities! 🔓','A new program has been unlocked just for you. It\'s time to embark on another exciting learning journey.','default','https://postactionsbucket.s3.ap-south-1.amazonaws.com/aspireLogo.png',NULL,'2024-05-11 13:21:38','2024-05-11 13:21:38',84),(441,'Unlock New Possibilities! 🔓','A new program has been unlocked just for you. It\'s time to embark on another exciting learning journey.','default','https://postactionsbucket.s3.ap-south-1.amazonaws.com/aspireLogo.png',NULL,'2024-05-11 13:21:38','2024-05-11 13:21:38',79),(442,'Unlock New Possibilities! 🔓','A new program has been unlocked just for you. It\'s time to embark on another exciting learning journey.','default','https://postactionsbucket.s3.ap-south-1.amazonaws.com/aspireLogo.png',NULL,'2024-05-11 14:13:37','2024-05-11 14:13:37',68),(443,'Unlock New Possibilities! 🔓','A new program has been unlocked just for you. It\'s time to embark on another exciting learning journey.','default','https://postactionsbucket.s3.ap-south-1.amazonaws.com/aspireLogo.png',NULL,'2024-05-11 14:13:37','2024-05-11 14:13:37',85),(444,'Oopsie-daisy!','Looks like you have missed shapes yesterday.','default','https://postactionsbucket.s3.ap-south-1.amazonaws.com/aspireLogo.png',NULL,'2024-05-11 14:13:45','2024-05-11 14:13:45',47),(445,'The Clock is Ticking! ⏰','A fresh task is ready for you, just waiting to be conquered','default','https://postactionsbucket.s3.ap-south-1.amazonaws.com/aspireLogo.png',NULL,'2024-05-11 14:29:29','2024-05-11 14:29:29',84),(446,'Oopsie-daisy!','Looks like you have missed shapes yesterday.','default','https://postactionsbucket.s3.ap-south-1.amazonaws.com/aspireLogo.png',NULL,'2024-05-11 14:30:23','2024-05-11 14:30:23',84),(447,'Oopsie-daisy!','Looks like you have missed shapes yesterday.','default','https://postactionsbucket.s3.ap-south-1.amazonaws.com/aspireLogo.png',NULL,'2024-05-11 14:31:03','2024-05-11 14:31:03',12),(448,'Unlock New Possibilities! 🔓','A new program has been unlocked just for you. It\'s time to embark on another exciting learning journey.','default','https://postactionsbucket.s3.ap-south-1.amazonaws.com/aspireLogo.png',NULL,'2024-05-11 14:39:14','2024-05-11 14:39:14',86),(449,'Unlock New Possibilities! 🔓','A new program has been unlocked just for you. It\'s time to embark on another exciting learning journey.','default','https://postactionsbucket.s3.ap-south-1.amazonaws.com/aspireLogo.png',NULL,'2024-05-11 14:39:14','2024-05-11 14:39:14',10),(450,'The Clock is Ticking! ⏰','A fresh task is ready for you, just waiting to be conquered','default','https://postactionsbucket.s3.ap-south-1.amazonaws.com/aspireLogo.png',NULL,'2024-05-11 14:43:40','2024-05-11 14:43:40',86),(451,'The Clock is Ticking! ⏰','A fresh task is ready for you, just waiting to be conquered','default','https://postactionsbucket.s3.ap-south-1.amazonaws.com/aspireLogo.png',NULL,'2024-05-11 17:23:13','2024-05-11 17:23:13',10),(452,'Oopsie-daisy!','Looks like you have missed shapes yesterday.','default','https://postactionsbucket.s3.ap-south-1.amazonaws.com/aspireLogo.png',NULL,'2024-05-11 18:34:03','2024-05-11 18:34:03',10),(453,'Oopsie-daisy!','Looks like you have missed shapes yesterday.','default','https://postactionsbucket.s3.ap-south-1.amazonaws.com/aspireLogo.png',NULL,'2024-05-11 19:29:41','2024-05-11 19:29:41',8),(454,'Oopsie-daisy!','Looks like you have missed shapes yesterday.','default','https://postactionsbucket.s3.ap-south-1.amazonaws.com/aspireLogo.png',NULL,'2024-05-12 05:51:47','2024-05-12 05:51:47',7),(455,'Oopsie-daisy!','Looks like you have missed shapes yesterday.','default','https://postactionsbucket.s3.ap-south-1.amazonaws.com/aspireLogo.png',NULL,'2024-05-12 06:50:32','2024-05-12 06:50:32',35),(456,'Oopsie-daisy!','Looks like you have missed shapes yesterday.','default','https://postactionsbucket.s3.ap-south-1.amazonaws.com/aspireLogo.png',NULL,'2024-05-12 07:01:52','2024-05-12 07:01:52',10),(457,'Oops!','Your challenge is cancelled as no one has accepted it','default','https://postactionsbucket.s3.ap-south-1.amazonaws.com/aspireLogo.png',NULL,'2024-05-12 09:00:01','2024-05-12 09:00:01',68),(458,'Oops!','Your challenge is cancelled as no one has accepted it','default','https://postactionsbucket.s3.ap-south-1.amazonaws.com/aspireLogo.png',NULL,'2024-05-12 09:00:01','2024-05-12 09:00:01',68),(459,'Rise and shine, team! 💪','Your challenge has officially begun. It\'s time to accept and join the fray.','default','https://postactionsbucket.s3.ap-south-1.amazonaws.com/aspireLogo.png',NULL,'2024-05-12 09:00:01','2024-05-12 09:00:01',68),(460,'Rise and shine, team! 💪','Your challenge has officially begun. It\'s time to accept and join the fray.','default','https://postactionsbucket.s3.ap-south-1.amazonaws.com/aspireLogo.png',NULL,'2024-05-12 09:00:01','2024-05-12 09:00:01',68),(461,'Oops!','Your challenge is cancelled as no one has accepted it','default','https://postactionsbucket.s3.ap-south-1.amazonaws.com/aspireLogo.png',NULL,'2024-05-12 09:00:02','2024-05-12 09:00:02',68),(462,'Oops!','Your challenge is cancelled as no one has accepted it','default','https://postactionsbucket.s3.ap-south-1.amazonaws.com/aspireLogo.png',NULL,'2024-05-12 09:00:02','2024-05-12 09:00:02',68),(463,'Oops!','Your challenge is cancelled as no one has accepted it','default','https://postactionsbucket.s3.ap-south-1.amazonaws.com/aspireLogo.png',NULL,'2024-05-12 09:30:00','2024-05-12 09:30:00',47),(464,'Rise and shine, team! 💪','Your challenge has officially begun. It\'s time to accept and join the fray.','default','https://postactionsbucket.s3.ap-south-1.amazonaws.com/aspireLogo.png',NULL,'2024-05-12 09:30:00','2024-05-12 09:30:00',47),(465,'Rise and shine, team! 💪','Your challenge has officially begun. It\'s time to accept and join the fray.','default','https://postactionsbucket.s3.ap-south-1.amazonaws.com/aspireLogo.png',NULL,'2024-05-12 09:30:01','2024-05-12 09:30:01',47),(466,'Oopsie-daisy!','Looks like you have missed shapes yesterday.','default','https://postactionsbucket.s3.ap-south-1.amazonaws.com/aspireLogo.png',NULL,'2024-05-12 10:31:02','2024-05-12 10:31:02',10),(467,'Oopsie-daisy!','Looks like you have missed shapes yesterday.','default','https://postactionsbucket.s3.ap-south-1.amazonaws.com/aspireLogo.png',NULL,'2024-05-12 10:31:43','2024-05-12 10:31:43',12),(468,'Oopsie-daisy!','Looks like you have missed shapes yesterday.','default','https://postactionsbucket.s3.ap-south-1.amazonaws.com/aspireLogo.png',NULL,'2024-05-12 10:33:59','2024-05-12 10:33:59',10),(469,'Unlock New Possibilities! 🔓','A new program has been unlocked just for you. It\'s time to embark on another exciting learning journey.','default','https://postactionsbucket.s3.ap-south-1.amazonaws.com/aspireLogo.png',NULL,'2024-05-12 10:34:03','2024-05-12 10:34:03',87),(470,'Unlock New Possibilities! 🔓','A new program has been unlocked just for you. It\'s time to embark on another exciting learning journey.','default','https://postactionsbucket.s3.ap-south-1.amazonaws.com/aspireLogo.png',NULL,'2024-05-12 10:34:03','2024-05-12 10:34:03',88),(471,'Oopsie-daisy!','Looks like you have missed shapes yesterday.','default','https://postactionsbucket.s3.ap-south-1.amazonaws.com/aspireLogo.png',NULL,'2024-05-12 10:34:49','2024-05-12 10:34:49',12),(472,'Oopsie-daisy!','Looks like you have missed shapes yesterday.','default','https://postactionsbucket.s3.ap-south-1.amazonaws.com/aspireLogo.png',NULL,'2024-05-12 10:39:38','2024-05-12 10:39:38',10),(473,'Oopsie-daisy!','Looks like you have missed shapes yesterday.','default','https://postactionsbucket.s3.ap-south-1.amazonaws.com/aspireLogo.png',NULL,'2024-05-12 10:41:15','2024-05-12 10:41:15',10),(474,'Oops!','Your challenge is cancelled as no one has accepted it','default','https://postactionsbucket.s3.ap-south-1.amazonaws.com/aspireLogo.png',NULL,'2024-05-12 11:00:00','2024-05-12 11:00:00',64),(475,'Unlock New Possibilities! 🔓','A new program has been unlocked just for you. It\'s time to embark on another exciting learning journey.','default','https://postactionsbucket.s3.ap-south-1.amazonaws.com/aspireLogo.png',NULL,'2024-05-12 11:09:12','2024-05-12 11:09:12',89),(476,'Unlock New Possibilities! 🔓','A new program has been unlocked just for you. It\'s time to embark on another exciting learning journey.','default','https://postactionsbucket.s3.ap-south-1.amazonaws.com/aspireLogo.png',NULL,'2024-05-12 11:09:12','2024-05-12 11:09:12',90),(477,'Oopsie-daisy!','Looks like you have missed shapes yesterday.','default','https://postactionsbucket.s3.ap-south-1.amazonaws.com/aspireLogo.png',NULL,'2024-05-13 03:18:39','2024-05-13 03:18:39',10),(478,'Oopsie-daisy!','Looks like you have missed shapes yesterday.','default','https://postactionsbucket.s3.ap-south-1.amazonaws.com/aspireLogo.png',NULL,'2024-05-13 03:36:15','2024-05-13 03:36:15',47),(479,'The Clock is Ticking! ⏰','A fresh task is ready for you, just waiting to be conquered','default','https://postactionsbucket.s3.ap-south-1.amazonaws.com/aspireLogo.png',NULL,'2024-05-13 03:36:24','2024-05-13 03:36:24',47),(480,'The Clock is Ticking! ⏰','A fresh task is ready for you, just waiting to be conquered','default','https://postactionsbucket.s3.ap-south-1.amazonaws.com/aspireLogo.png',NULL,'2024-05-13 03:36:24','2024-05-13 03:36:24',47),(481,'The Clock is Ticking! ⏰','A fresh task is ready for you, just waiting to be conquered','default','https://postactionsbucket.s3.ap-south-1.amazonaws.com/aspireLogo.png',NULL,'2024-05-13 03:36:25','2024-05-13 03:36:25',47),(482,'Oopsie-daisy!','Looks like you have missed shapes yesterday.','default','https://postactionsbucket.s3.ap-south-1.amazonaws.com/aspireLogo.png',NULL,'2024-05-13 03:41:55','2024-05-13 03:41:55',47),(483,'Oopsie-daisy!','Looks like you have missed shapes yesterday.','default','https://postactionsbucket.s3.ap-south-1.amazonaws.com/aspireLogo.png',NULL,'2024-05-13 03:52:17','2024-05-13 03:52:17',47),(484,'Oopsie-daisy!','Looks like you have missed shapes yesterday.','default','https://postactionsbucket.s3.ap-south-1.amazonaws.com/aspireLogo.png',NULL,'2024-05-13 05:05:32','2024-05-13 05:05:32',47),(485,'Unlock New Possibilities! 🔓','A new program has been unlocked just for you. It\'s time to embark on another exciting learning journey.','default','https://postactionsbucket.s3.ap-south-1.amazonaws.com/aspireLogo.png',NULL,'2024-05-13 05:28:21','2024-05-13 05:28:21',91),(486,'Unlock New Possibilities! 🔓','A new program has been unlocked just for you. It\'s time to embark on another exciting learning journey.','default','https://postactionsbucket.s3.ap-south-1.amazonaws.com/aspireLogo.png',NULL,'2024-05-13 05:28:21','2024-05-13 05:28:21',59),(487,'Oopsie-daisy!','Looks like you have missed shapes yesterday.','default','https://postactionsbucket.s3.ap-south-1.amazonaws.com/aspireLogo.png',NULL,'2024-05-13 06:20:28','2024-05-13 06:20:28',64),(488,'The Clock is Ticking! ⏰','A fresh task is ready for you, just waiting to be conquered','default','https://postactionsbucket.s3.ap-south-1.amazonaws.com/aspireLogo.png',NULL,'2024-05-13 06:20:38','2024-05-13 06:20:38',64),(489,'The Clock is Ticking! ⏰','A fresh task is ready for you, just waiting to be conquered','default','https://postactionsbucket.s3.ap-south-1.amazonaws.com/aspireLogo.png',NULL,'2024-05-13 06:20:38','2024-05-13 06:20:38',64),(490,'Unlock New Possibilities! 🔓','A new program has been unlocked just for you. It\'s time to embark on another exciting learning journey.','default','https://postactionsbucket.s3.ap-south-1.amazonaws.com/aspireLogo.png',NULL,'2024-05-13 06:58:55','2024-05-13 06:58:55',92),(491,'Unlock New Possibilities! 🔓','A new program has been unlocked just for you. It\'s time to embark on another exciting learning journey.','default','https://postactionsbucket.s3.ap-south-1.amazonaws.com/aspireLogo.png',NULL,'2024-05-13 06:58:55','2024-05-13 06:58:55',93),(492,'The Clock is Ticking! ⏰','A fresh task is ready for you, just waiting to be conquered','default','https://postactionsbucket.s3.ap-south-1.amazonaws.com/aspireLogo.png',NULL,'2024-05-13 07:00:18','2024-05-13 07:00:18',93),(493,'Unlock New Possibilities! 🔓','A new program has been unlocked just for you. It\'s time to embark on another exciting learning journey.','default','https://postactionsbucket.s3.ap-south-1.amazonaws.com/aspireLogo.png',NULL,'2024-05-13 07:38:17','2024-05-13 07:38:17',94),(494,'Unlock New Possibilities! 🔓','A new program has been unlocked just for you. It\'s time to embark on another exciting learning journey.','default','https://postactionsbucket.s3.ap-south-1.amazonaws.com/aspireLogo.png',NULL,'2024-05-13 07:38:17','2024-05-13 07:38:17',10),(495,'The Clock is Ticking! ⏰','A fresh task is ready for you, just waiting to be conquered','default','https://postactionsbucket.s3.ap-south-1.amazonaws.com/aspireLogo.png',NULL,'2024-05-13 07:40:12','2024-05-13 07:40:12',94),(496,'Oopsie-daisy!','Looks like you have missed shapes yesterday.','default','https://postactionsbucket.s3.ap-south-1.amazonaws.com/aspireLogo.png',NULL,'2024-05-13 07:41:34','2024-05-13 07:41:34',94),(497,'Oopsie-daisy!','Looks like you have missed shapes yesterday.','default','https://postactionsbucket.s3.ap-south-1.amazonaws.com/aspireLogo.png',NULL,'2024-05-13 07:48:35','2024-05-13 07:48:35',12),(498,'Unlock New Possibilities! 🔓','A new program has been unlocked just for you. It\'s time to embark on another exciting learning journey.','default','https://postactionsbucket.s3.ap-south-1.amazonaws.com/aspireLogo.png',NULL,'2024-05-13 08:06:41','2024-05-13 08:06:41',95),(499,'Unlock New Possibilities! 🔓','A new program has been unlocked just for you. It\'s time to embark on another exciting learning journey.','default','https://postactionsbucket.s3.ap-south-1.amazonaws.com/aspireLogo.png',NULL,'2024-05-13 08:06:41','2024-05-13 08:06:41',19),(500,'The Clock is Ticking! ⏰','A fresh task is ready for you, just waiting to be conquered','default','https://postactionsbucket.s3.ap-south-1.amazonaws.com/aspireLogo.png',NULL,'2024-05-13 08:10:09','2024-05-13 08:10:09',95),(501,'Oopsie-daisy!','Looks like you have missed shapes yesterday.','default','https://postactionsbucket.s3.ap-south-1.amazonaws.com/aspireLogo.png',NULL,'2024-05-13 08:12:39','2024-05-13 08:12:39',95),(502,'New Challenge Awaits','[Assignee Name] just threw down the gauntlet with a new challenge for the team.','default',NULL,NULL,'2024-05-13 08:14:56','2024-05-13 08:14:56',19),(503,'Unlock New Possibilities! 🔓','A new program has been unlocked just for you. It\'s time to embark on another exciting learning journey.','default','https://postactionsbucket.s3.ap-south-1.amazonaws.com/aspireLogo.png',NULL,'2024-05-13 08:26:34','2024-05-13 08:26:34',95),(504,'Unlock New Possibilities! 🔓','A new program has been unlocked just for you. It\'s time to embark on another exciting learning journey.','default','https://postactionsbucket.s3.ap-south-1.amazonaws.com/aspireLogo.png',NULL,'2024-05-13 08:26:34','2024-05-13 08:26:34',96),(505,'Unlock New Possibilities! 🔓','A new program has been unlocked just for you. It\'s time to embark on another exciting learning journey.','default','https://postactionsbucket.s3.ap-south-1.amazonaws.com/aspireLogo.png',NULL,'2024-05-13 08:32:16','2024-05-13 08:32:16',96),(506,'Unlock New Possibilities! 🔓','A new program has been unlocked just for you. It\'s time to embark on another exciting learning journey.','default','https://postactionsbucket.s3.ap-south-1.amazonaws.com/aspireLogo.png',NULL,'2024-05-13 08:32:16','2024-05-13 08:32:16',97),(507,'The Clock is Ticking! ⏰','A fresh task is ready for you, just waiting to be conquered','default','https://postactionsbucket.s3.ap-south-1.amazonaws.com/aspireLogo.png',NULL,'2024-05-13 08:33:52','2024-05-13 08:33:52',97),(508,'Oopsie-daisy!','Looks like you have missed shapes yesterday.','default','https://postactionsbucket.s3.ap-south-1.amazonaws.com/aspireLogo.png',NULL,'2024-05-13 08:34:31','2024-05-13 08:34:31',97),(509,'Oopsie-daisy!','Looks like you have missed shapes yesterday.','default','https://postactionsbucket.s3.ap-south-1.amazonaws.com/aspireLogo.png',NULL,'2024-05-13 08:34:52','2024-05-13 08:34:52',5),(510,'Unlock New Possibilities! 🔓','A new program has been unlocked just for you. It\'s time to embark on another exciting learning journey.','default','https://postactionsbucket.s3.ap-south-1.amazonaws.com/aspireLogo.png',NULL,'2024-05-13 09:10:17','2024-05-13 09:10:17',99),(511,'Unlock New Possibilities! 🔓','A new program has been unlocked just for you. It\'s time to embark on another exciting learning journey.','default','https://postactionsbucket.s3.ap-south-1.amazonaws.com/aspireLogo.png',NULL,'2024-05-13 09:10:17','2024-05-13 09:10:17',100),(512,'The Clock is Ticking! ⏰','A fresh task is ready for you, just waiting to be conquered','default','https://postactionsbucket.s3.ap-south-1.amazonaws.com/aspireLogo.png',NULL,'2024-05-13 09:11:38','2024-05-13 09:11:38',99),(513,'Oopsie-daisy!','Looks like you have missed shapes yesterday.','default','https://postactionsbucket.s3.ap-south-1.amazonaws.com/aspireLogo.png',NULL,'2024-05-13 09:12:12','2024-05-13 09:12:12',99),(514,'Unlock New Possibilities! 🔓','A new program has been unlocked just for you. It\'s time to embark on another exciting learning journey.','default','https://postactionsbucket.s3.ap-south-1.amazonaws.com/aspireLogo.png',NULL,'2024-05-13 09:39:40','2024-05-13 09:39:40',101),(515,'Unlock New Possibilities! 🔓','A new program has been unlocked just for you. It\'s time to embark on another exciting learning journey.','default','https://postactionsbucket.s3.ap-south-1.amazonaws.com/aspireLogo.png',NULL,'2024-05-13 09:39:40','2024-05-13 09:39:40',102),(516,'The Clock is Ticking! ⏰','A fresh task is ready for you, just waiting to be conquered','default','https://postactionsbucket.s3.ap-south-1.amazonaws.com/aspireLogo.png',NULL,'2024-05-13 09:41:15','2024-05-13 09:41:15',101),(517,'Unlock New Possibilities! 🔓','A new program has been unlocked just for you. It\'s time to embark on another exciting learning journey.','default','https://postactionsbucket.s3.ap-south-1.amazonaws.com/aspireLogo.png',NULL,'2024-05-13 10:24:38','2024-05-13 10:24:38',103),(518,'Unlock New Possibilities! 🔓','A new program has been unlocked just for you. It\'s time to embark on another exciting learning journey.','default','https://postactionsbucket.s3.ap-south-1.amazonaws.com/aspireLogo.png',NULL,'2024-05-13 10:24:38','2024-05-13 10:24:38',104),(519,'Unlock New Possibilities! 🔓','A new program has been unlocked just for you. It\'s time to embark on another exciting learning journey.','default','https://postactionsbucket.s3.ap-south-1.amazonaws.com/aspireLogo.png',NULL,'2024-05-13 10:24:38','2024-05-13 10:24:38',105),(520,'Unlock New Possibilities! 🔓','A new program has been unlocked just for you. It\'s time to embark on another exciting learning journey.','default','https://postactionsbucket.s3.ap-south-1.amazonaws.com/aspireLogo.png',NULL,'2024-05-13 10:24:38','2024-05-13 10:24:38',106),(521,'Unlock New Possibilities! 🔓','A new program has been unlocked just for you. It\'s time to embark on another exciting learning journey.','default','https://postactionsbucket.s3.ap-south-1.amazonaws.com/aspireLogo.png',NULL,'2024-05-13 10:24:38','2024-05-13 10:24:38',107),(522,'Unlock New Possibilities! 🔓','A new program has been unlocked just for you. It\'s time to embark on another exciting learning journey.','default','https://postactionsbucket.s3.ap-south-1.amazonaws.com/aspireLogo.png',NULL,'2024-05-13 10:24:38','2024-05-13 10:24:38',108),(523,'Unlock New Possibilities! 🔓','A new program has been unlocked just for you. It\'s time to embark on another exciting learning journey.','default','https://postactionsbucket.s3.ap-south-1.amazonaws.com/aspireLogo.png',NULL,'2024-05-13 10:24:38','2024-05-13 10:24:38',109),(524,'Unlock New Possibilities! 🔓','A new program has been unlocked just for you. It\'s time to embark on another exciting learning journey.','default','https://postactionsbucket.s3.ap-south-1.amazonaws.com/aspireLogo.png',NULL,'2024-05-13 10:24:38','2024-05-13 10:24:38',110),(525,'Unlock New Possibilities! 🔓','A new program has been unlocked just for you. It\'s time to embark on another exciting learning journey.','default','https://postactionsbucket.s3.ap-south-1.amazonaws.com/aspireLogo.png',NULL,'2024-05-13 10:24:38','2024-05-13 10:24:38',111),(526,'Unlock New Possibilities! 🔓','A new program has been unlocked just for you. It\'s time to embark on another exciting learning journey.','default','https://postactionsbucket.s3.ap-south-1.amazonaws.com/aspireLogo.png',NULL,'2024-05-13 10:24:38','2024-05-13 10:24:38',112),(527,'Unlock New Possibilities! 🔓','A new program has been unlocked just for you. It\'s time to embark on another exciting learning journey.','default','https://postactionsbucket.s3.ap-south-1.amazonaws.com/aspireLogo.png',NULL,'2024-05-13 10:24:38','2024-05-13 10:24:38',113),(528,'Unlock New Possibilities! 🔓','A new program has been unlocked just for you. It\'s time to embark on another exciting learning journey.','default','https://postactionsbucket.s3.ap-south-1.amazonaws.com/aspireLogo.png',NULL,'2024-05-13 10:24:38','2024-05-13 10:24:38',114),(529,'Unlock New Possibilities! 🔓','A new program has been unlocked just for you. It\'s time to embark on another exciting learning journey.','default','https://postactionsbucket.s3.ap-south-1.amazonaws.com/aspireLogo.png',NULL,'2024-05-13 10:24:38','2024-05-13 10:24:38',115),(530,'Unlock New Possibilities! 🔓','A new program has been unlocked just for you. It\'s time to embark on another exciting learning journey.','default','https://postactionsbucket.s3.ap-south-1.amazonaws.com/aspireLogo.png',NULL,'2024-05-13 10:24:38','2024-05-13 10:24:38',116),(531,'Unlock New Possibilities! 🔓','A new program has been unlocked just for you. It\'s time to embark on another exciting learning journey.','default','https://postactionsbucket.s3.ap-south-1.amazonaws.com/aspireLogo.png',NULL,'2024-05-13 10:24:38','2024-05-13 10:24:38',117),(532,'Unlock New Possibilities! 🔓','A new program has been unlocked just for you. It\'s time to embark on another exciting learning journey.','default','https://postactionsbucket.s3.ap-south-1.amazonaws.com/aspireLogo.png',NULL,'2024-05-13 10:24:38','2024-05-13 10:24:38',118),(533,'Unlock New Possibilities! 🔓','A new program has been unlocked just for you. It\'s time to embark on another exciting learning journey.','default','https://postactionsbucket.s3.ap-south-1.amazonaws.com/aspireLogo.png',NULL,'2024-05-13 10:24:38','2024-05-13 10:24:38',119),(534,'Unlock New Possibilities! 🔓','A new program has been unlocked just for you. It\'s time to embark on another exciting learning journey.','default','https://postactionsbucket.s3.ap-south-1.amazonaws.com/aspireLogo.png',NULL,'2024-05-13 10:24:38','2024-05-13 10:24:38',120),(535,'Unlock New Possibilities! 🔓','A new program has been unlocked just for you. It\'s time to embark on another exciting learning journey.','default','https://postactionsbucket.s3.ap-south-1.amazonaws.com/aspireLogo.png',NULL,'2024-05-13 10:24:38','2024-05-13 10:24:38',121),(536,'Unlock New Possibilities! 🔓','A new program has been unlocked just for you. It\'s time to embark on another exciting learning journey.','default','https://postactionsbucket.s3.ap-south-1.amazonaws.com/aspireLogo.png',NULL,'2024-05-13 10:24:38','2024-05-13 10:24:38',122),(537,'Unlock New Possibilities! 🔓','A new program has been unlocked just for you. It\'s time to embark on another exciting learning journey.','default','https://postactionsbucket.s3.ap-south-1.amazonaws.com/aspireLogo.png',NULL,'2024-05-13 10:24:38','2024-05-13 10:24:38',123),(538,'Unlock New Possibilities! 🔓','A new program has been unlocked just for you. It\'s time to embark on another exciting learning journey.','default','https://postactionsbucket.s3.ap-south-1.amazonaws.com/aspireLogo.png',NULL,'2024-05-13 10:24:38','2024-05-13 10:24:38',124),(539,'Unlock New Possibilities! 🔓','A new program has been unlocked just for you. It\'s time to embark on another exciting learning journey.','default','https://postactionsbucket.s3.ap-south-1.amazonaws.com/aspireLogo.png',NULL,'2024-05-13 10:24:38','2024-05-13 10:24:38',125),(540,'Unlock New Possibilities! 🔓','A new program has been unlocked just for you. It\'s time to embark on another exciting learning journey.','default','https://postactionsbucket.s3.ap-south-1.amazonaws.com/aspireLogo.png',NULL,'2024-05-13 10:24:38','2024-05-13 10:24:38',126),(541,'Unlock New Possibilities! 🔓','A new program has been unlocked just for you. It\'s time to embark on another exciting learning journey.','default','https://postactionsbucket.s3.ap-south-1.amazonaws.com/aspireLogo.png',NULL,'2024-05-13 10:24:38','2024-05-13 10:24:38',127),(542,'Unlock New Possibilities! 🔓','A new program has been unlocked just for you. It\'s time to embark on another exciting learning journey.','default','https://postactionsbucket.s3.ap-south-1.amazonaws.com/aspireLogo.png',NULL,'2024-05-13 10:24:38','2024-05-13 10:24:38',128),(543,'Unlock New Possibilities! 🔓','A new program has been unlocked just for you. It\'s time to embark on another exciting learning journey.','default','https://postactionsbucket.s3.ap-south-1.amazonaws.com/aspireLogo.png',NULL,'2024-05-13 10:24:38','2024-05-13 10:24:38',129),(544,'Unlock New Possibilities! 🔓','A new program has been unlocked just for you. It\'s time to embark on another exciting learning journey.','default','https://postactionsbucket.s3.ap-south-1.amazonaws.com/aspireLogo.png',NULL,'2024-05-13 10:24:38','2024-05-13 10:24:38',130),(545,'Unlock New Possibilities! 🔓','A new program has been unlocked just for you. It\'s time to embark on another exciting learning journey.','default','https://postactionsbucket.s3.ap-south-1.amazonaws.com/aspireLogo.png',NULL,'2024-05-13 10:24:38','2024-05-13 10:24:38',131),(546,'Unlock New Possibilities! 🔓','A new program has been unlocked just for you. It\'s time to embark on another exciting learning journey.','default','https://postactionsbucket.s3.ap-south-1.amazonaws.com/aspireLogo.png',NULL,'2024-05-13 10:24:38','2024-05-13 10:24:38',132),(547,'Unlock New Possibilities! 🔓','A new program has been unlocked just for you. It\'s time to embark on another exciting learning journey.','default','https://postactionsbucket.s3.ap-south-1.amazonaws.com/aspireLogo.png',NULL,'2024-05-13 10:24:38','2024-05-13 10:24:38',133),(548,'Unlock New Possibilities! 🔓','A new program has been unlocked just for you. It\'s time to embark on another exciting learning journey.','default','https://postactionsbucket.s3.ap-south-1.amazonaws.com/aspireLogo.png',NULL,'2024-05-13 10:24:38','2024-05-13 10:24:38',134),(549,'Unlock New Possibilities! 🔓','A new program has been unlocked just for you. It\'s time to embark on another exciting learning journey.','default','https://postactionsbucket.s3.ap-south-1.amazonaws.com/aspireLogo.png',NULL,'2024-05-13 10:24:38','2024-05-13 10:24:38',135),(550,'Unlock New Possibilities! 🔓','A new program has been unlocked just for you. It\'s time to embark on another exciting learning journey.','default','https://postactionsbucket.s3.ap-south-1.amazonaws.com/aspireLogo.png',NULL,'2024-05-13 10:24:38','2024-05-13 10:24:38',136),(551,'Unlock New Possibilities! 🔓','A new program has been unlocked just for you. It\'s time to embark on another exciting learning journey.','default','https://postactionsbucket.s3.ap-south-1.amazonaws.com/aspireLogo.png',NULL,'2024-05-13 10:24:38','2024-05-13 10:24:38',137),(552,'Unlock New Possibilities! 🔓','A new program has been unlocked just for you. It\'s time to embark on another exciting learning journey.','default','https://postactionsbucket.s3.ap-south-1.amazonaws.com/aspireLogo.png',NULL,'2024-05-13 10:24:38','2024-05-13 10:24:38',138),(553,'Unlock New Possibilities! 🔓','A new program has been unlocked just for you. It\'s time to embark on another exciting learning journey.','default','https://postactionsbucket.s3.ap-south-1.amazonaws.com/aspireLogo.png',NULL,'2024-05-13 10:24:38','2024-05-13 10:24:38',139),(554,'Unlock New Possibilities! 🔓','A new program has been unlocked just for you. It\'s time to embark on another exciting learning journey.','default','https://postactionsbucket.s3.ap-south-1.amazonaws.com/aspireLogo.png',NULL,'2024-05-13 10:24:38','2024-05-13 10:24:38',140),(555,'Unlock New Possibilities! 🔓','A new program has been unlocked just for you. It\'s time to embark on another exciting learning journey.','default','https://postactionsbucket.s3.ap-south-1.amazonaws.com/aspireLogo.png',NULL,'2024-05-13 10:24:38','2024-05-13 10:24:38',141),(556,'Unlock New Possibilities! 🔓','A new program has been unlocked just for you. It\'s time to embark on another exciting learning journey.','default','https://postactionsbucket.s3.ap-south-1.amazonaws.com/aspireLogo.png',NULL,'2024-05-13 10:24:38','2024-05-13 10:24:38',142),(557,'Unlock New Possibilities! 🔓','A new program has been unlocked just for you. It\'s time to embark on another exciting learning journey.','default','https://postactionsbucket.s3.ap-south-1.amazonaws.com/aspireLogo.png',NULL,'2024-05-13 10:24:38','2024-05-13 10:24:38',143),(558,'Unlock New Possibilities! 🔓','A new program has been unlocked just for you. It\'s time to embark on another exciting learning journey.','default','https://postactionsbucket.s3.ap-south-1.amazonaws.com/aspireLogo.png',NULL,'2024-05-13 10:24:38','2024-05-13 10:24:38',144),(559,'Unlock New Possibilities! 🔓','A new program has been unlocked just for you. It\'s time to embark on another exciting learning journey.','default','https://postactionsbucket.s3.ap-south-1.amazonaws.com/aspireLogo.png',NULL,'2024-05-13 10:24:38','2024-05-13 10:24:38',145),(560,'Unlock New Possibilities! 🔓','A new program has been unlocked just for you. It\'s time to embark on another exciting learning journey.','default','https://postactionsbucket.s3.ap-south-1.amazonaws.com/aspireLogo.png',NULL,'2024-05-13 10:24:38','2024-05-13 10:24:38',146),(561,'Unlock New Possibilities! 🔓','A new program has been unlocked just for you. It\'s time to embark on another exciting learning journey.','default','https://postactionsbucket.s3.ap-south-1.amazonaws.com/aspireLogo.png',NULL,'2024-05-13 10:24:38','2024-05-13 10:24:38',147),(562,'Unlock New Possibilities! 🔓','A new program has been unlocked just for you. It\'s time to embark on another exciting learning journey.','default','https://postactionsbucket.s3.ap-south-1.amazonaws.com/aspireLogo.png',NULL,'2024-05-13 10:24:38','2024-05-13 10:24:38',148),(563,'Unlock New Possibilities! 🔓','A new program has been unlocked just for you. It\'s time to embark on another exciting learning journey.','default','https://postactionsbucket.s3.ap-south-1.amazonaws.com/aspireLogo.png',NULL,'2024-05-13 10:24:38','2024-05-13 10:24:38',149),(564,'Unlock New Possibilities! 🔓','A new program has been unlocked just for you. It\'s time to embark on another exciting learning journey.','default','https://postactionsbucket.s3.ap-south-1.amazonaws.com/aspireLogo.png',NULL,'2024-05-13 10:24:38','2024-05-13 10:24:38',150),(565,'Unlock New Possibilities! 🔓','A new program has been unlocked just for you. It\'s time to embark on another exciting learning journey.','default','https://postactionsbucket.s3.ap-south-1.amazonaws.com/aspireLogo.png',NULL,'2024-05-13 10:24:38','2024-05-13 10:24:38',151),(566,'Unlock New Possibilities! 🔓','A new program has been unlocked just for you. It\'s time to embark on another exciting learning journey.','default','https://postactionsbucket.s3.ap-south-1.amazonaws.com/aspireLogo.png',NULL,'2024-05-13 10:24:38','2024-05-13 10:24:38',152),(567,'Unlock New Possibilities! 🔓','A new program has been unlocked just for you. It\'s time to embark on another exciting learning journey.','default','https://postactionsbucket.s3.ap-south-1.amazonaws.com/aspireLogo.png',NULL,'2024-05-13 10:24:38','2024-05-13 10:24:38',153),(568,'Unlock New Possibilities! 🔓','A new program has been unlocked just for you. It\'s time to embark on another exciting learning journey.','default','https://postactionsbucket.s3.ap-south-1.amazonaws.com/aspireLogo.png',NULL,'2024-05-13 10:24:38','2024-05-13 10:24:38',154),(569,'Unlock New Possibilities! 🔓','A new program has been unlocked just for you. It\'s time to embark on another exciting learning journey.','default','https://postactionsbucket.s3.ap-south-1.amazonaws.com/aspireLogo.png',NULL,'2024-05-13 10:24:38','2024-05-13 10:24:38',155),(570,'Unlock New Possibilities! 🔓','A new program has been unlocked just for you. It\'s time to embark on another exciting learning journey.','default','https://postactionsbucket.s3.ap-south-1.amazonaws.com/aspireLogo.png',NULL,'2024-05-13 10:24:38','2024-05-13 10:24:38',156),(571,'Unlock New Possibilities! 🔓','A new program has been unlocked just for you. It\'s time to embark on another exciting learning journey.','default','https://postactionsbucket.s3.ap-south-1.amazonaws.com/aspireLogo.png',NULL,'2024-05-13 10:24:38','2024-05-13 10:24:38',157),(572,'Unlock New Possibilities! 🔓','A new program has been unlocked just for you. It\'s time to embark on another exciting learning journey.','default','https://postactionsbucket.s3.ap-south-1.amazonaws.com/aspireLogo.png',NULL,'2024-05-13 10:24:38','2024-05-13 10:24:38',158),(573,'Unlock New Possibilities! 🔓','A new program has been unlocked just for you. It\'s time to embark on another exciting learning journey.','default','https://postactionsbucket.s3.ap-south-1.amazonaws.com/aspireLogo.png',NULL,'2024-05-13 10:24:38','2024-05-13 10:24:38',159),(574,'Unlock New Possibilities! 🔓','A new program has been unlocked just for you. It\'s time to embark on another exciting learning journey.','default','https://postactionsbucket.s3.ap-south-1.amazonaws.com/aspireLogo.png',NULL,'2024-05-13 10:24:38','2024-05-13 10:24:38',160),(575,'Unlock New Possibilities! 🔓','A new program has been unlocked just for you. It\'s time to embark on another exciting learning journey.','default','https://postactionsbucket.s3.ap-south-1.amazonaws.com/aspireLogo.png',NULL,'2024-05-13 10:24:38','2024-05-13 10:24:38',161),(576,'Unlock New Possibilities! 🔓','A new program has been unlocked just for you. It\'s time to embark on another exciting learning journey.','default','https://postactionsbucket.s3.ap-south-1.amazonaws.com/aspireLogo.png',NULL,'2024-05-13 10:24:38','2024-05-13 10:24:38',162),(577,'Unlock New Possibilities! 🔓','A new program has been unlocked just for you. It\'s time to embark on another exciting learning journey.','default','https://postactionsbucket.s3.ap-south-1.amazonaws.com/aspireLogo.png',NULL,'2024-05-13 10:24:38','2024-05-13 10:24:38',163),(578,'Oopsie-daisy!','Looks like you have missed shapes yesterday.','default','https://postactionsbucket.s3.ap-south-1.amazonaws.com/aspireLogo.png',NULL,'2024-05-13 11:02:39','2024-05-13 11:02:39',5),(579,'Oopsie-daisy!','Looks like you have missed shapes yesterday.','default','https://postactionsbucket.s3.ap-south-1.amazonaws.com/aspireLogo.png',NULL,'2024-05-13 11:10:05','2024-05-13 11:10:05',5),(580,'Oopsie-daisy!','Looks like you have missed shapes yesterday.','default','https://postactionsbucket.s3.ap-south-1.amazonaws.com/aspireLogo.png',NULL,'2024-05-13 12:06:31','2024-05-13 12:06:31',99),(581,'Unlock New Possibilities! 🔓','A new program has been unlocked just for you. It\'s time to embark on another exciting learning journey.','default','https://postactionsbucket.s3.ap-south-1.amazonaws.com/aspireLogo.png',NULL,'2024-05-13 12:09:03','2024-05-13 12:09:03',164),(582,'Unlock New Possibilities! 🔓','A new program has been unlocked just for you. It\'s time to embark on another exciting learning journey.','default','https://postactionsbucket.s3.ap-south-1.amazonaws.com/aspireLogo.png',NULL,'2024-05-13 12:09:03','2024-05-13 12:09:03',165),(583,'Oopsie-daisy!','Looks like you have missed shapes yesterday.','default','https://postactionsbucket.s3.ap-south-1.amazonaws.com/aspireLogo.png',NULL,'2024-05-13 12:18:01','2024-05-13 12:18:01',12),(584,'👀 Someone just reacted to your post! ','Your post received a heartwarming reaction.','default','https://postactionsbucket.s3.ap-south-1.amazonaws.com/aspireLogo.png',NULL,'2024-05-13 12:18:59','2024-05-13 12:18:59',12),(585,'Oopsie-daisy!','Looks like you have missed shapes yesterday.','default','https://postactionsbucket.s3.ap-south-1.amazonaws.com/aspireLogo.png',NULL,'2024-05-13 12:24:45','2024-05-13 12:24:45',12),(586,'Unlock New Possibilities! 🔓','A new program has been unlocked just for you. It\'s time to embark on another exciting learning journey.','default','https://postactionsbucket.s3.ap-south-1.amazonaws.com/aspireLogo.png',NULL,'2024-05-13 12:32:37','2024-05-13 12:32:37',166),(587,'Unlock New Possibilities! 🔓','A new program has been unlocked just for you. It\'s time to embark on another exciting learning journey.','default','https://postactionsbucket.s3.ap-south-1.amazonaws.com/aspireLogo.png',NULL,'2024-05-13 12:32:37','2024-05-13 12:32:37',167),(588,'The Clock is Ticking! ⏰','A fresh task is ready for you, just waiting to be conquered','default','https://postactionsbucket.s3.ap-south-1.amazonaws.com/aspireLogo.png',NULL,'2024-05-13 13:30:21','2024-05-13 13:30:21',164),(589,'Oopsie-daisy!','Looks like you have missed shapes yesterday.','default','https://postactionsbucket.s3.ap-south-1.amazonaws.com/aspireLogo.png',NULL,'2024-05-13 13:31:25','2024-05-13 13:31:25',164),(590,'👀 Someone just reacted to your post! ','Your post received a heartwarming reaction.','default','https://postactionsbucket.s3.ap-south-1.amazonaws.com/aspireLogo.png',NULL,'2024-05-13 13:38:13','2024-05-13 13:38:13',164),(591,'👀 Someone just reacted to your post! ','Your post received a heartwarming reaction.','default','https://postactionsbucket.s3.ap-south-1.amazonaws.com/aspireLogo.png',NULL,'2024-05-13 13:38:15','2024-05-13 13:38:15',164),(592,'Oopsie-daisy!','Looks like you have missed shapes yesterday.','default','https://postactionsbucket.s3.ap-south-1.amazonaws.com/aspireLogo.png',NULL,'2024-05-13 18:44:59','2024-05-13 18:44:59',10),(593,'The Clock is Ticking! ⏰','A fresh task is ready for you, just waiting to be conquered','default','https://postactionsbucket.s3.ap-south-1.amazonaws.com/aspireLogo.png',NULL,'2024-05-14 01:53:39','2024-05-14 01:53:39',10),(594,'The Clock is Ticking! ⏰','A fresh task is ready for you, just waiting to be conquered','default','https://postactionsbucket.s3.ap-south-1.amazonaws.com/aspireLogo.png',NULL,'2024-05-14 01:53:39','2024-05-14 01:53:39',10),(595,'Unlock New Possibilities! 🔓','A new program has been unlocked just for you. It\'s time to embark on another exciting learning journey.','default','https://postactionsbucket.s3.ap-south-1.amazonaws.com/aspireLogo.png',NULL,'2024-05-14 05:26:22','2024-05-14 05:26:22',168),(596,'Unlock New Possibilities! 🔓','A new program has been unlocked just for you. It\'s time to embark on another exciting learning journey.','default','https://postactionsbucket.s3.ap-south-1.amazonaws.com/aspireLogo.png',NULL,'2024-05-14 05:26:22','2024-05-14 05:26:22',169),(597,'Oopsie-daisy!','Looks like you have missed shapes yesterday.','default','https://postactionsbucket.s3.ap-south-1.amazonaws.com/aspireLogo.png',NULL,'2024-05-14 05:40:57','2024-05-14 05:40:57',12),(598,'Oopsie-daisy!','Looks like you have missed shapes yesterday.','default','https://postactionsbucket.s3.ap-south-1.amazonaws.com/aspireLogo.png',NULL,'2024-05-14 05:42:10','2024-05-14 05:42:10',12),(599,'Oopsie-daisy!','Looks like you have missed shapes yesterday.','default','https://postactionsbucket.s3.ap-south-1.amazonaws.com/aspireLogo.png',NULL,'2024-05-14 05:46:41','2024-05-14 05:46:41',12),(600,'New Challenge Awaits','[Assignee Name] just threw down the gauntlet with a new challenge for the team.','default','https://postactionsbucket.s3.ap-south-1.amazonaws.com/uploads/profile-picture1714659946944_1714659932823_IMG.png',NULL,'2024-05-14 05:51:48','2024-05-14 05:51:48',4),(601,'👀 Someone just reacted to your post! ','Your post received a heartwarming reaction.','default','https://postactionsbucket.s3.ap-south-1.amazonaws.com/aspireLogo.png',NULL,'2024-05-14 05:59:03','2024-05-14 05:59:03',12),(602,'Oopsie-daisy!','Looks like you have missed shapes yesterday.','default','https://postactionsbucket.s3.ap-south-1.amazonaws.com/aspireLogo.png',NULL,'2024-05-14 05:59:40','2024-05-14 05:59:40',164),(603,'The Clock is Ticking! ⏰','A fresh task is ready for you, just waiting to be conquered','default','https://postactionsbucket.s3.ap-south-1.amazonaws.com/aspireLogo.png',NULL,'2024-05-14 05:59:43','2024-05-14 05:59:43',164),(604,'The Clock is Ticking! ⏰','A fresh task is ready for you, just waiting to be conquered','default','https://postactionsbucket.s3.ap-south-1.amazonaws.com/aspireLogo.png',NULL,'2024-05-14 05:59:43','2024-05-14 05:59:43',164),(605,'The Clock is Ticking! ⏰','A fresh task is ready for you, just waiting to be conquered','default','https://postactionsbucket.s3.ap-south-1.amazonaws.com/aspireLogo.png',NULL,'2024-05-14 05:59:43','2024-05-14 05:59:43',164),(606,'The Clock is Ticking! ⏰','A fresh task is ready for you, just waiting to be conquered','default','https://postactionsbucket.s3.ap-south-1.amazonaws.com/aspireLogo.png',NULL,'2024-05-14 05:59:43','2024-05-14 05:59:43',164),(607,'Oopsie-daisy!','Looks like you have missed shapes yesterday.','default','https://postactionsbucket.s3.ap-south-1.amazonaws.com/aspireLogo.png',NULL,'2024-05-14 06:31:17','2024-05-14 06:31:17',5),(608,'Oops!','Your challenge is cancelled as no one has accepted it','default','https://postactionsbucket.s3.ap-south-1.amazonaws.com/aspireLogo.png',NULL,'2024-05-14 08:30:00','2024-05-14 08:30:00',95),(609,'Oops!','Your challenge is cancelled as no one has accepted it','default','https://postactionsbucket.s3.ap-south-1.amazonaws.com/aspireLogo.png',NULL,'2024-05-14 08:30:00','2024-05-14 08:30:00',95),(610,'Oops!','Your challenge is cancelled as no one has accepted it','default','https://postactionsbucket.s3.ap-south-1.amazonaws.com/aspireLogo.png',NULL,'2024-05-14 08:30:00','2024-05-14 08:30:00',95),(611,'Oops!','Your challenge is cancelled as no one has accepted it','default','https://postactionsbucket.s3.ap-south-1.amazonaws.com/aspireLogo.png',NULL,'2024-05-14 09:00:00','2024-05-14 09:00:00',97),(612,'Oops!','Your challenge is cancelled as no one has accepted it','default','https://postactionsbucket.s3.ap-south-1.amazonaws.com/aspireLogo.png',NULL,'2024-05-14 09:00:00','2024-05-14 09:00:00',97),(613,'Oops!','Your challenge is cancelled as no one has accepted it','default','https://postactionsbucket.s3.ap-south-1.amazonaws.com/aspireLogo.png',NULL,'2024-05-14 09:00:00','2024-05-14 09:00:00',97),(614,'Unlock New Possibilities! 🔓','A new program has been unlocked just for you. It\'s time to embark on another exciting learning journey.','default','https://postactionsbucket.s3.ap-south-1.amazonaws.com/aspireLogo.png',NULL,'2024-05-14 10:36:45','2024-05-14 10:36:45',170),(615,'Unlock New Possibilities! 🔓','A new program has been unlocked just for you. It\'s time to embark on another exciting learning journey.','default','https://postactionsbucket.s3.ap-south-1.amazonaws.com/aspireLogo.png',NULL,'2024-05-14 10:36:45','2024-05-14 10:36:45',171),(616,'Unlock New Possibilities! 🔓','A new program has been unlocked just for you. It\'s time to embark on another exciting learning journey.','default','https://postactionsbucket.s3.ap-south-1.amazonaws.com/aspireLogo.png',NULL,'2024-05-14 11:21:26','2024-05-14 11:21:26',172),(617,'Unlock New Possibilities! 🔓','A new program has been unlocked just for you. It\'s time to embark on another exciting learning journey.','default','https://postactionsbucket.s3.ap-south-1.amazonaws.com/aspireLogo.png',NULL,'2024-05-14 11:21:26','2024-05-14 11:21:26',173),(618,'Oopsie-daisy!','Looks like you have missed shapes yesterday.','default','https://postactionsbucket.s3.ap-south-1.amazonaws.com/aspireLogo.png',NULL,'2024-05-14 11:34:41','2024-05-14 11:34:41',47),(619,'👀 Someone just reacted to your post! ','Your post received a heartwarming reaction.','default','https://postactionsbucket.s3.ap-south-1.amazonaws.com/aspireLogo.png',NULL,'2024-05-14 11:48:23','2024-05-14 11:48:23',164),(620,'👀 Someone just reacted to your post! ','Your post received a heartwarming reaction.','default','https://postactionsbucket.s3.ap-south-1.amazonaws.com/aspireLogo.png',NULL,'2024-05-14 11:48:26','2024-05-14 11:48:26',164),(621,'Unlock New Possibilities! 🔓','A new program has been unlocked just for you. It\'s time to embark on another exciting learning journey.','default','https://postactionsbucket.s3.ap-south-1.amazonaws.com/aspireLogo.png',NULL,'2024-05-14 12:19:42','2024-05-14 12:19:42',174),(622,'Unlock New Possibilities! 🔓','A new program has been unlocked just for you. It\'s time to embark on another exciting learning journey.','default','https://postactionsbucket.s3.ap-south-1.amazonaws.com/aspireLogo.png',NULL,'2024-05-14 12:19:42','2024-05-14 12:19:42',175),(623,'Oops!','Your challenge is cancelled as no one has accepted it','default','https://postactionsbucket.s3.ap-south-1.amazonaws.com/aspireLogo.png',NULL,'2024-05-14 12:30:00','2024-05-14 12:30:00',99),(624,'Oops!','Your challenge is cancelled as no one has accepted it','default','https://postactionsbucket.s3.ap-south-1.amazonaws.com/aspireLogo.png',NULL,'2024-05-14 12:30:00','2024-05-14 12:30:00',99),(625,'Unlock New Possibilities! 🔓','A new program has been unlocked just for you. It\'s time to embark on another exciting learning journey.','default','https://postactionsbucket.s3.ap-south-1.amazonaws.com/aspireLogo.png',NULL,'2024-05-14 12:36:22','2024-05-14 12:36:22',176),(626,'Unlock New Possibilities! 🔓','A new program has been unlocked just for you. It\'s time to embark on another exciting learning journey.','default','https://postactionsbucket.s3.ap-south-1.amazonaws.com/aspireLogo.png',NULL,'2024-05-14 12:36:22','2024-05-14 12:36:22',177),(627,'The Clock is Ticking! ⏰','A fresh task is ready for you, just waiting to be conquered','default','https://postactionsbucket.s3.ap-south-1.amazonaws.com/aspireLogo.png',NULL,'2024-05-14 12:40:52','2024-05-14 12:40:52',176),(628,'Oopsie-daisy!','Looks like you have missed shapes yesterday.','default','https://postactionsbucket.s3.ap-south-1.amazonaws.com/aspireLogo.png',NULL,'2024-05-14 12:42:21','2024-05-14 12:42:21',176),(629,'Oops!','Your challenge is cancelled as no one has accepted it','default','https://postactionsbucket.s3.ap-south-1.amazonaws.com/aspireLogo.png',NULL,'2024-05-14 14:00:00','2024-05-14 14:00:00',164),(630,'Oops!','Your challenge is cancelled as no one has accepted it','default','https://postactionsbucket.s3.ap-south-1.amazonaws.com/aspireLogo.png',NULL,'2024-05-14 14:00:00','2024-05-14 14:00:00',164),(631,'Oops!','Your challenge is cancelled as no one has accepted it','default','https://postactionsbucket.s3.ap-south-1.amazonaws.com/aspireLogo.png',NULL,'2024-05-14 14:00:00','2024-05-14 14:00:00',164),(632,'Oopsie-daisy!','Looks like you have missed shapes yesterday.','default','https://postactionsbucket.s3.ap-south-1.amazonaws.com/aspireLogo.png',NULL,'2024-05-14 21:56:56','2024-05-14 21:56:56',5),(633,'Oopsie-daisy!','Looks like you have missed shapes yesterday.','default','https://postactionsbucket.s3.ap-south-1.amazonaws.com/aspireLogo.png',NULL,'2024-05-15 02:46:38','2024-05-15 02:46:38',7),(634,'New Challenge Awaits','[Assignee Name] just threw down the gauntlet with a new challenge for the team.','default','https://postactionsbucket.s3.ap-south-1.amazonaws.com/uploads/profile-picture1713944611490_IMG_20240107_212915_015.jpg',NULL,'2024-05-15 02:50:04','2024-05-15 02:50:04',5),(635,'New Challenge Awaits','[Assignee Name] just threw down the gauntlet with a new challenge for the team.','default','https://postactionsbucket.s3.ap-south-1.amazonaws.com/uploads/profile-picture1713944611490_IMG_20240107_212915_015.jpg',NULL,'2024-05-15 02:50:05','2024-05-15 02:50:05',8),(636,'New Challenge Awaits','[Assignee Name] just threw down the gauntlet with a new challenge for the team.','default','https://postactionsbucket.s3.ap-south-1.amazonaws.com/uploads/profile-picture1713944611490_IMG_20240107_212915_015.jpg',NULL,'2024-05-15 02:50:05','2024-05-15 02:50:05',9),(637,'New Challenge Awaits','[Assignee Name] just threw down the gauntlet with a new challenge for the team.','default','https://postactionsbucket.s3.ap-south-1.amazonaws.com/uploads/profile-picture1713944611490_IMG_20240107_212915_015.jpg',NULL,'2024-05-15 02:50:05','2024-05-15 02:50:05',10),(638,'New Challenge Awaits','[Assignee Name] just threw down the gauntlet with a new challenge for the team.','default','https://postactionsbucket.s3.ap-south-1.amazonaws.com/uploads/profile-picture1713944611490_IMG_20240107_212915_015.jpg',NULL,'2024-05-15 02:50:05','2024-05-15 02:50:05',11),(639,'The Clock is Ticking! ⏰','A fresh task is ready for you, just waiting to be conquered','default','https://postactionsbucket.s3.ap-south-1.amazonaws.com/aspireLogo.png',NULL,'2024-05-15 02:57:30','2024-05-15 02:57:30',70),(640,'Oopsie-daisy!','Looks like you have missed shapes yesterday.','default','https://postactionsbucket.s3.ap-south-1.amazonaws.com/aspireLogo.png',NULL,'2024-05-15 03:03:49','2024-05-15 03:03:49',10),(641,'Oopsie-daisy!','Looks like you have missed shapes yesterday.','default','https://postactionsbucket.s3.ap-south-1.amazonaws.com/aspireLogo.png',NULL,'2024-05-15 03:48:36','2024-05-15 03:48:36',70),(642,'Unlock New Possibilities! 🔓','A new program has been unlocked just for you. It\'s time to embark on another exciting learning journey.','default','https://postactionsbucket.s3.ap-south-1.amazonaws.com/aspireLogo.png',NULL,'2024-05-15 04:17:05','2024-05-15 04:17:05',178),(643,'Unlock New Possibilities! 🔓','A new program has been unlocked just for you. It\'s time to embark on another exciting learning journey.','default','https://postactionsbucket.s3.ap-south-1.amazonaws.com/aspireLogo.png',NULL,'2024-05-15 04:17:05','2024-05-15 04:17:05',179),(644,'The Clock is Ticking! ⏰','A fresh task is ready for you, just waiting to be conquered','default','https://postactionsbucket.s3.ap-south-1.amazonaws.com/aspireLogo.png',NULL,'2024-05-15 04:19:26','2024-05-15 04:19:26',178),(645,'Oopsie-daisy!','Looks like you have missed shapes yesterday.','default','https://postactionsbucket.s3.ap-south-1.amazonaws.com/aspireLogo.png',NULL,'2024-05-15 04:19:57','2024-05-15 04:19:57',7),(646,'Oops!','Your challenge is cancelled as no one has accepted it','default','https://postactionsbucket.s3.ap-south-1.amazonaws.com/aspireLogo.png',NULL,'2024-05-15 06:00:00','2024-05-15 06:00:00',12),(647,'Oopsie-daisy!','Looks like you have missed shapes yesterday.','default','https://postactionsbucket.s3.ap-south-1.amazonaws.com/aspireLogo.png',NULL,'2024-05-15 06:08:35','2024-05-15 06:08:35',12),(648,'Oopsie-daisy!','Looks like you have missed shapes yesterday.','default','https://postactionsbucket.s3.ap-south-1.amazonaws.com/aspireLogo.png',NULL,'2024-05-15 06:08:54','2024-05-15 06:08:54',12),(649,'Oopsie-daisy!','Looks like you have missed shapes yesterday.','default','https://postactionsbucket.s3.ap-south-1.amazonaws.com/aspireLogo.png',NULL,'2024-05-15 06:09:43','2024-05-15 06:09:43',12),(650,'New Challenge Awaits','[Assignee Name] just threw down the gauntlet with a new challenge for the team.','default','https://postactionsbucket.s3.ap-south-1.amazonaws.com/uploads/profile-picture1714659946944_1714659932823_IMG.png',NULL,'2024-05-15 06:11:27','2024-05-15 06:11:27',4),(651,'Oops!','Your challenge is cancelled as no one has accepted it','default','https://postactionsbucket.s3.ap-south-1.amazonaws.com/aspireLogo.png',NULL,'2024-05-15 13:00:01','2024-05-15 13:00:01',176),(652,'Oops!','Your challenge is cancelled as no one has accepted it','default','https://postactionsbucket.s3.ap-south-1.amazonaws.com/aspireLogo.png',NULL,'2024-05-15 13:00:01','2024-05-15 13:00:01',176),(653,'Oops!','Your challenge is cancelled as no one has accepted it','default','https://postactionsbucket.s3.ap-south-1.amazonaws.com/aspireLogo.png',NULL,'2024-05-15 13:00:01','2024-05-15 13:00:01',176),(654,'Oops!','Your challenge is cancelled as no one has accepted it','default','https://postactionsbucket.s3.ap-south-1.amazonaws.com/aspireLogo.png',NULL,'2024-05-15 13:00:01','2024-05-15 13:00:01',176),(655,'Oopsie-daisy!','Looks like you have missed shapes yesterday.','default','https://postactionsbucket.s3.ap-south-1.amazonaws.com/aspireLogo.png',NULL,'2024-05-16 02:22:14','2024-05-16 02:22:14',10),(656,'Oops!','Your challenge is cancelled as no one has accepted it','default','https://postactionsbucket.s3.ap-south-1.amazonaws.com/aspireLogo.png',NULL,'2024-05-16 03:00:00','2024-05-16 03:00:00',7),(657,'Oops!','Your challenge is cancelled as no one has accepted it','default','https://postactionsbucket.s3.ap-south-1.amazonaws.com/aspireLogo.png',NULL,'2024-05-16 03:00:00','2024-05-16 03:00:00',7),(658,'Oopsie-daisy!','Looks like you have missed shapes yesterday.','default','https://postactionsbucket.s3.ap-south-1.amazonaws.com/aspireLogo.png',NULL,'2024-05-16 05:44:53','2024-05-16 05:44:53',12),(659,'Oopsie-daisy!','Looks like you have missed shapes yesterday.','default','https://postactionsbucket.s3.ap-south-1.amazonaws.com/aspireLogo.png',NULL,'2024-05-16 05:45:12','2024-05-16 05:45:12',12),(660,'Oopsie-daisy!','Looks like you have missed shapes yesterday.','default','https://postactionsbucket.s3.ap-south-1.amazonaws.com/aspireLogo.png',NULL,'2024-05-16 05:45:31','2024-05-16 05:45:31',12),(661,'Oops!','Your challenge is cancelled as no one has accepted it','default','https://postactionsbucket.s3.ap-south-1.amazonaws.com/aspireLogo.png',NULL,'2024-05-16 06:30:00','2024-05-16 06:30:00',12),(662,'Oops!','Your challenge is cancelled as no one has accepted it','default','https://postactionsbucket.s3.ap-south-1.amazonaws.com/aspireLogo.png',NULL,'2024-05-16 06:30:00','2024-05-16 06:30:00',12),(663,'👀 Someone just reacted to your post! ','Your post received a heartwarming reaction.','default','https://postactionsbucket.s3.ap-south-1.amazonaws.com/aspireLogo.png',NULL,'2024-05-16 07:09:54','2024-05-16 07:09:54',10),(664,'Unlock New Possibilities! 🔓','A new program has been unlocked just for you. It\'s time to embark on another exciting learning journey.','default','https://postactionsbucket.s3.ap-south-1.amazonaws.com/aspireLogo.png',NULL,'2024-05-16 09:52:56','2024-05-16 09:52:56',180),(665,'Unlock New Possibilities! 🔓','A new program has been unlocked just for you. It\'s time to embark on another exciting learning journey.','default','https://postactionsbucket.s3.ap-south-1.amazonaws.com/aspireLogo.png',NULL,'2024-05-16 09:52:56','2024-05-16 09:52:56',181),(666,'Unlock New Possibilities! 🔓','A new program has been unlocked just for you. It\'s time to embark on another exciting learning journey.','default','https://postactionsbucket.s3.ap-south-1.amazonaws.com/aspireLogo.png',NULL,'2024-05-16 09:52:56','2024-05-16 09:52:56',182),(667,'Unlock New Possibilities! 🔓','A new program has been unlocked just for you. It\'s time to embark on another exciting learning journey.','default','https://postactionsbucket.s3.ap-south-1.amazonaws.com/aspireLogo.png',NULL,'2024-05-16 09:52:56','2024-05-16 09:52:56',183),(668,'Unlock New Possibilities! 🔓','A new program has been unlocked just for you. It\'s time to embark on another exciting learning journey.','default','https://postactionsbucket.s3.ap-south-1.amazonaws.com/aspireLogo.png',NULL,'2024-05-16 09:52:56','2024-05-16 09:52:56',184),(669,'Unlock New Possibilities! 🔓','A new program has been unlocked just for you. It\'s time to embark on another exciting learning journey.','default','https://postactionsbucket.s3.ap-south-1.amazonaws.com/aspireLogo.png',NULL,'2024-05-16 09:52:56','2024-05-16 09:52:56',185),(670,'Unlock New Possibilities! 🔓','A new program has been unlocked just for you. It\'s time to embark on another exciting learning journey.','default','https://postactionsbucket.s3.ap-south-1.amazonaws.com/aspireLogo.png',NULL,'2024-05-16 09:52:56','2024-05-16 09:52:56',186),(671,'Unlock New Possibilities! 🔓','A new program has been unlocked just for you. It\'s time to embark on another exciting learning journey.','default','https://postactionsbucket.s3.ap-south-1.amazonaws.com/aspireLogo.png',NULL,'2024-05-16 09:52:56','2024-05-16 09:52:56',187),(672,'Unlock New Possibilities! 🔓','A new program has been unlocked just for you. It\'s time to embark on another exciting learning journey.','default','https://postactionsbucket.s3.ap-south-1.amazonaws.com/aspireLogo.png',NULL,'2024-05-16 09:52:56','2024-05-16 09:52:56',188),(673,'Unlock New Possibilities! 🔓','A new program has been unlocked just for you. It\'s time to embark on another exciting learning journey.','default','https://postactionsbucket.s3.ap-south-1.amazonaws.com/aspireLogo.png',NULL,'2024-05-16 09:52:56','2024-05-16 09:52:56',189),(674,'Unlock New Possibilities! 🔓','A new program has been unlocked just for you. It\'s time to embark on another exciting learning journey.','default','https://postactionsbucket.s3.ap-south-1.amazonaws.com/aspireLogo.png',NULL,'2024-05-16 09:52:56','2024-05-16 09:52:56',190),(675,'Unlock New Possibilities! 🔓','A new program has been unlocked just for you. It\'s time to embark on another exciting learning journey.','default','https://postactionsbucket.s3.ap-south-1.amazonaws.com/aspireLogo.png',NULL,'2024-05-16 09:52:56','2024-05-16 09:52:56',191),(676,'Unlock New Possibilities! 🔓','A new program has been unlocked just for you. It\'s time to embark on another exciting learning journey.','default','https://postactionsbucket.s3.ap-south-1.amazonaws.com/aspireLogo.png',NULL,'2024-05-16 09:52:56','2024-05-16 09:52:56',192),(677,'Unlock New Possibilities! 🔓','A new program has been unlocked just for you. It\'s time to embark on another exciting learning journey.','default','https://postactionsbucket.s3.ap-south-1.amazonaws.com/aspireLogo.png',NULL,'2024-05-16 09:52:57','2024-05-16 09:52:57',193),(678,'Unlock New Possibilities! 🔓','A new program has been unlocked just for you. It\'s time to embark on another exciting learning journey.','default','https://postactionsbucket.s3.ap-south-1.amazonaws.com/aspireLogo.png',NULL,'2024-05-16 09:52:57','2024-05-16 09:52:57',194),(679,'Unlock New Possibilities! 🔓','A new program has been unlocked just for you. It\'s time to embark on another exciting learning journey.','default','https://postactionsbucket.s3.ap-south-1.amazonaws.com/aspireLogo.png',NULL,'2024-05-16 09:52:57','2024-05-16 09:52:57',195),(680,'Unlock New Possibilities! 🔓','A new program has been unlocked just for you. It\'s time to embark on another exciting learning journey.','default','https://postactionsbucket.s3.ap-south-1.amazonaws.com/aspireLogo.png',NULL,'2024-05-16 09:52:57','2024-05-16 09:52:57',196),(681,'Oopsie-daisy!','Looks like you have missed shapes yesterday.','default','https://postactionsbucket.s3.ap-south-1.amazonaws.com/aspireLogo.png',NULL,'2024-05-16 10:05:41','2024-05-16 10:05:41',176),(682,'The Clock is Ticking! ⏰','A fresh task is ready for you, just waiting to be conquered','default','https://postactionsbucket.s3.ap-south-1.amazonaws.com/aspireLogo.png',NULL,'2024-05-16 10:05:47','2024-05-16 10:05:47',176),(683,'The Clock is Ticking! ⏰','A fresh task is ready for you, just waiting to be conquered','default','https://postactionsbucket.s3.ap-south-1.amazonaws.com/aspireLogo.png',NULL,'2024-05-16 10:05:47','2024-05-16 10:05:47',176),(684,'The Clock is Ticking! ⏰','A fresh task is ready for you, just waiting to be conquered','default','https://postactionsbucket.s3.ap-south-1.amazonaws.com/aspireLogo.png',NULL,'2024-05-16 11:38:47','2024-05-16 11:38:47',70),(685,'Oopsie-daisy!','Looks like you have missed shapes yesterday.','default','https://postactionsbucket.s3.ap-south-1.amazonaws.com/aspireLogo.png',NULL,'2024-05-16 11:38:48','2024-05-16 11:38:48',70),(686,'Oopsie-daisy!','Looks like you have missed shapes yesterday.','default','https://postactionsbucket.s3.ap-south-1.amazonaws.com/aspireLogo.png',NULL,'2024-05-16 11:53:06','2024-05-16 11:53:06',7),(687,'The Clock is Ticking! ⏰','A fresh task is ready for you, just waiting to be conquered','default','https://postactionsbucket.s3.ap-south-1.amazonaws.com/aspireLogo.png',NULL,'2024-05-16 11:53:17','2024-05-16 11:53:17',7),(688,'👀 Someone just reacted to your post! ','Your post received a heartwarming reaction.','default','https://postactionsbucket.s3.ap-south-1.amazonaws.com/aspireLogo.png',NULL,'2024-05-16 14:07:56','2024-05-16 14:07:56',7),(689,'Oopsie-daisy!','Looks like you have missed shapes yesterday.','default','https://postactionsbucket.s3.ap-south-1.amazonaws.com/aspireLogo.png',NULL,'2024-05-16 18:39:46','2024-05-16 18:39:46',10),(690,'👀 Someone just reacted to your post! ','Your post received a heartwarming reaction.','default','https://postactionsbucket.s3.ap-south-1.amazonaws.com/aspireLogo.png',NULL,'2024-05-17 03:09:48','2024-05-17 03:09:48',7),(691,'Oopsie-daisy!','Looks like you have missed shapes yesterday.','default','https://postactionsbucket.s3.ap-south-1.amazonaws.com/aspireLogo.png',NULL,'2024-05-17 04:04:50','2024-05-17 04:04:50',70),(692,'Oopsie-daisy!','Looks like you have missed shapes yesterday.','default','https://postactionsbucket.s3.ap-south-1.amazonaws.com/aspireLogo.png',NULL,'2024-05-17 05:26:19','2024-05-17 05:26:19',12),(693,'Oopsie-daisy!','Looks like you have missed shapes yesterday.','default','https://postactionsbucket.s3.ap-south-1.amazonaws.com/aspireLogo.png',NULL,'2024-05-17 06:07:14','2024-05-17 06:07:14',176),(694,'Oopsie-daisy!','Looks like you have missed shapes yesterday.','default','https://postactionsbucket.s3.ap-south-1.amazonaws.com/aspireLogo.png',NULL,'2024-05-17 06:29:54','2024-05-17 06:29:54',166),(695,'Oopsie-daisy!','Looks like you have missed shapes yesterday.','default','https://postactionsbucket.s3.ap-south-1.amazonaws.com/aspireLogo.png',NULL,'2024-05-17 06:35:15','2024-05-17 06:35:15',12),(696,'Unlock New Possibilities! 🔓','A new program has been unlocked just for you. It\'s time to embark on another exciting learning journey.','default','https://postactionsbucket.s3.ap-south-1.amazonaws.com/aspireLogo.png',NULL,'2024-05-17 06:38:57','2024-05-17 06:38:57',197),(697,'Unlock New Possibilities! 🔓','A new program has been unlocked just for you. It\'s time to embark on another exciting learning journey.','default','https://postactionsbucket.s3.ap-south-1.amazonaws.com/aspireLogo.png',NULL,'2024-05-17 06:38:57','2024-05-17 06:38:57',198),(698,'Oopsie-daisy!','Looks like you have missed shapes yesterday.','default','https://postactionsbucket.s3.ap-south-1.amazonaws.com/aspireLogo.png',NULL,'2024-05-17 06:45:39','2024-05-17 06:45:39',70),(699,'The Clock is Ticking! ⏰','A fresh task is ready for you, just waiting to be conquered','default','https://postactionsbucket.s3.ap-south-1.amazonaws.com/aspireLogo.png',NULL,'2024-05-17 06:48:36','2024-05-17 06:48:36',178),(700,'Oopsie-daisy!','Looks like you have missed shapes yesterday.','default','https://postactionsbucket.s3.ap-south-1.amazonaws.com/aspireLogo.png',NULL,'2024-05-17 06:48:38','2024-05-17 06:48:38',178),(701,'Unlock New Possibilities! 🔓','A new program has been unlocked just for you. It\'s time to embark on another exciting learning journey.','default','https://postactionsbucket.s3.ap-south-1.amazonaws.com/aspireLogo.png',NULL,'2024-05-17 08:23:16','2024-05-17 08:23:16',199),(702,'Unlock New Possibilities! 🔓','A new program has been unlocked just for you. It\'s time to embark on another exciting learning journey.','default','https://postactionsbucket.s3.ap-south-1.amazonaws.com/aspireLogo.png',NULL,'2024-05-17 08:23:16','2024-05-17 08:23:16',200),(703,'The Clock is Ticking! ⏰','A fresh task is ready for you, just waiting to be conquered','default','https://postactionsbucket.s3.ap-south-1.amazonaws.com/aspireLogo.png',NULL,'2024-05-17 08:29:12','2024-05-17 08:29:12',199),(704,'Oopsie-daisy!','Looks like you have missed shapes yesterday.','default','https://postactionsbucket.s3.ap-south-1.amazonaws.com/aspireLogo.png',NULL,'2024-05-17 08:48:24','2024-05-17 08:48:24',166),(705,'Unlock New Possibilities! 🔓','A new program has been unlocked just for you. It\'s time to embark on another exciting learning journey.','default','https://postactionsbucket.s3.ap-south-1.amazonaws.com/aspireLogo.png',NULL,'2024-05-17 09:08:33','2024-05-17 09:08:33',203),(706,'Unlock New Possibilities! 🔓','A new program has been unlocked just for you. It\'s time to embark on another exciting learning journey.','default','https://postactionsbucket.s3.ap-south-1.amazonaws.com/aspireLogo.png',NULL,'2024-05-17 09:08:33','2024-05-17 09:08:33',204),(707,'Unlock New Possibilities! 🔓','A new program has been unlocked just for you. It\'s time to embark on another exciting learning journey.','default','https://postactionsbucket.s3.ap-south-1.amazonaws.com/aspireLogo.png',NULL,'2024-05-17 09:09:43','2024-05-17 09:09:43',205),(708,'Unlock New Possibilities! 🔓','A new program has been unlocked just for you. It\'s time to embark on another exciting learning journey.','default','https://postactionsbucket.s3.ap-south-1.amazonaws.com/aspireLogo.png',NULL,'2024-05-17 09:09:43','2024-05-17 09:09:43',206),(709,'Unlock New Possibilities! 🔓','A new program has been unlocked just for you. It\'s time to embark on another exciting learning journey.','default','https://postactionsbucket.s3.ap-south-1.amazonaws.com/aspireLogo.png',NULL,'2024-05-17 09:10:49','2024-05-17 09:10:49',207),(710,'Unlock New Possibilities! 🔓','A new program has been unlocked just for you. It\'s time to embark on another exciting learning journey.','default','https://postactionsbucket.s3.ap-south-1.amazonaws.com/aspireLogo.png',NULL,'2024-05-17 09:10:49','2024-05-17 09:10:49',208),(711,'Oopsie-daisy!','Looks like you have missed shapes yesterday.','default','https://postactionsbucket.s3.ap-south-1.amazonaws.com/aspireLogo.png',NULL,'2024-05-17 09:24:22','2024-05-17 09:24:22',7),(712,'Oopsie-daisy!','Looks like you have missed shapes yesterday.','default','https://postactionsbucket.s3.ap-south-1.amazonaws.com/aspireLogo.png',NULL,'2024-05-17 09:24:53','2024-05-17 09:24:53',7),(713,'Unlock New Possibilities! 🔓','A new program has been unlocked just for you. It\'s time to embark on another exciting learning journey.','default','https://postactionsbucket.s3.ap-south-1.amazonaws.com/aspireLogo.png',NULL,'2024-05-17 09:30:55','2024-05-17 09:30:55',NULL),(714,'Unlock New Possibilities! 🔓','A new program has been unlocked just for you. It\'s time to embark on another exciting learning journey.','default','https://postactionsbucket.s3.ap-south-1.amazonaws.com/aspireLogo.png',NULL,'2024-05-17 09:30:55','2024-05-17 09:30:55',NULL),(715,'Unlock New Possibilities! 🔓','A new program has been unlocked just for you. It\'s time to embark on another exciting learning journey.','default','https://postactionsbucket.s3.ap-south-1.amazonaws.com/aspireLogo.png',NULL,'2024-05-17 09:33:11','2024-05-17 09:33:11',NULL),(716,'Unlock New Possibilities! 🔓','A new program has been unlocked just for you. It\'s time to embark on another exciting learning journey.','default','https://postactionsbucket.s3.ap-south-1.amazonaws.com/aspireLogo.png',NULL,'2024-05-17 09:33:11','2024-05-17 09:33:11',NULL),(717,'The Clock is Ticking! ⏰','A fresh task is ready for you, just waiting to be conquered','default','https://postactionsbucket.s3.ap-south-1.amazonaws.com/aspireLogo.png',NULL,'2024-05-17 09:35:48','2024-05-17 09:35:48',NULL),(718,'Unlock New Possibilities! 🔓','A new program has been unlocked just for you. It\'s time to embark on another exciting learning journey.','default','https://postactionsbucket.s3.ap-south-1.amazonaws.com/aspireLogo.png',NULL,'2024-05-17 09:37:21','2024-05-17 09:37:21',NULL),(719,'Unlock New Possibilities! 🔓','A new program has been unlocked just for you. It\'s time to embark on another exciting learning journey.','default','https://postactionsbucket.s3.ap-south-1.amazonaws.com/aspireLogo.png',NULL,'2024-05-17 09:37:21','2024-05-17 09:37:21',NULL),(720,'Unlock New Possibilities! 🔓','A new program has been unlocked just for you. It\'s time to embark on another exciting learning journey.','default','https://postactionsbucket.s3.ap-south-1.amazonaws.com/aspireLogo.png',NULL,'2024-05-17 09:38:06','2024-05-17 09:38:06',NULL),(721,'Unlock New Possibilities! 🔓','A new program has been unlocked just for you. It\'s time to embark on another exciting learning journey.','default','https://postactionsbucket.s3.ap-south-1.amazonaws.com/aspireLogo.png',NULL,'2024-05-17 09:38:06','2024-05-17 09:38:06',NULL),(722,'The Clock is Ticking! ⏰','A fresh task is ready for you, just waiting to be conquered','default','https://postactionsbucket.s3.ap-south-1.amazonaws.com/aspireLogo.png',NULL,'2024-05-17 09:39:11','2024-05-17 09:39:11',NULL),(723,'Unlock New Possibilities! 🔓','A new program has been unlocked just for you. It\'s time to embark on another exciting learning journey.','default','https://postactionsbucket.s3.ap-south-1.amazonaws.com/aspireLogo.png',NULL,'2024-05-17 11:39:39','2024-05-17 11:39:39',217),(724,'Unlock New Possibilities! 🔓','A new program has been unlocked just for you. It\'s time to embark on another exciting learning journey.','default','https://postactionsbucket.s3.ap-south-1.amazonaws.com/aspireLogo.png',NULL,'2024-05-17 11:39:39','2024-05-17 11:39:39',218),(725,'Oopsie-daisy!','Looks like you have missed shapes yesterday.','default','https://postactionsbucket.s3.ap-south-1.amazonaws.com/aspireLogo.png',NULL,'2024-05-17 11:55:39','2024-05-17 11:55:39',12),(726,'Oopsie-daisy!','Looks like you have missed shapes yesterday.','default','https://postactionsbucket.s3.ap-south-1.amazonaws.com/aspireLogo.png',NULL,'2024-05-17 11:56:48','2024-05-17 11:56:48',10),(727,'The Clock is Ticking! ⏰','A fresh task is ready for you, just waiting to be conquered','default','https://postactionsbucket.s3.ap-south-1.amazonaws.com/aspireLogo.png',NULL,'2024-05-17 13:47:00','2024-05-17 13:47:00',197),(728,'Oopsie-daisy!','Looks like you have missed shapes yesterday.','default','https://postactionsbucket.s3.ap-south-1.amazonaws.com/aspireLogo.png',NULL,'2024-05-17 13:47:37','2024-05-17 13:47:37',197),(729,'Oopsie-daisy!','Looks like you have missed shapes yesterday.','default','https://postactionsbucket.s3.ap-south-1.amazonaws.com/aspireLogo.png',NULL,'2024-05-17 13:48:31','2024-05-17 13:48:31',47),(730,'Oopsie-daisy!','Looks like you have missed shapes yesterday.','default','https://postactionsbucket.s3.ap-south-1.amazonaws.com/aspireLogo.png',NULL,'2024-05-17 23:36:27','2024-05-17 23:36:27',10),(731,'Oops!','Your challenge is cancelled as no one has accepted it','default','https://postactionsbucket.s3.ap-south-1.amazonaws.com/aspireLogo.png',NULL,'2024-05-18 09:00:00','2024-05-18 09:00:00',166),(732,'Oopsie-daisy!','Looks like you have missed shapes yesterday.','default','https://postactionsbucket.s3.ap-south-1.amazonaws.com/aspireLogo.png',NULL,'2024-05-18 14:37:53','2024-05-18 14:37:53',12),(733,'Oopsie-daisy!','Looks like you have missed shapes yesterday.','default','https://postactionsbucket.s3.ap-south-1.amazonaws.com/aspireLogo.png',NULL,'2024-05-19 07:18:12','2024-05-19 07:18:12',12),(734,'Oopsie-daisy!','Looks like you have missed shapes yesterday.','default','https://postactionsbucket.s3.ap-south-1.amazonaws.com/aspireLogo.png',NULL,'2024-05-20 05:15:02','2024-05-20 05:15:02',10),(735,'Oopsie-daisy!','Looks like you have missed shapes yesterday.','default','https://postactionsbucket.s3.ap-south-1.amazonaws.com/aspireLogo.png',NULL,'2024-05-20 10:28:55','2024-05-20 10:28:55',12),(736,'New Challenge Awaits','[Assignee Name] just threw down the gauntlet with a new challenge for the team.','default','https://postactionsbucket.s3.ap-south-1.amazonaws.com/uploads/profile-picture1714659946944_1714659932823_IMG.png',NULL,'2024-05-20 10:30:23','2024-05-20 10:30:23',4),(737,'The Clock is Ticking! ⏰','A fresh task is ready for you, just waiting to be conquered','default','https://postactionsbucket.s3.ap-south-1.amazonaws.com/aspireLogo.png',NULL,'2024-05-20 10:46:13','2024-05-20 10:46:13',166),(738,'Oopsie-daisy!','Looks like you have missed shapes yesterday.','default','https://postactionsbucket.s3.ap-south-1.amazonaws.com/aspireLogo.png',NULL,'2024-05-20 10:46:14','2024-05-20 10:46:14',166),(739,'Oopsie-daisy!','Looks like you have missed shapes yesterday.','default','https://postactionsbucket.s3.ap-south-1.amazonaws.com/aspireLogo.png',NULL,'2024-05-20 10:46:41','2024-05-20 10:46:41',166),(740,'Unlock New Possibilities! 🔓','A new program has been unlocked just for you. It\'s time to embark on another exciting learning journey.','default','https://postactionsbucket.s3.ap-south-1.amazonaws.com/aspireLogo.png',NULL,'2024-05-20 11:53:34','2024-05-20 11:53:34',219),(741,'Unlock New Possibilities! 🔓','A new program has been unlocked just for you. It\'s time to embark on another exciting learning journey.','default','https://postactionsbucket.s3.ap-south-1.amazonaws.com/aspireLogo.png',NULL,'2024-05-20 11:53:34','2024-05-20 11:53:34',220),(742,'The Clock is Ticking! ⏰','A fresh task is ready for you, just waiting to be conquered','default','https://postactionsbucket.s3.ap-south-1.amazonaws.com/aspireLogo.png',NULL,'2024-05-20 11:55:29','2024-05-20 11:55:29',219),(743,'Oopsie-daisy!','Looks like you have missed shapes yesterday.','default','https://postactionsbucket.s3.ap-south-1.amazonaws.com/aspireLogo.png',NULL,'2024-05-20 11:56:28','2024-05-20 11:56:28',219),(744,'Oopsie-daisy!','Looks like you have missed shapes yesterday.','default','https://postactionsbucket.s3.ap-south-1.amazonaws.com/aspireLogo.png',NULL,'2024-05-20 16:22:47','2024-05-20 16:22:47',10),(745,'Oopsie-daisy!','Looks like you have missed shapes yesterday.','default','https://postactionsbucket.s3.ap-south-1.amazonaws.com/aspireLogo.png',NULL,'2024-05-20 18:30:08','2024-05-20 18:30:08',10),(746,'Oopsie-daisy!','Looks like you have missed shapes yesterday.','default','https://postactionsbucket.s3.ap-south-1.amazonaws.com/aspireLogo.png',NULL,'2024-05-20 18:30:09','2024-05-20 18:30:09',10),(747,'Oopsie-daisy!','Looks like you have missed shapes yesterday.','default','https://postactionsbucket.s3.ap-south-1.amazonaws.com/aspireLogo.png',NULL,'2024-05-21 04:32:48','2024-05-21 04:32:48',166),(748,'Oopsie-daisy!','Looks like you have missed shapes yesterday.','default','https://postactionsbucket.s3.ap-south-1.amazonaws.com/aspireLogo.png',NULL,'2024-05-21 06:33:37','2024-05-21 06:33:37',47),(749,'Unlock New Possibilities! 🔓','A new program has been unlocked just for you. It\'s time to embark on another exciting learning journey.','default','https://postactionsbucket.s3.ap-south-1.amazonaws.com/aspireLogo.png',NULL,'2024-05-21 09:22:08','2024-05-21 09:22:08',221),(750,'Unlock New Possibilities! 🔓','A new program has been unlocked just for you. It\'s time to embark on another exciting learning journey.','default','https://postactionsbucket.s3.ap-south-1.amazonaws.com/aspireLogo.png',NULL,'2024-05-21 09:22:08','2024-05-21 09:22:08',222),(751,'👀 Someone just reacted to your post! ','Your post received a heartwarming reaction.','default','https://postactionsbucket.s3.ap-south-1.amazonaws.com/aspireLogo.png',NULL,'2024-05-21 09:25:21','2024-05-21 09:25:21',10),(752,'Oopsie-daisy!','Looks like you have missed shapes yesterday.','default','https://postactionsbucket.s3.ap-south-1.amazonaws.com/aspireLogo.png',NULL,'2024-05-21 09:28:30','2024-05-21 09:28:30',64),(753,'👀 Someone just reacted to your post! ','Your post received a heartwarming reaction.','default','https://postactionsbucket.s3.ap-south-1.amazonaws.com/aspireLogo.png',NULL,'2024-05-21 09:29:53','2024-05-21 09:29:53',47),(754,'👀 Someone just reacted to your post! ','Your post received a heartwarming reaction.','default','https://postactionsbucket.s3.ap-south-1.amazonaws.com/aspireLogo.png',NULL,'2024-05-21 09:30:47','2024-05-21 09:30:47',64),(755,'Oops!','Your challenge is cancelled as no one has accepted it','default','https://postactionsbucket.s3.ap-south-1.amazonaws.com/aspireLogo.png',NULL,'2024-05-21 11:00:01','2024-05-21 11:00:01',12),(756,'Oops!','Your challenge is cancelled as no one has accepted it','default','https://postactionsbucket.s3.ap-south-1.amazonaws.com/aspireLogo.png',NULL,'2024-05-21 11:00:01','2024-05-21 11:00:01',12),(757,'Oopsie-daisy!','Looks like you have missed shapes yesterday.','default','https://postactionsbucket.s3.ap-south-1.amazonaws.com/aspireLogo.png',NULL,'2024-05-21 18:47:57','2024-05-21 18:47:57',10),(758,'Oopsie-daisy!','Looks like you have missed shapes yesterday.','default','https://postactionsbucket.s3.ap-south-1.amazonaws.com/aspireLogo.png',NULL,'2024-05-22 08:25:22','2024-05-22 08:25:22',64),(759,'The Clock is Ticking! ⏰','A fresh task is ready for you, just waiting to be conquered','default','https://postactionsbucket.s3.ap-south-1.amazonaws.com/aspireLogo.png',NULL,'2024-05-22 08:25:28','2024-05-22 08:25:28',64),(760,'The Clock is Ticking! ⏰','A fresh task is ready for you, just waiting to be conquered','default','https://postactionsbucket.s3.ap-south-1.amazonaws.com/aspireLogo.png',NULL,'2024-05-22 08:25:28','2024-05-22 08:25:28',64),(761,'Oopsie-daisy!','Looks like you have missed shapes yesterday.','default','https://postactionsbucket.s3.ap-south-1.amazonaws.com/aspireLogo.png',NULL,'2024-05-22 10:31:12','2024-05-22 10:31:12',166),(762,'Oopsie-daisy!','Looks like you have missed shapes yesterday.','default','https://postactionsbucket.s3.ap-south-1.amazonaws.com/aspireLogo.png',NULL,'2024-05-22 10:31:41','2024-05-22 10:31:41',166),(763,'Oopsie-daisy!','Looks like you have missed shapes yesterday.','default','https://postactionsbucket.s3.ap-south-1.amazonaws.com/aspireLogo.png',NULL,'2024-05-22 10:32:02','2024-05-22 10:32:02',166),(764,'Oopsie-daisy!','Looks like you have missed shapes yesterday.','default','https://postactionsbucket.s3.ap-south-1.amazonaws.com/aspireLogo.png',NULL,'2024-05-22 10:41:14','2024-05-22 10:41:14',12),(765,'Oopsie-daisy!','Looks like you have missed shapes yesterday.','default','https://postactionsbucket.s3.ap-south-1.amazonaws.com/aspireLogo.png',NULL,'2024-05-22 10:41:32','2024-05-22 10:41:32',12),(766,'Oopsie-daisy!','Looks like you have missed shapes yesterday.','default','https://postactionsbucket.s3.ap-south-1.amazonaws.com/aspireLogo.png',NULL,'2024-05-22 10:41:44','2024-05-22 10:41:44',12),(767,'Oopsie-daisy!','Looks like you have missed shapes yesterday.','default','https://postactionsbucket.s3.ap-south-1.amazonaws.com/aspireLogo.png',NULL,'2024-05-22 10:41:57','2024-05-22 10:41:57',12),(768,'Oopsie-daisy!','Looks like you have missed shapes yesterday.','default','https://postactionsbucket.s3.ap-south-1.amazonaws.com/aspireLogo.png',NULL,'2024-05-22 10:42:11','2024-05-22 10:42:11',12),(769,'Oopsie-daisy!','Looks like you have missed shapes yesterday.','default','https://postactionsbucket.s3.ap-south-1.amazonaws.com/aspireLogo.png',NULL,'2024-05-22 10:42:24','2024-05-22 10:42:24',12),(770,'Oopsie-daisy!','Looks like you have missed shapes yesterday.','default','https://postactionsbucket.s3.ap-south-1.amazonaws.com/aspireLogo.png',NULL,'2024-05-22 10:42:36','2024-05-22 10:42:36',12),(771,'Oopsie-daisy!','Looks like you have missed shapes yesterday.','default','https://postactionsbucket.s3.ap-south-1.amazonaws.com/aspireLogo.png',NULL,'2024-05-22 10:42:49','2024-05-22 10:42:49',12),(772,'Oops!','Your challenge is cancelled as no one has accepted it','default','https://postactionsbucket.s3.ap-south-1.amazonaws.com/aspireLogo.png',NULL,'2024-05-22 18:00:00','2024-05-22 18:00:00',199),(773,'Oops!','Your challenge is cancelled as no one has accepted it','default','https://postactionsbucket.s3.ap-south-1.amazonaws.com/aspireLogo.png',NULL,'2024-05-22 18:00:00','2024-05-22 18:00:00',199),(774,'The Clock is Ticking! ⏰','A fresh task is ready for you, just waiting to be conquered','default','https://postactionsbucket.s3.ap-south-1.amazonaws.com/aspireLogo.png',NULL,'2024-05-23 10:51:16','2024-05-23 10:51:16',66),(775,'The Clock is Ticking! ⏰','A fresh task is ready for you, just waiting to be conquered','default','https://postactionsbucket.s3.ap-south-1.amazonaws.com/aspireLogo.png',NULL,'2024-05-23 10:51:16','2024-05-23 10:51:16',66),(776,'Oopsie-daisy!','Looks like you have missed shapes yesterday.','default','https://postactionsbucket.s3.ap-south-1.amazonaws.com/aspireLogo.png',NULL,'2024-05-23 10:51:16','2024-05-23 10:51:16',66),(777,'👀 Someone just reacted to your post! ','Your post received a heartwarming reaction.','default','https://postactionsbucket.s3.ap-south-1.amazonaws.com/aspireLogo.png',NULL,'2024-05-23 10:52:01','2024-05-23 10:52:01',166),(778,'Oopsie-daisy!','Looks like you have missed shapes yesterday.','default','https://postactionsbucket.s3.ap-south-1.amazonaws.com/aspireLogo.png',NULL,'2024-05-23 13:07:33','2024-05-23 13:07:33',12),(779,'👀 Someone just reacted to your post! ','Your post received a heartwarming reaction.','default','https://postactionsbucket.s3.ap-south-1.amazonaws.com/aspireLogo.png',NULL,'2024-05-23 13:52:36','2024-05-23 13:52:36',57),(780,'👀 Someone just reacted to your post! ','Your post received a heartwarming reaction.','default','https://postactionsbucket.s3.ap-south-1.amazonaws.com/aspireLogo.png',NULL,'2024-05-23 17:13:04','2024-05-23 17:13:04',10),(781,'Unlock New Possibilities! 🔓','A new program has been unlocked just for you. It\'s time to embark on another exciting learning journey.','default','https://postactionsbucket.s3.ap-south-1.amazonaws.com/aspireLogo.png',NULL,'2024-05-24 05:19:19','2024-05-24 05:19:19',223),(782,'Unlock New Possibilities! 🔓','A new program has been unlocked just for you. It\'s time to embark on another exciting learning journey.','default','https://postactionsbucket.s3.ap-south-1.amazonaws.com/aspireLogo.png',NULL,'2024-05-24 05:19:19','2024-05-24 05:19:19',224),(783,'Oopsie-daisy!','Looks like you have missed shapes yesterday.','default','https://postactionsbucket.s3.ap-south-1.amazonaws.com/aspireLogo.png',NULL,'2024-05-24 05:41:52','2024-05-24 05:41:52',64),(784,'Oopsie-daisy!','Looks like you have missed shapes yesterday.','default','https://postactionsbucket.s3.ap-south-1.amazonaws.com/aspireLogo.png',NULL,'2024-05-24 06:17:48','2024-05-24 06:17:48',10),(785,'Oopsie-daisy!','Looks like you have missed shapes yesterday.','default','https://postactionsbucket.s3.ap-south-1.amazonaws.com/aspireLogo.png',NULL,'2024-05-24 06:22:15','2024-05-24 06:22:15',7),(786,'Oopsie-daisy!','Looks like you have missed shapes yesterday.','default','https://postactionsbucket.s3.ap-south-1.amazonaws.com/aspireLogo.png',NULL,'2024-05-24 07:41:01','2024-05-24 07:41:01',47),(787,'Unlock New Possibilities! 🔓','A new program has been unlocked just for you. It\'s time to embark on another exciting learning journey.','default','https://postactionsbucket.s3.ap-south-1.amazonaws.com/aspireLogo.png',NULL,'2024-05-24 08:55:25','2024-05-24 08:55:25',225),(788,'Unlock New Possibilities! 🔓','A new program has been unlocked just for you. It\'s time to embark on another exciting learning journey.','default','https://postactionsbucket.s3.ap-south-1.amazonaws.com/aspireLogo.png',NULL,'2024-05-24 08:55:25','2024-05-24 08:55:25',226),(789,'Oopsie-daisy!','Looks like you have missed shapes yesterday.','default','https://postactionsbucket.s3.ap-south-1.amazonaws.com/aspireLogo.png',NULL,'2024-05-24 09:18:14','2024-05-24 09:18:14',10),(790,'👀 Someone just reacted to your post! ','Your post received a heartwarming reaction.','default','https://postactionsbucket.s3.ap-south-1.amazonaws.com/aspireLogo.png',NULL,'2024-05-24 09:41:41','2024-05-24 09:41:41',219),(791,'Oopsie-daisy!','Looks like you have missed shapes yesterday.','default','https://postactionsbucket.s3.ap-south-1.amazonaws.com/aspireLogo.png',NULL,'2024-05-25 04:33:06','2024-05-25 04:33:06',10),(792,'Oopsie-daisy!','Looks like you have missed shapes yesterday.','default','https://postactionsbucket.s3.ap-south-1.amazonaws.com/aspireLogo.png',NULL,'2024-05-25 11:10:50','2024-05-25 11:10:50',7),(793,'Oopsie-daisy!','Looks like you have missed shapes yesterday.','default','https://postactionsbucket.s3.ap-south-1.amazonaws.com/aspireLogo.png',NULL,'2024-05-25 13:01:23','2024-05-25 13:01:23',56),(794,'Oopsie-daisy!','Looks like you have missed shapes yesterday.','default','https://postactionsbucket.s3.ap-south-1.amazonaws.com/aspireLogo.png',NULL,'2024-05-26 04:59:41','2024-05-26 04:59:41',10),(795,'Unlock New Possibilities! 🔓','A new program has been unlocked just for you. It\'s time to embark on another exciting learning journey.','default','https://postactionsbucket.s3.ap-south-1.amazonaws.com/aspireLogo.png',NULL,'2024-05-26 12:00:14','2024-05-26 12:00:14',227),(796,'Unlock New Possibilities! 🔓','A new program has been unlocked just for you. It\'s time to embark on another exciting learning journey.','default','https://postactionsbucket.s3.ap-south-1.amazonaws.com/aspireLogo.png',NULL,'2024-05-26 12:00:14','2024-05-26 12:00:14',228),(797,'Oopsie-daisy!','Looks like you have missed shapes yesterday.','default','https://postactionsbucket.s3.ap-south-1.amazonaws.com/aspireLogo.png',NULL,'2024-05-26 13:01:09','2024-05-26 13:01:09',56),(798,'Oopsie-daisy!','Looks like you have missed shapes yesterday.','default','https://postactionsbucket.s3.ap-south-1.amazonaws.com/aspireLogo.png',NULL,'2024-05-27 06:37:21','2024-05-27 06:37:21',12),(799,'Oopsie-daisy!','Looks like you have missed shapes yesterday.','default','https://postactionsbucket.s3.ap-south-1.amazonaws.com/aspireLogo.png',NULL,'2024-05-27 06:38:19','2024-05-27 06:38:19',166),(800,'Unlock New Possibilities! 🔓','A new program has been unlocked just for you. It\'s time to embark on another exciting learning journey.','default','https://postactionsbucket.s3.ap-south-1.amazonaws.com/aspireLogo.png',NULL,'2024-05-27 06:43:59','2024-05-27 06:43:59',223),(801,'Unlock New Possibilities! 🔓','A new program has been unlocked just for you. It\'s time to embark on another exciting learning journey.','default','https://postactionsbucket.s3.ap-south-1.amazonaws.com/aspireLogo.png',NULL,'2024-05-27 06:43:59','2024-05-27 06:43:59',166),(802,'Unlock New Possibilities! 🔓','A new program has been unlocked just for you. It\'s time to embark on another exciting learning journey.','default','https://postactionsbucket.s3.ap-south-1.amazonaws.com/aspireLogo.png',NULL,'2024-05-27 06:44:37','2024-05-27 06:44:37',223),(803,'Unlock New Possibilities! 🔓','A new program has been unlocked just for you. It\'s time to embark on another exciting learning journey.','default','https://postactionsbucket.s3.ap-south-1.amazonaws.com/aspireLogo.png',NULL,'2024-05-27 06:44:37','2024-05-27 06:44:37',166),(804,'The Clock is Ticking! ⏰','A fresh task is ready for you, just waiting to be conquered','default','https://postactionsbucket.s3.ap-south-1.amazonaws.com/aspireLogo.png',NULL,'2024-05-27 06:45:05','2024-05-27 06:45:05',166),(805,'The Clock is Ticking! ⏰','A fresh task is ready for you, just waiting to be conquered','default','https://postactionsbucket.s3.ap-south-1.amazonaws.com/aspireLogo.png',NULL,'2024-05-27 06:45:20','2024-05-27 06:45:20',166),(806,'Ready for action!','s now onboard for the challenge.','default',NULL,NULL,'2024-05-27 06:50:38','2024-05-27 06:50:38',166),(807,'Oopsie-daisy!','Looks like you have missed shapes yesterday.','default','https://postactionsbucket.s3.ap-south-1.amazonaws.com/aspireLogo.png',NULL,'2024-05-27 10:41:31','2024-05-27 10:41:31',10),(808,'The Clock is Ticking! ⏰','A fresh task is ready for you, just waiting to be conquered','default','https://postactionsbucket.s3.ap-south-1.amazonaws.com/aspireLogo.png',NULL,'2024-05-27 17:42:31','2024-05-27 17:42:31',70),(809,'Oopsie-daisy!','Looks like you have missed shapes yesterday.','default','https://postactionsbucket.s3.ap-south-1.amazonaws.com/aspireLogo.png',NULL,'2024-05-27 17:42:33','2024-05-27 17:42:33',70),(810,'Oopsie-daisy!','Looks like you have missed shapes yesterday.','default','https://postactionsbucket.s3.ap-south-1.amazonaws.com/aspireLogo.png',NULL,'2024-05-27 17:44:34','2024-05-27 17:44:34',70),(811,'👀 Someone just reacted to your post! ','Your post received a heartwarming reaction.','default','https://postactionsbucket.s3.ap-south-1.amazonaws.com/aspireLogo.png',NULL,'2024-05-27 17:46:42','2024-05-27 17:46:42',7),(812,'👀 Someone just reacted to your post! ','Your post received a heartwarming reaction.','default','https://postactionsbucket.s3.ap-south-1.amazonaws.com/aspireLogo.png',NULL,'2024-05-27 17:46:47','2024-05-27 17:46:47',10),(813,'👀 Someone just reacted to your post! ','Your post received a heartwarming reaction.','default','https://postactionsbucket.s3.ap-south-1.amazonaws.com/aspireLogo.png',NULL,'2024-05-27 17:46:50','2024-05-27 17:46:50',10),(814,'Oopsie-daisy!','Looks like you have missed shapes yesterday.','default','https://postactionsbucket.s3.ap-south-1.amazonaws.com/aspireLogo.png',NULL,'2024-05-28 02:54:13','2024-05-28 02:54:13',10),(815,'👀 Someone just reacted to your post! ','Your post received a heartwarming reaction.','default','https://postactionsbucket.s3.ap-south-1.amazonaws.com/aspireLogo.png',NULL,'2024-05-28 02:55:00','2024-05-28 02:55:00',7),(816,'Oops!','Your challenge is cancelled as no one has accepted it','default','https://postactionsbucket.s3.ap-south-1.amazonaws.com/aspireLogo.png',NULL,'2024-05-28 07:00:00','2024-05-28 07:00:00',166),(817,'Rise and shine, team! 💪','Your challenge has officially begun. It\'s time to accept and join the fray.','default','https://postactionsbucket.s3.ap-south-1.amazonaws.com/aspireLogo.png',NULL,'2024-05-28 07:00:00','2024-05-28 07:00:00',166),(818,'Oopsie-daisy!','Looks like you have missed shapes yesterday.','default','https://postactionsbucket.s3.ap-south-1.amazonaws.com/aspireLogo.png',NULL,'2024-05-28 07:10:31','2024-05-28 07:10:31',66),(819,'Oopsie-daisy!','Looks like you have missed shapes yesterday.','default','https://postactionsbucket.s3.ap-south-1.amazonaws.com/aspireLogo.png',NULL,'2024-05-28 10:26:38','2024-05-28 10:26:38',166),(820,'Oopsie-daisy!','Looks like you have missed shapes yesterday.','default','https://postactionsbucket.s3.ap-south-1.amazonaws.com/aspireLogo.png',NULL,'2024-05-28 10:27:20','2024-05-28 10:27:20',166),(821,'The Clock is Ticking! ⏰','A fresh task is ready for you, just waiting to be conquered','default','https://postactionsbucket.s3.ap-south-1.amazonaws.com/aspireLogo.png',NULL,'2024-05-28 10:29:28','2024-05-28 10:29:28',166),(822,'Unlock New Possibilities! 🔓','A new program has been unlocked just for you. It\'s time to embark on another exciting learning journey.','default','https://postactionsbucket.s3.ap-south-1.amazonaws.com/aspireLogo.png',NULL,'2024-05-28 11:45:03','2024-05-28 11:45:03',229),(823,'Unlock New Possibilities! 🔓','A new program has been unlocked just for you. It\'s time to embark on another exciting learning journey.','default','https://postactionsbucket.s3.ap-south-1.amazonaws.com/aspireLogo.png',NULL,'2024-05-28 11:45:03','2024-05-28 11:45:03',230),(824,'Oopsie-daisy!','Looks like you have missed shapes yesterday.','default','https://postactionsbucket.s3.ap-south-1.amazonaws.com/aspireLogo.png',NULL,'2024-05-28 11:57:54','2024-05-28 11:57:54',70),(825,'👀 Someone just reacted to your post! ','Your post received a heartwarming reaction.','default','https://postactionsbucket.s3.ap-south-1.amazonaws.com/aspireLogo.png',NULL,'2024-05-28 13:42:22','2024-05-28 13:42:22',7),(826,'👀 Someone just reacted to your post! ','Your post received a heartwarming reaction.','default','https://postactionsbucket.s3.ap-south-1.amazonaws.com/aspireLogo.png',NULL,'2024-05-28 13:42:26','2024-05-28 13:42:26',10),(827,'👀 Someone just reacted to your post! ','Your post received a heartwarming reaction.','default','https://postactionsbucket.s3.ap-south-1.amazonaws.com/aspireLogo.png',NULL,'2024-05-28 13:42:27','2024-05-28 13:42:27',10),(828,'👀 Someone just reacted to your post! ','Your post received a heartwarming reaction.','default','https://postactionsbucket.s3.ap-south-1.amazonaws.com/aspireLogo.png',NULL,'2024-05-28 13:42:29','2024-05-28 13:42:29',10),(829,'Oops!','Your challenge is cancelled as no one has accepted it','default','https://postactionsbucket.s3.ap-south-1.amazonaws.com/aspireLogo.png',NULL,'2024-05-28 18:00:00','2024-05-28 18:00:00',70),(830,'Oops!','Your challenge is cancelled as no one has accepted it','default','https://postactionsbucket.s3.ap-south-1.amazonaws.com/aspireLogo.png',NULL,'2024-05-28 18:00:00','2024-05-28 18:00:00',70),(831,'Oopsie-daisy!','Looks like you have missed shapes yesterday.','default','https://postactionsbucket.s3.ap-south-1.amazonaws.com/aspireLogo.png',NULL,'2024-05-29 01:59:38','2024-05-29 01:59:38',10),(832,'Oopsie-daisy!','Looks like you have missed shapes yesterday.','default','https://postactionsbucket.s3.ap-south-1.amazonaws.com/aspireLogo.png',NULL,'2024-05-29 07:10:02','2024-05-29 07:10:02',47),(833,'Oopsie-daisy!','Looks like you have missed shapes yesterday.','default','https://postactionsbucket.s3.ap-south-1.amazonaws.com/aspireLogo.png',NULL,'2024-05-29 07:11:25','2024-05-29 07:11:25',7),(834,'👀 Someone just reacted to your post! ','Your post received a heartwarming reaction.','default','https://postactionsbucket.s3.ap-south-1.amazonaws.com/aspireLogo.png',NULL,'2024-05-29 08:54:15','2024-05-29 08:54:15',10),(835,'👀 Someone just reacted to your post! ','Your post received a heartwarming reaction.','default','https://postactionsbucket.s3.ap-south-1.amazonaws.com/aspireLogo.png',NULL,'2024-05-29 08:56:39','2024-05-29 08:56:39',10),(836,'👀 Someone just reacted to your post! ','Your post received a heartwarming reaction.','default','https://postactionsbucket.s3.ap-south-1.amazonaws.com/aspireLogo.png',NULL,'2024-05-29 08:56:41','2024-05-29 08:56:41',10),(837,'👀 Someone just reacted to your post! ','Your post received a heartwarming reaction.','default','https://postactionsbucket.s3.ap-south-1.amazonaws.com/aspireLogo.png',NULL,'2024-05-29 08:56:43','2024-05-29 08:56:43',10),(838,'Oopsie-daisy!','Looks like you have missed shapes yesterday.','default','https://postactionsbucket.s3.ap-south-1.amazonaws.com/aspireLogo.png',NULL,'2024-05-29 11:46:22','2024-05-29 11:46:22',168),(839,'Oopsie-daisy!','Looks like you have missed shapes yesterday.','default','https://postactionsbucket.s3.ap-south-1.amazonaws.com/aspireLogo.png',NULL,'2024-05-30 06:03:32','2024-05-30 06:03:32',168),(840,'Oopsie-daisy!','Looks like you have missed shapes yesterday.','default','https://postactionsbucket.s3.ap-south-1.amazonaws.com/aspireLogo.png',NULL,'2024-05-30 06:19:13','2024-05-30 06:19:13',47),(841,'Oopsie-daisy!','Looks like you have missed shapes yesterday.','default','https://postactionsbucket.s3.ap-south-1.amazonaws.com/aspireLogo.png',NULL,'2024-05-30 06:49:59','2024-05-30 06:49:59',7),(842,'Oopsie-daisy!','Looks like you have missed shapes yesterday.','default','https://postactionsbucket.s3.ap-south-1.amazonaws.com/aspireLogo.png',NULL,'2024-05-30 06:50:27','2024-05-30 06:50:27',7),(843,'Oopsie-daisy!','Looks like you have missed shapes yesterday.','default','https://postactionsbucket.s3.ap-south-1.amazonaws.com/aspireLogo.png',NULL,'2024-05-30 06:50:28','2024-05-30 06:50:28',64),(844,'Unlock New Possibilities! 🔓','A new program has been unlocked just for you. It\'s time to embark on another exciting learning journey.','default','https://postactionsbucket.s3.ap-south-1.amazonaws.com/aspireLogo.png',NULL,'2024-05-30 06:53:28','2024-05-30 06:53:28',231),(845,'Unlock New Possibilities! 🔓','A new program has been unlocked just for you. It\'s time to embark on another exciting learning journey.','default','https://postactionsbucket.s3.ap-south-1.amazonaws.com/aspireLogo.png',NULL,'2024-05-30 06:53:28','2024-05-30 06:53:28',232),(846,'Oopsie-daisy!','Looks like you have missed shapes yesterday.','default','https://postactionsbucket.s3.ap-south-1.amazonaws.com/aspireLogo.png',NULL,'2024-05-30 07:16:26','2024-05-30 07:16:26',231),(847,'The Clock is Ticking! ⏰','A fresh task is ready for you, just waiting to be conquered','default','https://postactionsbucket.s3.ap-south-1.amazonaws.com/aspireLogo.png',NULL,'2024-05-30 07:17:26','2024-05-30 07:17:26',231),(848,'Unlock New Possibilities! 🔓','A new program has been unlocked just for you. It\'s time to embark on another exciting learning journey.','default','https://postactionsbucket.s3.ap-south-1.amazonaws.com/aspireLogo.png',NULL,'2024-05-30 08:37:00','2024-05-30 08:37:00',233),(849,'Unlock New Possibilities! 🔓','A new program has been unlocked just for you. It\'s time to embark on another exciting learning journey.','default','https://postactionsbucket.s3.ap-south-1.amazonaws.com/aspireLogo.png',NULL,'2024-05-30 08:37:00','2024-05-30 08:37:00',234),(850,'The Clock is Ticking! ⏰','A fresh task is ready for you, just waiting to be conquered','default','https://postactionsbucket.s3.ap-south-1.amazonaws.com/aspireLogo.png',NULL,'2024-05-30 10:43:00','2024-05-30 10:43:00',197),(851,'Oopsie-daisy!','Looks like you have missed shapes yesterday.','default','https://postactionsbucket.s3.ap-south-1.amazonaws.com/aspireLogo.png',NULL,'2024-05-30 10:43:01','2024-05-30 10:43:01',197),(852,'Oopsie-daisy!','Looks like you have missed shapes yesterday.','default','https://postactionsbucket.s3.ap-south-1.amazonaws.com/aspireLogo.png',NULL,'2024-05-30 10:43:36','2024-05-30 10:43:36',166),(853,'The Clock is Ticking! ⏰','A fresh task is ready for you, just waiting to be conquered','default','https://postactionsbucket.s3.ap-south-1.amazonaws.com/aspireLogo.png',NULL,'2024-05-30 10:43:43','2024-05-30 10:43:43',166),(854,'Oopsie-daisy!','Looks like you have missed shapes yesterday.','default','https://postactionsbucket.s3.ap-south-1.amazonaws.com/aspireLogo.png',NULL,'2024-05-30 10:58:17','2024-05-30 10:58:17',10),(855,'👀 Someone just reacted to your post! ','Your post received a heartwarming reaction.','default','https://postactionsbucket.s3.ap-south-1.amazonaws.com/aspireLogo.png',NULL,'2024-05-30 13:57:44','2024-05-30 13:57:44',7),(856,'👀 Someone just reacted to your post! ','Your post received a heartwarming reaction.','default','https://postactionsbucket.s3.ap-south-1.amazonaws.com/aspireLogo.png',NULL,'2024-05-30 13:57:44','2024-05-30 13:57:44',7),(857,'👀 Someone just reacted to your post! ','Your post received a heartwarming reaction.','default','https://postactionsbucket.s3.ap-south-1.amazonaws.com/aspireLogo.png',NULL,'2024-05-30 13:57:46','2024-05-30 13:57:46',7),(858,'👀 Someone just reacted to your post! ','Your post received a heartwarming reaction.','default','https://postactionsbucket.s3.ap-south-1.amazonaws.com/aspireLogo.png',NULL,'2024-05-30 13:57:47','2024-05-30 13:57:47',7),(859,'Oopsie-daisy!','Looks like you have missed shapes yesterday.','default','https://postactionsbucket.s3.ap-south-1.amazonaws.com/aspireLogo.png',NULL,'2024-05-30 19:23:04','2024-05-30 19:23:04',10),(860,'Oopsie-daisy!','Looks like you have missed shapes yesterday.','default','https://postactionsbucket.s3.ap-south-1.amazonaws.com/aspireLogo.png',NULL,'2024-05-30 19:28:58','2024-05-30 19:28:58',7),(861,'Ready for action!','s now onboard for the challenge.','default',NULL,NULL,'2024-05-30 23:07:02','2024-05-30 23:07:02',166),(862,'Oopsie-daisy!','Looks like you have missed shapes yesterday.','default','https://postactionsbucket.s3.ap-south-1.amazonaws.com/aspireLogo.png',NULL,'2024-05-31 04:44:53','2024-05-31 04:44:53',70),(863,'Oopsie-daisy!','Looks like you have missed shapes yesterday.','default','https://postactionsbucket.s3.ap-south-1.amazonaws.com/aspireLogo.png',NULL,'2024-05-31 04:45:19','2024-05-31 04:45:19',70),(864,'Oopsie-daisy!','Looks like you have missed shapes yesterday.','default','https://postactionsbucket.s3.ap-south-1.amazonaws.com/aspireLogo.png',NULL,'2024-05-31 04:46:21','2024-05-31 04:46:21',70),(865,'👀 Someone just reacted to your post! ','Your post received a heartwarming reaction.','default','https://postactionsbucket.s3.ap-south-1.amazonaws.com/aspireLogo.png',NULL,'2024-05-31 06:15:38','2024-05-31 06:15:38',70),(866,'👀 Someone just reacted to your post! ','Your post received a heartwarming reaction.','default','https://postactionsbucket.s3.ap-south-1.amazonaws.com/aspireLogo.png',NULL,'2024-05-31 06:15:38','2024-05-31 06:15:38',70),(867,'👀 Someone just reacted to your post! ','Your post received a heartwarming reaction.','default','https://postactionsbucket.s3.ap-south-1.amazonaws.com/aspireLogo.png',NULL,'2024-05-31 06:15:40','2024-05-31 06:15:40',70),(868,'👀 Someone just reacted to your post! ','Your post received a heartwarming reaction.','default','https://postactionsbucket.s3.ap-south-1.amazonaws.com/aspireLogo.png',NULL,'2024-05-31 06:15:41','2024-05-31 06:15:41',70),(869,'Oopsie-daisy!','Looks like you have missed shapes yesterday.','default','https://postactionsbucket.s3.ap-south-1.amazonaws.com/aspireLogo.png',NULL,'2024-05-31 07:58:35','2024-05-31 07:58:35',166),(870,'Oops!','Your challenge is cancelled as no one has accepted it','default','https://postactionsbucket.s3.ap-south-1.amazonaws.com/aspireLogo.png',NULL,'2024-05-31 11:00:00','2024-05-31 11:00:00',166),(871,'Oops!','Your challenge is cancelled as no one has accepted it','default','https://postactionsbucket.s3.ap-south-1.amazonaws.com/aspireLogo.png',NULL,'2024-05-31 11:00:00','2024-05-31 11:00:00',166),(872,'Rise and shine, team! 💪','Your challenge has officially begun. It\'s time to accept and join the fray.','default','https://postactionsbucket.s3.ap-south-1.amazonaws.com/aspireLogo.png',NULL,'2024-05-31 11:00:01','2024-05-31 11:00:01',166),(873,'Rise and shine, team! 💪','Your challenge has officially begun. It\'s time to accept and join the fray.','default','https://postactionsbucket.s3.ap-south-1.amazonaws.com/aspireLogo.png',NULL,'2024-05-31 11:00:01','2024-05-31 11:00:01',166),(874,'Psst! You\'ve got a nudge! 🤫','Looks like someone\'s thinking of you','default','https://postactionsbucket.s3.ap-south-1.amazonaws.com/aspireLogo.png',NULL,'2024-05-31 11:48:04','2024-05-31 11:48:04',166),(875,'Oops!','Your challenge is cancelled as no one has accepted it','default','https://postactionsbucket.s3.ap-south-1.amazonaws.com/aspireLogo.png',NULL,'2024-06-01 05:00:00','2024-06-01 05:00:00',70),(876,'Oops!','Your challenge is cancelled as no one has accepted it','default','https://postactionsbucket.s3.ap-south-1.amazonaws.com/aspireLogo.png',NULL,'2024-06-01 05:00:01','2024-06-01 05:00:01',70),(877,'Oopsie-daisy!','Looks like you have missed shapes yesterday.','default','https://postactionsbucket.s3.ap-south-1.amazonaws.com/aspireLogo.png',NULL,'2024-06-01 05:53:54','2024-06-01 05:53:54',10),(878,'👀 Someone just reacted to your post! ','Your post received a heartwarming reaction.','default','https://postactionsbucket.s3.ap-south-1.amazonaws.com/aspireLogo.png',NULL,'2024-06-01 05:54:05','2024-06-01 05:54:05',10),(879,'👀 Someone just reacted to your post! ','Your post received a heartwarming reaction.','default','https://postactionsbucket.s3.ap-south-1.amazonaws.com/aspireLogo.png',NULL,'2024-06-01 05:54:06','2024-06-01 05:54:06',10),(880,'👀 Someone just reacted to your post! ','Your post received a heartwarming reaction.','default','https://postactionsbucket.s3.ap-south-1.amazonaws.com/aspireLogo.png',NULL,'2024-06-01 05:54:06','2024-06-01 05:54:06',10),(881,'👀 Someone just reacted to your post! ','Your post received a heartwarming reaction.','default','https://postactionsbucket.s3.ap-south-1.amazonaws.com/aspireLogo.png',NULL,'2024-06-01 05:54:08','2024-06-01 05:54:08',7),(882,'Oopsie-daisy!','Looks like you have missed shapes yesterday.','default','https://postactionsbucket.s3.ap-south-1.amazonaws.com/aspireLogo.png',NULL,'2024-06-01 09:18:51','2024-06-01 09:18:51',7),(883,'👀 Someone just reacted to your post! ','Your post received a heartwarming reaction.','default','https://postactionsbucket.s3.ap-south-1.amazonaws.com/aspireLogo.png',NULL,'2024-06-01 09:26:24','2024-06-01 09:26:24',7),(884,'Psst! You\'ve got a nudge! 🤫','Looks like someone\'s thinking of you','default','https://postactionsbucket.s3.ap-south-1.amazonaws.com/aspireLogo.png',NULL,'2024-06-01 11:16:03','2024-06-01 11:16:03',166),(885,'👀 Someone just reacted to your post! ','Your post received a heartwarming reaction.','default','https://postactionsbucket.s3.ap-south-1.amazonaws.com/aspireLogo.png',NULL,'2024-06-01 13:17:33','2024-06-01 13:17:33',10),(886,'Unlock New Possibilities! 🔓','A new program has been unlocked just for you. It\'s time to embark on another exciting learning journey.','default','https://postactionsbucket.s3.ap-south-1.amazonaws.com/aspireLogo.png',NULL,'2024-06-01 17:24:15','2024-06-01 17:24:15',235),(887,'Unlock New Possibilities! 🔓','A new program has been unlocked just for you. It\'s time to embark on another exciting learning journey.','default','https://postactionsbucket.s3.ap-south-1.amazonaws.com/aspireLogo.png',NULL,'2024-06-01 17:24:15','2024-06-01 17:24:15',236),(888,'Oopsie-daisy!','Looks like you have missed shapes yesterday.','default','https://postactionsbucket.s3.ap-south-1.amazonaws.com/aspireLogo.png',NULL,'2024-06-02 04:11:37','2024-06-02 04:11:37',10),(889,'The Clock is Ticking! ⏰','A fresh task is ready for you, just waiting to be conquered','default','https://postactionsbucket.s3.ap-south-1.amazonaws.com/aspireLogo.png',NULL,'2024-06-02 07:00:10','2024-06-02 07:00:10',174),(890,'Oopsie-daisy!','Looks like you have missed shapes yesterday.','default','https://postactionsbucket.s3.ap-south-1.amazonaws.com/aspireLogo.png',NULL,'2024-06-02 07:00:11','2024-06-02 07:00:11',174),(891,'Oopsie-daisy!','Looks like you have missed shapes yesterday.','default','https://postactionsbucket.s3.ap-south-1.amazonaws.com/aspireLogo.png',NULL,'2024-06-02 10:33:36','2024-06-02 10:33:36',70),(892,'👀 Someone just reacted to your post! ','Your post received a heartwarming reaction.','default','https://postactionsbucket.s3.ap-south-1.amazonaws.com/aspireLogo.png',NULL,'2024-06-02 10:33:40','2024-06-02 10:33:40',10),(893,'Oopsie-daisy!','Looks like you have missed shapes yesterday.','default','https://postactionsbucket.s3.ap-south-1.amazonaws.com/aspireLogo.png',NULL,'2024-06-02 12:45:52','2024-06-02 12:45:52',231),(894,'Oopsie-daisy!','Looks like you have missed shapes yesterday.','default','https://postactionsbucket.s3.ap-south-1.amazonaws.com/aspireLogo.png',NULL,'2024-06-03 03:04:44','2024-06-03 03:04:44',10),(895,'Oopsie-daisy!','Looks like you have missed shapes yesterday.','default','https://postactionsbucket.s3.ap-south-1.amazonaws.com/aspireLogo.png',NULL,'2024-06-03 07:38:24','2024-06-03 07:38:24',197),(896,'Oopsie-daisy!','Looks like you have missed shapes yesterday.','default','https://postactionsbucket.s3.ap-south-1.amazonaws.com/aspireLogo.png',NULL,'2024-06-03 08:16:34','2024-06-03 08:16:34',7),(897,'Oopsie-daisy!','Looks like you have missed shapes yesterday.','default','https://postactionsbucket.s3.ap-south-1.amazonaws.com/aspireLogo.png',NULL,'2024-06-03 11:39:00','2024-06-03 11:39:00',7),(898,'Oopsie-daisy!','Looks like you have missed shapes yesterday.','default','https://postactionsbucket.s3.ap-south-1.amazonaws.com/aspireLogo.png',NULL,'2024-06-03 13:38:57','2024-06-03 13:38:57',70),(899,'Oopsie-daisy!','Looks like you have missed shapes yesterday.','default','https://postactionsbucket.s3.ap-south-1.amazonaws.com/aspireLogo.png',NULL,'2024-06-03 13:58:45','2024-06-03 13:58:45',166),(900,'Oopsie-daisy!','Looks like you have missed shapes yesterday.','default','https://postactionsbucket.s3.ap-south-1.amazonaws.com/aspireLogo.png',NULL,'2024-06-03 14:00:05','2024-06-03 14:00:05',12),(901,'Oopsie-daisy!','Looks like you have missed shapes yesterday.','default','https://postactionsbucket.s3.ap-south-1.amazonaws.com/aspireLogo.png',NULL,'2024-06-03 14:00:24','2024-06-03 14:00:24',12),(902,'Oopsie-daisy!','Looks like you have missed shapes yesterday.','default','https://postactionsbucket.s3.ap-south-1.amazonaws.com/aspireLogo.png',NULL,'2024-06-03 14:00:36','2024-06-03 14:00:36',12),(903,'Oopsie-daisy!','Looks like you have missed shapes yesterday.','default','https://postactionsbucket.s3.ap-south-1.amazonaws.com/aspireLogo.png',NULL,'2024-06-03 14:00:51','2024-06-03 14:00:51',12),(904,'Oopsie-daisy!','Looks like you have missed shapes yesterday.','default','https://postactionsbucket.s3.ap-south-1.amazonaws.com/aspireLogo.png',NULL,'2024-06-03 14:01:26','2024-06-03 14:01:26',12),(905,'Oopsie-daisy!','Looks like you have missed shapes yesterday.','default','https://postactionsbucket.s3.ap-south-1.amazonaws.com/aspireLogo.png',NULL,'2024-06-03 14:01:54','2024-06-03 14:01:54',12),(906,'Oopsie-daisy!','Looks like you have missed shapes yesterday.','default','https://postactionsbucket.s3.ap-south-1.amazonaws.com/aspireLogo.png',NULL,'2024-06-03 14:02:09','2024-06-03 14:02:09',12),(907,'Oopsie-daisy!','Looks like you have missed shapes yesterday.','default','https://postactionsbucket.s3.ap-south-1.amazonaws.com/aspireLogo.png',NULL,'2024-06-03 14:02:19','2024-06-03 14:02:19',12),(908,'👀 Someone just reacted to your post! ','Your post received a heartwarming reaction.','default','https://postactionsbucket.s3.ap-south-1.amazonaws.com/aspireLogo.png',NULL,'2024-06-03 15:02:37','2024-06-03 15:02:37',7),(909,'👀 Someone just reacted to your post! ','Your post received a heartwarming reaction.','default','https://postactionsbucket.s3.ap-south-1.amazonaws.com/aspireLogo.png',NULL,'2024-06-03 15:45:19','2024-06-03 15:45:19',166),(910,'👀 Someone just reacted to your post! ','Your post received a heartwarming reaction.','default','https://postactionsbucket.s3.ap-south-1.amazonaws.com/aspireLogo.png',NULL,'2024-06-03 15:45:20','2024-06-03 15:45:20',166),(911,'👀 Someone just reacted to your post! ','Your post received a heartwarming reaction.','default','https://postactionsbucket.s3.ap-south-1.amazonaws.com/aspireLogo.png',NULL,'2024-06-03 15:45:21','2024-06-03 15:45:21',166),(912,'👀 Someone just reacted to your post! ','Your post received a heartwarming reaction.','default','https://postactionsbucket.s3.ap-south-1.amazonaws.com/aspireLogo.png',NULL,'2024-06-03 15:45:22','2024-06-03 15:45:22',166),(913,'Oopsie-daisy!','Looks like you have missed shapes yesterday.','default','https://postactionsbucket.s3.ap-south-1.amazonaws.com/aspireLogo.png',NULL,'2024-06-04 04:28:02','2024-06-04 04:28:02',10),(914,'Oopsie-daisy!','Looks like you have missed shapes yesterday.','default','https://postactionsbucket.s3.ap-south-1.amazonaws.com/aspireLogo.png',NULL,'2024-06-04 07:06:41','2024-06-04 07:06:41',64),(915,'Oopsie-daisy!','Looks like you have missed shapes yesterday.','default','https://postactionsbucket.s3.ap-south-1.amazonaws.com/aspireLogo.png',NULL,'2024-06-04 14:34:04','2024-06-04 14:34:04',12),(916,'Oops!','Your challenge is cancelled as no one has accepted it','default','https://postactionsbucket.s3.ap-south-1.amazonaws.com/aspireLogo.png',NULL,'2024-06-04 16:00:00','2024-06-04 16:00:00',197),(917,'Oops!','Your challenge is cancelled as no one has accepted it','default','https://postactionsbucket.s3.ap-south-1.amazonaws.com/aspireLogo.png',NULL,'2024-06-04 16:00:00','2024-06-04 16:00:00',197),(918,'Oopsie-daisy!','Looks like you have missed shapes yesterday.','default','https://postactionsbucket.s3.ap-south-1.amazonaws.com/aspireLogo.png',NULL,'2024-06-05 08:47:39','2024-06-05 08:47:39',7),(919,'Oopsie-daisy!','Looks like you have missed shapes yesterday.','default','https://postactionsbucket.s3.ap-south-1.amazonaws.com/aspireLogo.png',NULL,'2024-06-05 08:48:52','2024-06-05 08:48:52',7),(920,'Oopsie-daisy!','Looks like you have missed shapes yesterday.','default','https://postactionsbucket.s3.ap-south-1.amazonaws.com/aspireLogo.png',NULL,'2024-06-05 13:31:28','2024-06-05 13:31:28',64),(921,'Oopsie-daisy!','Looks like you have missed shapes yesterday.','default','https://postactionsbucket.s3.ap-south-1.amazonaws.com/aspireLogo.png',NULL,'2024-06-05 13:35:03','2024-06-05 13:35:03',64),(922,'Oopsie-daisy!','Looks like you have missed shapes yesterday.','default','https://postactionsbucket.s3.ap-south-1.amazonaws.com/aspireLogo.png',NULL,'2024-06-06 04:41:20','2024-06-06 04:41:20',64),(923,'Oopsie-daisy!','Looks like you have missed shapes yesterday.','default','https://postactionsbucket.s3.ap-south-1.amazonaws.com/aspireLogo.png',NULL,'2024-06-06 07:21:04','2024-06-06 07:21:04',10),(924,'Oopsie-daisy!','Looks like you have missed shapes yesterday.','default','https://postactionsbucket.s3.ap-south-1.amazonaws.com/aspireLogo.png',NULL,'2024-06-06 13:03:25','2024-06-06 13:03:25',231),(925,'Oopsie-daisy!','Looks like you have missed shapes yesterday.','default','https://postactionsbucket.s3.ap-south-1.amazonaws.com/aspireLogo.png',NULL,'2024-06-07 04:59:47','2024-06-07 04:59:47',10),(926,'Oopsie-daisy!','Looks like you have missed shapes yesterday.','default','https://postactionsbucket.s3.ap-south-1.amazonaws.com/aspireLogo.png',NULL,'2024-06-07 07:23:08','2024-06-07 07:23:08',231),(927,'Unlock New Possibilities! 🔓','A new program has been unlocked just for you. It\'s time to embark on another exciting learning journey.','default','https://postactionsbucket.s3.ap-south-1.amazonaws.com/aspireLogo.png',NULL,'2024-06-07 09:53:57','2024-06-07 09:53:57',242),(928,'Unlock New Possibilities! 🔓','A new program has been unlocked just for you. It\'s time to embark on another exciting learning journey.','default','https://postactionsbucket.s3.ap-south-1.amazonaws.com/aspireLogo.png',NULL,'2024-06-07 09:53:57','2024-06-07 09:53:57',243),(929,'Oopsie-daisy!','Looks like you have missed shapes yesterday.','default','https://postactionsbucket.s3.ap-south-1.amazonaws.com/aspireLogo.png',NULL,'2024-06-08 09:37:34','2024-06-08 09:37:34',10),(930,'Oopsie-daisy!','Looks like you have missed shapes yesterday.','default','https://postactionsbucket.s3.ap-south-1.amazonaws.com/aspireLogo.png',NULL,'2024-06-08 10:11:53','2024-06-08 10:11:53',10),(931,'👀 Someone just reacted to your post! ','Your post received a heartwarming reaction.','default','https://postactionsbucket.s3.ap-south-1.amazonaws.com/aspireLogo.png',NULL,'2024-06-08 11:33:34','2024-06-08 11:33:34',10),(932,'👀 Someone just reacted to your post! ','Your post received a heartwarming reaction.','default','https://postactionsbucket.s3.ap-south-1.amazonaws.com/aspireLogo.png',NULL,'2024-06-08 11:33:40','2024-06-08 11:33:40',10),(933,'👀 Someone just reacted to your post! ','Your post received a heartwarming reaction.','default','https://postactionsbucket.s3.ap-south-1.amazonaws.com/aspireLogo.png',NULL,'2024-06-08 11:33:42','2024-06-08 11:33:42',10),(934,'👀 Someone just reacted to your post! ','Your post received a heartwarming reaction.','default','https://postactionsbucket.s3.ap-south-1.amazonaws.com/aspireLogo.png',NULL,'2024-06-08 11:33:46','2024-06-08 11:33:46',64),(935,'👀 Someone just reacted to your post! ','Your post received a heartwarming reaction.','default','https://postactionsbucket.s3.ap-south-1.amazonaws.com/aspireLogo.png',NULL,'2024-06-08 11:33:52','2024-06-08 11:33:52',64),(936,'👀 Someone just reacted to your post! ','Your post received a heartwarming reaction.','default','https://postactionsbucket.s3.ap-south-1.amazonaws.com/aspireLogo.png',NULL,'2024-06-08 11:33:55','2024-06-08 11:33:55',64),(937,'Oopsie-daisy!','Looks like you have missed shapes yesterday.','default','https://postactionsbucket.s3.ap-south-1.amazonaws.com/aspireLogo.png',NULL,'2024-06-08 11:44:03','2024-06-08 11:44:03',10),(938,'Oopsie-daisy!','Looks like you have missed shapes yesterday.','default','https://postactionsbucket.s3.ap-south-1.amazonaws.com/aspireLogo.png',NULL,'2024-06-08 11:44:44','2024-06-08 11:44:44',10),(939,'Oopsie-daisy!','Looks like you have missed shapes yesterday.','default','https://postactionsbucket.s3.ap-south-1.amazonaws.com/aspireLogo.png',NULL,'2024-06-08 12:00:31','2024-06-08 12:00:31',10),(940,'👀 Someone just reacted to your post! ','Your post received a heartwarming reaction.','default','https://postactionsbucket.s3.ap-south-1.amazonaws.com/aspireLogo.png',NULL,'2024-06-08 14:55:27','2024-06-08 14:55:27',10),(941,'👀 Someone just reacted to your post! ','Your post received a heartwarming reaction.','default','https://postactionsbucket.s3.ap-south-1.amazonaws.com/aspireLogo.png',NULL,'2024-06-08 14:55:30','2024-06-08 14:55:30',10),(942,'👀 Someone just reacted to your post! ','Your post received a heartwarming reaction.','default','https://postactionsbucket.s3.ap-south-1.amazonaws.com/aspireLogo.png',NULL,'2024-06-08 14:55:34','2024-06-08 14:55:34',10),(943,'Oopsie-daisy!','Looks like you have missed shapes yesterday.','default','https://postactionsbucket.s3.ap-south-1.amazonaws.com/aspireLogo.png',NULL,'2024-06-10 03:30:43','2024-06-10 03:30:43',10),(944,'👀 Someone just reacted to your post! ','Your post received a heartwarming reaction.','default','https://postactionsbucket.s3.ap-south-1.amazonaws.com/aspireLogo.png',NULL,'2024-06-10 09:10:55','2024-06-10 09:10:55',10),(945,'👀 Someone just reacted to your post! ','Your post received a heartwarming reaction.','default','https://postactionsbucket.s3.ap-south-1.amazonaws.com/aspireLogo.png',NULL,'2024-06-10 09:10:59','2024-06-10 09:10:59',10),(946,'Oopsie-daisy!','Looks like you have missed shapes yesterday.','default','https://postactionsbucket.s3.ap-south-1.amazonaws.com/aspireLogo.png',NULL,'2024-06-10 11:03:08','2024-06-10 11:03:08',5),(947,'Oopsie-daisy!','Looks like you have missed shapes yesterday.','default','https://postactionsbucket.s3.ap-south-1.amazonaws.com/aspireLogo.png',NULL,'2024-06-10 12:25:39','2024-06-10 12:25:39',12);
/*!40000 ALTER TABLE `notifications` ENABLE KEYS */;
UNLOCK TABLES;

--
-- Table structure for table `nudges`
--

DROP TABLE IF EXISTS `nudges`;
/*!40101 SET @saved_cs_client     = @@character_set_client */;
/*!50503 SET character_set_client = utf8mb4 */;
CREATE TABLE `nudges` (
  `id` int NOT NULL AUTO_INCREMENT,
  `nudgedUserId` int DEFAULT NULL,
  `isShown` tinyint(1) DEFAULT '0',
  `isNudged` tinyint(1) DEFAULT '0',
  `createdAt` datetime NOT NULL,
  `updatedAt` datetime NOT NULL,
  `userId` int DEFAULT NULL,
  `programId` int DEFAULT NULL,
  `teamRequestId` int DEFAULT NULL,
  PRIMARY KEY (`id`),
  KEY `userId` (`userId`),
  KEY `programId` (`programId`),
  KEY `teamRequestId` (`teamRequestId`),
  CONSTRAINT `nudges_ibfk_1` FOREIGN KEY (`userId`) REFERENCES `users` (`id`) ON DELETE SET NULL ON UPDATE CASCADE,
  CONSTRAINT `nudges_ibfk_2` FOREIGN KEY (`programId`) REFERENCES `programs` (`id`) ON DELETE SET NULL ON UPDATE CASCADE,
  CONSTRAINT `nudges_ibfk_3` FOREIGN KEY (`teamRequestId`) REFERENCES `teamRequests` (`id`) ON DELETE SET NULL ON UPDATE CASCADE
) ENGINE=InnoDB AUTO_INCREMENT=15 DEFAULT CHARSET=utf8mb4 COLLATE=utf8mb4_0900_ai_ci;
/*!40101 SET character_set_client = @saved_cs_client */;

--
-- Dumping data for table `nudges`
--

LOCK TABLES `nudges` WRITE;
/*!40000 ALTER TABLE `nudges` DISABLE KEYS */;
INSERT INTO `nudges` VALUES (1,45,0,1,'2024-05-01 14:05:32','2024-05-01 14:05:32',47,2,3),(2,45,0,1,'2024-05-01 14:05:45','2024-05-01 14:05:45',47,2,3),(3,223,0,1,'2024-05-28 11:06:10','2024-05-28 11:06:10',166,1,40),(4,223,0,1,'2024-05-28 11:06:49','2024-05-28 11:06:49',166,1,40),(5,223,0,1,'2024-05-28 11:06:51','2024-05-28 11:06:51',166,1,40),(6,223,0,1,'2024-05-28 11:06:51','2024-05-28 11:06:51',166,1,40),(7,223,0,1,'2024-05-28 11:06:54','2024-05-28 11:06:54',166,1,40),(8,223,0,1,'2024-05-28 11:06:54','2024-05-28 11:06:54',166,1,40),(9,223,0,1,'2024-05-28 11:06:55','2024-05-28 11:06:55',166,1,40),(10,223,0,1,'2024-05-28 11:06:55','2024-05-28 11:06:55',166,1,40),(11,223,0,1,'2024-05-28 11:06:55','2024-05-28 11:06:55',166,1,40),(12,223,0,1,'2024-05-28 11:12:48','2024-05-28 11:12:48',166,1,40),(13,166,0,1,'2024-05-31 11:48:04','2024-05-31 11:48:04',223,4,44),(14,166,0,1,'2024-06-01 11:16:03','2024-06-01 11:16:03',223,4,44);
/*!40000 ALTER TABLE `nudges` ENABLE KEYS */;
UNLOCK TABLES;

--
-- Table structure for table `onboardingAnswers`
--

DROP TABLE IF EXISTS `onboardingAnswers`;
/*!40101 SET @saved_cs_client     = @@character_set_client */;
/*!50503 SET character_set_client = utf8mb4 */;
CREATE TABLE `onboardingAnswers` (
  `id` int NOT NULL AUTO_INCREMENT,
  `text` text,
  `timeResponse` time DEFAULT NULL,
  `text2` text,
  `createdAt` datetime NOT NULL,
  `updatedAt` datetime NOT NULL,
  `userId` int DEFAULT NULL,
  `onboardingQuestionId` int DEFAULT NULL,
  `onboardingOptionId` int DEFAULT NULL,
  PRIMARY KEY (`id`),
  KEY `userId` (`userId`),
  KEY `onboardingQuestionId` (`onboardingQuestionId`),
  KEY `onboardingOptionId` (`onboardingOptionId`),
  CONSTRAINT `onboardingAnswers_ibfk_1` FOREIGN KEY (`userId`) REFERENCES `users` (`id`) ON DELETE SET NULL ON UPDATE CASCADE,
  CONSTRAINT `onboardingAnswers_ibfk_2` FOREIGN KEY (`onboardingQuestionId`) REFERENCES `onboardingQuestions` (`id`) ON DELETE SET NULL ON UPDATE CASCADE,
  CONSTRAINT `onboardingAnswers_ibfk_3` FOREIGN KEY (`onboardingOptionId`) REFERENCES `onboardingOptions` (`id`) ON DELETE SET NULL ON UPDATE CASCADE
) ENGINE=InnoDB AUTO_INCREMENT=813 DEFAULT CHARSET=utf8mb4 COLLATE=utf8mb4_0900_ai_ci;
/*!40101 SET character_set_client = @saved_cs_client */;

--
-- Dumping data for table `onboardingAnswers`
--

LOCK TABLES `onboardingAnswers` WRITE;
/*!40000 ALTER TABLE `onboardingAnswers` DISABLE KEYS */;
INSERT INTO `onboardingAnswers` VALUES (1,NULL,NULL,NULL,'2024-04-23 08:20:05','2024-04-23 08:20:05',4,124,310),(2,NULL,NULL,NULL,'2024-04-23 08:20:05','2024-04-23 08:20:05',4,125,312),(3,NULL,NULL,NULL,'2024-04-23 08:20:05','2024-04-23 08:20:05',4,126,316),(4,'no not right now ,I\'ll th',NULL,NULL,'2024-04-23 08:20:05','2024-04-23 08:20:05',4,127,NULL),(5,NULL,NULL,NULL,'2024-04-23 08:20:05','2024-04-23 08:20:05',4,128,318),(6,NULL,NULL,NULL,'2024-04-23 08:20:05','2024-04-23 08:20:05',4,129,321),(7,NULL,NULL,NULL,'2024-04-23 08:20:05','2024-04-23 08:20:05',4,130,324),(8,NULL,NULL,NULL,'2024-04-23 08:20:05','2024-04-23 08:20:05',4,131,327),(9,'999',NULL,NULL,'2024-04-23 08:20:05','2024-04-23 08:20:05',4,132,331),(10,NULL,NULL,NULL,'2024-04-23 08:20:05','2024-04-23 08:20:05',4,133,NULL),(11,NULL,NULL,NULL,'2024-04-24 06:32:11','2024-04-24 06:32:11',9,124,309),(12,NULL,NULL,NULL,'2024-04-24 06:32:11','2024-04-24 06:32:11',9,125,313),(13,NULL,NULL,NULL,'2024-04-24 06:32:11','2024-04-24 06:32:11',9,126,316),(14,'testing',NULL,NULL,'2024-04-24 06:32:11','2024-04-24 06:32:11',9,127,NULL),(15,NULL,NULL,NULL,'2024-04-24 06:32:11','2024-04-24 06:32:11',9,128,318),(16,NULL,NULL,NULL,'2024-04-24 06:32:11','2024-04-24 06:32:11',9,129,321),(17,NULL,NULL,NULL,'2024-04-24 06:32:11','2024-04-24 06:32:11',9,130,325),(18,NULL,NULL,NULL,'2024-04-24 06:32:11','2024-04-24 06:32:11',9,131,328),(19,'1000',NULL,'shirt','2024-04-24 06:32:11','2024-04-24 06:32:11',9,132,330),(20,NULL,NULL,NULL,'2024-04-24 06:32:11','2024-04-24 06:32:11',9,133,NULL),(21,NULL,NULL,NULL,'2024-04-24 07:15:21','2024-04-24 07:15:21',8,124,309),(22,NULL,NULL,NULL,'2024-04-24 07:15:21','2024-04-24 07:15:21',8,125,312),(23,NULL,NULL,NULL,'2024-04-24 07:15:21','2024-04-24 07:15:21',8,126,315),(24,'Wxfybb',NULL,NULL,'2024-04-24 07:15:21','2024-04-24 07:15:21',8,127,NULL),(25,NULL,NULL,NULL,'2024-04-24 07:15:21','2024-04-24 07:15:21',8,128,320),(26,NULL,NULL,NULL,'2024-04-24 07:15:21','2024-04-24 07:15:21',8,129,321),(27,NULL,NULL,NULL,'2024-04-24 07:15:21','2024-04-24 07:15:21',8,130,325),(28,NULL,NULL,NULL,'2024-04-24 07:15:21','2024-04-24 07:15:21',8,131,329),(29,'150',NULL,'Subu','2024-04-24 07:15:21','2024-04-24 07:15:21',8,132,331),(30,NULL,NULL,NULL,'2024-04-24 07:15:21','2024-04-24 07:15:21',8,133,NULL),(31,NULL,NULL,NULL,'2024-04-24 07:24:47','2024-04-24 07:24:47',10,124,310),(32,NULL,NULL,NULL,'2024-04-24 07:24:47','2024-04-24 07:24:47',10,125,312),(33,NULL,NULL,NULL,'2024-04-24 07:24:47','2024-04-24 07:24:47',10,126,316),(34,'b b b n',NULL,NULL,'2024-04-24 07:24:47','2024-04-24 07:24:47',10,127,NULL),(35,NULL,NULL,NULL,'2024-04-24 07:24:47','2024-04-24 07:24:47',10,128,319),(36,NULL,NULL,NULL,'2024-04-24 07:24:47','2024-04-24 07:24:47',10,129,322),(37,NULL,NULL,NULL,'2024-04-24 07:24:47','2024-04-24 07:24:47',10,130,325),(38,NULL,NULL,NULL,'2024-04-24 07:24:47','2024-04-24 07:24:47',10,131,328),(39,'9000',NULL,'washing machine','2024-04-24 07:24:47','2024-04-24 07:24:47',10,132,331),(40,NULL,NULL,NULL,'2024-04-24 07:24:47','2024-04-24 07:24:47',10,133,NULL),(41,NULL,NULL,NULL,'2024-04-24 07:37:34','2024-04-24 07:37:34',11,124,309),(42,NULL,NULL,NULL,'2024-04-24 07:37:34','2024-04-24 07:37:34',11,125,312),(43,NULL,NULL,NULL,'2024-04-24 07:37:34','2024-04-24 07:37:34',11,126,316),(44,'jsjsjjsjs',NULL,NULL,'2024-04-24 07:37:34','2024-04-24 07:37:34',11,127,NULL),(45,NULL,NULL,NULL,'2024-04-24 07:37:34','2024-04-24 07:37:34',11,128,319),(46,NULL,NULL,NULL,'2024-04-24 07:37:34','2024-04-24 07:37:34',11,129,322),(47,NULL,NULL,NULL,'2024-04-24 07:37:34','2024-04-24 07:37:34',11,130,325),(48,NULL,NULL,NULL,'2024-04-24 07:37:34','2024-04-24 07:37:34',11,131,328),(49,'1000',NULL,'MacBook pro','2024-04-24 07:37:34','2024-04-24 07:37:34',11,132,331),(50,NULL,NULL,NULL,'2024-04-24 07:37:34','2024-04-24 07:37:34',11,133,NULL),(51,NULL,NULL,NULL,'2024-04-24 07:43:17','2024-04-24 07:43:17',7,124,310),(52,NULL,NULL,NULL,'2024-04-24 07:43:17','2024-04-24 07:43:17',7,125,312),(53,NULL,NULL,NULL,'2024-04-24 07:43:17','2024-04-24 07:43:17',7,126,316),(54,'dkdjdj',NULL,NULL,'2024-04-24 07:43:17','2024-04-24 07:43:17',7,127,NULL),(55,NULL,NULL,NULL,'2024-04-24 07:43:17','2024-04-24 07:43:17',7,128,319),(56,NULL,NULL,NULL,'2024-04-24 07:43:17','2024-04-24 07:43:17',7,129,321),(57,NULL,NULL,NULL,'2024-04-24 07:43:17','2024-04-24 07:43:17',7,130,325),(58,NULL,NULL,NULL,'2024-04-24 07:43:17','2024-04-24 07:43:17',7,131,328),(59,'5550',NULL,'Make up kit','2024-04-24 07:43:17','2024-04-24 07:43:17',7,132,330),(60,NULL,NULL,NULL,'2024-04-24 07:43:17','2024-04-24 07:43:17',7,133,NULL),(61,NULL,NULL,NULL,'2024-04-24 08:22:29','2024-04-24 08:22:29',12,124,309),(62,NULL,NULL,NULL,'2024-04-24 08:22:29','2024-04-24 08:22:29',12,125,312),(63,NULL,NULL,NULL,'2024-04-24 08:22:29','2024-04-24 08:22:29',12,126,315),(64,'test',NULL,NULL,'2024-04-24 08:22:29','2024-04-24 08:22:29',12,127,NULL),(65,NULL,NULL,NULL,'2024-04-24 08:22:29','2024-04-24 08:22:29',12,128,320),(66,NULL,NULL,NULL,'2024-04-24 08:22:29','2024-04-24 08:22:29',12,129,322),(67,NULL,NULL,NULL,'2024-04-24 08:22:29','2024-04-24 08:22:29',12,130,325),(68,NULL,NULL,NULL,'2024-04-24 08:22:29','2024-04-24 08:22:29',12,131,328),(69,'900',NULL,'Jetti','2024-04-24 08:22:29','2024-04-24 08:22:29',12,132,332),(70,NULL,NULL,NULL,'2024-04-24 08:22:29','2024-04-24 08:22:29',12,133,NULL),(71,NULL,NULL,NULL,'2024-04-24 11:35:35','2024-04-24 11:35:35',14,124,310),(72,NULL,NULL,NULL,'2024-04-24 11:35:35','2024-04-24 11:35:35',14,125,312),(73,NULL,NULL,NULL,'2024-04-24 11:35:35','2024-04-24 11:35:35',14,126,316),(74,'twst',NULL,NULL,'2024-04-24 11:35:35','2024-04-24 11:35:35',14,127,NULL),(75,NULL,NULL,NULL,'2024-04-24 11:35:35','2024-04-24 11:35:35',14,128,319),(76,NULL,NULL,NULL,'2024-04-24 11:35:35','2024-04-24 11:35:35',14,129,322),(77,NULL,NULL,NULL,'2024-04-24 11:35:35','2024-04-24 11:35:35',14,130,324),(78,NULL,NULL,NULL,'2024-04-24 11:35:35','2024-04-24 11:35:35',14,131,327),(79,'soap',NULL,'100','2024-04-24 11:35:35','2024-04-24 11:35:35',14,132,331),(80,NULL,NULL,NULL,'2024-04-24 11:35:35','2024-04-24 11:35:35',14,133,NULL),(81,NULL,NULL,NULL,'2024-04-24 12:25:38','2024-04-24 12:25:38',13,124,309),(82,NULL,NULL,NULL,'2024-04-24 12:25:38','2024-04-24 12:25:38',13,125,313),(83,NULL,NULL,NULL,'2024-04-24 12:25:38','2024-04-24 12:25:38',13,126,315),(84,'uhugu',NULL,NULL,'2024-04-24 12:25:38','2024-04-24 12:25:38',13,127,NULL),(85,NULL,NULL,NULL,'2024-04-24 12:25:38','2024-04-24 12:25:38',13,128,319),(86,NULL,NULL,NULL,'2024-04-24 12:25:38','2024-04-24 12:25:38',13,129,322),(87,NULL,NULL,NULL,'2024-04-24 12:25:38','2024-04-24 12:25:38',13,130,325),(88,NULL,NULL,NULL,'2024-04-24 12:25:38','2024-04-24 12:25:38',13,131,328),(89,'purifier',NULL,'1000','2024-04-24 12:25:38','2024-04-24 12:25:38',13,132,331),(90,NULL,NULL,NULL,'2024-04-24 12:25:38','2024-04-24 12:25:38',13,133,NULL),(91,NULL,NULL,NULL,'2024-04-25 07:19:25','2024-04-25 07:19:25',15,124,310),(92,NULL,NULL,NULL,'2024-04-25 07:19:25','2024-04-25 07:19:25',15,125,311),(93,NULL,NULL,NULL,'2024-04-25 07:19:25','2024-04-25 07:19:25',15,126,316),(94,'nsnsnjsjs',NULL,NULL,'2024-04-25 07:19:25','2024-04-25 07:19:25',15,127,NULL),(95,NULL,NULL,NULL,'2024-04-25 07:19:25','2024-04-25 07:19:25',15,128,319),(96,NULL,NULL,NULL,'2024-04-25 07:19:25','2024-04-25 07:19:25',15,129,322),(97,NULL,NULL,NULL,'2024-04-25 07:19:25','2024-04-25 07:19:25',15,130,324),(98,NULL,NULL,NULL,'2024-04-25 07:19:25','2024-04-25 07:19:25',15,131,327),(99,'1000',NULL,'AC','2024-04-25 07:19:25','2024-04-25 07:19:25',15,132,332),(100,NULL,NULL,NULL,'2024-04-25 07:19:25','2024-04-25 07:19:25',15,133,NULL),(101,NULL,NULL,NULL,'2024-04-25 13:26:50','2024-04-25 13:26:50',19,124,309),(102,NULL,NULL,NULL,'2024-04-25 13:26:50','2024-04-25 13:26:50',19,125,312),(103,NULL,NULL,NULL,'2024-04-25 13:26:50','2024-04-25 13:26:50',19,126,317),(104,'Communication, Data Analaysis',NULL,NULL,'2024-04-25 13:26:50','2024-04-25 13:26:50',19,127,NULL),(105,NULL,NULL,NULL,'2024-04-25 13:26:50','2024-04-25 13:26:50',19,128,318),(106,NULL,NULL,NULL,'2024-04-25 13:26:50','2024-04-25 13:26:50',19,129,321),(107,NULL,NULL,NULL,'2024-04-25 13:26:50','2024-04-25 13:26:50',19,130,325),(108,NULL,NULL,NULL,'2024-04-25 13:26:50','2024-04-25 13:26:50',19,131,328),(109,'1000',NULL,'shirt','2024-04-25 13:26:50','2024-04-25 13:26:50',19,132,330),(110,NULL,NULL,NULL,'2024-04-25 13:26:50','2024-04-25 13:26:50',19,133,NULL),(111,NULL,NULL,NULL,'2024-04-25 13:45:07','2024-04-25 13:45:07',16,124,309),(112,NULL,NULL,NULL,'2024-04-25 13:45:07','2024-04-25 13:45:07',16,125,312),(113,NULL,NULL,NULL,'2024-04-25 13:45:07','2024-04-25 13:45:07',16,126,315),(114,'Kdkr KK’s',NULL,NULL,'2024-04-25 13:45:07','2024-04-25 13:45:07',16,127,NULL),(115,NULL,NULL,NULL,'2024-04-25 13:45:07','2024-04-25 13:45:07',16,128,319),(116,NULL,NULL,NULL,'2024-04-25 13:45:07','2024-04-25 13:45:07',16,129,322),(117,NULL,NULL,NULL,'2024-04-25 13:45:07','2024-04-25 13:45:07',16,130,325),(118,NULL,NULL,NULL,'2024-04-25 13:45:07','2024-04-25 13:45:07',16,131,328),(119,'800',NULL,'hello','2024-04-25 13:45:07','2024-04-25 13:45:07',16,132,331),(120,NULL,'18:15:00',NULL,'2024-04-25 13:45:07','2024-04-25 13:45:07',16,133,NULL),(121,NULL,NULL,NULL,'2024-04-25 13:58:02','2024-04-25 13:58:02',18,124,310),(122,NULL,NULL,NULL,'2024-04-25 13:58:02','2024-04-25 13:58:02',18,125,311),(123,NULL,NULL,NULL,'2024-04-25 13:58:02','2024-04-25 13:58:02',18,126,315),(124,'Bdbd',NULL,NULL,'2024-04-25 13:58:02','2024-04-25 13:58:02',18,127,NULL),(125,NULL,NULL,NULL,'2024-04-25 13:58:02','2024-04-25 13:58:02',18,128,319),(126,NULL,NULL,NULL,'2024-04-25 13:58:02','2024-04-25 13:58:02',18,129,322),(127,NULL,NULL,NULL,'2024-04-25 13:58:02','2024-04-25 13:58:02',18,130,325),(128,NULL,NULL,NULL,'2024-04-25 13:58:02','2024-04-25 13:58:02',18,131,329),(130,NULL,NULL,NULL,'2024-04-25 15:54:41','2024-04-25 15:54:41',20,124,310),(131,NULL,NULL,NULL,'2024-04-25 15:54:41','2024-04-25 15:54:41',20,125,312),(132,NULL,NULL,NULL,'2024-04-25 15:54:41','2024-04-25 15:54:41',20,126,314),(133,'Gaining in depth knowledge in DSA',NULL,NULL,'2024-04-25 15:54:41','2024-04-25 15:54:41',20,127,NULL),(134,NULL,NULL,NULL,'2024-04-25 15:54:41','2024-04-25 15:54:41',20,128,318),(135,NULL,NULL,NULL,'2024-04-25 15:54:41','2024-04-25 15:54:41',20,129,323),(136,NULL,NULL,NULL,'2024-04-25 15:54:41','2024-04-25 15:54:41',20,130,325),(137,NULL,NULL,NULL,'2024-04-25 15:54:41','2024-04-25 15:54:41',20,131,327),(138,'6000',NULL,'smart watch','2024-04-25 15:54:41','2024-04-25 15:54:41',20,132,331),(139,NULL,'20:30:00',NULL,'2024-04-25 15:54:41','2024-04-25 15:54:41',20,133,NULL),(140,NULL,NULL,NULL,'2024-04-26 11:28:17','2024-04-26 11:28:17',24,124,310),(141,NULL,NULL,NULL,'2024-04-26 11:28:17','2024-04-26 11:28:17',24,125,313),(142,NULL,NULL,NULL,'2024-04-26 11:28:17','2024-04-26 11:28:17',24,126,316),(143,'nothing is specific',NULL,NULL,'2024-04-26 11:28:17','2024-04-26 11:28:17',24,127,NULL),(144,NULL,NULL,NULL,'2024-04-26 11:28:17','2024-04-26 11:28:17',24,128,318),(145,NULL,NULL,NULL,'2024-04-26 11:28:17','2024-04-26 11:28:17',24,129,322),(146,NULL,NULL,NULL,'2024-04-26 11:28:17','2024-04-26 11:28:17',24,130,324),(147,NULL,NULL,NULL,'2024-04-26 11:28:17','2024-04-26 11:28:17',24,131,328),(148,'5000',NULL,'Apple Watch Ultra','2024-04-26 11:28:17','2024-04-26 11:28:17',24,132,331),(149,NULL,NULL,NULL,'2024-04-26 11:28:17','2024-04-26 11:28:17',24,133,NULL),(150,NULL,NULL,NULL,'2024-04-26 12:27:43','2024-04-26 12:27:43',23,124,309),(151,NULL,NULL,NULL,'2024-04-26 12:27:43','2024-04-26 12:27:43',23,125,311),(152,NULL,NULL,NULL,'2024-04-26 12:27:43','2024-04-26 12:27:43',23,126,317),(153,'Learning',NULL,NULL,'2024-04-26 12:27:43','2024-04-26 12:27:43',23,127,NULL),(154,NULL,NULL,NULL,'2024-04-26 12:27:43','2024-04-26 12:27:43',23,128,318),(155,NULL,NULL,NULL,'2024-04-26 12:27:43','2024-04-26 12:27:43',23,129,321),(156,NULL,NULL,NULL,'2024-04-26 12:27:43','2024-04-26 12:27:43',23,130,326),(157,NULL,NULL,NULL,'2024-04-26 12:27:43','2024-04-26 12:27:43',23,131,329),(158,'9999',NULL,'Earbuds','2024-04-26 12:27:43','2024-04-26 12:27:43',23,132,331),(159,NULL,NULL,NULL,'2024-04-26 12:27:43','2024-04-26 12:27:43',23,133,NULL),(160,NULL,NULL,NULL,'2024-04-27 08:05:12','2024-04-27 08:05:12',26,124,309),(161,NULL,NULL,NULL,'2024-04-27 08:05:12','2024-04-27 08:05:12',26,125,311),(162,NULL,NULL,NULL,'2024-04-27 08:05:12','2024-04-27 08:05:12',26,126,316),(163,'Time management and Connecting with people.',NULL,NULL,'2024-04-27 08:05:12','2024-04-27 08:05:12',26,127,NULL),(164,NULL,NULL,NULL,'2024-04-27 08:05:12','2024-04-27 08:05:12',26,128,318),(165,NULL,NULL,NULL,'2024-04-27 08:05:12','2024-04-27 08:05:12',26,129,323),(166,NULL,NULL,NULL,'2024-04-27 08:05:12','2024-04-27 08:05:12',26,130,325),(167,NULL,NULL,NULL,'2024-04-27 08:05:12','2024-04-27 08:05:12',26,131,327),(168,'6000',NULL,'Gaming keyboard','2024-04-27 08:05:13','2024-04-27 08:05:13',26,132,331),(169,NULL,NULL,NULL,'2024-04-27 08:05:13','2024-04-27 08:05:13',26,133,NULL),(170,NULL,NULL,NULL,'2024-04-27 09:20:09','2024-04-27 09:20:09',35,124,309),(171,NULL,NULL,NULL,'2024-04-27 09:20:09','2024-04-27 09:20:09',35,125,312),(172,NULL,NULL,NULL,'2024-04-27 09:20:09','2024-04-27 09:20:09',35,126,315),(173,'.',NULL,NULL,'2024-04-27 09:20:09','2024-04-27 09:20:09',35,127,NULL),(174,NULL,NULL,NULL,'2024-04-27 09:20:09','2024-04-27 09:20:09',35,128,318),(175,NULL,NULL,NULL,'2024-04-27 09:20:09','2024-04-27 09:20:09',35,129,322),(176,NULL,NULL,NULL,'2024-04-27 09:20:09','2024-04-27 09:20:09',35,130,326),(177,NULL,NULL,NULL,'2024-04-27 09:20:09','2024-04-27 09:20:09',35,131,328),(178,'1449',NULL,'Laptop','2024-04-27 09:20:09','2024-04-27 09:20:09',35,132,331),(179,NULL,NULL,NULL,'2024-04-27 09:20:09','2024-04-27 09:20:09',35,133,NULL),(180,NULL,NULL,NULL,'2024-04-27 10:16:09','2024-04-27 10:16:09',36,124,310),(181,NULL,NULL,NULL,'2024-04-27 10:16:09','2024-04-27 10:16:09',36,125,312),(182,NULL,NULL,NULL,'2024-04-27 10:16:09','2024-04-27 10:16:09',36,126,315),(183,'Ndndndn',NULL,NULL,'2024-04-27 10:16:09','2024-04-27 10:16:09',36,127,NULL),(184,NULL,NULL,NULL,'2024-04-27 10:16:09','2024-04-27 10:16:09',36,128,319),(185,NULL,NULL,NULL,'2024-04-27 10:16:09','2024-04-27 10:16:09',36,129,323),(186,NULL,NULL,NULL,'2024-04-27 10:16:09','2024-04-27 10:16:09',36,130,325),(187,NULL,NULL,NULL,'2024-04-27 10:16:09','2024-04-27 10:16:09',36,131,328),(188,'489',NULL,'Laptop','2024-04-27 10:16:09','2024-04-27 10:16:09',36,132,331),(189,NULL,NULL,NULL,'2024-04-28 10:30:33','2024-04-28 10:30:33',37,124,309),(190,NULL,NULL,NULL,'2024-04-28 10:30:33','2024-04-28 10:30:33',37,125,313),(191,NULL,NULL,NULL,'2024-04-28 10:30:33','2024-04-28 10:30:33',37,126,316),(192,'Not really',NULL,NULL,'2024-04-28 10:30:33','2024-04-28 10:30:33',37,127,NULL),(193,NULL,NULL,NULL,'2024-04-28 10:30:33','2024-04-28 10:30:33',37,128,318),(194,NULL,NULL,NULL,'2024-04-28 10:30:33','2024-04-28 10:30:33',37,129,323),(195,NULL,NULL,NULL,'2024-04-28 10:30:33','2024-04-28 10:30:33',37,130,326),(196,NULL,NULL,NULL,'2024-04-28 10:30:33','2024-04-28 10:30:33',37,131,327),(197,'9999',NULL,'gold','2024-04-28 10:30:33','2024-04-28 10:30:33',37,132,330),(198,NULL,'22:00:00',NULL,'2024-04-28 10:30:33','2024-04-28 10:30:33',37,133,NULL),(199,NULL,NULL,NULL,'2024-04-29 07:42:57','2024-04-29 07:42:57',38,124,309),(200,NULL,NULL,NULL,'2024-04-29 07:42:57','2024-04-29 07:42:57',38,125,312),(201,NULL,NULL,NULL,'2024-04-29 07:42:57','2024-04-29 07:42:57',38,126,NULL),(202,'vh',NULL,NULL,'2024-04-29 07:42:57','2024-04-29 07:42:57',38,127,NULL),(203,NULL,NULL,NULL,'2024-04-29 07:42:57','2024-04-29 07:42:57',38,128,318),(204,NULL,NULL,NULL,'2024-04-29 07:42:57','2024-04-29 07:42:57',38,129,321),(205,NULL,NULL,NULL,'2024-04-29 07:42:57','2024-04-29 07:42:57',38,130,324),(206,NULL,NULL,NULL,'2024-04-29 07:42:57','2024-04-29 07:42:57',38,131,327),(207,'550',NULL,'hh','2024-04-29 07:42:57','2024-04-29 07:42:57',38,132,331),(208,NULL,NULL,NULL,'2024-04-29 07:42:57','2024-04-29 07:42:57',38,133,NULL),(209,NULL,NULL,NULL,'2024-04-29 10:00:16','2024-04-29 10:00:16',21,124,309),(210,NULL,NULL,NULL,'2024-04-29 10:00:16','2024-04-29 10:00:16',21,125,311),(211,NULL,NULL,NULL,'2024-04-29 10:00:16','2024-04-29 10:00:16',21,126,314),(212,'1. Content Creation (Marketing)\n2. Achieving Project\'s Goal\n3. Coming to office on time',NULL,NULL,'2024-04-29 10:00:16','2024-04-29 10:00:16',21,127,NULL),(213,NULL,NULL,NULL,'2024-04-29 10:00:16','2024-04-29 10:00:16',21,128,318),(214,NULL,NULL,NULL,'2024-04-29 10:00:16','2024-04-29 10:00:16',21,129,323),(215,NULL,NULL,NULL,'2024-04-29 10:00:16','2024-04-29 10:00:16',21,130,325),(216,NULL,NULL,NULL,'2024-04-29 10:00:16','2024-04-29 10:00:16',21,131,327),(217,'150',NULL,'Miletostone Badges To Stick On Wall','2024-04-29 10:00:16','2024-04-29 10:00:16',21,132,330),(218,NULL,NULL,NULL,'2024-04-29 10:00:16','2024-04-29 10:00:16',21,133,NULL),(219,NULL,NULL,NULL,'2024-04-29 11:38:23','2024-04-29 11:38:23',39,124,309),(220,NULL,NULL,NULL,'2024-04-29 11:38:23','2024-04-29 11:38:23',39,125,312),(221,NULL,NULL,NULL,'2024-04-29 11:38:23','2024-04-29 11:38:23',39,126,314),(222,'bbnnm',NULL,NULL,'2024-04-29 11:38:23','2024-04-29 11:38:23',39,127,NULL),(223,NULL,NULL,NULL,'2024-04-29 11:38:23','2024-04-29 11:38:23',39,128,318),(224,NULL,NULL,NULL,'2024-04-29 11:38:23','2024-04-29 11:38:23',39,129,322),(225,NULL,NULL,NULL,'2024-04-29 11:38:23','2024-04-29 11:38:23',39,130,325),(226,NULL,NULL,NULL,'2024-04-29 11:38:23','2024-04-29 11:38:23',39,131,328),(227,'500',NULL,'nnnnn','2024-04-29 11:38:23','2024-04-29 11:38:23',39,132,331),(228,NULL,NULL,NULL,'2024-04-29 11:38:23','2024-04-29 11:38:23',39,133,NULL),(229,NULL,NULL,NULL,'2024-04-29 12:16:18','2024-04-29 12:16:18',5,124,310),(230,NULL,NULL,NULL,'2024-04-29 12:16:18','2024-04-29 12:16:18',5,125,313),(231,NULL,NULL,NULL,'2024-04-29 12:16:18','2024-04-29 12:16:18',5,126,316),(232,'test',NULL,NULL,'2024-04-29 12:16:18','2024-04-29 12:16:18',5,127,NULL),(233,NULL,NULL,NULL,'2024-04-29 12:16:18','2024-04-29 12:16:18',5,128,318),(234,NULL,NULL,NULL,'2024-04-29 12:16:18','2024-04-29 12:16:18',5,129,321),(235,NULL,NULL,NULL,'2024-04-29 12:16:18','2024-04-29 12:16:18',5,130,324),(236,NULL,NULL,NULL,'2024-04-29 12:16:18','2024-04-29 12:16:18',5,131,327),(237,'1000',NULL,'test','2024-04-29 12:16:18','2024-04-29 12:16:18',5,132,331),(238,NULL,NULL,NULL,'2024-04-29 12:16:19','2024-04-29 12:16:19',5,133,NULL),(239,NULL,NULL,NULL,'2024-04-29 12:19:38','2024-04-29 12:19:38',5,124,310),(240,NULL,NULL,NULL,'2024-04-29 12:19:38','2024-04-29 12:19:38',5,125,313),(241,NULL,NULL,NULL,'2024-04-29 12:19:38','2024-04-29 12:19:38',5,126,317),(242,'test',NULL,NULL,'2024-04-29 12:19:38','2024-04-29 12:19:38',5,127,NULL),(243,NULL,NULL,NULL,'2024-04-29 12:19:38','2024-04-29 12:19:38',5,128,320),(244,NULL,NULL,NULL,'2024-04-29 12:19:38','2024-04-29 12:19:38',5,129,323),(245,NULL,NULL,NULL,'2024-04-29 12:19:38','2024-04-29 12:19:38',5,130,326),(246,NULL,NULL,NULL,'2024-04-29 12:19:38','2024-04-29 12:19:38',5,131,328),(247,'1000',NULL,'test','2024-04-29 12:19:38','2024-04-29 12:19:38',5,132,331),(248,NULL,NULL,NULL,'2024-04-29 12:19:38','2024-04-29 12:19:38',5,133,NULL),(249,NULL,NULL,NULL,'2024-04-30 04:15:46','2024-04-30 04:15:46',41,124,309),(250,NULL,NULL,NULL,'2024-04-30 04:15:46','2024-04-30 04:15:46',41,125,312),(251,NULL,NULL,NULL,'2024-04-30 04:15:46','2024-04-30 04:15:46',41,126,316),(252,'learning new tech needed to satisfy my role at my organisation',NULL,NULL,'2024-04-30 04:15:46','2024-04-30 04:15:46',41,127,NULL),(253,NULL,NULL,NULL,'2024-04-30 04:15:46','2024-04-30 04:15:46',41,128,318),(254,NULL,NULL,NULL,'2024-04-30 04:15:46','2024-04-30 04:15:46',41,129,323),(255,NULL,NULL,NULL,'2024-04-30 04:15:46','2024-04-30 04:15:46',41,130,326),(256,NULL,NULL,NULL,'2024-04-30 04:15:46','2024-04-30 04:15:46',41,131,327),(257,'7500',NULL,'Cradle','2024-04-30 04:15:46','2024-04-30 04:15:46',41,132,332),(258,NULL,NULL,NULL,'2024-04-30 04:15:46','2024-04-30 04:15:46',41,133,NULL),(259,NULL,NULL,NULL,'2024-04-30 06:46:05','2024-04-30 06:46:05',42,124,309),(260,NULL,NULL,NULL,'2024-04-30 06:46:05','2024-04-30 06:46:05',42,125,312),(261,NULL,NULL,NULL,'2024-04-30 06:46:06','2024-04-30 06:46:06',42,126,314),(262,'No. of things I Learn each day',NULL,NULL,'2024-04-30 06:46:06','2024-04-30 06:46:06',42,127,NULL),(263,NULL,NULL,NULL,'2024-04-30 06:46:06','2024-04-30 06:46:06',42,128,319),(264,NULL,NULL,NULL,'2024-04-30 06:46:06','2024-04-30 06:46:06',42,129,321),(265,NULL,NULL,NULL,'2024-04-30 06:46:06','2024-04-30 06:46:06',42,130,326),(266,NULL,NULL,NULL,'2024-04-30 06:46:06','2024-04-30 06:46:06',42,131,327),(267,'700',NULL,'air pods','2024-04-30 06:46:06','2024-04-30 06:46:06',42,132,331),(268,NULL,NULL,NULL,'2024-04-30 06:46:06','2024-04-30 06:46:06',42,133,NULL),(269,NULL,NULL,NULL,'2024-04-30 07:35:25','2024-04-30 07:35:25',47,124,309),(270,NULL,NULL,NULL,'2024-04-30 07:35:25','2024-04-30 07:35:25',47,125,312),(271,NULL,NULL,NULL,'2024-04-30 07:35:25','2024-04-30 07:35:25',47,126,316),(272,'hello',NULL,NULL,'2024-04-30 07:35:25','2024-04-30 07:35:25',47,127,NULL),(273,NULL,NULL,NULL,'2024-04-30 07:35:25','2024-04-30 07:35:25',47,128,318),(274,NULL,NULL,NULL,'2024-04-30 07:35:25','2024-04-30 07:35:25',47,129,321),(275,NULL,NULL,NULL,'2024-04-30 07:35:25','2024-04-30 07:35:25',47,130,325),(276,NULL,NULL,NULL,'2024-04-30 07:35:25','2024-04-30 07:35:25',47,131,328),(277,'1000',NULL,'Laptop','2024-04-30 07:35:25','2024-04-30 07:35:25',47,132,331),(278,NULL,NULL,NULL,'2024-04-30 07:35:25','2024-04-30 07:35:25',47,133,NULL),(279,NULL,NULL,NULL,'2024-04-30 09:12:34','2024-04-30 09:12:34',45,124,309),(280,NULL,NULL,NULL,'2024-04-30 09:12:34','2024-04-30 09:12:34',45,125,311),(281,NULL,NULL,NULL,'2024-04-30 09:12:34','2024-04-30 09:12:34',45,126,315),(282,'channelizing everything in the right aspects',NULL,NULL,'2024-04-30 09:12:34','2024-04-30 09:12:34',45,127,NULL),(283,NULL,NULL,NULL,'2024-04-30 09:12:34','2024-04-30 09:12:34',45,128,318),(284,NULL,NULL,NULL,'2024-04-30 09:12:34','2024-04-30 09:12:34',45,129,323),(285,NULL,NULL,NULL,'2024-04-30 09:12:34','2024-04-30 09:12:34',45,130,324),(286,NULL,NULL,NULL,'2024-04-30 09:12:34','2024-04-30 09:12:34',45,131,327),(287,'1500',NULL,'neckband','2024-04-30 09:12:34','2024-04-30 09:12:34',45,132,331),(288,NULL,NULL,NULL,'2024-04-30 09:12:34','2024-04-30 09:12:34',45,133,NULL),(289,NULL,NULL,NULL,'2024-04-30 09:14:52','2024-04-30 09:14:52',46,124,309),(290,NULL,NULL,NULL,'2024-04-30 09:14:52','2024-04-30 09:14:52',46,125,312),(291,NULL,NULL,NULL,'2024-04-30 09:14:52','2024-04-30 09:14:52',46,126,315),(292,'Bsns',NULL,NULL,'2024-04-30 09:14:52','2024-04-30 09:14:52',46,127,NULL),(293,NULL,NULL,NULL,'2024-04-30 09:14:52','2024-04-30 09:14:52',46,128,320),(294,NULL,NULL,NULL,'2024-04-30 09:14:52','2024-04-30 09:14:52',46,129,322),(295,NULL,NULL,NULL,'2024-04-30 09:14:52','2024-04-30 09:14:52',46,130,325),(296,NULL,NULL,NULL,'2024-04-30 09:14:52','2024-04-30 09:14:52',46,131,329),(297,'5000',NULL,'laptop','2024-04-30 09:14:52','2024-04-30 09:14:52',46,132,331),(298,NULL,'09:44:00',NULL,'2024-04-30 09:14:52','2024-04-30 09:14:52',46,133,NULL),(299,NULL,NULL,NULL,'2024-05-02 05:47:14','2024-05-02 05:47:14',49,124,309),(300,NULL,NULL,NULL,'2024-05-02 05:47:14','2024-05-02 05:47:14',49,125,313),(301,NULL,NULL,NULL,'2024-05-02 05:47:14','2024-05-02 05:47:14',49,126,317),(302,'Performance management system',NULL,NULL,'2024-05-02 05:47:14','2024-05-02 05:47:14',49,127,NULL),(303,NULL,NULL,NULL,'2024-05-02 05:47:14','2024-05-02 05:47:14',49,128,318),(304,NULL,NULL,NULL,'2024-05-02 05:47:14','2024-05-02 05:47:14',49,129,321),(305,NULL,NULL,NULL,'2024-05-02 05:47:14','2024-05-02 05:47:14',49,130,325),(306,NULL,NULL,NULL,'2024-05-02 05:47:14','2024-05-02 05:47:14',49,131,327),(307,'9999',NULL,'Certification course','2024-05-02 05:47:14','2024-05-02 05:47:14',49,132,339),(308,NULL,NULL,NULL,'2024-05-02 05:47:14','2024-05-02 05:47:14',49,133,NULL),(309,NULL,NULL,NULL,'2024-05-02 11:59:09','2024-05-02 11:59:09',47,124,309),(310,NULL,NULL,NULL,'2024-05-02 11:59:09','2024-05-02 11:59:09',47,125,312),(311,NULL,NULL,NULL,'2024-05-02 11:59:09','2024-05-02 11:59:09',47,126,315),(312,'bs',NULL,NULL,'2024-05-02 11:59:09','2024-05-02 11:59:09',47,127,NULL),(313,NULL,NULL,NULL,'2024-05-02 11:59:09','2024-05-02 11:59:09',47,128,318),(314,NULL,NULL,NULL,'2024-05-02 11:59:09','2024-05-02 11:59:09',47,129,321),(315,NULL,NULL,NULL,'2024-05-02 11:59:09','2024-05-02 11:59:09',47,130,324),(316,NULL,NULL,NULL,'2024-05-02 11:59:09','2024-05-02 11:59:09',47,131,327),(317,'500',NULL,'helll','2024-05-02 11:59:09','2024-05-02 11:59:09',47,132,332),(318,NULL,NULL,NULL,'2024-05-02 11:59:10','2024-05-02 11:59:10',47,133,NULL),(319,NULL,NULL,NULL,'2024-05-02 12:23:30','2024-05-02 12:23:30',47,124,310),(320,NULL,NULL,NULL,'2024-05-02 12:23:30','2024-05-02 12:23:30',47,125,312),(321,NULL,NULL,NULL,'2024-05-02 12:23:30','2024-05-02 12:23:30',47,126,315),(322,'Test',NULL,NULL,'2024-05-02 12:23:30','2024-05-02 12:23:30',47,127,NULL),(323,NULL,NULL,NULL,'2024-05-02 12:23:30','2024-05-02 12:23:30',47,128,319),(324,NULL,NULL,NULL,'2024-05-02 12:23:30','2024-05-02 12:23:30',47,129,321),(325,NULL,NULL,NULL,'2024-05-02 12:23:30','2024-05-02 12:23:30',47,130,325),(326,NULL,NULL,NULL,'2024-05-02 12:23:30','2024-05-02 12:23:30',47,131,328),(327,'500',NULL,'nvhvh','2024-05-02 12:23:30','2024-05-02 12:23:30',47,132,340),(328,NULL,'11:51:00',NULL,'2024-05-02 12:23:30','2024-05-02 12:23:30',47,133,NULL),(329,NULL,NULL,NULL,'2024-05-02 17:14:05','2024-05-02 17:14:05',50,124,310),(330,NULL,NULL,NULL,'2024-05-02 17:14:05','2024-05-02 17:14:05',50,125,312),(331,NULL,NULL,NULL,'2024-05-02 17:14:05','2024-05-02 17:14:05',50,126,314),(332,'Physical fitness',NULL,NULL,'2024-05-02 17:14:05','2024-05-02 17:14:05',50,127,NULL),(333,NULL,NULL,NULL,'2024-05-02 17:14:05','2024-05-02 17:14:05',50,128,318),(334,NULL,NULL,NULL,'2024-05-02 17:14:05','2024-05-02 17:14:05',50,129,321),(335,NULL,NULL,NULL,'2024-05-02 17:14:05','2024-05-02 17:14:05',50,130,324),(336,NULL,NULL,NULL,'2024-05-02 17:14:05','2024-05-02 17:14:05',50,131,327),(337,'6000',NULL,'clothes','2024-05-02 17:14:05','2024-05-02 17:14:05',50,132,330),(338,NULL,'07:00:00',NULL,'2024-05-02 17:14:05','2024-05-02 17:14:05',50,133,NULL),(339,NULL,NULL,NULL,'2024-05-02 17:14:31','2024-05-02 17:14:31',48,124,309),(340,NULL,NULL,NULL,'2024-05-02 17:14:31','2024-05-02 17:14:31',48,125,312),(341,NULL,NULL,NULL,'2024-05-02 17:14:31','2024-05-02 17:14:31',48,126,316),(342,'Communication skills',NULL,NULL,'2024-05-02 17:14:31','2024-05-02 17:14:31',48,127,NULL),(343,NULL,NULL,NULL,'2024-05-02 17:14:31','2024-05-02 17:14:31',48,128,319),(344,NULL,NULL,NULL,'2024-05-02 17:14:31','2024-05-02 17:14:31',48,129,323),(345,NULL,NULL,NULL,'2024-05-02 17:14:31','2024-05-02 17:14:31',48,130,324),(346,NULL,NULL,NULL,'2024-05-02 17:14:32','2024-05-02 17:14:32',48,131,327),(347,'9999',NULL,'Dyson','2024-05-02 17:14:32','2024-05-02 17:14:32',48,132,331),(348,NULL,'10:00:00',NULL,'2024-05-02 17:14:32','2024-05-02 17:14:32',48,133,NULL),(349,NULL,NULL,NULL,'2024-05-03 12:31:46','2024-05-03 12:31:46',51,124,309),(350,NULL,NULL,NULL,'2024-05-03 12:31:46','2024-05-03 12:31:46',51,125,312),(351,NULL,NULL,NULL,'2024-05-03 12:31:46','2024-05-03 12:31:46',51,126,317),(352,'Improve my company revenue',NULL,NULL,'2024-05-03 12:31:46','2024-05-03 12:31:46',51,127,NULL),(353,NULL,NULL,NULL,'2024-05-03 12:31:46','2024-05-03 12:31:46',51,128,318),(354,NULL,NULL,NULL,'2024-05-03 12:31:46','2024-05-03 12:31:46',51,129,321),(355,NULL,NULL,NULL,'2024-05-03 12:31:46','2024-05-03 12:31:46',51,130,324),(356,NULL,NULL,NULL,'2024-05-03 12:31:46','2024-05-03 12:31:46',51,131,327),(357,'6000',NULL,'Headphone','2024-05-03 12:31:46','2024-05-03 12:31:46',51,132,336),(358,NULL,NULL,NULL,'2024-05-03 12:31:46','2024-05-03 12:31:46',51,133,NULL),(359,NULL,NULL,NULL,'2024-05-06 13:13:52','2024-05-06 13:13:52',53,124,309),(360,NULL,NULL,NULL,'2024-05-06 13:13:52','2024-05-06 13:13:52',53,125,311),(361,NULL,NULL,NULL,'2024-05-06 13:13:52','2024-05-06 13:13:52',53,126,314),(362,'To track my Upskilling time',NULL,NULL,'2024-05-06 13:13:52','2024-05-06 13:13:52',53,127,NULL),(363,NULL,NULL,NULL,'2024-05-06 13:13:52','2024-05-06 13:13:52',53,128,318),(364,NULL,NULL,NULL,'2024-05-06 13:13:52','2024-05-06 13:13:52',53,129,321),(365,NULL,NULL,NULL,'2024-05-06 13:13:52','2024-05-06 13:13:52',53,130,324),(366,NULL,NULL,NULL,'2024-05-06 13:13:52','2024-05-06 13:13:52',53,131,327),(367,'5000',NULL,'Annual checkup','2024-05-06 13:13:52','2024-05-06 13:13:52',53,132,340),(368,NULL,NULL,NULL,'2024-05-06 13:13:52','2024-05-06 13:13:52',53,133,NULL),(369,NULL,NULL,NULL,'2024-05-07 12:03:44','2024-05-07 12:03:44',46,124,310),(370,NULL,NULL,NULL,'2024-05-07 12:03:44','2024-05-07 12:03:44',46,125,311),(371,NULL,NULL,NULL,'2024-05-07 12:03:44','2024-05-07 12:03:44',46,126,315),(372,'Ndjjd',NULL,NULL,'2024-05-07 12:03:44','2024-05-07 12:03:44',46,127,NULL),(373,NULL,NULL,NULL,'2024-05-07 12:03:44','2024-05-07 12:03:44',46,128,319),(374,NULL,NULL,NULL,'2024-05-07 12:03:44','2024-05-07 12:03:44',46,129,322),(375,NULL,NULL,NULL,'2024-05-07 12:03:44','2024-05-07 12:03:44',46,130,326),(376,NULL,NULL,NULL,'2024-05-07 12:03:44','2024-05-07 12:03:44',46,131,328),(377,'500',NULL,'hello','2024-05-07 12:03:44','2024-05-07 12:03:44',46,132,335),(378,NULL,'21:51:00',NULL,'2024-05-07 12:03:44','2024-05-07 12:03:44',46,133,NULL),(379,NULL,NULL,NULL,'2024-05-08 10:57:00','2024-05-08 10:57:00',47,124,310),(380,NULL,NULL,NULL,'2024-05-08 10:57:00','2024-05-08 10:57:00',47,125,313),(381,NULL,NULL,NULL,'2024-05-08 10:57:00','2024-05-08 10:57:00',47,126,316),(382,'nsns',NULL,NULL,'2024-05-08 10:57:00','2024-05-08 10:57:00',47,127,NULL),(383,'hvjkckfj',NULL,NULL,'2024-05-08 10:57:00','2024-05-08 10:57:00',47,128,NULL),(384,NULL,NULL,NULL,'2024-05-08 10:57:00','2024-05-08 10:57:00',47,129,321),(385,NULL,NULL,NULL,'2024-05-08 10:57:00','2024-05-08 10:57:00',47,130,324),(386,NULL,NULL,NULL,'2024-05-08 10:57:00','2024-05-08 10:57:00',47,131,327),(387,'500',NULL,'nmmnn','2024-05-08 10:57:00','2024-05-08 10:57:00',47,132,339),(388,NULL,NULL,NULL,'2024-05-08 10:57:00','2024-05-08 10:57:00',47,133,NULL),(389,NULL,NULL,NULL,'2024-05-08 11:02:17','2024-05-08 11:02:17',10,124,310),(390,NULL,NULL,NULL,'2024-05-08 11:02:17','2024-05-08 11:02:17',10,125,311),(391,NULL,NULL,NULL,'2024-05-08 11:02:17','2024-05-08 11:02:17',10,126,316),(392,'bbsbn',NULL,NULL,'2024-05-08 11:02:17','2024-05-08 11:02:17',10,127,NULL),(393,NULL,NULL,NULL,'2024-05-08 11:02:17','2024-05-08 11:02:17',10,128,320),(394,NULL,NULL,NULL,'2024-05-08 11:02:17','2024-05-08 11:02:17',10,129,321),(395,NULL,NULL,NULL,'2024-05-08 11:02:17','2024-05-08 11:02:17',10,130,324),(396,NULL,NULL,NULL,'2024-05-08 11:02:17','2024-05-08 11:02:17',10,131,327),(397,'1000',NULL,'2672772','2024-05-08 11:02:17','2024-05-08 11:02:17',10,132,339),(398,NULL,NULL,NULL,'2024-05-08 11:02:17','2024-05-08 11:02:17',10,133,NULL),(399,NULL,NULL,NULL,'2024-05-08 13:08:52','2024-05-08 13:08:52',47,124,309),(400,NULL,NULL,NULL,'2024-05-08 13:08:53','2024-05-08 13:08:53',47,125,313),(401,NULL,NULL,NULL,'2024-05-08 13:08:53','2024-05-08 13:08:53',47,126,315),(402,'Ns',NULL,NULL,'2024-05-08 13:08:53','2024-05-08 13:08:53',47,127,NULL),(403,NULL,NULL,NULL,'2024-05-08 13:08:53','2024-05-08 13:08:53',47,128,319),(404,NULL,NULL,NULL,'2024-05-08 13:08:53','2024-05-08 13:08:53',47,129,321),(405,NULL,NULL,NULL,'2024-05-08 13:08:53','2024-05-08 13:08:53',47,130,325),(406,NULL,NULL,NULL,'2024-05-08 13:08:53','2024-05-08 13:08:53',47,131,328),(407,'500',NULL,'ksks','2024-05-08 13:08:53','2024-05-08 13:08:53',47,132,335),(408,NULL,'23:48:00',NULL,'2024-05-08 13:08:53','2024-05-08 13:08:53',47,133,NULL),(409,NULL,NULL,NULL,'2024-05-09 05:45:22','2024-05-09 05:45:22',56,124,309),(410,NULL,NULL,NULL,'2024-05-09 05:45:22','2024-05-09 05:45:22',56,125,311),(411,NULL,NULL,NULL,'2024-05-09 05:45:22','2024-05-09 05:45:22',56,126,315),(412,'No',NULL,NULL,'2024-05-09 05:45:22','2024-05-09 05:45:22',56,127,NULL),(413,NULL,NULL,NULL,'2024-05-09 05:45:22','2024-05-09 05:45:22',56,128,319),(414,NULL,NULL,NULL,'2024-05-09 05:45:22','2024-05-09 05:45:22',56,129,321),(415,NULL,NULL,NULL,'2024-05-09 05:45:22','2024-05-09 05:45:22',56,130,324),(416,NULL,NULL,NULL,'2024-05-09 05:45:22','2024-05-09 05:45:22',56,131,327),(417,'2000',NULL,'vibrant','2024-05-09 05:45:22','2024-05-09 05:45:22',56,132,337),(418,NULL,NULL,NULL,'2024-05-09 05:47:56','2024-05-09 05:47:56',56,124,309),(419,NULL,NULL,NULL,'2024-05-09 05:47:56','2024-05-09 05:47:56',56,125,311),(420,NULL,NULL,NULL,'2024-05-09 05:47:56','2024-05-09 05:47:56',56,126,314),(421,'Mn',NULL,NULL,'2024-05-09 05:47:56','2024-05-09 05:47:56',56,127,NULL),(422,NULL,NULL,NULL,'2024-05-09 05:47:56','2024-05-09 05:47:56',56,128,318),(423,NULL,NULL,NULL,'2024-05-09 05:47:56','2024-05-09 05:47:56',56,129,322),(424,NULL,NULL,NULL,'2024-05-09 05:47:56','2024-05-09 05:47:56',56,130,324),(425,NULL,NULL,NULL,'2024-05-09 05:47:56','2024-05-09 05:47:56',56,131,329),(426,'5000',NULL,'Nike','2024-05-09 05:47:56','2024-05-09 05:47:56',56,132,337),(427,NULL,NULL,NULL,'2024-05-09 06:07:06','2024-05-09 06:07:06',47,124,309),(428,NULL,NULL,NULL,'2024-05-09 06:07:06','2024-05-09 06:07:06',47,125,312),(429,NULL,NULL,NULL,'2024-05-09 06:07:06','2024-05-09 06:07:06',47,126,315),(430,'Jdjd',NULL,NULL,'2024-05-09 06:07:06','2024-05-09 06:07:06',47,127,NULL),(431,NULL,NULL,NULL,'2024-05-09 06:07:06','2024-05-09 06:07:06',47,128,319),(432,NULL,NULL,NULL,'2024-05-09 06:07:06','2024-05-09 06:07:06',47,129,322),(433,NULL,NULL,NULL,'2024-05-09 06:07:06','2024-05-09 06:07:06',47,130,325),(434,NULL,NULL,NULL,'2024-05-09 06:07:06','2024-05-09 06:07:06',47,131,328),(435,'500',NULL,'jdjd','2024-05-09 06:07:06','2024-05-09 06:07:06',47,132,335),(436,NULL,NULL,NULL,'2024-05-09 06:14:39','2024-05-09 06:14:39',10,124,310),(437,NULL,NULL,NULL,'2024-05-09 06:14:39','2024-05-09 06:14:39',10,125,312),(438,NULL,NULL,NULL,'2024-05-09 06:14:39','2024-05-09 06:14:39',10,126,315),(439,'I also',NULL,NULL,'2024-05-09 06:14:39','2024-05-09 06:14:39',10,127,NULL),(440,NULL,NULL,NULL,'2024-05-09 06:14:39','2024-05-09 06:14:39',10,128,319),(441,NULL,NULL,NULL,'2024-05-09 06:14:39','2024-05-09 06:14:39',10,129,322),(442,NULL,NULL,NULL,'2024-05-09 06:14:39','2024-05-09 06:14:39',10,130,324),(443,NULL,NULL,NULL,'2024-05-09 06:14:39','2024-05-09 06:14:39',10,131,327),(444,'5000',NULL,'electric chair','2024-05-09 06:14:39','2024-05-09 06:14:39',10,132,335),(445,NULL,NULL,NULL,'2024-05-09 06:14:39','2024-05-09 06:14:39',10,133,NULL),(446,NULL,NULL,NULL,'2024-05-09 08:55:11','2024-05-09 08:55:11',60,124,309),(447,NULL,NULL,NULL,'2024-05-09 08:55:11','2024-05-09 08:55:11',60,125,312),(448,NULL,NULL,NULL,'2024-05-09 08:55:11','2024-05-09 08:55:11',60,126,316),(449,'Ok',NULL,NULL,'2024-05-09 08:55:11','2024-05-09 08:55:11',60,127,NULL),(450,NULL,NULL,NULL,'2024-05-09 08:55:11','2024-05-09 08:55:11',60,128,319),(451,NULL,NULL,NULL,'2024-05-09 08:55:11','2024-05-09 08:55:11',60,129,322),(452,NULL,NULL,NULL,'2024-05-09 08:55:11','2024-05-09 08:55:11',60,130,326),(453,NULL,NULL,NULL,'2024-05-09 08:55:11','2024-05-09 08:55:11',60,131,329),(454,'865',NULL,'Cloth','2024-05-09 08:55:11','2024-05-09 08:55:11',60,132,330),(455,NULL,'11:27:00',NULL,'2024-05-09 08:55:11','2024-05-09 08:55:11',60,133,NULL),(456,NULL,NULL,NULL,'2024-05-09 14:50:00','2024-05-09 14:50:00',61,124,310),(457,NULL,NULL,NULL,'2024-05-09 14:50:00','2024-05-09 14:50:00',61,125,313),(458,NULL,NULL,NULL,'2024-05-09 14:50:00','2024-05-09 14:50:00',61,126,316),(459,'bhbh',NULL,NULL,'2024-05-09 14:50:00','2024-05-09 14:50:00',61,127,NULL),(460,NULL,NULL,NULL,'2024-05-09 14:50:00','2024-05-09 14:50:00',61,128,318),(461,NULL,NULL,NULL,'2024-05-09 14:50:00','2024-05-09 14:50:00',61,129,322),(462,NULL,NULL,NULL,'2024-05-09 14:50:00','2024-05-09 14:50:00',61,130,326),(463,NULL,NULL,NULL,'2024-05-09 14:50:00','2024-05-09 14:50:00',61,131,327),(464,'5000',NULL,'hello','2024-05-09 14:50:00','2024-05-09 14:50:00',61,132,338),(465,NULL,NULL,NULL,'2024-05-09 14:50:00','2024-05-09 14:50:00',61,133,NULL),(466,NULL,NULL,NULL,'2024-05-09 15:32:46','2024-05-09 15:32:46',57,124,310),(467,NULL,NULL,NULL,'2024-05-09 15:32:46','2024-05-09 15:32:46',57,125,312),(468,NULL,NULL,NULL,'2024-05-09 15:32:46','2024-05-09 15:32:46',57,126,316),(469,'bla bla',NULL,NULL,'2024-05-09 15:32:46','2024-05-09 15:32:46',57,127,NULL),(470,NULL,NULL,NULL,'2024-05-09 15:32:46','2024-05-09 15:32:46',57,128,319),(471,NULL,NULL,NULL,'2024-05-09 15:32:46','2024-05-09 15:32:46',57,129,323),(472,NULL,NULL,NULL,'2024-05-09 15:32:46','2024-05-09 15:32:46',57,130,325),(473,NULL,NULL,NULL,'2024-05-09 15:32:46','2024-05-09 15:32:46',57,131,327),(474,'9999',NULL,'gift cards','2024-05-09 15:32:46','2024-05-09 15:32:46',57,132,335),(475,NULL,NULL,NULL,'2024-05-09 15:32:46','2024-05-09 15:32:46',57,133,NULL),(476,NULL,NULL,NULL,'2024-05-09 16:50:20','2024-05-09 16:50:20',62,124,309),(477,NULL,NULL,NULL,'2024-05-09 16:50:20','2024-05-09 16:50:20',62,125,312),(478,NULL,NULL,NULL,'2024-05-09 16:50:20','2024-05-09 16:50:20',62,126,316),(479,'Action',NULL,NULL,'2024-05-09 16:50:20','2024-05-09 16:50:20',62,127,NULL),(480,NULL,NULL,NULL,'2024-05-09 16:50:20','2024-05-09 16:50:20',62,128,318),(481,NULL,NULL,NULL,'2024-05-09 16:50:20','2024-05-09 16:50:20',62,129,323),(482,NULL,NULL,NULL,'2024-05-09 16:50:21','2024-05-09 16:50:21',62,130,325),(483,NULL,NULL,NULL,'2024-05-09 16:50:21','2024-05-09 16:50:21',62,131,327),(484,'100',NULL,'gym','2024-05-09 16:50:21','2024-05-09 16:50:21',62,132,340),(485,NULL,NULL,NULL,'2024-05-10 07:52:53','2024-05-10 07:52:53',65,124,310),(486,NULL,NULL,NULL,'2024-05-10 07:52:53','2024-05-10 07:52:53',65,125,313),(487,NULL,NULL,NULL,'2024-05-10 07:52:53','2024-05-10 07:52:53',65,126,316),(488,'hhhj',NULL,NULL,'2024-05-10 07:52:53','2024-05-10 07:52:53',65,127,NULL),(489,NULL,NULL,NULL,'2024-05-10 07:52:53','2024-05-10 07:52:53',65,128,319),(490,NULL,NULL,NULL,'2024-05-10 07:52:53','2024-05-10 07:52:53',65,129,322),(491,NULL,NULL,NULL,'2024-05-10 07:52:53','2024-05-10 07:52:53',65,130,324),(492,NULL,NULL,NULL,'2024-05-10 07:52:54','2024-05-10 07:52:54',65,131,327),(493,'500',NULL,'ndndj','2024-05-10 07:52:54','2024-05-10 07:52:54',65,132,336),(494,NULL,NULL,NULL,'2024-05-10 07:52:54','2024-05-10 07:52:54',65,133,NULL),(495,NULL,NULL,NULL,'2024-05-10 07:53:33','2024-05-10 07:53:33',66,124,309),(496,NULL,NULL,NULL,'2024-05-10 07:53:33','2024-05-10 07:53:33',66,125,313),(497,NULL,NULL,NULL,'2024-05-10 07:53:33','2024-05-10 07:53:33',66,126,317),(498,'Test',NULL,NULL,'2024-05-10 07:53:33','2024-05-10 07:53:33',66,127,NULL),(499,'test',NULL,NULL,'2024-05-10 07:53:33','2024-05-10 07:53:33',66,128,NULL),(500,NULL,NULL,NULL,'2024-05-10 07:53:33','2024-05-10 07:53:33',66,129,323),(501,NULL,NULL,NULL,'2024-05-10 07:53:33','2024-05-10 07:53:33',66,130,326),(502,NULL,NULL,NULL,'2024-05-10 07:53:33','2024-05-10 07:53:33',66,131,328),(503,'1500',NULL,'test','2024-05-10 07:53:34','2024-05-10 07:53:34',66,132,333),(504,NULL,NULL,NULL,'2024-05-11 05:15:31','2024-05-11 05:15:31',68,124,310),(505,NULL,NULL,NULL,'2024-05-11 05:15:31','2024-05-11 05:15:31',68,125,313),(506,NULL,NULL,NULL,'2024-05-11 05:15:31','2024-05-11 05:15:31',68,126,316),(507,'gxjjj',NULL,NULL,'2024-05-11 05:15:31','2024-05-11 05:15:31',68,127,NULL),(508,NULL,NULL,NULL,'2024-05-11 05:15:31','2024-05-11 05:15:31',68,128,319),(509,NULL,NULL,NULL,'2024-05-11 05:15:31','2024-05-11 05:15:31',68,129,321),(510,NULL,NULL,NULL,'2024-05-11 05:15:31','2024-05-11 05:15:31',68,130,324),(511,NULL,NULL,NULL,'2024-05-11 05:15:31','2024-05-11 05:15:31',68,131,327),(512,'500',NULL,'djdjdd','2024-05-11 05:15:31','2024-05-11 05:15:31',68,132,343),(513,NULL,NULL,NULL,'2024-05-11 05:15:31','2024-05-11 05:15:31',68,133,NULL),(514,NULL,NULL,NULL,'2024-05-11 07:48:43','2024-05-11 07:48:43',10,124,309),(515,NULL,NULL,NULL,'2024-05-11 07:48:43','2024-05-11 07:48:43',10,125,312),(516,NULL,NULL,NULL,'2024-05-11 07:48:43','2024-05-11 07:48:43',10,126,316),(517,'Hello',NULL,NULL,'2024-05-11 07:48:43','2024-05-11 07:48:43',10,127,NULL),(518,'hhrllo',NULL,NULL,'2024-05-11 07:48:43','2024-05-11 07:48:43',10,128,NULL),(519,NULL,NULL,NULL,'2024-05-11 07:48:43','2024-05-11 07:48:43',10,129,322),(520,NULL,NULL,NULL,'2024-05-11 07:48:43','2024-05-11 07:48:43',10,130,326),(521,NULL,NULL,NULL,'2024-05-11 07:48:43','2024-05-11 07:48:43',10,131,329),(523,NULL,NULL,NULL,'2024-05-11 07:53:00','2024-05-11 07:53:00',10,124,310),(524,NULL,NULL,NULL,'2024-05-11 07:53:00','2024-05-11 07:53:00',10,125,312),(525,NULL,NULL,NULL,'2024-05-11 07:53:00','2024-05-11 07:53:00',10,126,316),(526,'Shh',NULL,NULL,'2024-05-11 07:53:00','2024-05-11 07:53:00',10,127,NULL),(527,NULL,NULL,NULL,'2024-05-11 07:53:00','2024-05-11 07:53:00',10,128,319),(528,NULL,NULL,NULL,'2024-05-11 07:53:00','2024-05-11 07:53:00',10,129,322),(529,NULL,NULL,NULL,'2024-05-11 07:53:00','2024-05-11 07:53:00',10,130,325),(530,NULL,NULL,NULL,'2024-05-11 07:53:00','2024-05-11 07:53:00',10,131,328),(531,'2500',NULL,'hello','2024-05-11 07:53:00','2024-05-11 07:53:00',10,132,335),(532,NULL,'18:36:00',NULL,'2024-05-11 07:53:00','2024-05-11 07:53:00',10,133,NULL),(533,NULL,NULL,NULL,'2024-05-11 07:58:14','2024-05-11 07:58:14',68,124,310),(534,NULL,NULL,NULL,'2024-05-11 07:58:14','2024-05-11 07:58:14',68,125,313),(535,NULL,NULL,NULL,'2024-05-11 07:58:14','2024-05-11 07:58:14',68,126,316),(536,'Rubika',NULL,NULL,'2024-05-11 07:58:14','2024-05-11 07:58:14',68,127,NULL),(537,NULL,NULL,NULL,'2024-05-11 07:58:14','2024-05-11 07:58:14',68,128,319),(538,NULL,NULL,NULL,'2024-05-11 07:58:14','2024-05-11 07:58:14',68,129,323),(539,NULL,NULL,NULL,'2024-05-11 07:58:14','2024-05-11 07:58:14',68,130,326),(540,NULL,NULL,NULL,'2024-05-11 07:58:14','2024-05-11 07:58:14',68,131,329),(541,'500',NULL,'dildo','2024-05-11 07:58:14','2024-05-11 07:58:14',68,132,333),(542,NULL,NULL,NULL,'2024-05-11 07:59:00','2024-05-11 07:59:00',68,124,310),(543,NULL,NULL,NULL,'2024-05-11 07:59:00','2024-05-11 07:59:00',68,125,313),(544,NULL,NULL,NULL,'2024-05-11 07:59:00','2024-05-11 07:59:00',68,126,316),(545,'Rubika',NULL,NULL,'2024-05-11 07:59:00','2024-05-11 07:59:00',68,127,NULL),(546,NULL,NULL,NULL,'2024-05-11 07:59:00','2024-05-11 07:59:00',68,128,319),(547,NULL,NULL,NULL,'2024-05-11 07:59:00','2024-05-11 07:59:00',68,129,323),(548,NULL,NULL,NULL,'2024-05-11 07:59:00','2024-05-11 07:59:00',68,130,326),(549,NULL,NULL,NULL,'2024-05-11 07:59:00','2024-05-11 07:59:00',68,131,329),(550,'500',NULL,'dildo','2024-05-11 07:59:00','2024-05-11 07:59:00',68,132,333),(551,NULL,NULL,NULL,'2024-05-11 08:03:01','2024-05-11 08:03:01',68,124,309),(552,NULL,NULL,NULL,'2024-05-11 08:03:01','2024-05-11 08:03:01',68,125,311),(553,NULL,NULL,NULL,'2024-05-11 08:03:01','2024-05-11 08:03:01',68,126,315),(554,'Hell',NULL,NULL,'2024-05-11 08:03:01','2024-05-11 08:03:01',68,127,NULL),(555,NULL,NULL,NULL,'2024-05-11 08:03:01','2024-05-11 08:03:01',68,128,318),(556,NULL,NULL,NULL,'2024-05-11 08:03:01','2024-05-11 08:03:01',68,129,322),(557,NULL,NULL,NULL,'2024-05-11 08:03:01','2024-05-11 08:03:01',68,130,325),(558,NULL,NULL,NULL,'2024-05-11 08:03:01','2024-05-11 08:03:01',68,131,328),(559,'2000',NULL,'tefredira','2024-05-11 08:03:01','2024-05-11 08:03:01',68,132,336),(560,NULL,'12:32:00',NULL,'2024-05-11 08:03:01','2024-05-11 08:03:01',68,133,NULL),(561,NULL,NULL,NULL,'2024-05-11 08:06:40','2024-05-11 08:06:40',68,124,309),(562,NULL,NULL,NULL,'2024-05-11 08:06:40','2024-05-11 08:06:40',68,125,312),(563,NULL,NULL,NULL,'2024-05-11 08:06:40','2024-05-11 08:06:40',68,126,316),(564,'Hll',NULL,NULL,'2024-05-11 08:06:40','2024-05-11 08:06:40',68,127,NULL),(565,NULL,NULL,NULL,'2024-05-11 08:06:40','2024-05-11 08:06:40',68,128,318),(566,NULL,NULL,NULL,'2024-05-11 08:06:40','2024-05-11 08:06:40',68,129,322),(567,NULL,NULL,NULL,'2024-05-11 08:06:40','2024-05-11 08:06:40',68,130,325),(568,NULL,NULL,NULL,'2024-05-11 08:06:40','2024-05-11 08:06:40',68,131,328),(569,'2000',NULL,'refreshment','2024-05-11 08:06:40','2024-05-11 08:06:40',68,132,335),(570,NULL,NULL,NULL,'2024-05-11 08:08:34','2024-05-11 08:08:34',68,124,309),(571,NULL,NULL,NULL,'2024-05-11 08:08:34','2024-05-11 08:08:34',68,125,312),(572,NULL,NULL,NULL,'2024-05-11 08:08:34','2024-05-11 08:08:34',68,126,316),(573,'Shjjd',NULL,NULL,'2024-05-11 08:08:34','2024-05-11 08:08:34',68,127,NULL),(574,NULL,NULL,NULL,'2024-05-11 08:08:34','2024-05-11 08:08:34',68,128,318),(575,NULL,NULL,NULL,'2024-05-11 08:08:34','2024-05-11 08:08:34',68,129,322),(576,NULL,NULL,NULL,'2024-05-11 08:08:34','2024-05-11 08:08:34',68,130,325),(577,NULL,NULL,NULL,'2024-05-11 08:08:34','2024-05-11 08:08:34',68,131,328),(578,'200',NULL,'cooker','2024-05-11 08:08:34','2024-05-11 08:08:34',68,132,333),(579,NULL,'14:21:00',NULL,'2024-05-11 08:08:34','2024-05-11 08:08:34',68,133,NULL),(580,NULL,NULL,NULL,'2024-05-11 08:26:30','2024-05-11 08:26:30',69,124,309),(581,NULL,NULL,NULL,'2024-05-11 08:26:30','2024-05-11 08:26:30',69,125,312),(582,NULL,NULL,NULL,'2024-05-11 08:26:30','2024-05-11 08:26:30',69,126,316),(583,'Dddss',NULL,NULL,'2024-05-11 08:26:30','2024-05-11 08:26:30',69,127,NULL),(584,'bdbdhjejwjej',NULL,NULL,'2024-05-11 08:26:30','2024-05-11 08:26:30',69,128,NULL),(585,NULL,NULL,NULL,'2024-05-11 08:26:30','2024-05-11 08:26:30',69,129,322),(586,NULL,NULL,NULL,'2024-05-11 08:26:30','2024-05-11 08:26:30',69,130,326),(587,NULL,NULL,NULL,'2024-05-11 08:26:30','2024-05-11 08:26:30',69,131,329),(588,'500',NULL,'gggg','2024-05-11 08:26:30','2024-05-11 08:26:30',69,132,336),(589,'1000',NULL,'redeemed product','2024-05-11 09:07:17','2024-05-11 09:07:17',73,132,348),(590,'1000',NULL,'redeemed product','2024-05-11 09:07:24','2024-05-11 09:07:24',NULL,132,348),(591,'1000',NULL,'redeemed product','2024-05-11 09:53:14','2024-05-11 09:53:14',76,132,348),(592,'1000',NULL,'redeemed product','2024-05-11 09:55:59','2024-05-11 09:55:59',77,132,348),(593,'1000',NULL,'redeemed product','2024-05-11 10:00:16','2024-05-11 10:00:16',78,132,348),(594,NULL,NULL,NULL,'2024-05-11 10:31:28','2024-05-11 10:31:28',64,124,309),(595,NULL,NULL,NULL,'2024-05-11 10:31:28','2024-05-11 10:31:28',64,125,312),(596,NULL,NULL,NULL,'2024-05-11 10:31:28','2024-05-11 10:31:28',64,126,316),(597,'Portion Control',NULL,NULL,'2024-05-11 10:31:28','2024-05-11 10:31:28',64,127,NULL),(598,NULL,NULL,NULL,'2024-05-11 10:31:28','2024-05-11 10:31:28',64,128,318),(599,NULL,NULL,NULL,'2024-05-11 10:31:28','2024-05-11 10:31:28',64,129,321),(600,NULL,NULL,NULL,'2024-05-11 10:31:28','2024-05-11 10:31:28',64,130,326),(601,NULL,NULL,NULL,'2024-05-11 10:31:29','2024-05-11 10:31:29',64,131,328),(602,'5000',NULL,'shoes','2024-05-11 10:31:29','2024-05-11 10:31:29',64,132,337),(603,NULL,NULL,NULL,'2024-05-11 10:31:29','2024-05-11 10:31:29',64,133,NULL),(604,'1000',NULL,'redeemed product','2024-05-11 10:49:58','2024-05-11 10:49:58',79,132,348),(605,'1000',NULL,'redeemed product','2024-05-11 11:56:17','2024-05-11 11:56:17',80,132,348),(606,'1000',NULL,'redeemed product','2024-05-11 12:50:49','2024-05-11 12:50:49',81,132,348),(607,'1000',NULL,'redeemed product','2024-05-11 12:56:46','2024-05-11 12:56:46',82,132,348),(608,'1000',NULL,'redeemed product','2024-05-11 12:58:18','2024-05-11 12:58:18',83,132,348),(609,NULL,NULL,NULL,'2024-05-11 13:23:14','2024-05-11 13:23:14',84,124,310),(610,NULL,NULL,NULL,'2024-05-11 13:23:14','2024-05-11 13:23:14',84,125,312),(611,NULL,NULL,NULL,'2024-05-11 13:23:14','2024-05-11 13:23:14',84,126,315),(612,'test',NULL,NULL,'2024-05-11 13:23:14','2024-05-11 13:23:14',84,127,NULL),(613,NULL,NULL,NULL,'2024-05-11 13:23:14','2024-05-11 13:23:14',84,128,319),(614,NULL,NULL,NULL,'2024-05-11 13:23:14','2024-05-11 13:23:14',84,129,322),(615,NULL,NULL,NULL,'2024-05-11 13:23:14','2024-05-11 13:23:14',84,130,324),(616,NULL,NULL,NULL,'2024-05-11 13:23:14','2024-05-11 13:23:14',84,131,327),(617,'500',NULL,'test','2024-05-11 13:23:14','2024-05-11 13:23:14',84,132,340),(618,NULL,NULL,NULL,'2024-05-11 13:23:14','2024-05-11 13:23:14',84,133,NULL),(619,NULL,NULL,NULL,'2024-05-11 13:43:15','2024-05-11 13:43:15',67,124,310),(620,NULL,NULL,NULL,'2024-05-11 13:43:15','2024-05-11 13:43:15',67,125,313),(621,NULL,NULL,NULL,'2024-05-11 13:43:15','2024-05-11 13:43:15',67,126,317),(622,'Test',NULL,NULL,'2024-05-11 13:43:15','2024-05-11 13:43:15',67,127,NULL),(623,NULL,NULL,NULL,'2024-05-11 13:43:15','2024-05-11 13:43:15',67,128,319),(624,NULL,NULL,NULL,'2024-05-11 13:43:15','2024-05-11 13:43:15',67,129,323),(625,NULL,NULL,NULL,'2024-05-11 13:43:15','2024-05-11 13:43:15',67,130,326),(626,NULL,NULL,NULL,'2024-05-11 13:43:15','2024-05-11 13:43:15',67,131,329),(627,'1000',NULL,'Test','2024-05-11 13:43:15','2024-05-11 13:43:15',67,132,330),(628,'1000',NULL,'redeemed product','2024-05-11 14:12:40','2024-05-11 14:12:40',85,132,348),(629,NULL,NULL,NULL,'2024-05-12 14:40:41','2024-05-12 14:40:41',87,124,309),(630,NULL,NULL,NULL,'2024-05-12 14:40:41','2024-05-12 14:40:41',87,125,313),(631,NULL,NULL,NULL,'2024-05-12 14:40:41','2024-05-12 14:40:41',87,126,314),(632,'op',NULL,NULL,'2024-05-12 14:40:41','2024-05-12 14:40:41',87,127,NULL),(633,NULL,NULL,NULL,'2024-05-12 14:40:41','2024-05-12 14:40:41',87,128,320),(634,NULL,NULL,NULL,'2024-05-12 14:40:41','2024-05-12 14:40:41',87,129,322),(635,NULL,NULL,NULL,'2024-05-12 14:40:41','2024-05-12 14:40:41',87,130,324),(636,NULL,NULL,NULL,'2024-05-12 14:40:41','2024-05-12 14:40:41',87,131,327),(637,'100',NULL,'g','2024-05-12 14:40:41','2024-05-12 14:40:41',87,132,339),(638,NULL,NULL,NULL,'2024-05-12 14:40:41','2024-05-12 14:40:41',87,133,NULL),(639,NULL,NULL,NULL,'2024-05-12 14:40:52','2024-05-12 14:40:52',89,124,310),(640,NULL,NULL,NULL,'2024-05-12 14:40:52','2024-05-12 14:40:52',89,125,312),(641,NULL,NULL,NULL,'2024-05-12 14:40:52','2024-05-12 14:40:52',89,126,316),(642,'はい',NULL,NULL,'2024-05-12 14:40:52','2024-05-12 14:40:52',89,127,NULL),(643,NULL,NULL,NULL,'2024-05-12 14:40:52','2024-05-12 14:40:52',89,128,319),(644,NULL,NULL,NULL,'2024-05-12 14:40:52','2024-05-12 14:40:52',89,129,321),(645,NULL,NULL,NULL,'2024-05-12 14:40:52','2024-05-12 14:40:52',89,130,324),(646,NULL,NULL,NULL,'2024-05-12 14:40:52','2024-05-12 14:40:52',89,131,328),(647,'101',NULL,'おもちゃ','2024-05-12 14:40:52','2024-05-12 14:40:52',89,132,341),(648,NULL,NULL,NULL,'2024-05-12 14:40:52','2024-05-12 14:40:52',89,133,NULL),(649,'1000',NULL,'redeemed product','2024-05-13 05:21:06','2024-05-13 05:21:06',91,132,348),(650,NULL,NULL,NULL,'2024-05-13 06:21:32','2024-05-13 06:21:32',90,124,309),(651,NULL,NULL,NULL,'2024-05-13 06:21:32','2024-05-13 06:21:32',90,125,312),(652,NULL,NULL,NULL,'2024-05-13 06:21:32','2024-05-13 06:21:32',90,126,317),(653,'Ndndn',NULL,NULL,'2024-05-13 06:21:32','2024-05-13 06:21:32',90,127,NULL),(654,NULL,NULL,NULL,'2024-05-13 06:21:32','2024-05-13 06:21:32',90,128,318),(655,NULL,NULL,NULL,'2024-05-13 06:21:32','2024-05-13 06:21:32',90,129,322),(656,NULL,NULL,NULL,'2024-05-13 06:21:32','2024-05-13 06:21:32',90,130,325),(657,NULL,NULL,NULL,'2024-05-13 06:21:32','2024-05-13 06:21:32',90,131,327),(658,'500',NULL,'jcjcuchchc','2024-05-13 06:21:32','2024-05-13 06:21:32',90,132,339),(659,NULL,NULL,NULL,'2024-05-13 06:24:23','2024-05-13 06:24:23',90,124,310),(660,NULL,NULL,NULL,'2024-05-13 06:24:23','2024-05-13 06:24:23',90,125,311),(661,NULL,NULL,NULL,'2024-05-13 06:24:23','2024-05-13 06:24:23',90,126,315),(662,'Ndndnd',NULL,NULL,'2024-05-13 06:24:23','2024-05-13 06:24:23',90,127,NULL),(663,NULL,NULL,NULL,'2024-05-13 06:24:23','2024-05-13 06:24:23',90,128,318),(664,NULL,NULL,NULL,'2024-05-13 06:24:23','2024-05-13 06:24:23',90,129,322),(665,NULL,NULL,NULL,'2024-05-13 06:24:23','2024-05-13 06:24:23',90,130,325),(666,NULL,NULL,NULL,'2024-05-13 06:24:23','2024-05-13 06:24:23',90,131,328),(667,'600',NULL,'jejjd','2024-05-13 06:24:23','2024-05-13 06:24:23',90,132,340),(668,NULL,'18:43:00',NULL,'2024-05-13 06:24:23','2024-05-13 06:24:23',90,133,NULL),(669,'1000',NULL,'redeemed product','2024-05-13 06:52:08','2024-05-13 06:52:08',92,132,348),(670,'1000',NULL,'redeemed product','2024-05-13 06:57:11','2024-05-13 06:57:11',93,132,348),(671,'1000',NULL,'redeemed product','2024-05-13 07:33:04','2024-05-13 07:33:04',94,132,348),(672,'1000',NULL,'redeemed product','2024-05-13 08:06:15','2024-05-13 08:06:15',95,132,348),(673,NULL,NULL,NULL,'2024-05-13 09:02:40','2024-05-13 09:02:40',88,124,309),(674,NULL,NULL,NULL,'2024-05-13 09:02:40','2024-05-13 09:02:40',88,125,312),(675,NULL,NULL,NULL,'2024-05-13 09:02:40','2024-05-13 09:02:40',88,126,316),(676,'ok',NULL,NULL,'2024-05-13 09:02:40','2024-05-13 09:02:40',88,127,NULL),(677,NULL,NULL,NULL,'2024-05-13 09:02:40','2024-05-13 09:02:40',88,128,319),(678,NULL,NULL,NULL,'2024-05-13 09:02:40','2024-05-13 09:02:40',88,129,322),(679,NULL,NULL,NULL,'2024-05-13 09:02:40','2024-05-13 09:02:40',88,130,325),(680,NULL,NULL,NULL,'2024-05-13 09:02:40','2024-05-13 09:02:40',88,131,328),(681,'855',NULL,'def','2024-05-13 09:02:40','2024-05-13 09:02:40',88,132,330),(682,NULL,'13:43:00',NULL,'2024-05-13 09:02:40','2024-05-13 09:02:40',88,133,NULL),(683,'1000',NULL,'redeemed product','2024-05-13 09:05:46','2024-05-13 09:05:46',98,132,348),(684,'1000',NULL,'redeemed product','2024-05-13 09:10:18','2024-05-13 09:10:18',99,132,348),(685,'1000',NULL,'redeemed product','2024-05-13 09:38:53','2024-05-13 09:38:53',101,132,348),(686,'1000',NULL,'redeemed product','2024-05-13 09:38:53','2024-05-13 09:38:53',102,132,348),(687,'1000',NULL,'redeemed product','2024-05-13 10:17:58','2024-05-13 10:17:58',103,132,348),(688,'1000',NULL,'redeemed product','2024-05-13 10:17:58','2024-05-13 10:17:58',104,132,348),(689,'1000',NULL,'redeemed product','2024-05-13 10:17:58','2024-05-13 10:17:58',105,132,348),(690,'1000',NULL,'redeemed product','2024-05-13 10:17:58','2024-05-13 10:17:58',106,132,348),(691,'1000',NULL,'redeemed product','2024-05-13 10:17:58','2024-05-13 10:17:58',107,132,348),(692,'1000',NULL,'redeemed product','2024-05-13 10:17:58','2024-05-13 10:17:58',108,132,348),(693,'1000',NULL,'redeemed product','2024-05-13 10:17:58','2024-05-13 10:17:58',109,132,348),(694,'1000',NULL,'redeemed product','2024-05-13 10:17:58','2024-05-13 10:17:58',110,132,348),(695,'1000',NULL,'redeemed product','2024-05-13 10:17:58','2024-05-13 10:17:58',111,132,348),(696,'1000',NULL,'redeemed product','2024-05-13 10:17:58','2024-05-13 10:17:58',112,132,348),(697,'1000',NULL,'redeemed product','2024-05-13 10:17:58','2024-05-13 10:17:58',113,132,348),(698,'1000',NULL,'redeemed product','2024-05-13 10:17:58','2024-05-13 10:17:58',114,132,348),(699,'1000',NULL,'redeemed product','2024-05-13 10:17:58','2024-05-13 10:17:58',115,132,348),(700,'1000',NULL,'redeemed product','2024-05-13 10:17:58','2024-05-13 10:17:58',116,132,348),(701,'1000',NULL,'redeemed product','2024-05-13 10:17:58','2024-05-13 10:17:58',117,132,348),(702,'1000',NULL,'redeemed product','2024-05-13 10:17:58','2024-05-13 10:17:58',118,132,348),(703,'1000',NULL,'redeemed product','2024-05-13 10:17:58','2024-05-13 10:17:58',119,132,348),(704,'1000',NULL,'redeemed product','2024-05-13 10:17:58','2024-05-13 10:17:58',120,132,348),(705,'1000',NULL,'redeemed product','2024-05-13 10:17:58','2024-05-13 10:17:58',121,132,348),(706,'1000',NULL,'redeemed product','2024-05-13 10:17:58','2024-05-13 10:17:58',122,132,348),(707,'1000',NULL,'redeemed product','2024-05-13 10:17:58','2024-05-13 10:17:58',123,132,348),(708,'1000',NULL,'redeemed product','2024-05-13 10:17:58','2024-05-13 10:17:58',124,132,348),(709,'1000',NULL,'redeemed product','2024-05-13 10:17:58','2024-05-13 10:17:58',125,132,348),(710,'1000',NULL,'redeemed product','2024-05-13 10:17:58','2024-05-13 10:17:58',126,132,348),(711,'1000',NULL,'redeemed product','2024-05-13 10:17:58','2024-05-13 10:17:58',127,132,348),(712,'1000',NULL,'redeemed product','2024-05-13 10:17:58','2024-05-13 10:17:58',128,132,348),(713,'1000',NULL,'redeemed product','2024-05-13 10:17:58','2024-05-13 10:17:58',129,132,348),(714,'1000',NULL,'redeemed product','2024-05-13 10:17:58','2024-05-13 10:17:58',130,132,348),(715,'1000',NULL,'redeemed product','2024-05-13 10:17:58','2024-05-13 10:17:58',131,132,348),(716,'1000',NULL,'redeemed product','2024-05-13 10:17:58','2024-05-13 10:17:58',132,132,348),(717,'1000',NULL,'redeemed product','2024-05-13 10:17:58','2024-05-13 10:17:58',133,132,348),(718,'1000',NULL,'redeemed product','2024-05-13 10:17:58','2024-05-13 10:17:58',134,132,348),(719,'1000',NULL,'redeemed product','2024-05-13 10:17:58','2024-05-13 10:17:58',135,132,348),(720,'1000',NULL,'redeemed product','2024-05-13 10:17:58','2024-05-13 10:17:58',136,132,348),(721,'1000',NULL,'redeemed product','2024-05-13 10:17:58','2024-05-13 10:17:58',137,132,348),(722,'1000',NULL,'redeemed product','2024-05-13 10:17:58','2024-05-13 10:17:58',138,132,348),(723,'1000',NULL,'redeemed product','2024-05-13 10:17:58','2024-05-13 10:17:58',139,132,348),(724,'1000',NULL,'redeemed product','2024-05-13 10:17:59','2024-05-13 10:17:59',140,132,348),(725,'1000',NULL,'redeemed product','2024-05-13 10:17:59','2024-05-13 10:17:59',141,132,348),(726,'1000',NULL,'redeemed product','2024-05-13 10:17:59','2024-05-13 10:17:59',142,132,348),(727,'1000',NULL,'redeemed product','2024-05-13 10:17:59','2024-05-13 10:17:59',143,132,348),(728,'1000',NULL,'redeemed product','2024-05-13 10:17:59','2024-05-13 10:17:59',144,132,348),(729,'1000',NULL,'redeemed product','2024-05-13 10:17:59','2024-05-13 10:17:59',145,132,348),(730,'1000',NULL,'redeemed product','2024-05-13 10:17:59','2024-05-13 10:17:59',146,132,348),(731,'1000',NULL,'redeemed product','2024-05-13 10:17:59','2024-05-13 10:17:59',147,132,348),(732,'1000',NULL,'redeemed product','2024-05-13 10:17:59','2024-05-13 10:17:59',148,132,348),(733,'1000',NULL,'redeemed product','2024-05-13 10:17:59','2024-05-13 10:17:59',149,132,348),(734,'1000',NULL,'redeemed product','2024-05-13 10:17:59','2024-05-13 10:17:59',150,132,348),(735,'1000',NULL,'redeemed product','2024-05-13 10:17:59','2024-05-13 10:17:59',151,132,348),(736,'1000',NULL,'redeemed product','2024-05-13 10:17:59','2024-05-13 10:17:59',152,132,348),(737,'1000',NULL,'redeemed product','2024-05-13 10:17:59','2024-05-13 10:17:59',153,132,348),(738,'1000',NULL,'redeemed product','2024-05-13 10:17:59','2024-05-13 10:17:59',154,132,348),(739,'1000',NULL,'redeemed product','2024-05-13 10:17:59','2024-05-13 10:17:59',155,132,348),(740,'1000',NULL,'redeemed product','2024-05-13 10:17:59','2024-05-13 10:17:59',156,132,348),(741,'1000',NULL,'redeemed product','2024-05-13 10:17:59','2024-05-13 10:17:59',157,132,348),(742,'1000',NULL,'redeemed product','2024-05-13 10:17:59','2024-05-13 10:17:59',158,132,348),(743,'1000',NULL,'redeemed product','2024-05-13 10:17:59','2024-05-13 10:17:59',159,132,348),(744,'1000',NULL,'redeemed product','2024-05-13 10:17:59','2024-05-13 10:17:59',160,132,348),(745,'1000',NULL,'redeemed product','2024-05-13 10:17:59','2024-05-13 10:17:59',161,132,348),(746,'1000',NULL,'redeemed product','2024-05-13 10:17:59','2024-05-13 10:17:59',162,132,348),(747,'1000',NULL,'redeemed product','2024-05-13 10:17:59','2024-05-13 10:17:59',163,132,348),(748,'1000',NULL,'redeemed product','2024-05-13 12:09:03','2024-05-13 12:09:03',164,132,348),(749,'1000',NULL,'redeemed product','2024-05-13 12:32:37','2024-05-13 12:32:37',166,132,348),(750,'1000',NULL,'redeemed product','2024-05-14 05:26:22','2024-05-14 05:26:22',168,132,348),(751,'1000',NULL,'redeemed product','2024-05-14 10:36:45','2024-05-14 10:36:45',170,132,348),(752,'1000',NULL,'redeemed product','2024-05-14 11:21:26','2024-05-14 11:21:26',172,132,348),(753,'1000',NULL,'redeemed product','2024-05-14 12:19:42','2024-05-14 12:19:42',174,132,348),(754,'1000',NULL,'redeemed product','2024-05-14 12:36:22','2024-05-14 12:36:22',176,132,348),(755,NULL,NULL,NULL,'2024-05-14 13:46:12','2024-05-14 13:46:12',54,124,309),(756,NULL,NULL,NULL,'2024-05-14 13:46:12','2024-05-14 13:46:12',54,125,311),(757,NULL,NULL,NULL,'2024-05-14 13:46:12','2024-05-14 13:46:12',54,126,317),(758,'Read newspaper everyday',NULL,NULL,'2024-05-14 13:46:12','2024-05-14 13:46:12',54,127,NULL),(759,NULL,NULL,NULL,'2024-05-14 13:46:12','2024-05-14 13:46:12',54,128,319),(760,NULL,NULL,NULL,'2024-05-14 13:46:12','2024-05-14 13:46:12',54,129,321),(761,NULL,NULL,NULL,'2024-05-14 13:46:12','2024-05-14 13:46:12',54,130,325),(762,NULL,NULL,NULL,'2024-05-14 13:46:12','2024-05-14 13:46:12',54,131,327),(763,'3000',NULL,'lipstick','2024-05-14 13:46:12','2024-05-14 13:46:12',54,132,331),(764,NULL,'19:16:00',NULL,'2024-05-14 13:46:12','2024-05-14 13:46:12',54,133,NULL),(765,NULL,NULL,NULL,'2024-05-15 02:56:34','2024-05-15 02:56:34',70,124,310),(766,NULL,NULL,NULL,'2024-05-15 02:56:34','2024-05-15 02:56:34',70,125,311),(767,NULL,NULL,NULL,'2024-05-15 02:56:34','2024-05-15 02:56:34',70,126,316),(768,'th llk',NULL,NULL,'2024-05-15 02:56:34','2024-05-15 02:56:34',70,127,NULL),(769,NULL,NULL,NULL,'2024-05-15 02:56:34','2024-05-15 02:56:34',70,128,319),(770,NULL,NULL,NULL,'2024-05-15 02:56:34','2024-05-15 02:56:34',70,129,322),(771,NULL,NULL,NULL,'2024-05-15 02:56:34','2024-05-15 02:56:34',70,130,325),(772,NULL,NULL,NULL,'2024-05-15 02:56:34','2024-05-15 02:56:34',70,131,328),(773,'999',NULL,'sfvg','2024-05-15 02:56:34','2024-05-15 02:56:34',70,132,341),(774,NULL,NULL,NULL,'2024-05-15 02:56:34','2024-05-15 02:56:34',70,133,NULL),(775,'1000',NULL,'redeemed product','2024-05-15 04:17:05','2024-05-15 04:17:05',178,132,348),(776,'1000',NULL,'redeemed product','2024-05-16 09:49:10','2024-05-16 09:49:10',180,132,348),(777,'1000',NULL,'redeemed product','2024-05-16 09:49:10','2024-05-16 09:49:10',181,132,348),(778,'1000',NULL,'redeemed product','2024-05-16 09:49:10','2024-05-16 09:49:10',182,132,348),(779,'1000',NULL,'redeemed product','2024-05-16 09:49:10','2024-05-16 09:49:10',183,132,348),(780,'1000',NULL,'redeemed product','2024-05-16 09:49:10','2024-05-16 09:49:10',184,132,348),(781,'1000',NULL,'redeemed product','2024-05-16 09:49:10','2024-05-16 09:49:10',185,132,348),(782,'1000',NULL,'redeemed product','2024-05-16 09:49:10','2024-05-16 09:49:10',186,132,348),(783,'1000',NULL,'redeemed product','2024-05-16 09:49:10','2024-05-16 09:49:10',187,132,348),(784,'1000',NULL,'redeemed product','2024-05-16 09:49:10','2024-05-16 09:49:10',188,132,348),(785,'1000',NULL,'redeemed product','2024-05-16 09:49:10','2024-05-16 09:49:10',189,132,348),(786,'1000',NULL,'redeemed product','2024-05-16 09:49:10','2024-05-16 09:49:10',190,132,348),(787,'1000',NULL,'redeemed product','2024-05-16 09:49:10','2024-05-16 09:49:10',191,132,348),(788,'1000',NULL,'redeemed product','2024-05-16 09:49:10','2024-05-16 09:49:10',192,132,348),(789,'1000',NULL,'redeemed product','2024-05-16 09:49:10','2024-05-16 09:49:10',193,132,348),(790,'1000',NULL,'redeemed product','2024-05-16 09:49:10','2024-05-16 09:49:10',194,132,348),(791,'1000',NULL,'redeemed product','2024-05-16 09:49:11','2024-05-16 09:49:11',195,132,348),(792,'1000',NULL,'redeemed product','2024-05-16 09:49:11','2024-05-16 09:49:11',196,132,348),(793,'1000',NULL,'redeemed product','2024-05-17 06:38:57','2024-05-17 06:38:57',197,132,348),(794,'1000',NULL,'redeemed product','2024-05-17 08:23:16','2024-05-17 08:23:16',199,132,348),(795,'1000',NULL,'redeemed product','2024-05-17 09:08:33','2024-05-17 09:08:33',203,132,348),(796,'1000',NULL,'redeemed product','2024-05-17 09:09:43','2024-05-17 09:09:43',205,132,348),(797,'1000',NULL,'redeemed product','2024-05-17 09:10:49','2024-05-17 09:10:49',207,132,348),(798,'1000',NULL,'redeemed product','2024-05-17 09:30:55','2024-05-17 09:30:55',NULL,132,348),(799,'1000',NULL,'redeemed product','2024-05-17 09:33:11','2024-05-17 09:33:11',NULL,132,348),(800,'1000',NULL,'redeemed product','2024-05-17 09:37:21','2024-05-17 09:37:21',NULL,132,348),(801,'1000',NULL,'redeemed product','2024-05-17 09:38:06','2024-05-17 09:38:06',NULL,132,348),(802,'1000',NULL,'redeemed product','2024-05-17 11:39:39','2024-05-17 11:39:39',217,132,348),(803,'1000',NULL,'redeemed product','2024-05-20 11:53:34','2024-05-20 11:53:34',219,132,348),(804,'1000',NULL,'redeemed product','2024-05-21 09:22:08','2024-05-21 09:22:08',221,132,348),(805,'1000',NULL,'redeemed product','2024-05-24 05:19:19','2024-05-24 05:19:19',223,132,348),(806,'1000',NULL,'redeemed product','2024-05-24 08:55:25','2024-05-24 08:55:25',225,132,348),(807,'1000',NULL,'redeemed product','2024-05-26 12:00:14','2024-05-26 12:00:14',227,132,348),(808,'1000',NULL,'redeemed product','2024-05-28 11:45:03','2024-05-28 11:45:03',229,132,348),(809,'1000',NULL,'redeemed product','2024-05-30 06:53:28','2024-05-30 06:53:28',231,132,348),(810,'1000',NULL,'redeemed product','2024-05-30 08:37:00','2024-05-30 08:37:00',233,132,348),(811,'1000',NULL,'redeemed product','2024-06-01 17:24:15','2024-06-01 17:24:15',235,132,348),(812,'1000',NULL,'redeemed product','2024-06-07 09:53:57','2024-06-07 09:53:57',242,132,348);
/*!40000 ALTER TABLE `onboardingAnswers` ENABLE KEYS */;
UNLOCK TABLES;

--
-- Table structure for table `onboardingOptions`
--

DROP TABLE IF EXISTS `onboardingOptions`;
/*!40101 SET @saved_cs_client     = @@character_set_client */;
/*!50503 SET character_set_client = utf8mb4 */;
CREATE TABLE `onboardingOptions` (
  `id` int NOT NULL AUTO_INCREMENT,
  `optionName` varchar(255) NOT NULL,
  `createdAt` datetime NOT NULL DEFAULT CURRENT_TIMESTAMP,
  `updatedAt` datetime NOT NULL DEFAULT CURRENT_TIMESTAMP ON UPDATE CURRENT_TIMESTAMP,
  `onboardingQuestionId` int DEFAULT NULL,
  PRIMARY KEY (`id`),
  KEY `onboardingQuestionId` (`onboardingQuestionId`),
  CONSTRAINT `onboardingOptions_ibfk_1` FOREIGN KEY (`onboardingQuestionId`) REFERENCES `onboardingQuestions` (`id`) ON DELETE SET NULL ON UPDATE CASCADE
) ENGINE=InnoDB AUTO_INCREMENT=349 DEFAULT CHARSET=utf8mb4 COLLATE=utf8mb4_0900_ai_ci;
/*!40101 SET character_set_client = @saved_cs_client */;

--
-- Dumping data for table `onboardingOptions`
--

LOCK TABLES `onboardingOptions` WRITE;
/*!40000 ALTER TABLE `onboardingOptions` DISABLE KEYS */;
INSERT INTO `onboardingOptions` VALUES (309,'Mostly','2024-04-18 06:33:16','2024-04-18 06:33:16',124),(310,'Not really','2024-04-18 06:33:16','2024-04-18 06:33:16',124),(311,'Yes, and I was successful in that.','2024-04-18 06:33:16','2024-04-18 06:33:16',125),(312,'Yes, but I failed to bring a sustainable change.','2024-04-18 06:33:16','2024-04-18 06:33:16',125),(313,'No, I haven\'t tried but considering it in the future','2024-04-18 06:33:16','2024-04-18 06:33:16',125),(314,'I look for immediate changes','2024-04-18 06:33:16','2024-04-18 06:33:16',126),(315,'I chase perfection','2024-04-18 06:33:16','2024-04-18 06:33:16',126),(316,'I get distracted with something better','2024-04-18 06:33:16','2024-04-18 06:33:16',126),(317,'Life gets in the way','2024-04-18 06:33:16','2024-04-18 06:33:16',126),(318,'I tried prioritizing / scheduling tasks','2024-04-18 06:33:17','2024-04-18 06:33:17',128),(319,'I tried removing phones and other distractions','2024-04-18 06:33:17','2024-04-18 06:33:17',128),(320,'I tried avoiding gossip and frequent breaks','2024-04-18 06:33:17','2024-04-18 06:33:17',128),(321,'I would love that ! Team would be great!','2024-04-18 06:33:17','2024-04-18 06:33:17',129),(322,'Not much, I prefer to work alone','2024-04-18 06:33:17','2024-04-18 06:33:17',129),(323,'Sometimes I need a team, sometimes it is better alone.','2024-04-18 06:33:17','2024-04-18 06:33:17',129),(324,'Heavily, I rely a lot on tech','2024-04-18 06:33:17','2024-04-18 06:33:17',130),(325,'Moderately, I use tech sometimes','2024-04-18 06:33:17','2024-04-18 06:33:17',130),(326,'Rarely, I don\'t use tech that much','2024-04-18 06:33:17','2024-04-18 06:33:17',130),(327,'I am motivated when I see results for my efforts','2024-04-18 06:33:17','2024-04-18 06:33:17',131),(328,'I am motivated when I get rewards for my efforts','2024-04-18 06:33:17','2024-04-18 06:33:17',131),(329,'I am motivated when  I am challenged by others','2024-04-18 06:33:17','2024-04-18 06:33:17',131),(330,'Fashion, & Accessories','2024-04-18 06:33:17','2024-04-18 06:33:17',132),(331,'Skincare & Beauty','2024-04-18 06:33:17','2024-04-18 06:33:17',132),(332,'Grocery & Essentials','2024-04-18 06:33:17','2024-04-18 06:33:17',132),(333,'Home decor & Furniture','2024-05-01 08:35:43','2024-05-01 08:36:37',132),(335,'Coupons & gift cards','2024-05-01 08:38:39','2024-05-01 08:38:39',132),(336,'Electronics & Appliances','2024-05-01 08:38:39','2024-05-01 08:38:39',132),(337,'Sports & Fitness','2024-05-01 08:38:39','2024-05-01 08:38:39',132),(338,'Entertainment','2024-05-01 08:38:39','2024-05-01 08:38:39',132),(339,'Education','2024-05-01 08:38:39','2024-05-01 08:38:39',132),(340,'Health & personal wellness','2024-05-01 08:38:39','2024-05-01 08:38:39',132),(341,'Pet care','2024-05-01 08:38:39','2024-05-01 08:38:39',132),(342,'Baby products','2024-05-01 08:38:39','2024-05-01 08:38:39',132),(343,'Toys & Games','2024-05-01 08:38:39','2024-05-01 08:38:39',132),(344,'Bills & Recharges','2024-05-01 08:38:39','2024-05-01 08:38:39',132),(345,'Arts & Music','2024-05-01 08:38:39','2024-05-01 08:38:39',132),(346,'Garden & outdoor','2024-05-01 08:38:39','2024-05-01 08:38:39',132),(347,'Luxury & Gourmet','2024-05-01 08:38:39','2024-05-13 11:25:34',132),(348,'Redeem','2024-05-11 13:58:53','2024-05-11 13:58:55',132);
/*!40000 ALTER TABLE `onboardingOptions` ENABLE KEYS */;
UNLOCK TABLES;

--
-- Table structure for table `onboardingQuestions`
--

DROP TABLE IF EXISTS `onboardingQuestions`;
/*!40101 SET @saved_cs_client     = @@character_set_client */;
/*!50503 SET character_set_client = utf8mb4 */;
CREATE TABLE `onboardingQuestions` (
  `id` int NOT NULL AUTO_INCREMENT,
  `questionName` varchar(255) NOT NULL,
  `type` varchar(255) DEFAULT NULL,
  `questionImage` text,
  `createdAt` datetime NOT NULL,
  `updatedAt` datetime NOT NULL,
  PRIMARY KEY (`id`)
) ENGINE=InnoDB AUTO_INCREMENT=135 DEFAULT CHARSET=utf8mb4 COLLATE=utf8mb4_0900_ai_ci;
/*!40101 SET character_set_client = @saved_cs_client */;

--
-- Dumping data for table `onboardingQuestions`
--

LOCK TABLES `onboardingQuestions` WRITE;
/*!40000 ALTER TABLE `onboardingQuestions` DISABLE KEYS */;
INSERT INTO `onboardingQuestions` VALUES (124,'Do you think you take control of yourself when it comes to your own growth and development?','option','https://postactionsbucket.s3.ap-south-1.amazonaws.com/uploads/onboarding_images/1.png','2024-04-18 06:33:16','2024-04-18 06:33:16'),(125,'Have you consciously tried improve anything specific at work or your life outside of work?','option','https://postactionsbucket.s3.ap-south-1.amazonaws.com/uploads/onboarding_images/2.png','2024-04-18 06:33:16','2024-04-18 06:33:16'),(126,'Consistency is the key in improving anything. What are your frequent barriers to that?','option','https://postactionsbucket.s3.ap-south-1.amazonaws.com/uploads/onboarding_images/3.png','2024-04-18 06:33:16','2024-04-18 06:33:16'),(127,'Are there specific career-specific growth you\'d like to track or measure for improvement?','text','https://postactionsbucket.s3.ap-south-1.amazonaws.com/uploads/onboarding_images/4.png','2024-04-18 06:33:17','2024-04-18 06:33:16'),(128,'Are there any specific tools or techniques you\'ve tried in the past to become better at work?','combined','https://postactionsbucket.s3.ap-south-1.amazonaws.com/uploads/onboarding_images/5.png','2024-04-18 06:33:17','2024-04-18 06:33:16'),(129,'How do you think a team could help you with your personal growth?','option','https://postactionsbucket.s3.ap-south-1.amazonaws.com/uploads/onboarding_images/6.png','2024-04-18 06:33:17','2024-04-18 06:33:16'),(130,'How much do you rely on technology for working on yourself?','option','https://postactionsbucket.s3.ap-south-1.amazonaws.com/uploads/onboarding_images/7.png','2024-04-18 06:33:17','2024-04-18 06:33:16'),(131,'What motivates you the most?','option','https://postactionsbucket.s3.ap-south-1.amazonaws.com/uploads/onboarding_images/8.png','2024-04-18 06:33:17','2024-04-18 06:33:16'),(132,'What is the product/experience you want to gift yourself through Aspire?','multipletextwithoptions','https://postactionsbucket.s3.ap-south-1.amazonaws.com/uploads/onboarding_images/9.png','2024-04-18 06:33:17','2024-04-18 06:33:16'),(133,'When do you want to work on yourself?','time','https://postactionsbucket.s3.ap-south-1.amazonaws.com/uploads/onboarding_images/10.png','2024-04-18 06:33:17','2024-04-18 06:33:16');
/*!40000 ALTER TABLE `onboardingQuestions` ENABLE KEYS */;
UNLOCK TABLES;

--
-- Table structure for table `peopleNotifications`
--

DROP TABLE IF EXISTS `peopleNotifications`;
/*!40101 SET @saved_cs_client     = @@character_set_client */;
/*!50503 SET character_set_client = utf8mb4 */;
CREATE TABLE `peopleNotifications` (
  `id` int NOT NULL AUTO_INCREMENT,
  `redemption25` tinyint(1) DEFAULT '0',
  `newPeopleAdded` varchar(2555) DEFAULT '0',
  `newPeopleDeleted` varchar(2555) DEFAULT '0',
  `newPeopleDeactivated` varchar(2555) DEFAULT '0',
  `customerId` int DEFAULT NULL,
  `createdAt` timestamp NULL DEFAULT CURRENT_TIMESTAMP,
  `updatedAt` timestamp NULL DEFAULT CURRENT_TIMESTAMP ON UPDATE CURRENT_TIMESTAMP,
  `programStopped` tinyint(1) DEFAULT '0',
  `program25Completion` tinyint(1) DEFAULT '0',
  `program75Completion` tinyint(1) DEFAULT '0',
  `program100Completion` tinyint(1) DEFAULT '0',
  `aspireNewProgramAdded` tinyint(1) DEFAULT '0',
  `redemption50` tinyint(1) DEFAULT '0',
  `redemption75` tinyint(1) DEFAULT '0',
  `redemption100` tinyint(1) DEFAULT '0',
  `paymentCompleted` tinyint(1) DEFAULT '0',
  `paymentFailed` tinyint(1) DEFAULT '0',
  `paymentPending` tinyint(1) DEFAULT '0',
  PRIMARY KEY (`id`),
  KEY `customerId` (`customerId`),
  CONSTRAINT `peopleNotifications_ibfk_1` FOREIGN KEY (`customerId`) REFERENCES `customers` (`id`)
) ENGINE=InnoDB DEFAULT CHARSET=utf8mb4 COLLATE=utf8mb4_0900_ai_ci;
/*!40101 SET character_set_client = @saved_cs_client */;

--
-- Dumping data for table `peopleNotifications`
--

LOCK TABLES `peopleNotifications` WRITE;
/*!40000 ALTER TABLE `peopleNotifications` DISABLE KEYS */;
/*!40000 ALTER TABLE `peopleNotifications` ENABLE KEYS */;
UNLOCK TABLES;

--
-- Table structure for table `pointsTrackers`
--

DROP TABLE IF EXISTS `pointsTrackers`;
/*!40101 SET @saved_cs_client     = @@character_set_client */;
/*!50503 SET character_set_client = utf8mb4 */;
CREATE TABLE `pointsTrackers` (
  `id` int NOT NULL AUTO_INCREMENT,
  `pointsUpdate` int DEFAULT NULL,
  `taskPoints` int DEFAULT NULL,
  `createdAt` datetime NOT NULL,
  `updatedAt` datetime NOT NULL,
  `userId` int DEFAULT NULL,
  `taskId` int DEFAULT NULL,
  `programId` int DEFAULT NULL,
  PRIMARY KEY (`id`),
  KEY `userId` (`userId`),
  KEY `taskId` (`taskId`),
  KEY `programId` (`programId`),
  CONSTRAINT `pointsTrackers_ibfk_1` FOREIGN KEY (`userId`) REFERENCES `users` (`id`) ON DELETE SET NULL ON UPDATE CASCADE,
  CONSTRAINT `pointsTrackers_ibfk_2` FOREIGN KEY (`taskId`) REFERENCES `tasks` (`id`) ON DELETE SET NULL ON UPDATE CASCADE,
  CONSTRAINT `pointsTrackers_ibfk_3` FOREIGN KEY (`programId`) REFERENCES `programs` (`id`) ON DELETE SET NULL ON UPDATE CASCADE
) ENGINE=InnoDB AUTO_INCREMENT=216 DEFAULT CHARSET=utf8mb4 COLLATE=utf8mb4_0900_ai_ci;
/*!40101 SET character_set_client = @saved_cs_client */;

--
-- Dumping data for table `pointsTrackers`
--

LOCK TABLES `pointsTrackers` WRITE;
/*!40000 ALTER TABLE `pointsTrackers` DISABLE KEYS */;
INSERT INTO `pointsTrackers` VALUES (1,10,10,'2024-04-24 07:09:30','2024-04-24 07:09:30',9,8,2),(2,10,10,'2024-04-24 07:23:21','2024-04-24 07:23:21',8,8,2),(3,10,10,'2024-04-24 07:32:57','2024-04-24 07:32:57',10,8,2),(4,10,10,'2024-04-24 07:59:55','2024-04-24 07:59:55',7,8,2),(5,10,10,'2024-04-24 08:09:29','2024-04-24 08:09:29',11,8,2),(6,10,10,'2024-04-24 08:54:34','2024-04-24 08:54:34',12,8,2),(7,10,10,'2024-04-24 11:42:37','2024-04-24 11:42:37',14,8,2),(8,20,10,'2024-04-25 06:28:50','2024-04-25 06:28:50',10,9,2),(9,10,10,'2024-04-25 07:39:50','2024-04-25 07:39:50',15,28,5),(10,20,10,'2024-04-25 07:44:23','2024-04-25 07:44:23',12,9,2),(11,10,10,'2024-04-25 13:50:01','2024-04-25 13:50:01',19,8,2),(12,10,10,'2024-04-25 14:04:39','2024-04-25 14:04:39',18,8,2),(13,10,10,'2024-04-25 16:10:27','2024-04-25 16:10:27',20,8,2),(14,30,10,'2024-04-26 04:08:42','2024-04-26 04:08:42',10,9,2),(15,30,10,'2024-04-26 09:45:56','2024-04-26 09:45:56',12,9,2),(16,40,10,'2024-04-26 11:34:39','2024-04-26 11:34:39',10,1,1),(17,10,10,'2024-04-26 11:36:41','2024-04-26 11:36:41',24,8,2),(18,10,10,'2024-04-26 12:37:43','2024-04-26 12:37:43',23,8,2),(19,20,10,'2024-04-26 13:09:23','2024-04-26 13:09:23',8,9,2),(20,50,10,'2024-04-27 05:02:11','2024-04-27 05:02:11',10,2,1),(21,10,10,'2024-04-27 08:12:02','2024-04-27 08:12:02',26,8,2),(22,20,20,'2024-04-27 09:26:07','2024-04-27 09:26:07',35,15,3),(23,10,10,'2024-04-27 10:32:11','2024-04-27 10:32:11',36,1,1),(24,30,10,'2024-04-27 11:57:17','2024-04-27 11:57:17',8,9,2),(25,60,10,'2024-04-28 07:58:09','2024-04-28 07:58:09',10,2,1),(26,10,10,'2024-04-28 10:46:56','2024-04-28 10:46:56',37,8,2),(27,10,10,'2024-04-29 10:07:32','2024-04-29 10:07:32',21,8,2),(28,20,10,'2024-04-29 10:57:12','2024-04-29 10:57:12',7,9,2),(29,70,10,'2024-04-29 13:29:04','2024-04-29 13:29:04',10,2,1),(30,80,10,'2024-04-29 14:28:35','2024-04-29 14:28:35',10,9,2),(31,20,20,'2024-04-30 04:29:58','2024-04-30 04:29:58',41,15,3),(32,20,20,'2024-04-30 07:05:32','2024-04-30 07:05:32',42,15,3),(33,10,10,'2024-04-30 08:57:18','2024-04-30 08:57:18',47,8,2),(34,10,10,'2024-04-30 09:22:30','2024-04-30 09:22:30',45,8,2),(35,10,10,'2024-04-30 09:28:03','2024-04-30 09:28:03',46,8,2),(36,20,10,'2024-05-01 14:06:35','2024-05-01 14:06:35',47,9,2),(37,40,10,'2024-05-01 15:09:31','2024-05-01 15:09:31',8,9,2),(38,90,10,'2024-05-01 18:26:36','2024-05-01 18:26:36',10,2,1),(39,30,10,'2024-05-02 06:13:00','2024-05-02 06:13:00',47,9,2),(40,40,10,'2024-05-02 08:38:29','2024-05-02 08:38:29',12,9,2),(41,20,10,'2024-05-02 11:37:28','2024-05-02 11:37:28',46,9,2),(42,50,10,'2024-05-02 13:44:48','2024-05-02 13:44:48',8,9,2),(43,10,10,'2024-05-02 18:07:52','2024-05-02 18:07:52',48,95,15),(44,50,10,'2024-05-03 05:21:18','2024-05-03 05:21:18',12,9,2),(45,60,10,'2024-05-03 07:13:43','2024-05-03 07:13:43',8,9,2),(46,20,20,'2024-05-03 12:40:31','2024-05-03 12:40:31',51,15,3),(47,30,10,'2024-05-04 07:22:52','2024-05-04 07:22:52',7,9,2),(48,100,10,'2024-05-04 11:01:07','2024-05-04 11:01:07',10,2,1),(49,40,10,'2024-05-04 11:07:05','2024-05-04 11:07:05',47,9,2),(50,60,10,'2024-05-05 05:48:35','2024-05-05 05:48:35',12,9,2),(51,110,10,'2024-05-05 07:21:41','2024-05-05 07:21:41',10,2,1),(52,120,10,'2024-05-05 07:31:40','2024-05-05 07:31:40',10,9,2),(53,70,10,'2024-05-06 06:30:31','2024-05-06 06:30:31',12,9,2),(54,10,10,'2024-05-06 09:50:18','2024-05-06 09:50:18',50,95,15),(55,130,10,'2024-05-06 11:12:39','2024-05-06 11:12:39',10,2,1),(56,20,20,'2024-05-06 13:23:14','2024-05-06 13:23:14',53,15,3),(57,40,10,'2024-05-06 13:41:51','2024-05-06 13:41:51',7,9,2),(58,150,20,'2024-05-07 06:07:36','2024-05-07 06:07:36',10,15,3),(59,80,10,'2024-05-07 07:07:01','2024-05-07 07:07:01',12,9,2),(60,60,20,'2024-05-07 08:05:23','2024-05-07 08:05:23',47,15,3),(61,160,10,'2024-05-07 10:20:44','2024-05-07 10:20:44',10,2,1),(62,170,10,'2024-05-07 10:30:32','2024-05-07 10:30:32',10,9,2),(63,30,10,'2024-05-07 11:30:30','2024-05-07 11:30:30',46,9,2),(64,70,10,'2024-05-08 05:04:56','2024-05-08 05:04:56',8,9,2),(65,50,10,'2024-05-08 19:22:53','2024-05-08 19:22:53',7,9,2),(66,80,10,'2024-05-09 05:18:15','2024-05-09 05:18:15',8,9,2),(67,190,20,'2024-05-09 09:53:47','2024-05-09 09:53:47',10,16,3),(68,200,10,'2024-05-09 10:09:54','2024-05-09 10:09:54',10,2,1),(69,80,20,'2024-05-09 12:55:01','2024-05-09 12:55:01',47,16,3),(70,10,10,'2024-05-09 14:03:50','2024-05-09 14:03:50',60,8,2),(71,20,20,'2024-05-09 15:02:45','2024-05-09 15:02:45',61,15,3),(72,10,10,'2024-05-09 15:44:31','2024-05-09 15:44:31',57,8,2),(73,90,10,'2024-05-10 05:11:15','2024-05-10 05:11:15',12,9,2),(74,10,10,'2024-05-10 08:10:48','2024-05-10 08:10:48',65,8,2),(75,10,10,'2024-05-10 08:11:11','2024-05-10 08:11:11',66,8,2),(76,220,20,'2024-05-10 17:04:18','2024-05-10 17:04:18',10,16,3),(77,10,10,'2024-05-11 06:58:48','2024-05-11 06:58:48',68,8,2),(78,100,20,'2024-05-11 07:45:21','2024-05-11 07:45:21',47,16,3),(79,110,10,'2024-05-11 07:46:42','2024-05-11 07:46:42',47,9,2),(80,10,10,'2024-05-11 08:30:38','2024-05-11 08:30:38',69,8,2),(81,10,10,'2024-05-11 10:36:30','2024-05-11 10:36:30',64,8,2),(82,10,10,'2024-05-11 14:17:59','2024-05-11 14:17:59',85,116,18),(83,10,10,'2024-05-11 14:30:07','2024-05-11 14:30:07',84,116,18),(84,230,10,'2024-05-12 06:59:09','2024-05-12 06:59:09',10,117,18),(85,240,10,'2024-05-12 07:00:18','2024-05-12 07:00:18',10,118,18),(86,250,10,'2024-05-12 07:03:18','2024-05-12 07:03:18',10,118,18),(87,260,10,'2024-05-13 03:25:40','2024-05-13 03:25:40',10,9,2),(88,10,10,'2024-05-13 07:41:21','2024-05-13 07:41:21',94,116,18),(89,10,10,'2024-05-13 08:12:27','2024-05-13 08:12:27',95,116,18),(90,10,10,'2024-05-13 08:34:21','2024-05-13 08:34:21',97,116,18),(91,270,10,'2024-05-13 08:48:04','2024-05-13 08:48:04',10,116,18),(92,10,10,'2024-05-13 09:12:04','2024-05-13 09:12:04',99,116,18),(93,10,10,'2024-05-13 09:42:29','2024-05-13 09:42:29',101,116,18),(94,10,10,'2024-05-13 12:39:01','2024-05-13 12:39:01',166,116,18),(95,290,20,'2024-05-13 12:48:03','2024-05-13 12:48:03',10,16,3),(96,10,10,'2024-05-13 13:31:09','2024-05-13 13:31:09',164,116,18),(97,10,10,'2024-05-14 05:37:12','2024-05-14 05:37:12',168,116,18),(98,10,10,'2024-05-14 11:26:25','2024-05-14 11:26:25',172,116,18),(99,10,10,'2024-05-14 12:24:32','2024-05-14 12:24:32',174,116,18),(100,10,10,'2024-05-14 12:42:09','2024-05-14 12:42:09',176,116,18),(101,20,20,'2024-05-14 15:14:16','2024-05-14 15:14:16',54,15,3),(102,60,10,'2024-05-15 02:52:20','2024-05-15 02:52:20',7,109,17),(103,10,10,'2024-05-15 03:05:37','2024-05-15 03:05:37',70,8,2),(104,70,10,'2024-05-15 06:38:20','2024-05-15 06:38:20',7,9,2),(105,10,10,'2024-05-15 07:09:10','2024-05-15 07:09:10',178,116,18),(106,310,20,'2024-05-15 16:58:59','2024-05-15 16:58:59',10,16,3),(107,20,10,'2024-05-16 11:40:17','2024-05-16 11:40:17',70,9,2),(108,80,10,'2024-05-16 11:53:56','2024-05-16 11:53:56',7,110,17),(109,90,10,'2024-05-16 11:55:52','2024-05-16 11:55:52',7,9,2),(110,100,10,'2024-05-16 16:46:25','2024-05-16 16:46:25',12,9,2),(111,30,10,'2024-05-17 04:06:03','2024-05-17 04:06:03',70,9,2),(112,20,10,'2024-05-17 09:03:49','2024-05-17 09:03:49',166,117,18),(113,100,10,'2024-05-17 09:24:51','2024-05-17 09:24:51',7,9,2),(114,320,10,'2024-05-17 12:34:45','2024-05-17 12:34:45',10,2,1),(115,330,10,'2024-05-17 13:44:08','2024-05-17 13:44:08',10,9,2),(116,340,10,'2024-05-17 13:44:21','2024-05-17 13:44:21',10,118,18),(117,360,20,'2024-05-17 13:45:14','2024-05-17 13:45:14',10,16,3),(118,10,10,'2024-05-17 13:47:28','2024-05-17 13:47:28',197,116,18),(119,370,10,'2024-05-18 04:18:14','2024-05-18 04:18:14',10,9,2),(120,110,10,'2024-05-18 18:12:52','2024-05-18 18:12:52',12,9,2),(121,120,10,'2024-05-20 10:31:23','2024-05-20 10:31:23',12,9,2),(122,30,10,'2024-05-20 10:47:34','2024-05-20 10:47:34',166,118,18),(123,10,10,'2024-05-20 11:56:22','2024-05-20 11:56:22',219,116,18),(124,380,10,'2024-05-21 09:05:46','2024-05-21 09:05:46',10,9,2),(125,390,10,'2024-05-21 09:26:10','2024-05-21 09:26:10',10,118,18),(126,400,10,'2024-05-21 09:27:07','2024-05-21 09:27:07',10,2,1),(127,420,20,'2024-05-21 09:27:43','2024-05-21 09:27:43',10,16,3),(128,120,10,'2024-05-21 09:29:19','2024-05-21 09:29:19',47,9,2),(129,20,10,'2024-05-21 09:33:42','2024-05-21 09:33:42',64,9,2),(130,40,10,'2024-05-22 10:31:59','2024-05-22 10:31:59',166,118,18),(131,130,10,'2024-05-22 10:42:21','2024-05-22 10:42:21',12,9,2),(132,430,10,'2024-05-23 04:51:37','2024-05-23 04:51:37',10,9,2),(133,440,10,'2024-05-23 04:51:59','2024-05-23 04:51:59',10,2,1),(134,450,10,'2024-05-23 08:08:57','2024-05-23 08:08:57',10,118,18),(135,470,20,'2024-05-23 08:09:50','2024-05-23 08:09:50',10,16,3),(136,110,10,'2024-05-24 06:23:14','2024-05-24 06:23:14',7,9,2),(137,120,10,'2024-05-24 08:29:29','2024-05-24 08:29:29',7,110,17),(138,480,10,'2024-05-24 09:11:39','2024-05-24 09:11:39',10,9,2),(139,490,10,'2024-05-24 09:13:17','2024-05-24 09:13:17',10,118,18),(140,510,20,'2024-05-24 09:15:10','2024-05-24 09:15:10',10,16,3),(141,520,10,'2024-05-24 09:15:28','2024-05-24 09:15:28',10,2,1),(142,10,10,'2024-05-24 09:21:06','2024-05-24 09:21:06',223,116,18),(143,20,10,'2024-05-25 11:00:46','2024-05-25 11:00:46',223,117,18),(144,30,10,'2024-05-26 06:15:04','2024-05-26 06:15:04',223,118,18),(145,40,10,'2024-05-27 03:35:51','2024-05-27 03:35:51',223,118,18),(146,50,10,'2024-05-27 06:47:18','2024-05-27 06:47:18',166,22,4),(147,50,10,'2024-05-27 06:51:33','2024-05-27 06:51:33',223,1,1),(148,60,10,'2024-05-27 09:12:00','2024-05-27 09:12:00',223,22,4),(149,130,10,'2024-05-27 13:16:15','2024-05-27 13:16:15',7,9,2),(150,40,10,'2024-05-27 17:44:31','2024-05-27 17:44:31',70,9,2),(151,530,10,'2024-05-27 17:49:20','2024-05-27 17:49:20',10,2,1),(152,540,10,'2024-05-27 17:49:47','2024-05-27 17:49:47',10,118,18),(153,70,10,'2024-05-28 06:16:57','2024-05-28 06:16:57',223,23,4),(154,80,10,'2024-05-28 10:08:00','2024-05-28 10:08:00',223,2,1),(155,60,10,'2024-05-28 10:27:12','2024-05-28 10:27:12',166,1,1),(156,70,10,'2024-05-28 11:13:49','2024-05-28 11:13:49',166,23,4),(157,140,10,'2024-05-28 11:13:55','2024-05-28 11:13:55',7,110,17),(158,80,10,'2024-05-28 11:14:04','2024-05-28 11:14:04',166,118,18),(159,50,10,'2024-05-28 12:00:32','2024-05-28 12:00:32',70,9,2),(160,560,20,'2024-05-28 12:04:29','2024-05-28 12:04:29',10,16,3),(161,90,10,'2024-05-28 12:24:55','2024-05-28 12:24:55',223,118,18),(162,150,10,'2024-05-28 12:59:10','2024-05-28 12:59:10',7,9,2),(163,570,10,'2024-05-28 13:37:43','2024-05-28 13:37:43',10,118,18),(164,100,10,'2024-05-29 01:24:37','2024-05-29 01:24:37',223,23,4),(165,580,10,'2024-05-29 08:55:36','2024-05-29 08:55:36',10,118,18),(166,110,10,'2024-05-29 10:04:40','2024-05-29 10:04:40',223,2,1),(167,120,10,'2024-05-29 10:07:23','2024-05-29 10:07:23',223,118,18),(168,160,10,'2024-05-29 10:17:53','2024-05-29 10:17:53',7,9,2),(169,170,10,'2024-05-30 06:50:24','2024-05-30 06:50:24',7,9,2),(170,10,10,'2024-05-30 08:50:14','2024-05-30 08:50:14',233,116,18),(171,130,10,'2024-05-30 09:39:31','2024-05-30 09:39:31',223,2,1),(172,140,10,'2024-05-30 10:03:46','2024-05-30 10:03:46',223,118,18),(173,150,10,'2024-05-30 10:12:02','2024-05-30 10:12:02',223,23,4),(174,90,10,'2024-05-30 10:44:43','2024-05-30 10:44:43',166,118,18),(175,100,10,'2024-05-30 10:44:51','2024-05-30 10:44:51',166,23,4),(176,110,10,'2024-05-30 10:44:59','2024-05-30 10:44:59',166,2,1),(177,60,10,'2024-05-31 04:46:19','2024-05-31 04:46:19',70,9,2),(178,590,10,'2024-05-31 06:51:37','2024-05-31 06:51:37',10,118,18),(179,180,10,'2024-05-31 06:56:22','2024-05-31 06:56:22',7,9,2),(180,610,20,'2024-05-31 07:30:31','2024-05-31 07:30:31',10,16,3),(181,120,10,'2024-05-31 07:59:11','2024-05-31 07:59:11',166,23,4),(182,130,10,'2024-05-31 08:00:19','2024-05-31 08:00:19',166,2,1),(183,160,10,'2024-05-31 11:45:54','2024-05-31 11:45:54',223,2,1),(184,170,10,'2024-05-31 11:47:10','2024-05-31 11:47:10',223,118,18),(185,180,10,'2024-05-31 11:59:48','2024-05-31 11:59:48',223,23,4),(186,190,10,'2024-06-01 08:08:18','2024-06-01 08:08:18',223,118,18),(187,200,10,'2024-06-01 08:11:57','2024-06-01 08:11:57',223,2,1),(188,190,10,'2024-06-01 09:19:28','2024-06-01 09:19:28',7,9,2),(189,210,10,'2024-06-01 11:15:57','2024-06-01 11:15:57',223,23,4),(190,620,10,'2024-06-01 13:17:25','2024-06-01 13:17:25',10,118,18),(191,220,10,'2024-06-02 10:16:57','2024-06-02 10:16:57',223,2,1),(192,230,10,'2024-06-02 10:17:25','2024-06-02 10:17:25',223,23,4),(193,240,10,'2024-06-02 10:18:02','2024-06-02 10:18:02',223,118,18),(194,250,10,'2024-06-03 10:19:45','2024-06-03 10:19:45',223,118,18),(195,200,10,'2024-06-03 11:38:58','2024-06-03 11:38:58',7,9,2),(196,260,10,'2024-06-03 13:14:21','2024-06-03 13:14:21',223,2,1),(197,140,10,'2024-06-03 14:00:33','2024-06-03 14:00:33',12,9,2),(198,20,10,'2024-06-03 15:32:29','2024-06-03 15:32:29',197,117,18),(199,270,10,'2024-06-04 06:29:05','2024-06-04 06:29:05',223,23,4),(200,30,10,'2024-06-04 07:08:04','2024-06-04 07:08:04',64,9,2),(201,280,10,'2024-06-04 09:25:40','2024-06-04 09:25:40',223,2,1),(202,210,10,'2024-06-05 08:48:50','2024-06-05 08:48:50',7,9,2),(203,630,10,'2024-06-05 09:43:30','2024-06-05 09:43:30',10,9,2),(204,40,10,'2024-06-05 13:34:54','2024-06-05 13:34:54',64,9,2),(205,50,10,'2024-06-06 04:42:58','2024-06-06 04:42:58',64,9,2),(206,640,10,'2024-06-06 11:26:33','2024-06-06 11:26:33',10,2,1),(207,650,10,'2024-06-06 11:29:47','2024-06-06 11:29:47',10,9,2),(208,290,10,'2024-06-07 09:34:54','2024-06-07 09:34:54',223,23,4),(209,300,10,'2024-06-07 09:35:21','2024-06-07 09:35:21',223,118,18),(210,310,10,'2024-06-07 13:55:54','2024-06-07 13:55:54',223,2,1),(211,320,10,'2024-06-08 02:02:07','2024-06-08 02:02:07',223,23,4),(212,660,10,'2024-06-08 10:36:28','2024-06-08 10:36:28',10,9,2),(213,670,10,'2024-06-08 11:44:40','2024-06-08 11:44:40',10,118,18),(214,680,10,'2024-06-08 11:46:05','2024-06-08 11:46:05',10,2,1),(215,700,20,'2024-06-08 11:46:24','2024-06-08 11:46:24',10,16,3);
/*!40000 ALTER TABLE `pointsTrackers` ENABLE KEYS */;
UNLOCK TABLES;

--
-- Table structure for table `programAnswers`
--

DROP TABLE IF EXISTS `programAnswers`;
/*!40101 SET @saved_cs_client     = @@character_set_client */;
/*!50503 SET character_set_client = utf8mb4 */;
CREATE TABLE `programAnswers` (
  `id` int NOT NULL AUTO_INCREMENT,
  `answer` varchar(255) NOT NULL,
  `questionType` varchar(255) NOT NULL,
  `createdAt` datetime NOT NULL,
  `updatedAt` datetime NOT NULL,
  `programQuestionId` int DEFAULT NULL,
  `userId` int DEFAULT NULL,
  PRIMARY KEY (`id`),
  KEY `programQuestionId` (`programQuestionId`),
  KEY `userId` (`userId`),
  CONSTRAINT `programAnswers_ibfk_1` FOREIGN KEY (`programQuestionId`) REFERENCES `programQuestions` (`id`) ON DELETE SET NULL ON UPDATE CASCADE,
  CONSTRAINT `programAnswers_ibfk_2` FOREIGN KEY (`userId`) REFERENCES `users` (`id`) ON DELETE SET NULL ON UPDATE CASCADE
) ENGINE=InnoDB AUTO_INCREMENT=289 DEFAULT CHARSET=utf8mb4 COLLATE=utf8mb4_0900_ai_ci;
/*!40101 SET character_set_client = @saved_cs_client */;

--
-- Dumping data for table `programAnswers`
--

LOCK TABLES `programAnswers` WRITE;
/*!40000 ALTER TABLE `programAnswers` DISABLE KEYS */;
INSERT INTO `programAnswers` VALUES (1,'To be a better sales person','text','2024-04-24 06:45:36','2024-04-24 06:45:36',2,9),(2,'100','range','2024-04-24 06:45:36','2024-04-24 06:45:36',3,9),(3,'50','range','2024-04-24 06:45:36','2024-04-24 06:45:36',4,9),(4,'I would like to learn','text','2024-04-24 07:18:52','2024-04-24 07:18:52',2,8),(5,'100','range','2024-04-24 07:18:52','2024-04-24 07:18:52',3,8),(6,'75','range','2024-04-24 07:18:52','2024-04-24 07:18:52',4,8),(7,'hehheehhe','text','2024-04-24 07:25:48','2024-04-24 07:25:48',2,10),(8,'75','range','2024-04-24 07:25:48','2024-04-24 07:25:48',3,10),(9,'50','range','2024-04-24 07:25:48','2024-04-24 07:25:48',4,10),(10,'sbsnbsd','text','2024-04-24 07:27:36','2024-04-24 07:27:36',2,10),(11,'100','range','2024-04-24 07:27:36','2024-04-24 07:27:36',3,10),(12,'100','range','2024-04-24 07:27:36','2024-04-24 07:27:36',4,10),(13,'nothing','text','2024-04-24 07:33:46','2024-04-24 07:33:46',2,8),(14,'75','range','2024-04-24 07:33:46','2024-04-24 07:33:46',3,8),(15,'75','range','2024-04-24 07:33:46','2024-04-24 07:33:46',4,8),(16,'jgigigigigigigig','text','2024-04-24 07:39:22','2024-04-24 07:39:22',2,11),(17,'50','range','2024-04-24 07:39:22','2024-04-24 07:39:22',3,11),(18,'75','range','2024-04-24 07:39:22','2024-04-24 07:39:22',4,11),(19,'ufig','text','2024-04-24 07:44:16','2024-04-24 07:44:16',2,7),(20,'50','range','2024-04-24 07:44:16','2024-04-24 07:44:16',3,7),(21,'75','range','2024-04-24 07:44:16','2024-04-24 07:44:16',4,7),(22,'to become a champion in sales','text','2024-04-24 08:25:37','2024-04-24 08:25:37',2,12),(23,'25','range','2024-04-24 08:25:37','2024-04-24 08:25:37',3,12),(24,'75','range','2024-04-24 08:25:37','2024-04-24 08:25:37',4,12),(25,'test','text','2024-04-24 08:55:31','2024-04-24 08:55:31',2,12),(26,'50','range','2024-04-24 08:55:31','2024-04-24 08:55:31',3,12),(27,'75','range','2024-04-24 08:55:31','2024-04-24 08:55:31',4,12),(28,'jfjfj','text','2024-04-24 09:10:50','2024-04-24 09:10:50',2,11),(29,'50','range','2024-04-24 09:10:50','2024-04-24 09:10:50',3,11),(30,'50','range','2024-04-24 09:10:50','2024-04-24 09:10:50',4,11),(31,'test','text','2024-04-24 11:40:36','2024-04-24 11:40:36',2,14),(32,'50','range','2024-04-24 11:40:36','2024-04-24 11:40:36',3,14),(33,'50','range','2024-04-24 11:40:36','2024-04-24 11:40:36',4,14),(34,'yhh','text','2024-04-24 12:34:21','2024-04-24 12:34:21',2,13),(35,'50','range','2024-04-24 12:34:21','2024-04-24 12:34:21',3,13),(36,'75','range','2024-04-24 12:34:21','2024-04-24 12:34:21',4,13),(37,'nsndjd','text','2024-04-25 07:20:34','2024-04-25 07:20:34',2,15),(38,'75','range','2024-04-25 07:20:34','2024-04-25 07:20:34',3,15),(39,'75','range','2024-04-25 07:20:34','2024-04-25 07:20:34',4,15),(40,'To master in a particular skill','text','2024-04-25 13:36:44','2024-04-25 13:36:44',2,19),(41,'50','range','2024-04-25 13:36:44','2024-04-25 13:36:44',3,19),(42,'50','range','2024-04-25 13:36:44','2024-04-25 13:36:44',4,19),(43,'','text','2024-04-25 13:47:50','2024-04-25 13:47:50',2,16),(44,'1','range','2024-04-25 13:47:50','2024-04-25 13:47:50',3,16),(45,'1','range','2024-04-25 13:47:50','2024-04-25 13:47:50',4,16),(46,'','text','2024-04-25 14:00:10','2024-04-25 14:00:10',2,18),(47,'1','range','2024-04-25 14:00:10','2024-04-25 14:00:10',3,18),(48,'1','range','2024-04-25 14:00:10','2024-04-25 14:00:10',4,18),(49,'blah blah','text','2024-04-25 14:02:02','2024-04-25 14:02:02',2,19),(50,'50','range','2024-04-25 14:02:02','2024-04-25 14:02:02',3,19),(51,'50','range','2024-04-25 14:02:02','2024-04-25 14:02:02',4,19),(52,'Success','text','2024-04-25 16:02:08','2024-04-25 16:02:08',2,20),(53,'5','range','2024-04-25 16:02:08','2024-04-25 16:02:08',3,20),(54,'5','range','2024-04-25 16:02:08','2024-04-25 16:02:08',4,20),(55,'hallo','text','2024-04-26 02:48:59','2024-04-26 02:48:59',2,10),(56,'75','range','2024-04-26 02:49:00','2024-04-26 02:49:00',3,10),(57,'100','range','2024-04-26 02:49:00','2024-04-26 02:49:00',4,10),(58,'test','text','2024-04-26 09:47:39','2024-04-26 09:47:39',2,12),(59,'50','range','2024-04-26 09:47:39','2024-04-26 09:47:39',3,12),(60,'50','range','2024-04-26 09:47:39','2024-04-26 09:47:39',4,12),(61,'therla bro, nee sollu','text','2024-04-26 11:33:21','2024-04-26 11:33:21',2,24),(62,'50','range','2024-04-26 11:33:21','2024-04-26 11:33:21',3,24),(63,'0','range','2024-04-26 11:33:21','2024-04-26 11:33:21',4,24),(64,'nothing','text','2024-04-26 11:33:52','2024-04-26 11:33:52',2,10),(65,'100','range','2024-04-26 11:33:52','2024-04-26 11:33:52',3,10),(66,'100','range','2024-04-26 11:33:52','2024-04-26 11:33:52',4,10),(67,'I want to get better at Sales pitches.','text','2024-04-26 12:31:24','2024-04-26 12:31:24',2,23),(68,'100','range','2024-04-26 12:31:24','2024-04-26 12:31:24',3,23),(69,'100','range','2024-04-26 12:31:24','2024-04-26 12:31:24',4,23),(70,'Get healthy','text','2024-04-26 12:52:21','2024-04-26 12:52:21',2,23),(71,'100','range','2024-04-26 12:52:21','2024-04-26 12:52:21',3,23),(72,'100','range','2024-04-26 12:52:21','2024-04-26 12:52:21',4,23),(73,'to get good at sales','text','2024-04-27 08:08:06','2024-04-27 08:08:06',2,26),(74,'0','range','2024-04-27 08:08:06','2024-04-27 08:08:06',3,26),(75,'75','range','2024-04-27 08:08:06','2024-04-27 08:08:06',4,26),(76,'k','text','2024-04-27 09:24:17','2024-04-27 09:24:17',2,35),(77,'75','range','2024-04-27 09:24:17','2024-04-27 09:24:17',3,35),(78,'75','range','2024-04-27 09:24:17','2024-04-27 09:24:17',4,35),(79,'znj','text','2024-04-27 09:44:54','2024-04-27 09:44:54',2,35),(80,'75','range','2024-04-27 09:44:54','2024-04-27 09:44:54',3,35),(81,'75','range','2024-04-27 09:44:54','2024-04-27 09:44:54',4,35),(82,'Hhhhhhm','text','2024-04-27 10:18:21','2024-04-27 10:18:21',2,36),(83,'1','range','2024-04-27 10:18:21','2024-04-27 10:18:21',3,36),(84,'1','range','2024-04-27 10:18:21','2024-04-27 10:18:21',4,36),(85,'Results ','text','2024-04-28 10:35:13','2024-04-28 10:35:13',2,37),(86,'5','range','2024-04-28 10:35:13','2024-04-28 10:35:13',3,37),(87,'5','range','2024-04-28 10:35:13','2024-04-28 10:35:13',4,37),(88,'hh','text','2024-04-29 08:43:31','2024-04-29 08:43:31',2,38),(89,'50','range','2024-04-29 08:43:31','2024-04-29 08:43:31',3,38),(90,'50','range','2024-04-29 08:43:31','2024-04-29 08:43:31',4,38),(91,'Understand myself','text','2024-04-29 10:04:39','2024-04-29 10:04:39',2,21),(92,'100','range','2024-04-29 10:04:39','2024-04-29 10:04:39',3,21),(93,'100','range','2024-04-29 10:04:39','2024-04-29 10:04:39',4,21),(94,'test','text','2024-04-29 12:20:46','2024-04-29 12:20:46',2,5),(95,'75','range','2024-04-29 12:20:46','2024-04-29 12:20:46',3,5),(96,'75','range','2024-04-29 12:20:46','2024-04-29 12:20:46',4,5),(97,'hnbbh','text','2024-04-29 12:54:32','2024-04-29 12:54:32',2,39),(98,'50','range','2024-04-29 12:54:32','2024-04-29 12:54:32',3,39),(99,'75','range','2024-04-29 12:54:32','2024-04-29 12:54:32',4,39),(100,'Consistency','text','2024-04-30 02:10:43','2024-04-30 02:10:43',2,21),(101,'100','range','2024-04-30 02:10:43','2024-04-30 02:10:43',3,21),(102,'100','range','2024-04-30 02:10:43','2024-04-30 02:10:43',4,21),(103,'more care and responsibility towards my clients and users','text','2024-04-30 04:20:55','2024-04-30 04:20:55',2,41),(104,'100','range','2024-04-30 04:20:55','2024-04-30 04:20:55',3,41),(105,'50','range','2024-04-30 04:20:55','2024-04-30 04:20:55',4,41),(106,'yo improve my skills and have fun doing it','text','2024-04-30 06:58:41','2024-04-30 06:58:41',2,42),(107,'50','range','2024-04-30 06:58:41','2024-04-30 06:58:41',3,42),(108,'25','range','2024-04-30 06:58:41','2024-04-30 06:58:41',4,42),(109,'helo','text','2024-04-30 08:52:51','2024-04-30 08:52:51',2,47),(110,'75','range','2024-04-30 08:52:51','2024-04-30 08:52:51',3,47),(111,'75','range','2024-04-30 08:52:52','2024-04-30 08:52:52',4,47),(112,'understanding needs for skills in sales','text','2024-04-30 09:16:40','2024-04-30 09:16:40',2,45),(113,'100','range','2024-04-30 09:16:40','2024-04-30 09:16:40',3,45),(114,'100','range','2024-04-30 09:16:40','2024-04-30 09:16:40',4,45),(115,'Dkdkd','text','2024-04-30 09:19:16','2024-04-30 09:19:16',2,46),(116,'3','range','2024-04-30 09:19:16','2024-04-30 09:19:16',3,46),(117,'3','range','2024-04-30 09:19:16','2024-04-30 09:19:16',4,46),(118,'building stamina','text','2024-04-30 09:37:30','2024-04-30 09:37:30',2,45),(119,'100','range','2024-04-30 09:37:30','2024-04-30 09:37:30',3,45),(120,'100','range','2024-04-30 09:37:30','2024-04-30 09:37:30',4,45),(121,'c','text','2024-04-30 09:38:21','2024-04-30 09:38:21',2,12),(122,'50','range','2024-04-30 09:38:21','2024-04-30 09:38:21',3,12),(123,'50','range','2024-04-30 09:38:21','2024-04-30 09:38:21',4,12),(124,'Motivated','text','2024-05-02 17:16:51','2024-05-02 17:16:51',2,50),(125,'3','range','2024-05-02 17:16:51','2024-05-02 17:16:51',3,50),(126,'5','range','2024-05-02 17:16:51','2024-05-02 17:16:51',4,50),(127,'I expect that i will be able to be consistent with what i do🥷','text','2024-05-02 17:46:19','2024-05-02 17:46:19',2,48),(128,'5','range','2024-05-02 17:46:19','2024-05-02 17:46:19',3,48),(129,'3','range','2024-05-02 17:46:19','2024-05-02 17:46:19',4,48),(130,'Improve myself and achieve results I have committed for the organisation','text','2024-05-03 12:35:02','2024-05-03 12:35:02',2,51),(131,'75','range','2024-05-03 12:35:02','2024-05-03 12:35:02',3,51),(132,'75','range','2024-05-03 12:35:02','2024-05-03 12:35:02',4,51),(133,'To become consistent with Biz outcomes and self development','text','2024-05-04 16:15:39','2024-05-04 16:15:39',2,7),(134,'75','range','2024-05-04 16:15:39','2024-05-04 16:15:39',3,7),(135,'100','range','2024-05-04 16:15:39','2024-05-04 16:15:39',4,7),(136,'nothing','text','2024-05-06 12:58:30','2024-05-06 12:58:30',2,10),(137,'100','range','2024-05-06 12:58:30','2024-05-06 12:58:30',3,10),(138,'50','range','2024-05-06 12:58:30','2024-05-06 12:58:30',4,10),(139,'Keeps me reminding if I missed to do','text','2024-05-06 13:18:35','2024-05-06 13:18:35',2,53),(140,'100','range','2024-05-06 13:18:35','2024-05-06 13:18:35',3,53),(141,'100','range','2024-05-06 13:18:35','2024-05-06 13:18:35',4,53),(142,'hhhh','text','2024-05-07 07:56:11','2024-05-07 07:56:11',2,47),(143,'75','range','2024-05-07 07:56:11','2024-05-07 07:56:11',3,47),(144,'75','range','2024-05-07 07:56:12','2024-05-07 07:56:12',4,47),(145,'Hello','text','2024-05-09 13:59:30','2024-05-09 13:59:30',2,60),(146,'1','range','2024-05-09 13:59:30','2024-05-09 13:59:30',3,60),(147,'1','range','2024-05-09 13:59:30','2024-05-09 13:59:30',4,60),(148,'hshshhsh','text','2024-05-09 14:59:00','2024-05-09 14:59:00',2,61),(149,'50','range','2024-05-09 14:59:00','2024-05-09 14:59:00',3,61),(150,'50','range','2024-05-09 14:59:00','2024-05-09 14:59:00',4,61),(151,'bla bla','text','2024-05-09 15:41:12','2024-05-09 15:41:12',2,57),(152,'100','range','2024-05-09 15:41:12','2024-05-09 15:41:12',3,57),(153,'0','range','2024-05-09 15:41:12','2024-05-09 15:41:12',4,57),(154,'Hi','text','2024-05-09 16:54:37','2024-05-09 16:54:37',2,62),(155,'5','range','2024-05-09 16:54:37','2024-05-09 16:54:37',3,62),(156,'4','range','2024-05-09 16:54:37','2024-05-09 16:54:37',4,62),(157,'Hi','text','2024-05-09 16:58:58','2024-05-09 16:58:58',2,62),(158,'4','range','2024-05-09 16:58:58','2024-05-09 16:58:58',3,62),(159,'4','range','2024-05-09 16:58:58','2024-05-09 16:58:58',4,62),(160,'Gfggghhgfufuhchxhchchchchchchchchchchchchchchchchchchchchchchchchchc','text','2024-05-10 08:04:34','2024-05-10 08:04:34',2,66),(161,'3','range','2024-05-10 08:04:34','2024-05-10 08:04:34',3,66),(162,'4','range','2024-05-10 08:04:34','2024-05-10 08:04:34',4,66),(163,'hellojsndndnndndnndndmmdndjdjdjdnskkslfnjsldnnfksljdhevevehhshshbbsbs','text','2024-05-10 08:05:14','2024-05-10 08:05:14',2,65),(164,'75','range','2024-05-10 08:05:14','2024-05-10 08:05:14',3,65),(165,'100','range','2024-05-10 08:05:14','2024-05-10 08:05:14',4,65),(166,'to have a routine that changes my behaviour','text','2024-05-10 09:20:51','2024-05-10 09:20:51',2,49),(167,'100','range','2024-05-10 09:20:51','2024-05-10 09:20:51',3,49),(168,'100','range','2024-05-10 09:20:51','2024-05-10 09:20:51',4,49),(169,'bsnsbns','text','2024-05-11 06:56:28','2024-05-11 06:56:28',2,68),(170,'50','range','2024-05-11 06:56:28','2024-05-11 06:56:28',3,68),(171,'75','range','2024-05-11 06:56:28','2024-05-11 06:56:28',4,68),(172,'Ndnns','text','2024-05-11 08:28:23','2024-05-11 08:28:23',2,69),(173,'3','range','2024-05-11 08:28:23','2024-05-11 08:28:23',3,69),(174,'4','range','2024-05-11 08:28:23','2024-05-11 08:28:23',4,69),(175,'Bcbchch','text','2024-05-11 09:07:50','2024-05-11 09:07:50',2,69),(176,'1','range','2024-05-11 09:07:50','2024-05-11 09:07:50',3,69),(177,'1','range','2024-05-11 09:07:50','2024-05-11 09:07:50',4,69),(178,'ndndnnfnf','text','2024-05-11 09:07:57','2024-05-11 09:07:57',2,47),(179,'0','range','2024-05-11 09:07:57','2024-05-11 09:07:57',3,47),(180,'0','range','2024-05-11 09:07:57','2024-05-11 09:07:57',4,47),(181,'sales good','text','2024-05-11 10:34:14','2024-05-11 10:34:14',2,64),(182,'50','range','2024-05-11 10:34:14','2024-05-11 10:34:14',3,64),(183,'75','range','2024-05-11 10:34:14','2024-05-11 10:34:14',4,64),(184,'vvv','text','2024-05-11 13:00:33','2024-05-11 13:00:33',2,83),(185,'50','range','2024-05-11 13:00:33','2024-05-11 13:00:33',3,83),(186,'0','range','2024-05-11 13:00:33','2024-05-11 13:00:33',4,83),(187,'nnn','text','2024-05-11 13:04:43','2024-05-11 13:04:43',2,82),(188,'0','range','2024-05-11 13:04:43','2024-05-11 13:04:43',3,82),(189,'0','range','2024-05-11 13:04:43','2024-05-11 13:04:43',4,82),(190,'Bdusd','text','2024-05-11 14:16:25','2024-05-11 14:16:25',2,85),(191,'3','range','2024-05-11 14:16:25','2024-05-11 14:16:25',3,85),(192,'4','range','2024-05-11 14:16:25','2024-05-11 14:16:25',4,85),(193,'vvv','text','2024-05-11 14:29:38','2024-05-11 14:29:38',2,84),(194,'0','range','2024-05-11 14:29:38','2024-05-11 14:29:38',3,84),(195,'0','range','2024-05-11 14:29:38','2024-05-11 14:29:38',4,84),(196,'hmm','text','2024-05-11 14:43:54','2024-05-11 14:43:54',2,86),(197,'0','range','2024-05-11 14:43:54','2024-05-11 14:43:54',3,86),(198,'0','range','2024-05-11 14:43:54','2024-05-11 14:43:54',4,86),(199,'bbb','text','2024-05-11 17:23:19','2024-05-11 17:23:19',2,10),(200,'0','range','2024-05-11 17:23:19','2024-05-11 17:23:19',3,10),(201,'0','range','2024-05-11 17:23:19','2024-05-11 17:23:19',4,10),(202,'hshdhd','text','2024-05-13 07:00:29','2024-05-13 07:00:29',2,93),(203,'0','range','2024-05-13 07:00:29','2024-05-13 07:00:29',3,93),(204,'0','range','2024-05-13 07:00:29','2024-05-13 07:00:29',4,93),(205,'jdndn','text','2024-05-13 07:40:20','2024-05-13 07:40:20',2,94),(206,'0','range','2024-05-13 07:40:20','2024-05-13 07:40:20',3,94),(207,'0','range','2024-05-13 07:40:20','2024-05-13 07:40:20',4,94),(208,'blaksjdjdjdjdjdjdjdjdjdjdjdjdjdjdjdjdjdjdjdjdjdjdjdjdjdjdjdjdjdjdjdjdjd','text','2024-05-13 08:10:28','2024-05-13 08:10:28',2,95),(209,'0','range','2024-05-13 08:10:28','2024-05-13 08:10:28',3,95),(210,'0','range','2024-05-13 08:10:28','2024-05-13 08:10:28',4,95),(211,'ibuv','text','2024-05-13 08:33:58','2024-05-13 08:33:58',2,97),(212,'0','range','2024-05-13 08:33:58','2024-05-13 08:33:58',3,97),(213,'0','range','2024-05-13 08:33:58','2024-05-13 08:33:58',4,97),(214,'in js','text','2024-05-13 09:11:43','2024-05-13 09:11:43',2,99),(215,'0','range','2024-05-13 09:11:43','2024-05-13 09:11:43',3,99),(216,'0','range','2024-05-13 09:11:43','2024-05-13 09:11:43',4,99),(217,'j j','text','2024-05-13 09:41:22','2024-05-13 09:41:22',2,101),(218,'0','range','2024-05-13 09:41:22','2024-05-13 09:41:22',3,101),(219,'0','range','2024-05-13 09:41:22','2024-05-13 09:41:22',4,101),(220,'Hvg','text','2024-05-13 12:36:44','2024-05-13 12:36:44',2,166),(221,'1','range','2024-05-13 12:36:44','2024-05-13 12:36:44',3,166),(222,'1','range','2024-05-13 12:36:44','2024-05-13 12:36:44',4,166),(223,'bhsbs','text','2024-05-13 13:30:29','2024-05-13 13:30:29',2,164),(224,'0','range','2024-05-13 13:30:29','2024-05-13 13:30:29',3,164),(225,'0','range','2024-05-13 13:30:29','2024-05-13 13:30:29',4,164),(226,'Hdhdh','text','2024-05-14 05:34:26','2024-05-14 05:34:26',2,168),(227,'1','range','2024-05-14 05:34:26','2024-05-14 05:34:26',3,168),(228,'1','range','2024-05-14 05:34:26','2024-05-14 05:34:26',4,168),(229,'Nxnsns','text','2024-05-14 11:24:39','2024-05-14 11:24:39',2,172),(230,'1','range','2024-05-14 11:24:39','2024-05-14 11:24:39',3,172),(231,'1','range','2024-05-14 11:24:39','2024-05-14 11:24:39',4,172),(232,'Nsndn','text','2024-05-14 12:23:49','2024-05-14 12:23:49',2,174),(233,'1','range','2024-05-14 12:23:49','2024-05-14 12:23:49',3,174),(234,'1','range','2024-05-14 12:23:49','2024-05-14 12:23:49',4,174),(235,'hello','text','2024-05-14 12:41:07','2024-05-14 12:41:07',2,176),(236,'0','range','2024-05-14 12:41:07','2024-05-14 12:41:07',3,176),(237,'100','range','2024-05-14 12:41:07','2024-05-14 12:41:07',4,176),(238,'Prof growth','text','2024-05-14 15:11:59','2024-05-14 15:11:59',2,54),(239,'4','range','2024-05-14 15:11:59','2024-05-14 15:11:59',3,54),(240,'5','range','2024-05-14 15:11:59','2024-05-14 15:11:59',4,54),(241,'ghhj','text','2024-05-15 02:57:40','2024-05-15 02:57:40',2,70),(242,'75','range','2024-05-15 02:57:40','2024-05-15 02:57:40',3,70),(243,'75','range','2024-05-15 02:57:40','2024-05-15 02:57:40',4,70),(244,'I want to explore','text','2024-05-15 04:19:48','2024-05-15 04:19:48',2,178),(245,'75','range','2024-05-15 04:19:48','2024-05-15 04:19:48',3,178),(246,'50','range','2024-05-15 04:19:48','2024-05-15 04:19:48',4,178),(247,'Growth','text','2024-05-17 09:08:17','2024-05-17 09:08:17',2,157),(248,'4','range','2024-05-17 09:08:17','2024-05-17 09:08:17',3,157),(249,'4','range','2024-05-17 09:08:17','2024-05-17 09:08:17',4,157),(250,'Good knowledge','text','2024-05-17 09:15:58','2024-05-17 09:15:58',2,199),(251,'100','range','2024-05-17 09:15:58','2024-05-17 09:15:58',3,199),(252,'75','range','2024-05-17 09:15:58','2024-05-17 09:15:58',4,199),(253,'Help','text','2024-05-17 09:29:05','2024-05-17 09:29:05',2,56),(254,'4','range','2024-05-17 09:29:05','2024-05-17 09:29:05',3,56),(255,'4','range','2024-05-17 09:29:05','2024-05-17 09:29:05',4,56),(256,'nnn','text','2024-05-17 09:36:03','2024-05-17 09:36:03',2,NULL),(257,'0','range','2024-05-17 09:36:03','2024-05-17 09:36:03',3,NULL),(258,'0','range','2024-05-17 09:36:03','2024-05-17 09:36:03',4,NULL),(259,'sjsjjs','text','2024-05-17 09:39:24','2024-05-17 09:39:24',2,NULL),(260,'50','range','2024-05-17 09:39:24','2024-05-17 09:39:24',3,NULL),(261,'50','range','2024-05-17 09:39:24','2024-05-17 09:39:24',4,NULL),(262,'hshs','text','2024-05-17 13:47:05','2024-05-17 13:47:05',2,197),(263,'0','range','2024-05-17 13:47:05','2024-05-17 13:47:05',3,197),(264,'0','range','2024-05-17 13:47:05','2024-05-17 13:47:05',4,197),(265,'nothing','text','2024-05-20 11:55:44','2024-05-20 11:55:44',2,219),(266,'75','range','2024-05-20 11:55:44','2024-05-20 11:55:44',3,219),(267,'100','range','2024-05-20 11:55:44','2024-05-20 11:55:44',4,219),(268,'I want to create my own startup and become creative.','text','2024-05-24 07:33:09','2024-05-24 07:33:09',2,223),(269,'4','range','2024-05-24 07:33:09','2024-05-24 07:33:09',3,223),(270,'5','range','2024-05-24 07:33:09','2024-05-24 07:33:09',4,223),(271,'test','text','2024-05-27 06:45:14','2024-05-27 06:45:14',2,166),(272,'0','range','2024-05-27 06:45:14','2024-05-27 06:45:14',3,166),(273,'0','range','2024-05-27 06:45:14','2024-05-27 06:45:14',4,166),(274,'test','text','2024-05-27 06:45:28','2024-05-27 06:45:28',2,166),(275,'0','range','2024-05-27 06:45:28','2024-05-27 06:45:28',3,166),(276,'0','range','2024-05-27 06:45:28','2024-05-27 06:45:28',4,166),(277,'I expect to build trsut to myself  in sales process.','text','2024-05-27 06:50:16','2024-05-27 06:50:16',2,223),(278,'5','range','2024-05-27 06:50:16','2024-05-27 06:50:16',3,223),(279,'5','range','2024-05-27 06:50:16','2024-05-27 06:50:16',4,223),(280,'Becoming a sales professional.','text','2024-05-28 06:13:43','2024-05-28 06:13:43',2,223),(281,'5','range','2024-05-28 06:13:43','2024-05-28 06:13:43',3,223),(282,'5','range','2024-05-28 06:13:43','2024-05-28 06:13:43',4,223),(283,'Be consistent in anything that I take up','text','2024-05-30 07:18:50','2024-05-30 07:18:50',2,231),(284,'5','range','2024-05-30 07:18:50','2024-05-30 07:18:50',3,231),(285,'5','range','2024-05-30 07:18:50','2024-05-30 07:18:50',4,231),(286,'to follow a routine','text','2024-05-30 08:43:57','2024-05-30 08:43:57',2,233),(287,'50','range','2024-05-30 08:43:57','2024-05-30 08:43:57',3,233),(288,'75','range','2024-05-30 08:43:57','2024-05-30 08:43:57',4,233);
/*!40000 ALTER TABLE `programAnswers` ENABLE KEYS */;
UNLOCK TABLES;

--
-- Table structure for table `programDepartments`
--

DROP TABLE IF EXISTS `programDepartments`;
/*!40101 SET @saved_cs_client     = @@character_set_client */;
/*!50503 SET character_set_client = utf8mb4 */;
CREATE TABLE `programDepartments` (
  `id` int NOT NULL AUTO_INCREMENT,
  `createdAt` datetime NOT NULL,
  `updatedAt` datetime NOT NULL,
  `departmentId` int DEFAULT NULL,
  `programId` int DEFAULT NULL,
  PRIMARY KEY (`id`),
  KEY `departmentId` (`departmentId`),
  KEY `programId` (`programId`),
  CONSTRAINT `programDepartments_ibfk_1` FOREIGN KEY (`departmentId`) REFERENCES `departments` (`id`) ON DELETE SET NULL ON UPDATE CASCADE,
  CONSTRAINT `programDepartments_ibfk_2` FOREIGN KEY (`programId`) REFERENCES `programs` (`id`) ON DELETE SET NULL ON UPDATE CASCADE
) ENGINE=InnoDB AUTO_INCREMENT=24 DEFAULT CHARSET=utf8mb4 COLLATE=utf8mb4_0900_ai_ci;
/*!40101 SET character_set_client = @saved_cs_client */;

--
-- Dumping data for table `programDepartments`
--

LOCK TABLES `programDepartments` WRITE;
/*!40000 ALTER TABLE `programDepartments` DISABLE KEYS */;
INSERT INTO `programDepartments` VALUES (1,'2024-04-23 12:44:56','2024-04-23 12:44:56',2,1),(2,'2024-04-23 12:44:56','2024-04-23 12:44:56',3,1),(3,'2024-04-23 12:50:00','2024-04-23 12:50:00',2,2),(4,'2024-04-23 12:50:00','2024-04-23 12:50:00',3,2),(5,'2024-04-23 12:54:29','2024-04-23 12:54:29',2,3),(6,'2024-04-23 12:54:29','2024-04-23 12:54:29',3,3),(7,'2024-04-23 13:01:19','2024-04-23 13:01:19',2,4),(8,'2024-04-23 13:01:19','2024-04-23 13:01:19',3,4),(9,'2024-04-23 13:10:23','2024-04-23 13:10:23',2,5),(10,'2024-04-23 13:10:23','2024-04-23 13:10:23',3,5),(11,'2024-04-23 13:25:34','2024-04-23 13:25:34',2,6),(12,'2024-04-23 13:25:34','2024-04-23 13:25:34',3,6),(13,'2024-04-23 13:31:02','2024-04-23 13:31:02',2,7),(14,'2024-04-23 13:31:02','2024-04-23 13:31:02',3,7),(15,'2024-04-23 13:36:23','2024-04-23 13:36:23',2,8),(16,'2024-04-23 13:36:23','2024-04-23 13:36:23',3,8),(20,'2024-05-02 13:55:44','2024-05-02 13:55:44',2,17),(21,'2024-05-02 13:55:44','2024-05-02 13:55:44',3,17),(22,'2024-05-11 11:54:40','2024-05-11 11:54:40',2,18),(23,'2024-05-11 11:54:40','2024-05-11 11:54:40',3,18);
/*!40000 ALTER TABLE `programDepartments` ENABLE KEYS */;
UNLOCK TABLES;

--
-- Table structure for table `programDesignations`
--

DROP TABLE IF EXISTS `programDesignations`;
/*!40101 SET @saved_cs_client     = @@character_set_client */;
/*!50503 SET character_set_client = utf8mb4 */;
CREATE TABLE `programDesignations` (
  `id` int NOT NULL AUTO_INCREMENT,
  `createdAt` datetime NOT NULL,
  `updatedAt` datetime NOT NULL,
  `designationId` int DEFAULT NULL,
  `programId` int DEFAULT NULL,
  PRIMARY KEY (`id`),
  KEY `designationId` (`designationId`),
  KEY `programId` (`programId`),
  CONSTRAINT `programDesignations_ibfk_1` FOREIGN KEY (`designationId`) REFERENCES `designations` (`id`) ON DELETE SET NULL ON UPDATE CASCADE,
  CONSTRAINT `programDesignations_ibfk_2` FOREIGN KEY (`programId`) REFERENCES `programs` (`id`) ON DELETE SET NULL ON UPDATE CASCADE
) ENGINE=InnoDB AUTO_INCREMENT=11 DEFAULT CHARSET=utf8mb4 COLLATE=utf8mb4_0900_ai_ci;
/*!40101 SET character_set_client = @saved_cs_client */;

--
-- Dumping data for table `programDesignations`
--

LOCK TABLES `programDesignations` WRITE;
/*!40000 ALTER TABLE `programDesignations` DISABLE KEYS */;
INSERT INTO `programDesignations` VALUES (1,'2024-04-23 12:44:56','2024-04-23 12:44:56',1,1),(2,'2024-04-23 12:50:00','2024-04-23 12:50:00',1,2),(3,'2024-04-23 12:54:29','2024-04-23 12:54:29',1,3),(4,'2024-04-23 13:01:19','2024-04-23 13:01:19',1,4),(5,'2024-04-23 13:10:23','2024-04-23 13:10:23',1,5),(6,'2024-04-23 13:25:34','2024-04-23 13:25:34',1,6),(7,'2024-04-23 13:31:02','2024-04-23 13:31:02',1,7),(8,'2024-04-23 13:36:23','2024-04-23 13:36:23',1,8),(9,'2024-05-02 13:55:44','2024-05-02 13:55:44',1,17),(10,'2024-05-11 11:54:40','2024-05-11 11:54:40',1,18);
/*!40000 ALTER TABLE `programDesignations` ENABLE KEYS */;
UNLOCK TABLES;

--
-- Table structure for table `programQuestions`
--

DROP TABLE IF EXISTS `programQuestions`;
/*!40101 SET @saved_cs_client     = @@character_set_client */;
/*!50503 SET character_set_client = utf8mb4 */;
CREATE TABLE `programQuestions` (
  `id` int NOT NULL AUTO_INCREMENT,
  `questionName` varchar(255) NOT NULL,
  `questionType` varchar(255) NOT NULL,
  `createdAt` datetime NOT NULL DEFAULT CURRENT_TIMESTAMP,
  `updatedAt` datetime NOT NULL DEFAULT CURRENT_TIMESTAMP ON UPDATE CURRENT_TIMESTAMP,
  `programId` int DEFAULT NULL,
  PRIMARY KEY (`id`),
  KEY `programId` (`programId`),
  CONSTRAINT `programQuestions_ibfk_1` FOREIGN KEY (`programId`) REFERENCES `programs` (`id`) ON DELETE SET NULL ON UPDATE CASCADE
) ENGINE=InnoDB AUTO_INCREMENT=5 DEFAULT CHARSET=utf8mb4 COLLATE=utf8mb4_0900_ai_ci;
/*!40101 SET character_set_client = @saved_cs_client */;

--
-- Dumping data for table `programQuestions`
--

LOCK TABLES `programQuestions` WRITE;
/*!40000 ALTER TABLE `programQuestions` DISABLE KEYS */;
INSERT INTO `programQuestions` VALUES (2,'What do you expect out of this program?','text','2024-04-23 07:50:01','2024-04-23 07:50:01',NULL),(3,'On a scale of 1 to 5, how relevant is this program to you?','range','2024-04-23 07:50:26','2024-04-23 07:50:26',NULL),(4,'On a scale of 1 to 5, how excited are you for the program?','range','2024-04-23 07:50:42','2024-04-23 07:50:42',NULL);
/*!40000 ALTER TABLE `programQuestions` ENABLE KEYS */;
UNLOCK TABLES;

--
-- Table structure for table `programSkills`
--

DROP TABLE IF EXISTS `programSkills`;
/*!40101 SET @saved_cs_client     = @@character_set_client */;
/*!50503 SET character_set_client = utf8mb4 */;
CREATE TABLE `programSkills` (
  `id` int NOT NULL AUTO_INCREMENT,
  `createdAt` datetime NOT NULL,
  `updatedAt` datetime NOT NULL,
  `skillId` int DEFAULT NULL,
  `programId` int DEFAULT NULL,
  PRIMARY KEY (`id`),
  KEY `skillId` (`skillId`),
  KEY `programId` (`programId`),
  CONSTRAINT `programSkills_ibfk_1` FOREIGN KEY (`skillId`) REFERENCES `skills` (`id`) ON DELETE SET NULL ON UPDATE CASCADE,
  CONSTRAINT `programSkills_ibfk_2` FOREIGN KEY (`programId`) REFERENCES `programs` (`id`) ON DELETE SET NULL ON UPDATE CASCADE
) ENGINE=InnoDB AUTO_INCREMENT=34 DEFAULT CHARSET=utf8mb4 COLLATE=utf8mb4_0900_ai_ci;
/*!40101 SET character_set_client = @saved_cs_client */;

--
-- Dumping data for table `programSkills`
--

LOCK TABLES `programSkills` WRITE;
/*!40000 ALTER TABLE `programSkills` DISABLE KEYS */;
INSERT INTO `programSkills` VALUES (1,'2024-04-23 12:44:56','2024-04-23 12:44:56',1,1),(2,'2024-04-23 12:44:56','2024-04-23 12:44:56',2,1),(3,'2024-04-23 12:44:56','2024-04-23 12:44:56',3,1),(4,'2024-04-23 12:50:00','2024-04-23 12:50:00',1,2),(5,'2024-04-23 12:50:00','2024-04-23 12:50:00',2,2),(6,'2024-04-23 12:50:00','2024-04-23 12:50:00',3,2),(7,'2024-04-23 12:54:29','2024-04-23 12:54:29',1,3),(8,'2024-04-23 12:54:29','2024-04-23 12:54:29',2,3),(9,'2024-04-23 12:54:29','2024-04-23 12:54:29',3,3),(10,'2024-04-23 13:01:19','2024-04-23 13:01:19',1,4),(11,'2024-04-23 13:01:19','2024-04-23 13:01:19',2,4),(12,'2024-04-23 13:01:19','2024-04-23 13:01:19',3,4),(13,'2024-04-23 13:10:23','2024-04-23 13:10:23',1,5),(14,'2024-04-23 13:10:23','2024-04-23 13:10:23',2,5),(15,'2024-04-23 13:10:23','2024-04-23 13:10:23',3,5),(16,'2024-04-23 13:25:34','2024-04-23 13:25:34',1,6),(17,'2024-04-23 13:25:34','2024-04-23 13:25:34',2,6),(18,'2024-04-23 13:25:34','2024-04-23 13:25:34',3,6),(19,'2024-04-23 13:31:02','2024-04-23 13:31:02',1,7),(20,'2024-04-23 13:31:02','2024-04-23 13:31:02',2,7),(21,'2024-04-23 13:31:02','2024-04-23 13:31:02',3,7),(22,'2024-04-23 13:36:23','2024-04-23 13:36:23',1,8),(23,'2024-04-23 13:36:23','2024-04-23 13:36:23',2,8),(24,'2024-04-23 13:36:23','2024-04-23 13:36:23',3,8),(25,'2024-05-02 13:54:09','2024-05-02 13:54:09',2,NULL),(26,'2024-05-02 13:54:09','2024-05-02 13:54:09',3,NULL),(27,'2024-05-02 13:54:09','2024-05-02 13:54:09',4,NULL),(28,'2024-05-02 13:55:44','2024-05-02 13:55:44',2,17),(29,'2024-05-02 13:55:44','2024-05-02 13:55:44',3,17),(30,'2024-05-02 13:55:44','2024-05-02 13:55:44',4,17),(31,'2024-05-11 11:54:40','2024-05-11 11:54:40',2,18),(32,'2024-05-11 11:54:40','2024-05-11 11:54:40',3,18),(33,'2024-05-11 11:54:40','2024-05-11 11:54:40',4,18);
/*!40000 ALTER TABLE `programSkills` ENABLE KEYS */;
UNLOCK TABLES;

--
-- Table structure for table `programStreaks`
--

DROP TABLE IF EXISTS `programStreaks`;
/*!40101 SET @saved_cs_client     = @@character_set_client */;
/*!50503 SET character_set_client = utf8mb4 */;
CREATE TABLE `programStreaks` (
  `id` int NOT NULL AUTO_INCREMENT,
  `streakUpdate` int DEFAULT NULL,
  `createdAt` datetime NOT NULL,
  `updatedAt` datetime NOT NULL,
  `userId` int DEFAULT NULL,
  `programId` int DEFAULT NULL,
  PRIMARY KEY (`id`),
  KEY `userId` (`userId`),
  KEY `programId` (`programId`),
  CONSTRAINT `programStreaks_ibfk_1` FOREIGN KEY (`userId`) REFERENCES `users` (`id`) ON DELETE SET NULL ON UPDATE CASCADE,
  CONSTRAINT `programStreaks_ibfk_2` FOREIGN KEY (`programId`) REFERENCES `programs` (`id`) ON DELETE SET NULL ON UPDATE CASCADE
) ENGINE=InnoDB AUTO_INCREMENT=452 DEFAULT CHARSET=utf8mb4 COLLATE=utf8mb4_0900_ai_ci;
/*!40101 SET character_set_client = @saved_cs_client */;

--
-- Dumping data for table `programStreaks`
--

LOCK TABLES `programStreaks` WRITE;
/*!40000 ALTER TABLE `programStreaks` DISABLE KEYS */;
INSERT INTO `programStreaks` VALUES (1,1,'2024-04-24 07:06:47','2024-04-24 07:06:47',9,9),(2,1,'2024-04-24 07:09:30','2024-04-24 07:09:30',9,2),(3,1,'2024-04-24 07:23:21','2024-04-24 07:23:21',8,2),(4,1,'2024-04-24 07:23:49','2024-04-24 07:23:49',8,9),(5,1,'2024-04-24 07:29:26','2024-04-24 07:29:26',10,9),(6,1,'2024-04-24 07:32:57','2024-04-24 07:32:57',10,2),(7,1,'2024-04-24 07:59:55','2024-04-24 07:59:55',7,2),(8,1,'2024-04-24 08:00:09','2024-04-24 08:00:09',7,9),(9,1,'2024-04-24 08:09:29','2024-04-24 08:09:29',11,2),(10,1,'2024-04-24 08:09:42','2024-04-24 08:09:42',11,11),(11,1,'2024-04-24 08:53:35','2024-04-24 08:53:35',12,9),(12,1,'2024-04-24 08:54:34','2024-04-24 08:54:34',12,2),(13,1,'2024-04-24 11:42:21','2024-04-24 11:42:21',14,10),(14,1,'2024-04-24 11:42:37','2024-04-24 11:42:37',14,2),(15,1,'2024-04-25 06:28:50','2024-04-25 06:28:50',10,2),(16,1,'2024-04-25 06:31:09','2024-04-25 06:31:09',10,9),(17,1,'2024-04-25 07:29:04','2024-04-25 07:29:04',12,9),(18,1,'2024-04-25 07:39:50','2024-04-25 07:39:50',15,5),(19,1,'2024-04-25 07:40:05','2024-04-25 07:40:05',15,9),(20,1,'2024-04-25 07:44:23','2024-04-25 07:44:23',12,2),(21,1,'2024-04-25 11:29:04','2024-04-25 11:29:04',12,10),(22,1,'2024-04-25 11:29:56','2024-04-25 11:29:56',12,11),(23,1,'2024-04-25 11:32:57','2024-04-25 11:32:57',12,13),(24,1,'2024-04-25 11:33:26','2024-04-25 11:33:26',12,14),(25,1,'2024-04-25 13:48:53','2024-04-25 13:48:53',19,11),(26,1,'2024-04-25 13:50:01','2024-04-25 13:50:01',19,2),(27,1,'2024-04-25 14:04:39','2024-04-25 14:04:39',18,2),(28,1,'2024-04-25 14:05:06','2024-04-25 14:05:06',18,9),(29,1,'2024-04-25 16:09:27','2024-04-25 16:09:27',20,9),(30,1,'2024-04-25 16:10:27','2024-04-25 16:10:27',20,2),(31,1,'2024-04-25 16:14:11','2024-04-25 16:14:11',20,14),(32,1,'2024-04-25 16:17:00','2024-04-25 16:17:00',20,11),(33,1,'2024-04-25 16:32:30','2024-04-25 16:32:30',20,13),(34,1,'2024-04-25 20:03:05','2024-04-25 20:03:05',10,10),(35,1,'2024-04-26 04:08:23','2024-04-26 04:08:23',10,10),(36,1,'2024-04-26 04:08:32','2024-04-26 04:08:32',10,9),(37,1,'2024-04-26 04:08:42','2024-04-26 04:08:42',10,2),(38,1,'2024-04-26 09:45:43','2024-04-26 09:45:43',12,9),(39,1,'2024-04-26 09:45:56','2024-04-26 09:45:56',12,2),(40,1,'2024-04-26 09:48:00','2024-04-26 09:48:00',12,13),(41,1,'2024-04-26 11:34:39','2024-04-26 11:34:39',10,1),(42,1,'2024-04-26 11:36:41','2024-04-26 11:36:41',24,2),(43,1,'2024-04-26 11:36:59','2024-04-26 11:36:59',24,11),(44,1,'2024-04-26 12:36:22','2024-04-26 12:36:22',23,9),(45,1,'2024-04-26 12:37:43','2024-04-26 12:37:43',23,2),(46,1,'2024-04-26 13:09:23','2024-04-26 13:09:23',8,2),(47,1,'2024-04-27 05:02:11','2024-04-27 05:02:11',10,1),(48,1,'2024-04-27 08:11:17','2024-04-27 08:11:17',26,11),(49,1,'2024-04-27 08:12:02','2024-04-27 08:12:02',26,2),(50,1,'2024-04-27 09:10:07','2024-04-27 09:10:07',18,9),(51,1,'2024-04-27 09:26:07','2024-04-27 09:26:07',35,3),(52,1,'2024-04-27 09:27:00','2024-04-27 09:27:00',35,11),(53,1,'2024-04-27 09:45:54','2024-04-27 09:45:54',35,10),(54,1,'2024-04-27 10:32:11','2024-04-27 10:32:11',36,1),(55,1,'2024-04-27 10:32:50','2024-04-27 10:32:50',36,11),(56,1,'2024-04-27 11:57:17','2024-04-27 11:57:17',8,2),(57,1,'2024-04-28 07:37:53','2024-04-28 07:37:53',10,10),(58,1,'2024-04-28 07:58:09','2024-04-28 07:58:09',10,1),(59,1,'2024-04-28 10:46:08','2024-04-28 10:46:08',37,9),(60,1,'2024-04-28 10:46:56','2024-04-28 10:46:56',37,2),(61,1,'2024-04-29 10:07:32','2024-04-29 10:07:32',21,2),(62,1,'2024-04-29 10:07:54','2024-04-29 10:07:54',21,9),(63,1,'2024-04-29 10:55:21','2024-04-29 10:55:21',8,9),(64,1,'2024-04-29 10:57:12','2024-04-29 10:57:12',7,2),(65,1,'2024-04-29 13:29:04','2024-04-29 13:29:04',10,1),(66,1,'2024-04-29 13:31:14','2024-04-29 13:31:14',10,10),(67,1,'2024-04-29 14:24:17','2024-04-29 14:24:17',10,9),(68,1,'2024-04-29 14:28:35','2024-04-29 14:28:35',10,2),(69,1,'2024-04-29 17:32:25','2024-04-29 17:32:25',12,13),(70,1,'2024-04-30 02:12:52','2024-04-30 02:12:52',21,10),(71,1,'2024-04-30 04:28:51','2024-04-30 04:28:51',41,10),(72,1,'2024-04-30 04:29:58','2024-04-30 04:29:58',41,3),(73,1,'2024-04-30 07:05:32','2024-04-30 07:05:32',42,3),(74,1,'2024-04-30 07:06:05','2024-04-30 07:06:05',42,11),(75,1,'2024-04-30 08:57:18','2024-04-30 08:57:18',47,2),(76,1,'2024-04-30 08:57:54','2024-04-30 08:57:54',47,10),(77,1,'2024-04-30 09:22:30','2024-04-30 09:22:30',45,2),(78,1,'2024-04-30 09:22:55','2024-04-30 09:22:55',45,9),(79,1,'2024-04-30 09:27:33','2024-04-30 09:27:33',46,9),(80,1,'2024-04-30 09:28:03','2024-04-30 09:28:03',46,2),(81,1,'2024-04-30 09:39:22','2024-04-30 09:39:22',12,10),(82,1,'2024-04-30 10:21:47','2024-04-30 10:21:47',5,11),(83,1,'2024-04-30 13:16:39','2024-04-30 13:16:39',12,13),(84,1,'2024-05-01 14:06:35','2024-05-01 14:06:35',47,2),(85,1,'2024-05-01 14:07:28','2024-05-01 14:07:28',47,10),(86,1,'2024-05-01 15:04:02','2024-05-01 15:04:02',8,9),(87,1,'2024-05-01 15:09:31','2024-05-01 15:09:31',8,2),(88,1,'2024-05-01 18:26:36','2024-05-01 18:26:36',10,1),(89,1,'2024-05-02 05:28:50','2024-05-02 05:28:50',47,10),(90,1,'2024-05-02 06:13:00','2024-05-02 06:13:00',47,2),(91,1,'2024-05-02 07:05:29','2024-05-02 07:05:29',10,10),(92,1,'2024-05-02 08:30:53','2024-05-02 08:30:53',12,13),(93,1,'2024-05-02 08:35:51','2024-05-02 08:35:51',12,10),(94,1,'2024-05-02 08:37:36','2024-05-02 08:37:36',12,9),(95,1,'2024-05-02 08:38:29','2024-05-02 08:38:29',12,2),(96,1,'2024-05-02 11:37:27','2024-05-02 11:37:27',46,2),(97,1,'2024-05-02 13:41:50','2024-05-02 13:41:50',8,9),(98,1,'2024-05-02 13:44:48','2024-05-02 13:44:48',8,2),(99,1,'2024-05-02 14:50:35','2024-05-02 14:50:35',12,12),(100,1,'2024-05-02 14:50:50','2024-05-02 14:50:50',12,14),(101,1,'2024-05-02 14:51:24','2024-05-02 14:51:24',12,11),(102,1,'2024-05-02 16:35:19','2024-05-02 16:35:19',47,9),(103,1,'2024-05-02 18:02:35','2024-05-02 18:02:35',48,10),(104,1,'2024-05-02 18:07:52','2024-05-02 18:07:52',48,15),(105,1,'2024-05-03 05:20:29','2024-05-03 05:20:29',12,14),(106,1,'2024-05-03 05:21:18','2024-05-03 05:21:18',12,2),(107,1,'2024-05-03 05:22:57','2024-05-03 05:22:57',12,13),(108,1,'2024-05-03 07:11:53','2024-05-03 07:11:53',8,9),(109,1,'2024-05-03 07:13:43','2024-05-03 07:13:43',8,2),(110,1,'2024-05-03 12:40:31','2024-05-03 12:40:31',51,3),(111,1,'2024-05-03 12:41:20','2024-05-03 12:41:20',51,9),(112,1,'2024-05-03 12:58:03','2024-05-03 12:58:03',48,10),(113,1,'2024-05-03 13:41:51','2024-05-03 13:41:51',12,9),(114,1,'2024-05-03 13:45:19','2024-05-03 13:45:19',12,11),(115,1,'2024-05-03 13:45:46','2024-05-03 13:45:46',12,12),(116,1,'2024-05-03 13:45:58','2024-05-03 13:45:58',12,10),(117,1,'2024-05-04 07:22:52','2024-05-04 07:22:52',7,2),(118,1,'2024-05-04 11:01:07','2024-05-04 11:01:07',10,1),(119,1,'2024-05-04 11:04:31','2024-05-04 11:04:31',47,9),(120,1,'2024-05-04 11:06:42','2024-05-04 11:06:42',47,10),(121,1,'2024-05-04 11:07:05','2024-05-04 11:07:05',47,2),(122,1,'2024-05-05 05:47:10','2024-05-05 05:47:10',12,12),(123,1,'2024-05-05 05:48:09','2024-05-05 05:48:09',12,9),(124,1,'2024-05-05 05:48:35','2024-05-05 05:48:35',12,2),(125,1,'2024-05-05 05:49:25','2024-05-05 05:49:25',12,14),(126,1,'2024-05-05 05:49:54','2024-05-05 05:49:54',12,13),(127,1,'2024-05-05 05:50:13','2024-05-05 05:50:13',12,11),(128,1,'2024-05-05 07:21:41','2024-05-05 07:21:41',10,1),(129,1,'2024-05-05 07:23:35','2024-05-05 07:23:35',10,10),(130,1,'2024-05-05 07:27:51','2024-05-05 07:27:51',10,9),(131,1,'2024-05-05 07:31:39','2024-05-05 07:31:39',10,2),(132,1,'2024-05-05 10:53:22','2024-05-05 10:53:22',12,10),(133,1,'2024-05-05 14:07:22','2024-05-05 14:07:22',8,9),(134,1,'2024-05-06 06:30:31','2024-05-06 06:30:31',12,2),(135,1,'2024-05-06 08:08:22','2024-05-06 08:08:22',12,12),(136,1,'2024-05-06 08:09:44','2024-05-06 08:09:44',12,9),(137,1,'2024-05-06 09:49:11','2024-05-06 09:49:11',50,9),(138,1,'2024-05-06 09:50:17','2024-05-06 09:50:17',50,15),(139,1,'2024-05-06 09:56:21','2024-05-06 09:56:21',12,14),(140,1,'2024-05-06 09:56:45','2024-05-06 09:56:45',12,13),(141,1,'2024-05-06 09:57:09','2024-05-06 09:57:09',12,11),(142,1,'2024-05-06 09:57:21','2024-05-06 09:57:21',12,10),(143,1,'2024-05-06 11:12:39','2024-05-06 11:12:39',10,1),(144,1,'2024-05-06 13:23:14','2024-05-06 13:23:14',53,3),(145,1,'2024-05-06 13:24:04','2024-05-06 13:24:04',53,9),(146,1,'2024-05-06 13:41:51','2024-05-06 13:41:51',7,2),(147,1,'2024-05-07 06:07:36','2024-05-07 06:07:36',10,3),(148,1,'2024-05-07 06:49:50','2024-05-07 06:49:50',12,11),(149,1,'2024-05-07 07:04:11','2024-05-07 07:04:11',12,12),(150,1,'2024-05-07 07:07:01','2024-05-07 07:07:01',12,2),(151,1,'2024-05-07 07:07:13','2024-05-07 07:07:13',12,14),(152,1,'2024-05-07 08:05:23','2024-05-07 08:05:23',47,3),(153,1,'2024-05-07 10:20:43','2024-05-07 10:20:43',10,1),(154,1,'2024-05-07 10:23:02','2024-05-07 10:23:02',10,10),(155,1,'2024-05-07 10:29:21','2024-05-07 10:29:21',10,9),(156,1,'2024-05-07 10:30:32','2024-05-07 10:30:32',10,2),(157,1,'2024-05-07 10:34:47','2024-05-07 10:34:47',12,13),(158,1,'2024-05-07 10:35:35','2024-05-07 10:35:35',12,10),(159,1,'2024-05-07 11:25:06','2024-05-07 11:25:06',46,9),(160,1,'2024-05-07 11:30:30','2024-05-07 11:30:30',46,2),(161,1,'2024-05-07 14:11:48','2024-05-07 14:11:48',10,12),(162,1,'2024-05-08 05:04:56','2024-05-08 05:04:56',8,2),(163,1,'2024-05-08 05:06:29','2024-05-08 05:06:29',8,9),(164,1,'2024-05-08 07:22:39','2024-05-08 07:22:39',46,12),(165,1,'2024-05-08 07:55:10','2024-05-08 07:55:10',12,14),(166,1,'2024-05-08 11:56:14','2024-05-08 11:56:14',12,12),(167,1,'2024-05-08 14:14:41','2024-05-08 14:14:41',12,13),(168,1,'2024-05-08 17:00:55','2024-05-08 17:00:55',12,11),(169,1,'2024-05-08 17:02:00','2024-05-08 17:02:00',12,9),(170,1,'2024-05-08 17:03:50','2024-05-08 17:03:50',12,10),(171,1,'2024-05-08 19:22:53','2024-05-08 19:22:53',7,2),(172,1,'2024-05-09 05:18:15','2024-05-09 05:18:15',8,2),(173,1,'2024-05-09 07:43:13','2024-05-09 07:43:13',12,10),(174,1,'2024-05-09 07:53:53','2024-05-09 07:53:53',8,9),(175,1,'2024-05-09 08:42:07','2024-05-09 08:42:07',12,12),(176,1,'2024-05-09 08:43:12','2024-05-09 08:43:12',12,14),(177,1,'2024-05-09 09:50:49','2024-05-09 09:50:49',10,12),(178,1,'2024-05-09 09:53:47','2024-05-09 09:53:47',10,3),(179,1,'2024-05-09 10:09:54','2024-05-09 10:09:54',10,1),(180,1,'2024-05-09 11:18:11','2024-05-09 11:18:11',10,10),(181,1,'2024-05-09 12:55:01','2024-05-09 12:55:01',47,3),(182,1,'2024-05-09 13:03:45','2024-05-09 13:03:45',47,9),(183,1,'2024-05-09 13:10:07','2024-05-09 13:10:07',12,13),(184,1,'2024-05-09 14:03:50','2024-05-09 14:03:50',60,2),(185,1,'2024-05-09 14:11:54','2024-05-09 14:11:54',10,9),(186,1,'2024-05-09 14:30:50','2024-05-09 14:30:50',60,9),(187,1,'2024-05-09 15:02:45','2024-05-09 15:02:45',61,3),(188,1,'2024-05-09 15:06:00','2024-05-09 15:06:00',61,10),(189,1,'2024-05-09 15:44:31','2024-05-09 15:44:31',57,2),(190,1,'2024-05-10 05:11:15','2024-05-10 05:11:15',12,2),(191,1,'2024-05-10 07:06:59','2024-05-10 07:06:59',10,12),(192,1,'2024-05-10 08:10:48','2024-05-10 08:10:48',65,2),(193,1,'2024-05-10 08:11:11','2024-05-10 08:11:11',66,2),(194,1,'2024-05-10 08:39:06','2024-05-10 08:39:06',66,9),(195,1,'2024-05-10 08:45:47','2024-05-10 08:45:47',12,9),(196,1,'2024-05-10 08:51:02','2024-05-10 08:51:02',65,9),(197,1,'2024-05-10 09:27:45','2024-05-10 09:27:45',12,10),(198,1,'2024-05-10 17:04:18','2024-05-10 17:04:18',10,3),(199,1,'2024-05-11 04:29:46','2024-05-11 04:29:46',8,9),(200,1,'2024-05-11 06:34:41','2024-05-11 06:34:41',12,13),(201,1,'2024-05-11 06:58:48','2024-05-11 06:58:48',68,2),(202,1,'2024-05-11 07:02:35','2024-05-11 07:02:35',68,10),(203,1,'2024-05-11 07:15:16','2024-05-11 07:15:16',68,9),(204,1,'2024-05-11 07:45:21','2024-05-11 07:45:21',47,3),(205,1,'2024-05-11 07:45:39','2024-05-11 07:45:39',47,9),(206,1,'2024-05-11 07:46:18','2024-05-11 07:46:18',47,10),(207,1,'2024-05-11 07:46:42','2024-05-11 07:46:42',47,2),(208,1,'2024-05-11 08:05:02','2024-05-11 08:05:02',47,11),(209,1,'2024-05-11 08:08:51','2024-05-11 08:08:51',47,12),(210,1,'2024-05-11 08:14:31','2024-05-11 08:14:31',47,13),(211,1,'2024-05-11 08:30:38','2024-05-11 08:30:38',69,2),(212,1,'2024-05-11 10:36:30','2024-05-11 10:36:30',64,2),(213,1,'2024-05-11 10:38:41','2024-05-11 10:38:41',64,11),(214,1,'2024-05-11 12:22:11','2024-05-11 12:22:11',12,10),(215,1,'2024-05-11 14:17:59','2024-05-11 14:17:59',85,18),(216,1,'2024-05-11 14:19:45','2024-05-11 14:19:45',85,9),(217,1,'2024-05-11 14:30:07','2024-05-11 14:30:07',84,18),(218,1,'2024-05-12 06:59:09','2024-05-12 06:59:09',10,18),(219,1,'2024-05-12 07:00:18','2024-05-12 07:00:18',10,18),(220,1,'2024-05-12 07:03:18','2024-05-12 07:03:18',10,18),(221,1,'2024-05-13 03:25:40','2024-05-13 03:25:40',10,2),(222,1,'2024-05-13 07:41:21','2024-05-13 07:41:21',94,18),(223,1,'2024-05-13 08:12:27','2024-05-13 08:12:27',95,18),(224,1,'2024-05-13 08:19:44','2024-05-13 08:19:44',95,24),(225,1,'2024-05-13 08:34:20','2024-05-13 08:34:20',97,18),(226,1,'2024-05-13 08:48:04','2024-05-13 08:48:04',10,18),(227,1,'2024-05-13 09:12:04','2024-05-13 09:12:04',99,18),(228,1,'2024-05-13 09:19:29','2024-05-13 09:19:29',99,25),(229,1,'2024-05-13 09:42:29','2024-05-13 09:42:29',101,18),(230,1,'2024-05-13 09:46:16','2024-05-13 09:46:16',101,10),(231,1,'2024-05-13 12:39:01','2024-05-13 12:39:01',166,18),(232,1,'2024-05-13 12:40:55','2024-05-13 12:40:55',166,25),(233,1,'2024-05-13 12:48:03','2024-05-13 12:48:03',10,3),(234,1,'2024-05-13 12:48:43','2024-05-13 12:48:43',10,12),(235,1,'2024-05-13 13:31:09','2024-05-13 13:31:09',164,18),(236,1,'2024-05-13 13:44:30','2024-05-13 13:44:30',164,9),(237,1,'2024-05-13 13:50:26','2024-05-13 13:50:26',164,10),(238,1,'2024-05-13 13:50:49','2024-05-13 13:50:49',164,11),(239,1,'2024-05-14 05:36:01','2024-05-14 05:36:01',168,13),(240,1,'2024-05-14 05:37:12','2024-05-14 05:37:12',168,18),(241,1,'2024-05-14 06:05:11','2024-05-14 06:05:11',12,11),(242,1,'2024-05-14 07:25:35','2024-05-14 07:25:35',12,14),(243,1,'2024-05-14 11:26:25','2024-05-14 11:26:25',172,18),(244,1,'2024-05-14 11:37:23','2024-05-14 11:37:23',172,10),(245,1,'2024-05-14 11:41:46','2024-05-14 11:41:46',172,25),(246,1,'2024-05-14 11:41:59','2024-05-14 11:41:59',172,19),(247,1,'2024-05-14 12:24:32','2024-05-14 12:24:32',174,18),(248,1,'2024-05-14 12:24:40','2024-05-14 12:24:40',174,10),(249,1,'2024-05-14 12:42:09','2024-05-14 12:42:09',176,18),(250,1,'2024-05-14 12:45:05','2024-05-14 12:45:05',176,9),(251,1,'2024-05-14 15:14:16','2024-05-14 15:14:16',54,3),(252,1,'2024-05-14 15:17:18','2024-05-14 15:17:18',54,13),(253,1,'2024-05-15 02:52:20','2024-05-15 02:52:20',7,17),(254,1,'2024-05-15 03:05:37','2024-05-15 03:05:37',70,2),(255,1,'2024-05-15 06:08:51','2024-05-15 06:08:51',12,11),(256,1,'2024-05-15 06:09:40','2024-05-15 06:09:40',12,12),(257,1,'2024-05-15 06:38:20','2024-05-15 06:38:20',7,2),(258,1,'2024-05-15 07:09:10','2024-05-15 07:09:10',178,18),(259,1,'2024-05-15 16:58:59','2024-05-15 16:58:59',10,3),(260,1,'2024-05-16 05:45:09','2024-05-16 05:45:09',12,13),(261,1,'2024-05-16 05:45:29','2024-05-16 05:45:29',12,10),(262,1,'2024-05-16 11:40:17','2024-05-16 11:40:17',70,2),(263,1,'2024-05-16 11:53:56','2024-05-16 11:53:56',7,17),(264,1,'2024-05-16 11:55:52','2024-05-16 11:55:52',7,2),(265,1,'2024-05-16 16:41:40','2024-05-16 16:41:40',12,12),(266,1,'2024-05-16 16:42:43','2024-05-16 16:42:43',12,14),(267,1,'2024-05-16 16:42:57','2024-05-16 16:42:57',12,11),(268,1,'2024-05-16 16:43:18','2024-05-16 16:43:18',12,9),(269,1,'2024-05-16 16:46:25','2024-05-16 16:46:25',12,2),(270,1,'2024-05-17 04:06:03','2024-05-17 04:06:03',70,2),(271,1,'2024-05-17 04:07:20','2024-05-17 04:07:20',70,10),(272,1,'2024-05-17 05:55:31','2024-05-17 05:55:31',10,12),(273,1,'2024-05-17 08:54:43','2024-05-17 08:54:43',166,25),(274,1,'2024-05-17 09:03:49','2024-05-17 09:03:49',166,18),(275,1,'2024-05-17 09:24:50','2024-05-17 09:24:50',7,2),(276,1,'2024-05-17 09:32:57','2024-05-17 09:32:57',7,9),(277,1,'2024-05-17 12:34:45','2024-05-17 12:34:45',10,1),(278,1,'2024-05-17 13:43:46','2024-05-17 13:43:46',10,9),(279,1,'2024-05-17 13:44:08','2024-05-17 13:44:08',10,2),(280,1,'2024-05-17 13:44:21','2024-05-17 13:44:21',10,18),(281,1,'2024-05-17 13:44:56','2024-05-17 13:44:56',10,10),(282,1,'2024-05-17 13:45:14','2024-05-17 13:45:14',10,3),(283,1,'2024-05-17 13:47:28','2024-05-17 13:47:28',197,18),(284,1,'2024-05-18 04:18:14','2024-05-18 04:18:14',10,2),(285,1,'2024-05-18 18:11:52','2024-05-18 18:11:52',12,11),(286,1,'2024-05-18 18:12:02','2024-05-18 18:12:02',12,14),(287,1,'2024-05-18 18:12:12','2024-05-18 18:12:12',12,13),(288,1,'2024-05-18 18:12:52','2024-05-18 18:12:52',12,2),(289,1,'2024-05-18 18:13:07','2024-05-18 18:13:07',12,12),(290,1,'2024-05-18 18:13:16','2024-05-18 18:13:16',12,10),(291,1,'2024-05-20 10:31:23','2024-05-20 10:31:23',12,2),(292,1,'2024-05-20 10:31:33','2024-05-20 10:31:33',12,13),(293,1,'2024-05-20 10:31:57','2024-05-20 10:31:57',12,9),(294,1,'2024-05-20 10:32:13','2024-05-20 10:32:13',12,12),(295,1,'2024-05-20 10:32:33','2024-05-20 10:32:33',12,14),(296,1,'2024-05-20 10:46:39','2024-05-20 10:46:39',166,25),(297,1,'2024-05-20 10:47:34','2024-05-20 10:47:34',166,18),(298,1,'2024-05-20 11:56:22','2024-05-20 11:56:22',219,18),(299,1,'2024-05-21 09:05:46','2024-05-21 09:05:46',10,2),(300,1,'2024-05-21 09:25:33','2024-05-21 09:25:33',10,9),(301,1,'2024-05-21 09:25:53','2024-05-21 09:25:53',10,10),(302,1,'2024-05-21 09:26:10','2024-05-21 09:26:10',10,18),(303,1,'2024-05-21 09:27:07','2024-05-21 09:27:07',10,1),(304,1,'2024-05-21 09:27:43','2024-05-21 09:27:43',10,3),(305,1,'2024-05-21 09:28:15','2024-05-21 09:28:15',10,12),(306,1,'2024-05-21 09:29:19','2024-05-21 09:29:19',47,2),(307,1,'2024-05-21 09:30:30','2024-05-21 09:30:30',64,19),(308,1,'2024-05-21 09:31:03','2024-05-21 09:31:03',64,21),(309,1,'2024-05-21 09:32:24','2024-05-21 09:32:24',64,11),(310,1,'2024-05-21 09:33:42','2024-05-21 09:33:42',64,2),(311,1,'2024-05-22 10:31:38','2024-05-22 10:31:38',166,25),(312,1,'2024-05-22 10:31:59','2024-05-22 10:31:59',166,18),(313,1,'2024-05-22 10:41:29','2024-05-22 10:41:29',12,13),(314,1,'2024-05-22 10:41:41','2024-05-22 10:41:41',12,11),(315,1,'2024-05-22 10:41:54','2024-05-22 10:41:54',12,14),(316,1,'2024-05-22 10:42:05','2024-05-22 10:42:05',12,9),(317,1,'2024-05-22 10:42:21','2024-05-22 10:42:21',12,2),(318,1,'2024-05-22 10:42:33','2024-05-22 10:42:33',12,10),(319,1,'2024-05-22 10:42:46','2024-05-22 10:42:46',12,12),(320,1,'2024-05-23 04:51:37','2024-05-23 04:51:37',10,2),(321,1,'2024-05-23 04:51:59','2024-05-23 04:51:59',10,1),(322,1,'2024-05-23 04:53:06','2024-05-23 04:53:06',10,9),(323,1,'2024-05-23 04:53:34','2024-05-23 04:53:34',10,10),(324,1,'2024-05-23 08:07:54','2024-05-23 08:07:54',10,12),(325,1,'2024-05-23 08:08:57','2024-05-23 08:08:57',10,18),(326,1,'2024-05-23 08:09:50','2024-05-23 08:09:50',10,3),(327,1,'2024-05-24 05:48:22','2024-05-24 05:48:22',64,11),(328,1,'2024-05-24 06:23:14','2024-05-24 06:23:14',7,2),(329,1,'2024-05-24 08:29:29','2024-05-24 08:29:29',7,17),(330,1,'2024-05-24 09:11:39','2024-05-24 09:11:39',10,2),(331,1,'2024-05-24 09:12:19','2024-05-24 09:12:19',10,12),(332,1,'2024-05-24 09:12:40','2024-05-24 09:12:40',10,9),(333,1,'2024-05-24 09:13:17','2024-05-24 09:13:17',10,18),(334,1,'2024-05-24 09:14:41','2024-05-24 09:14:41',10,10),(335,1,'2024-05-24 09:15:10','2024-05-24 09:15:10',10,3),(336,1,'2024-05-24 09:15:16','2024-05-24 09:15:16',7,9),(337,1,'2024-05-24 09:15:28','2024-05-24 09:15:28',10,1),(338,1,'2024-05-24 09:21:06','2024-05-24 09:21:06',223,18),(339,1,'2024-05-25 11:00:46','2024-05-25 11:00:46',223,18),(340,1,'2024-05-26 06:15:04','2024-05-26 06:15:04',223,18),(341,1,'2024-05-26 06:20:02','2024-05-26 06:20:02',223,12),(342,1,'2024-05-27 03:35:51','2024-05-27 03:35:51',223,18),(343,1,'2024-05-27 06:29:57','2024-05-27 06:29:57',223,12),(344,1,'2024-05-27 06:46:09','2024-05-27 06:46:09',166,25),(345,1,'2024-05-27 06:47:18','2024-05-27 06:47:18',166,4),(346,1,'2024-05-27 06:51:33','2024-05-27 06:51:33',223,1),(347,1,'2024-05-27 09:12:00','2024-05-27 09:12:00',223,4),(348,1,'2024-05-27 13:16:15','2024-05-27 13:16:15',7,2),(349,1,'2024-05-27 17:44:31','2024-05-27 17:44:31',70,2),(350,1,'2024-05-27 17:49:19','2024-05-27 17:49:19',10,1),(351,1,'2024-05-27 17:49:47','2024-05-27 17:49:47',10,18),(352,1,'2024-05-28 06:16:12','2024-05-28 06:16:12',223,12),(353,1,'2024-05-28 06:16:57','2024-05-28 06:16:57',223,4),(354,1,'2024-05-28 10:08:00','2024-05-28 10:08:00',223,1),(355,1,'2024-05-28 10:27:12','2024-05-28 10:27:12',166,1),(356,1,'2024-05-28 10:29:18','2024-05-28 10:29:18',166,25),(357,1,'2024-05-28 11:11:58','2024-05-28 11:11:58',10,9),(358,1,'2024-05-28 11:13:49','2024-05-28 11:13:49',166,4),(359,1,'2024-05-28 11:13:54','2024-05-28 11:13:54',7,17),(360,1,'2024-05-28 11:14:04','2024-05-28 11:14:04',166,18),(361,1,'2024-05-28 12:00:32','2024-05-28 12:00:32',70,2),(362,1,'2024-05-28 12:04:29','2024-05-28 12:04:29',10,3),(363,1,'2024-05-28 12:04:52','2024-05-28 12:04:52',10,10),(364,1,'2024-05-28 12:24:55','2024-05-28 12:24:55',223,18),(365,1,'2024-05-28 12:59:10','2024-05-28 12:59:10',7,2),(366,1,'2024-05-28 13:37:43','2024-05-28 13:37:43',10,18),(367,1,'2024-05-28 13:40:16','2024-05-28 13:40:16',10,12),(368,1,'2024-05-29 01:24:37','2024-05-29 01:24:37',223,4),(369,1,'2024-05-29 08:54:09','2024-05-29 08:54:09',10,9),(370,1,'2024-05-29 08:55:36','2024-05-29 08:55:36',10,18),(371,1,'2024-05-29 08:58:27','2024-05-29 08:58:27',10,12),(372,1,'2024-05-29 10:04:40','2024-05-29 10:04:40',223,1),(373,1,'2024-05-29 10:07:23','2024-05-29 10:07:23',223,18),(374,1,'2024-05-29 10:17:53','2024-05-29 10:17:53',7,2),(375,1,'2024-05-29 12:53:27','2024-05-29 12:53:27',223,12),(376,1,'2024-05-29 13:11:47','2024-05-29 13:11:47',7,9),(377,1,'2024-05-30 05:05:21','2024-05-30 05:05:21',223,12),(378,1,'2024-05-30 06:50:24','2024-05-30 06:50:24',7,2),(379,1,'2024-05-30 08:50:14','2024-05-30 08:50:14',233,18),(380,1,'2024-05-30 09:39:31','2024-05-30 09:39:31',223,1),(381,1,'2024-05-30 10:03:46','2024-05-30 10:03:46',223,18),(382,1,'2024-05-30 10:12:02','2024-05-30 10:12:02',223,4),(383,1,'2024-05-30 10:44:43','2024-05-30 10:44:43',166,18),(384,1,'2024-05-30 10:44:51','2024-05-30 10:44:51',166,4),(385,1,'2024-05-30 10:44:59','2024-05-30 10:44:59',166,1),(386,1,'2024-05-31 01:57:20','2024-05-31 01:57:20',223,12),(387,1,'2024-05-31 04:45:16','2024-05-31 04:45:16',70,10),(388,1,'2024-05-31 04:46:19','2024-05-31 04:46:19',70,2),(389,1,'2024-05-31 06:51:37','2024-05-31 06:51:37',10,18),(390,1,'2024-05-31 06:56:22','2024-05-31 06:56:22',7,2),(391,1,'2024-05-31 07:30:12','2024-05-31 07:30:12',10,10),(392,1,'2024-05-31 07:30:31','2024-05-31 07:30:31',10,3),(393,1,'2024-05-31 07:30:49','2024-05-31 07:30:49',10,9),(394,1,'2024-05-31 07:59:11','2024-05-31 07:59:11',166,4),(395,1,'2024-05-31 08:00:01','2024-05-31 08:00:01',166,25),(396,1,'2024-05-31 08:00:19','2024-05-31 08:00:19',166,1),(397,1,'2024-05-31 11:45:53','2024-05-31 11:45:53',223,1),(398,1,'2024-05-31 11:47:10','2024-05-31 11:47:10',223,18),(399,1,'2024-05-31 11:59:48','2024-05-31 11:59:48',223,4),(400,1,'2024-06-01 08:08:18','2024-06-01 08:08:18',223,18),(401,1,'2024-06-01 08:11:57','2024-06-01 08:11:57',223,1),(402,1,'2024-06-01 09:19:28','2024-06-01 09:19:28',7,2),(403,1,'2024-06-01 11:06:44','2024-06-01 11:06:44',223,12),(404,1,'2024-06-01 11:15:57','2024-06-01 11:15:57',223,4),(405,1,'2024-06-01 13:17:25','2024-06-01 13:17:25',10,18),(406,1,'2024-06-02 10:16:57','2024-06-02 10:16:57',223,1),(407,1,'2024-06-02 10:17:25','2024-06-02 10:17:25',223,4),(408,1,'2024-06-02 10:18:02','2024-06-02 10:18:02',223,18),(409,1,'2024-06-03 00:51:00','2024-06-03 00:51:00',223,12),(410,1,'2024-06-03 10:19:45','2024-06-03 10:19:45',223,18),(411,1,'2024-06-03 11:38:58','2024-06-03 11:38:58',7,2),(412,1,'2024-06-03 13:14:21','2024-06-03 13:14:21',223,1),(413,1,'2024-06-03 14:00:19','2024-06-03 14:00:19',12,12),(414,1,'2024-06-03 14:00:33','2024-06-03 14:00:33',12,2),(415,1,'2024-06-03 14:00:48','2024-06-03 14:00:48',12,11),(416,1,'2024-06-03 14:01:23','2024-06-03 14:01:23',12,13),(417,1,'2024-06-03 14:01:51','2024-06-03 14:01:51',12,14),(418,1,'2024-06-03 14:02:06','2024-06-03 14:02:06',12,10),(419,1,'2024-06-03 14:02:16','2024-06-03 14:02:16',12,9),(420,1,'2024-06-03 15:32:29','2024-06-03 15:32:29',197,18),(421,1,'2024-06-04 06:29:05','2024-06-04 06:29:05',223,4),(422,1,'2024-06-04 07:08:04','2024-06-04 07:08:04',64,2),(423,1,'2024-06-04 07:16:30','2024-06-04 07:16:30',64,21),(424,1,'2024-06-04 07:16:55','2024-06-04 07:16:55',64,11),(425,1,'2024-06-04 07:17:34','2024-06-04 07:17:34',64,19),(426,1,'2024-06-04 09:25:40','2024-06-04 09:25:40',223,1),(427,1,'2024-06-05 08:48:50','2024-06-05 08:48:50',7,2),(428,1,'2024-06-05 09:43:30','2024-06-05 09:43:30',10,2),(429,1,'2024-06-05 11:57:02','2024-06-05 11:57:02',7,9),(430,1,'2024-06-05 13:33:10','2024-06-05 13:33:10',64,19),(431,1,'2024-06-05 13:33:45','2024-06-05 13:33:45',64,21),(432,1,'2024-06-05 13:34:14','2024-06-05 13:34:14',64,11),(433,1,'2024-06-05 13:34:54','2024-06-05 13:34:54',64,2),(434,1,'2024-06-06 04:42:00','2024-06-06 04:42:00',64,11),(435,1,'2024-06-06 04:42:35','2024-06-06 04:42:35',64,21),(436,1,'2024-06-06 04:42:58','2024-06-06 04:42:58',64,2),(437,1,'2024-06-06 11:26:33','2024-06-06 11:26:33',10,1),(438,1,'2024-06-06 11:29:47','2024-06-06 11:29:47',10,2),(439,1,'2024-06-07 06:56:42','2024-06-07 06:56:42',223,12),(440,1,'2024-06-07 09:34:54','2024-06-07 09:34:54',223,4),(441,1,'2024-06-07 09:35:21','2024-06-07 09:35:21',223,18),(442,1,'2024-06-07 13:55:54','2024-06-07 13:55:54',223,1),(443,1,'2024-06-08 01:57:43','2024-06-08 01:57:43',223,12),(444,1,'2024-06-08 02:02:07','2024-06-08 02:02:07',223,4),(445,1,'2024-06-08 10:36:28','2024-06-08 10:36:28',10,2),(446,1,'2024-06-08 11:44:40','2024-06-08 11:44:40',10,18),(447,1,'2024-06-08 11:45:20','2024-06-08 11:45:20',10,9),(448,1,'2024-06-08 11:45:36','2024-06-08 11:45:36',10,10),(449,1,'2024-06-08 11:46:05','2024-06-08 11:46:05',10,1),(450,1,'2024-06-08 11:46:23','2024-06-08 11:46:23',10,3),(451,1,'2024-06-08 11:46:47','2024-06-08 11:46:47',10,12);
/*!40000 ALTER TABLE `programStreaks` ENABLE KEYS */;
UNLOCK TABLES;

--
-- Table structure for table `programs`
--

DROP TABLE IF EXISTS `programs`;
/*!40101 SET @saved_cs_client     = @@character_set_client */;
/*!50503 SET character_set_client = utf8mb4 */;
CREATE TABLE `programs` (
  `id` int NOT NULL AUTO_INCREMENT,
  `programName` varchar(255) NOT NULL,
  `programDescription` varchar(255) NOT NULL,
  `programType` varchar(255) NOT NULL,
  `pointsPerDayPerPerson` int DEFAULT NULL,
  `coinsPerDayPerPerson` int DEFAULT NULL,
  `programOutcome` varchar(255) NOT NULL,
  `programDifficultyLevel` varchar(255) NOT NULL,
  `programMinDuration` int NOT NULL,
  `programPicture` varchar(255) NOT NULL,
  `programCategory` varchar(255) DEFAULT NULL,
  `programColor` varchar(255) DEFAULT NULL,
  `coinsRequiredToUnlock` int DEFAULT NULL,
  `createdAt` datetime NOT NULL,
  `updatedAt` datetime NOT NULL,
  PRIMARY KEY (`id`)
) ENGINE=InnoDB AUTO_INCREMENT=27 DEFAULT CHARSET=utf8mb4 COLLATE=utf8mb4_0900_ai_ci;
/*!40101 SET character_set_client = @saved_cs_client */;

--
-- Dumping data for table `programs`
--

LOCK TABLES `programs` WRITE;
/*!40000 ALTER TABLE `programs` DISABLE KEYS */;
INSERT INTO `programs` VALUES (1,'Sales Beginner','Master essentials for novice professionals, thrive in competitive markets','Professional',10,NULL,'outcome','Entry Level Sales Professionals, \nSales Newbies',2000,'some-sample picture','Sales',NULL,5000,'2024-04-23 12:44:56','2024-04-23 12:44:56'),(2,'Sales Starter','Master essentials for novice professionals, thrive in competitive markets','Professional',10,NULL,'outcome','Entry Level Sales Professionals, \nSales Newbies',2000,'some-sample picture','Sales',NULL,5000,'2024-04-23 12:50:00','2024-04-23 12:50:00'),(3,'Customer Delight Specialist','Transform Customer Experience to enhance and delight customers  at every interaction','Professional',20,NULL,'outcome','Middle level Customer Experience professionals, Customer Success Teams',2000,'some-sample picture','Customer Experience',NULL,5000,'2024-04-23 12:54:29','2024-04-23 12:54:29'),(4,'Sales Negotiator','Strengthen negotiation skills to enhance sales effectiveness and professional growth','Professional',10,NULL,'outcome','Entry Level Sales Professionals, \nSales Newbies',2000,'some-sample picture','Sales',NULL,5000,'2024-04-23 13:01:19','2024-04-23 13:01:19'),(5,'Sales Analyst','Enhance sales analysis skills to boost performance and strategic decision-making','Professional',10,NULL,'outcome','Entry Level Sales Professionals, \nSales Newbies',2000,'some-sample picture','Sales',NULL,5000,'2024-04-23 13:10:23','2024-04-23 13:10:23'),(6,'Sales Digital Marketer','Boost sales skills with digital marketing techniques for enhanced professional performance','Professional',20,NULL,'outcome','Middle Level Sales Professional, Digital Marketer',2000,'some-sample picture','Sales',NULL,5000,'2024-04-23 13:25:34','2024-04-23 13:25:34'),(7,'Customer Journey Expert','Equip CX professionals to master and enhance the customer journey through daily practice','Professional',20,NULL,'outcome','Middle level Customer Experience professionals, Customer Success Teams',2000,'some-sample picture','Customer Experience',NULL,5000,'2024-04-23 13:31:02','2024-04-23 13:31:02'),(8,'CX Innovator','Cultivate innovative thinking through daily habits to enhance customer experience and satisfaction','Professional',20,NULL,'outcome','Middle level Customer Experience professionals, Customer Success Teams',2000,'some-sample picture','Customer Experience',NULL,5000,'2024-04-23 13:36:23','2024-04-23 13:36:23'),(9,'Cardio Expert','This Cardio Expert program is a carefully stacked Acts aimed to improve cardiovascular health, Increased stamina and enhance overall fitness through a series of simple, daily physical activities','Personnel',NULL,15,'outcome','Beginner',2000,'https://postactionsbucket.s3.ap-south-1.amazonaws.com/uploads/programPicture/gym.png','physicalWellbeing','#EDE1DA',400,'2024-04-23 18:25:34','2024-04-23 18:25:34'),(10,'Stronger You!','This Stronger You! program is designed to enhance fitness, strength, and flexibility with a minimal time commitment that fits into your daily routine','Personnel',NULL,15,'outcome','Begginer',2000,'https://postactionsbucket.s3.ap-south-1.amazonaws.com/uploads/programPicture/gym.png','physicalWellbeing','#E6DAED',400,'2024-04-23 18:30:11','2024-04-23 18:30:11'),(11,'Wise Riser','Develop habits for early rising and productive mornings','Personnel',NULL,15,'outcome','Begginer',2000,'https://postactionsbucket.s3.ap-south-1.amazonaws.com/uploads/programPicture/gym.png','physicalWellbeing','#EDE1DA',400,'2024-04-23 18:36:34','2024-04-23 18:36:34'),(12,'Deskercise Daily','A journey to mindful quick office workouts to boost energy with simple, effective excersises in just minutes','Personnel',NULL,15,'outcome','Begginer',2000,'https://postactionsbucket.s3.ap-south-1.amazonaws.com/uploads/programPicture/gym.png','physicalWellbeing','#E6DAED',400,'2024-04-23 18:43:52','2024-04-23 18:43:52'),(13,'Morning Lark','Develop habits for early rising and productive mornings','Personnel',NULL,15,'outcome','Begginer',2000,'https://postactionsbucket.s3.ap-south-1.amazonaws.com/uploads/programPicture/gym.png','physicalWellbeing','#EDE1DA',400,'2024-04-23 18:47:53','2024-04-23 18:47:53'),(14,'Deep Sleeper','Enroll to a commitment of habits that will get you early to bed and an improved sleep quality','Personnel',NULL,15,'outcome','Begginer',2000,'https://postactionsbucket.s3.ap-south-1.amazonaws.com/uploads/programPicture/gym.png','physicalWellbeing','#E6DAED',400,'2024-04-23 18:50:54','2024-04-23 18:50:54'),(15,'I','This I program is designed to fuel your confidence emphasizing on your strengths and individual contributions in one\'s respective roles at work.','Professional',10,NULL,'outcome','Entry Level Sales Professionals, Sales Newbies',2000,'some-sample picture','Sales',NULL,5000,'2024-05-01 13:47:31','2024-05-01 13:47:31'),(17,'I am a Superman','This program is exclusively for you, Rats. These are a set of habits that we believe will make a difference.','Professional',10,NULL,'This program is exclusively for you, Rats. These are a set of habits that we believe will make a difference','Low',60,'some-sample picture','Sales',NULL,100000,'2024-05-02 13:55:44','2024-05-02 13:55:44'),(18,'Kaizen','A program focused on cultivating habits for continuous, incremental improvement in one focus area.','Professional',10,NULL,'outcome','Entry Level Sales Professionals, Sales Newbies',2000,'some-sample picture','Sales',NULL,5000,'2024-05-11 11:54:40','2024-05-11 11:54:40'),(19,'Kintsugi','A program with a stack of habits for learning from imperfections to achieve personal growth','Personnel',NULL,20,'Achieve personal fitness goals','Entry Level Sales Professionals, Sales Newbies',2000,'https://postactionsbucket.s3.ap-south-1.amazonaws.com/uploads/programPicture/scale-yoga-pose.png','mentalWellbeing','#EDE1DA',400,'2024-05-12 09:56:16','2024-05-12 09:56:16'),(20,'Oubaitori','A program with a stack of habits to embrace individuality and focus on strengths','Personnel',NULL,20,'Achieve personal fitness goals','Begginer',2000,'https://postactionsbucket.s3.ap-south-1.amazonaws.com/uploads/programPicture/scale-yoga-pose.png','mentalWellbeing','#E6DAED',400,'2024-05-12 09:57:47','2024-05-12 09:57:47'),(21,'Shosin','A program with a stack of habits to foster a beginner\'s mind in the way of doing things','Personnel',NULL,20,'Achieve personal fitness goals','Begginer',2000,'https://postactionsbucket.s3.ap-south-1.amazonaws.com/uploads/programPicture/scale-yoga-pose.png','mentalWellbeing','#EDE1DA',400,'2024-05-12 09:59:48','2024-05-12 09:59:48'),(22,'Ikigai','This program is designed to help someone live their purpose','Personnel',NULL,20,'Achieve personal fitness goals','Entry Level Sales Professionals, Sales Newbies',2000,'https://postactionsbucket.s3.ap-south-1.amazonaws.com/uploads/programPicture/scale-yoga-pose.png','mentalWellbeing','#E6DAED',400,'2024-05-12 10:00:58','2024-05-12 10:00:58'),(23,'Yoga','This program is designed to cultivate habits that improves focus, concentration, body awareness and overall well-being','Personnel',NULL,20,'Achieve personal fitness goals','Entry Level Sales Professionals, Sales Newbies',2000,'https://postactionsbucket.s3.ap-south-1.amazonaws.com/uploads/programPicture/scale-yoga-pose.png','physicalWellbeing','#EDE1DA',400,'2024-05-12 10:01:56','2024-05-12 10:01:56'),(24,'Pranayama','A program with a stack of habits that focuses on equipping oneself with mindful breathing and overall well-being','Personnel',NULL,20,'Achieve personal fitness goals','Entry Level Sales Professionals, Sales Newbies',2000,'https://postactionsbucket.s3.ap-south-1.amazonaws.com/uploads/programPicture/scale-yoga-pose.png','physicalWellbeing','#E6DAED',400,'2024-05-12 10:02:36','2024-05-12 10:02:36'),(25,'Atithi Devo Bhava','This program is designed to cultivate habits promoting Indian hospitality and cultural awareness.','Personnel',NULL,20,'Achieve personal fitness goals','Entry Level Sales Professionals, Sales Newbies',2000,'https://postactionsbucket.s3.ap-south-1.amazonaws.com/uploads/programPicture/scale-yoga-pose.png','socialWellbeing','#EDE1DA',400,'2024-05-12 10:03:21','2024-05-12 10:03:21'),(26,'Get Rajinified','This program is designed to cultivate management habits inspired by Rajini\'s unique and impactful leadership style and charisma','Personnel',NULL,20,'Achieve personal fitness goals','Entry Level Sales Professionals, Sales Newbies',2000,'https://postactionsbucket.s3.ap-south-1.amazonaws.com/uploads/programPicture/scale-yoga-pose.png','intellectualWellbeing','#E6DAED',400,'2024-05-12 10:04:02','2024-05-12 10:04:02');
/*!40000 ALTER TABLE `programs` ENABLE KEYS */;
UNLOCK TABLES;

--
-- Table structure for table `reqprogramans`
--

DROP TABLE IF EXISTS `reqprogramans`;
/*!40101 SET @saved_cs_client     = @@character_set_client */;
/*!50503 SET character_set_client = utf8mb4 */;
CREATE TABLE `reqprogramans` (
  `id` int NOT NULL AUTO_INCREMENT,
  `userId` int NOT NULL,
  `category` text NOT NULL,
  `qn1` text NOT NULL,
  `qn2` text NOT NULL,
  `createdAt` datetime NOT NULL,
  `updatedAt` datetime NOT NULL,
  PRIMARY KEY (`id`)
) ENGINE=InnoDB AUTO_INCREMENT=5 DEFAULT CHARSET=utf8mb4 COLLATE=utf8mb4_0900_ai_ci;
/*!40101 SET character_set_client = @saved_cs_client */;

--
-- Dumping data for table `reqprogramans`
--

LOCK TABLES `reqprogramans` WRITE;
/*!40000 ALTER TABLE `reqprogramans` DISABLE KEYS */;
INSERT INTO `reqprogramans` VALUES (1,48,'Physical Wellbeing','Six packs','Crunches','2024-05-02 17:51:54','2024-05-02 17:51:54'),(2,7,'Mental Wellbeing','I want a program to help me plan my day better & spend time with the most amazing person- the light of my life, my lovely wife!','Reduce phone usage\nFlirt less with Subbu','2024-05-08 19:14:05','2024-05-08 19:14:05'),(3,64,'Intellectual Wellbeing','I want to be a reader','Keep a book with me during the travel\nRead 2 Pages a day \nRead 2 Pages of fiction book','2024-05-11 10:41:24','2024-05-11 10:41:24'),(4,10,'知的福祉','nothing','okay','2024-05-13 17:42:47','2024-05-13 17:42:47');
/*!40000 ALTER TABLE `reqprogramans` ENABLE KEYS */;
UNLOCK TABLES;

--
-- Table structure for table `reqprogramqns`
--

DROP TABLE IF EXISTS `reqprogramqns`;
/*!40101 SET @saved_cs_client     = @@character_set_client */;
/*!50503 SET character_set_client = utf8mb4 */;
CREATE TABLE `reqprogramqns` (
  `id` int NOT NULL AUTO_INCREMENT,
  `question` varchar(255) NOT NULL,
  `description` varchar(255) DEFAULT NULL,
  `questionType` varchar(255) DEFAULT NULL,
  `example` varchar(255) DEFAULT NULL,
  `createdAt` datetime NOT NULL,
  `updatedAt` datetime NOT NULL,
  PRIMARY KEY (`id`)
) ENGINE=InnoDB AUTO_INCREMENT=4 DEFAULT CHARSET=utf8mb4 COLLATE=utf8mb4_0900_ai_ci;
/*!40101 SET character_set_client = @saved_cs_client */;

--
-- Dumping data for table `reqprogramqns`
--

LOCK TABLES `reqprogramqns` WRITE;
/*!40000 ALTER TABLE `reqprogramqns` DISABLE KEYS */;
INSERT INTO `reqprogramqns` VALUES (1,'Choose a category',NULL,'category',NULL,'2024-03-29 11:53:07','2024-04-23 07:53:18'),(2,'What is the desired identity that you want to achieve?','Be specific about who you want to become, what you want to be doing, what your life should be','question',' I want to be a fit individual, I want to be a productive professional','2024-03-29 11:53:07','2024-03-29 11:53:07'),(3,'What are some tiny actions you would like to do consistently everyday that will make a difference in the long run contributing to your desired identity?','Make your actions tiny, something that you can do in 2 minutes to begin with','question',NULL,'2024-03-29 11:53:07','2024-04-01 05:36:18');
/*!40000 ALTER TABLE `reqprogramqns` ENABLE KEYS */;
UNLOCK TABLES;

--
-- Table structure for table `safeZones`
--

DROP TABLE IF EXISTS `safeZones`;
/*!40101 SET @saved_cs_client     = @@character_set_client */;
/*!50503 SET character_set_client = utf8mb4 */;
CREATE TABLE `safeZones` (
  `id` int NOT NULL AUTO_INCREMENT,
  `diff` varchar(255) DEFAULT NULL,
  `name` varchar(255) NOT NULL,
  `height` int NOT NULL,
  `country` varchar(255) NOT NULL,
  `location` varchar(255) NOT NULL,
  `relatedTo` varchar(255) NOT NULL,
  `image` varchar(255) NOT NULL,
  `createdAt` datetime NOT NULL,
  `updatedAt` datetime NOT NULL,
  PRIMARY KEY (`id`)
) ENGINE=InnoDB AUTO_INCREMENT=12 DEFAULT CHARSET=utf8mb4 COLLATE=utf8mb4_0900_ai_ci;
/*!40101 SET character_set_client = @saved_cs_client */;

--
-- Dumping data for table `safeZones`
--

LOCK TABLES `safeZones` WRITE;
/*!40000 ALTER TABLE `safeZones` DISABLE KEYS */;
INSERT INTO `safeZones` VALUES (1,'0','Olympic Diving Lower Platform',5,'','','Structure','https://postactionsbucket.s3.ap-south-1.amazonaws.com/uploads/milestones/high-diving-board+1.png','0000-00-00 00:00:00','0000-00-00 00:00:00'),(2,'5','Two-Storey Building',10,'','','Building','https://postactionsbucket.s3.ap-south-1.amazonaws.com/uploads/milestones/buildings+(1)+1.png','0000-00-00 00:00:00','0000-00-00 00:00:00'),(3,'16','Gateway of India',26,'India','Mumbai','Monument','https://postactionsbucket.s3.ap-south-1.amazonaws.com/uploads/milestones/gateway-of-india.png','2024-03-11 15:34:33','2024-03-11 15:34:35'),(4,'16','India Gate',42,'India','New Delhi','Monument','https://postactionsbucket.s3.ap-south-1.amazonaws.com/uploads/milestones/delhi-gate.png','2024-03-11 15:34:33','2024-03-11 15:34:35'),(5,'20','Golden Temple',62,'India','Amritsar','Temple','https://postactionsbucket.s3.ap-south-1.amazonaws.com/uploads/milestones/empire-state+1.png','2024-03-11 15:34:33','2024-03-11 15:34:33'),(6,'11','Taj Mahal',73,'India','Agra','Monument','https://postactionsbucket.s3.ap-south-1.amazonaws.com/uploads/milestones/Frame+482068.png','2024-03-11 15:34:33','2024-03-11 15:34:33'),(7,'9','Perth Bell Tower',82,'Australia','Perth','Structure','https://postactionsbucket.s3.ap-south-1.amazonaws.com/uploads/milestones/Frame+482070.png','2024-03-11 15:34:33','2024-03-11 15:34:33'),(8,'6','United States Capitol',88,'USA','Washington D.C','Building','https://postactionsbucket.s3.ap-south-1.amazonaws.com/uploads/milestones/Frame+482415.png','2024-03-11 15:34:33','2024-03-11 15:34:33'),(9,'5','Statue of Liberty',93,'USA','New York City','Statue','https://postactionsbucket.s3.ap-south-1.amazonaws.com/uploads/milestones/lotte-world-tower+1.png','2024-03-11 15:34:33','2024-03-11 15:34:33'),(10,'25','BSE Limited',118,'India','Mumbai','Building','https://postactionsbucket.s3.ap-south-1.amazonaws.com/uploads/milestones/pyramids.png','2024-03-11 15:34:33','2024-03-11 15:34:33'),(11,'10','Spring Temple Buddha',128,'China','Lushan','Statue','https://postactionsbucket.s3.ap-south-1.amazonaws.com/uploads/milestones/taj-mahal.png','2024-03-11 15:34:33','2024-03-11 15:34:33');
/*!40000 ALTER TABLE `safeZones` ENABLE KEYS */;
UNLOCK TABLES;

--
-- Table structure for table `shapeUpdates`
--

DROP TABLE IF EXISTS `shapeUpdates`;
/*!40101 SET @saved_cs_client     = @@character_set_client */;
/*!50503 SET character_set_client = utf8mb4 */;
CREATE TABLE `shapeUpdates` (
  `id` int NOT NULL AUTO_INCREMENT,
  `isFallen` tinyint(1) DEFAULT '0',
  `isShown` tinyint(1) DEFAULT '0',
  `fallAboveShapes` tinyint(1) DEFAULT '0',
  `createdAt` datetime NOT NULL,
  `updatedAt` datetime NOT NULL,
  `userId` int DEFAULT NULL,
  `shapeId` int DEFAULT NULL,
  `taskId` int DEFAULT NULL,
  `programId` int DEFAULT NULL,
  PRIMARY KEY (`id`),
  KEY `userId` (`userId`),
  KEY `shapeId` (`shapeId`),
  KEY `taskId` (`taskId`),
  KEY `programId` (`programId`),
  CONSTRAINT `shapeUpdates_ibfk_1` FOREIGN KEY (`userId`) REFERENCES `users` (`id`) ON DELETE SET NULL ON UPDATE CASCADE,
  CONSTRAINT `shapeUpdates_ibfk_2` FOREIGN KEY (`shapeId`) REFERENCES `shapes` (`id`) ON DELETE SET NULL ON UPDATE CASCADE,
  CONSTRAINT `shapeUpdates_ibfk_3` FOREIGN KEY (`taskId`) REFERENCES `tasks` (`id`) ON DELETE SET NULL ON UPDATE CASCADE,
  CONSTRAINT `shapeUpdates_ibfk_4` FOREIGN KEY (`programId`) REFERENCES `programs` (`id`) ON DELETE SET NULL ON UPDATE CASCADE
) ENGINE=InnoDB AUTO_INCREMENT=586 DEFAULT CHARSET=utf8mb4 COLLATE=utf8mb4_0900_ai_ci;
/*!40101 SET character_set_client = @saved_cs_client */;

--
-- Dumping data for table `shapeUpdates`
--

LOCK TABLES `shapeUpdates` WRITE;
/*!40000 ALTER TABLE `shapeUpdates` DISABLE KEYS */;
INSERT INTO `shapeUpdates` VALUES (1,0,0,0,'2024-04-24 07:06:47','2024-04-24 07:06:47',9,67,53,9),(2,0,0,0,'2024-04-24 07:09:30','2024-04-24 07:09:30',9,59,8,2),(3,0,0,0,'2024-04-24 07:23:21','2024-04-24 07:23:21',8,52,8,2),(4,0,0,0,'2024-04-24 07:23:49','2024-04-24 07:23:49',8,59,53,9),(5,0,0,0,'2024-04-24 07:23:49','2024-04-24 07:23:49',8,14,53,9),(6,0,0,0,'2024-04-24 07:29:26','2024-04-24 07:29:26',10,76,53,9),(7,0,0,0,'2024-04-24 07:32:57','2024-04-24 07:32:57',10,33,8,2),(8,0,0,0,'2024-04-24 07:32:57','2024-04-24 07:32:57',10,14,8,2),(9,0,0,0,'2024-04-24 07:59:55','2024-04-24 07:59:55',7,28,8,2),(10,0,0,0,'2024-04-24 08:00:09','2024-04-24 08:00:09',7,51,53,9),(11,0,0,0,'2024-04-24 08:00:09','2024-04-24 08:00:09',7,14,53,9),(12,0,0,0,'2024-04-24 08:09:29','2024-04-24 08:09:29',11,4,8,2),(13,0,0,0,'2024-04-24 08:09:42','2024-04-24 08:09:42',11,3,67,11),(14,0,0,0,'2024-04-24 08:09:42','2024-04-24 08:09:42',11,14,67,11),(15,0,0,0,'2024-04-24 08:53:35','2024-04-24 08:53:35',12,37,53,9),(16,0,0,0,'2024-04-24 08:54:34','2024-04-24 08:54:34',12,33,8,2),(17,0,0,0,'2024-04-24 08:54:34','2024-04-24 08:54:34',12,14,8,2),(18,0,0,0,'2024-04-24 11:42:21','2024-04-24 11:42:21',14,22,60,10),(19,0,0,0,'2024-04-24 11:42:37','2024-04-24 11:42:37',14,74,8,2),(20,0,0,0,'2024-04-24 11:42:37','2024-04-24 11:42:37',14,14,8,2),(21,0,0,0,'2024-04-25 06:28:50','2024-04-25 06:28:50',10,18,9,2),(22,0,0,0,'2024-04-25 06:31:09','2024-04-25 06:31:09',10,33,54,9),(23,0,0,0,'2024-04-25 06:31:09','2024-04-25 06:31:09',10,14,54,9),(24,0,0,0,'2024-04-25 07:29:04','2024-04-25 07:29:04',12,6,54,9),(25,0,0,0,'2024-04-25 07:39:50','2024-04-25 07:39:50',15,46,28,5),(26,0,0,0,'2024-04-25 07:40:05','2024-04-25 07:40:05',15,1,53,9),(27,0,0,0,'2024-04-25 07:40:05','2024-04-25 07:40:05',15,14,53,9),(28,0,0,0,'2024-04-25 07:44:23','2024-04-25 07:44:23',12,58,9,2),(29,0,0,0,'2024-04-25 07:44:23','2024-04-25 07:44:23',12,14,9,2),(30,0,0,0,'2024-04-25 11:29:04','2024-04-25 11:29:04',12,37,60,10),(31,0,0,0,'2024-04-25 11:29:56','2024-04-25 11:29:56',12,36,67,11),(32,0,0,0,'2024-04-25 11:32:57','2024-04-25 11:32:57',12,43,81,13),(33,0,0,0,'2024-04-25 11:33:26','2024-04-25 11:33:26',12,12,88,14),(34,0,0,0,'2024-04-25 11:33:26','2024-04-25 11:33:26',12,55,88,14),(35,0,0,0,'2024-04-25 13:48:53','2024-04-25 13:48:53',19,17,67,11),(36,0,0,0,'2024-04-25 13:50:01','2024-04-25 13:50:01',19,37,8,2),(37,0,0,0,'2024-04-25 13:50:01','2024-04-25 13:50:01',19,14,8,2),(38,0,0,0,'2024-04-25 14:04:39','2024-04-25 14:04:39',18,6,8,2),(39,0,0,0,'2024-04-25 14:05:06','2024-04-25 14:05:06',18,68,53,9),(40,0,0,0,'2024-04-25 14:05:06','2024-04-25 14:05:06',18,14,53,9),(41,0,0,0,'2024-04-25 16:09:27','2024-04-25 16:09:27',20,6,53,9),(42,0,0,0,'2024-04-25 16:10:27','2024-04-25 16:10:27',20,28,8,2),(43,0,0,0,'2024-04-25 16:10:27','2024-04-25 16:10:27',20,14,8,2),(44,0,0,0,'2024-04-25 16:14:11','2024-04-25 16:14:11',20,63,88,14),(45,0,0,0,'2024-04-25 16:14:11','2024-04-25 16:14:11',20,14,88,14),(46,0,0,0,'2024-04-25 16:17:00','2024-04-25 16:17:00',20,70,67,11),(47,0,0,0,'2024-04-25 16:17:00','2024-04-25 16:17:00',20,14,67,11),(48,0,0,0,'2024-04-25 16:32:30','2024-04-25 16:32:30',20,2,81,13),(49,0,0,0,'2024-04-25 16:32:30','2024-04-25 16:32:30',20,14,81,13),(50,0,0,0,'2024-04-25 20:03:05','2024-04-25 20:03:05',10,61,60,10),(51,0,0,0,'2024-04-25 20:03:05','2024-04-25 20:03:05',10,14,60,10),(52,0,0,0,'2024-04-26 04:08:24','2024-04-26 04:08:24',10,57,61,10),(53,0,0,0,'2024-04-26 04:08:32','2024-04-26 04:08:32',10,12,54,9),(54,0,0,0,'2024-04-26 04:08:32','2024-04-26 04:08:32',10,6,54,9),(55,0,0,0,'2024-04-26 04:08:42','2024-04-26 04:08:42',10,60,9,2),(56,0,0,0,'2024-04-26 04:08:42','2024-04-26 04:08:42',10,14,9,2),(57,0,0,0,'2024-04-26 09:45:43','2024-04-26 09:45:43',12,52,54,9),(58,0,0,0,'2024-04-26 09:45:56','2024-04-26 09:45:56',12,46,9,2),(59,0,0,0,'2024-04-26 09:48:00','2024-04-26 09:48:00',12,45,82,13),(60,0,0,0,'2024-04-26 11:34:39','2024-04-26 11:34:39',10,54,1,1),(61,0,0,0,'2024-04-26 11:34:39','2024-04-26 11:34:39',10,14,1,1),(62,0,0,0,'2024-04-26 11:36:41','2024-04-26 11:36:41',24,4,8,2),(63,0,0,0,'2024-04-26 11:36:59','2024-04-26 11:36:59',24,56,67,11),(64,0,0,0,'2024-04-26 11:36:59','2024-04-26 11:36:59',24,14,67,11),(65,0,0,0,'2024-04-26 12:36:22','2024-04-26 12:36:22',23,74,53,9),(66,0,0,0,'2024-04-26 12:37:43','2024-04-26 12:37:43',23,33,8,2),(67,0,0,0,'2024-04-26 12:37:43','2024-04-26 12:37:43',23,14,8,2),(68,0,0,0,'2024-04-26 13:09:23','2024-04-26 13:09:23',8,24,9,2),(69,0,0,0,'2024-04-27 05:02:11','2024-04-27 05:02:11',10,35,2,1),(70,0,0,0,'2024-04-27 08:11:17','2024-04-27 08:11:17',26,4,67,11),(71,0,0,0,'2024-04-27 08:12:02','2024-04-27 08:12:02',26,32,8,2),(72,0,0,0,'2024-04-27 08:12:03','2024-04-27 08:12:03',26,14,8,2),(73,0,0,0,'2024-04-27 09:10:07','2024-04-27 09:10:07',18,36,54,9),(74,0,0,0,'2024-04-27 09:26:07','2024-04-27 09:26:07',35,66,15,3),(75,0,0,0,'2024-04-27 09:27:00','2024-04-27 09:27:00',35,58,67,11),(76,0,0,0,'2024-04-27 09:27:00','2024-04-27 09:27:00',35,14,67,11),(77,0,0,0,'2024-04-27 09:45:54','2024-04-27 09:45:54',35,60,60,10),(78,0,0,0,'2024-04-27 09:45:54','2024-04-27 09:45:54',35,14,60,10),(79,0,0,0,'2024-04-27 10:32:11','2024-04-27 10:32:11',36,21,1,1),(80,0,0,0,'2024-04-27 10:32:50','2024-04-27 10:32:50',36,79,67,11),(81,0,0,0,'2024-04-27 10:32:50','2024-04-27 10:32:50',36,14,67,11),(82,0,0,0,'2024-04-27 11:57:17','2024-04-27 11:57:17',8,18,9,2),(83,0,0,0,'2024-04-28 07:37:53','2024-04-28 07:37:53',10,75,61,10),(84,0,0,0,'2024-04-28 07:58:09','2024-04-28 07:58:09',10,77,2,1),(85,0,0,0,'2024-04-28 10:46:08','2024-04-28 10:46:08',37,77,53,9),(86,0,0,0,'2024-04-28 10:46:56','2024-04-28 10:46:56',37,75,8,2),(87,0,0,0,'2024-04-28 10:46:56','2024-04-28 10:46:56',37,14,8,2),(89,0,0,0,'2024-04-29 10:07:54','2024-04-29 10:07:54',21,56,53,9),(90,0,0,0,'2024-04-29 10:07:54','2024-04-29 10:07:54',21,14,53,9),(91,0,0,0,'2024-04-29 10:55:21','2024-04-29 10:55:21',8,12,54,9),(92,0,0,0,'2024-04-29 10:55:21','2024-04-29 10:55:21',8,15,54,9),(93,0,0,0,'2024-04-29 10:57:12','2024-04-29 10:57:12',7,15,9,2),(94,0,0,0,'2024-04-29 13:29:04','2024-04-29 13:29:04',10,54,2,1),(95,0,0,0,'2024-04-29 13:31:14','2024-04-29 13:31:14',10,27,61,10),(96,0,0,0,'2024-04-29 14:24:17','2024-04-29 14:24:17',10,18,54,9),(97,0,0,0,'2024-04-29 14:28:35','2024-04-29 14:28:35',10,58,9,2),(98,0,0,0,'2024-04-29 14:28:35','2024-04-29 14:28:35',10,14,9,2),(99,0,0,0,'2024-04-29 17:32:25','2024-04-29 17:32:25',12,43,82,13),(101,0,0,0,'2024-04-30 04:28:51','2024-04-30 04:28:51',41,4,60,10),(102,0,0,0,'2024-04-30 04:29:58','2024-04-30 04:29:58',41,72,15,3),(103,0,0,0,'2024-04-30 04:29:58','2024-04-30 04:29:58',41,14,15,3),(104,0,0,0,'2024-04-30 07:05:32','2024-04-30 07:05:32',42,42,15,3),(105,0,0,0,'2024-04-30 07:06:05','2024-04-30 07:06:05',42,60,67,11),(106,0,0,0,'2024-04-30 07:06:05','2024-04-30 07:06:05',42,14,67,11),(107,0,0,0,'2024-04-30 08:57:18','2024-04-30 08:57:18',47,18,8,2),(108,0,0,0,'2024-04-30 08:57:54','2024-04-30 08:57:54',47,53,60,10),(109,0,0,0,'2024-04-30 08:57:54','2024-04-30 08:57:54',47,14,60,10),(110,0,0,0,'2024-04-30 09:22:30','2024-04-30 09:22:30',45,78,8,2),(111,0,0,0,'2024-04-30 09:22:55','2024-04-30 09:22:55',45,52,53,9),(112,0,0,0,'2024-04-30 09:22:55','2024-04-30 09:22:55',45,14,53,9),(113,0,0,0,'2024-04-30 09:27:33','2024-04-30 09:27:33',46,50,53,9),(114,0,0,0,'2024-04-30 09:28:03','2024-04-30 09:28:03',46,1,8,2),(115,0,0,0,'2024-04-30 09:28:03','2024-04-30 09:28:03',46,14,8,2),(116,0,0,0,'2024-04-30 09:39:22','2024-04-30 09:39:22',12,26,61,10),(117,0,0,0,'2024-04-30 10:21:47','2024-04-30 10:21:47',5,50,67,11),(118,0,0,0,'2024-04-30 13:16:39','2024-04-30 13:16:39',12,47,82,13),(119,0,0,0,'2024-05-01 14:06:35','2024-05-01 14:06:35',47,4,9,2),(120,0,0,0,'2024-05-01 14:07:28','2024-05-01 14:07:28',47,12,61,10),(121,0,0,0,'2024-05-01 14:07:28','2024-05-01 14:07:28',47,21,61,10),(122,0,0,0,'2024-05-01 14:07:28','2024-05-01 14:07:28',47,14,61,10),(123,0,0,0,'2024-05-01 15:04:02','2024-05-01 15:04:02',8,46,54,9),(124,0,0,0,'2024-05-01 15:09:31','2024-05-01 15:09:31',8,22,9,2),(125,0,0,0,'2024-05-01 18:26:36','2024-05-01 18:26:36',10,29,2,1),(126,0,0,0,'2024-05-02 05:28:50','2024-05-02 05:28:50',47,36,61,10),(127,0,0,0,'2024-05-02 06:13:00','2024-05-02 06:13:00',47,37,9,2),(128,0,0,0,'2024-05-02 06:13:00','2024-05-02 06:13:00',47,14,9,2),(129,0,0,0,'2024-05-02 07:05:30','2024-05-02 07:05:30',10,24,61,10),(130,0,0,0,'2024-05-02 08:30:54','2024-05-02 08:30:54',12,31,82,13),(131,0,0,0,'2024-05-02 08:35:51','2024-05-02 08:35:51',12,19,61,10),(132,0,0,0,'2024-05-02 08:37:36','2024-05-02 08:37:36',12,36,54,9),(133,0,0,0,'2024-05-02 08:38:29','2024-05-02 08:38:29',12,73,9,2),(134,0,0,0,'2024-05-02 11:37:28','2024-05-02 11:37:28',46,41,9,2),(135,0,0,0,'2024-05-02 13:41:50','2024-05-02 13:41:50',8,37,54,9),(136,0,0,0,'2024-05-02 13:44:48','2024-05-02 13:44:48',8,69,9,2),(137,0,0,0,'2024-05-02 14:50:35','2024-05-02 14:50:35',12,73,74,12),(138,0,0,0,'2024-05-02 14:50:50','2024-05-02 14:50:50',12,44,89,14),(139,0,0,0,'2024-05-02 14:51:24','2024-05-02 14:51:24',12,23,68,11),(140,0,0,0,'2024-05-02 16:35:19','2024-05-02 16:35:19',47,12,53,9),(141,0,0,0,'2024-05-02 16:35:19','2024-05-02 16:35:19',47,60,53,9),(142,0,0,0,'2024-05-02 16:35:19','2024-05-02 16:35:19',47,14,53,9),(143,0,0,0,'2024-05-02 18:02:35','2024-05-02 18:02:35',48,75,60,10),(144,0,0,0,'2024-05-02 18:07:52','2024-05-02 18:07:52',48,65,95,15),(145,0,0,0,'2024-05-02 18:07:52','2024-05-02 18:07:52',48,14,95,15),(146,0,0,0,'2024-05-03 05:20:29','2024-05-03 05:20:29',12,62,89,14),(147,0,0,0,'2024-05-03 05:21:18','2024-05-03 05:21:18',12,41,9,2),(148,0,0,0,'2024-05-03 05:22:57','2024-05-03 05:22:57',12,12,82,13),(149,0,0,0,'2024-05-03 05:22:57','2024-05-03 05:22:57',12,58,82,13),(150,0,0,0,'2024-05-03 07:11:53','2024-05-03 07:11:53',8,12,54,9),(151,0,0,0,'2024-05-03 07:11:53','2024-05-03 07:11:53',8,46,54,9),(152,0,0,0,'2024-05-03 07:13:43','2024-05-03 07:13:43',8,76,9,2),(153,0,0,0,'2024-05-03 12:40:31','2024-05-03 12:40:31',51,48,15,3),(154,0,0,0,'2024-05-03 12:41:20','2024-05-03 12:41:20',51,42,53,9),(155,0,0,0,'2024-05-03 12:41:20','2024-05-03 12:41:20',51,14,53,9),(156,0,0,0,'2024-05-03 12:58:03','2024-05-03 12:58:03',48,25,61,10),(157,0,0,0,'2024-05-03 13:41:51','2024-05-03 13:41:51',12,41,54,9),(158,0,0,0,'2024-05-03 13:45:19','2024-05-03 13:45:19',12,69,68,11),(159,0,0,0,'2024-05-03 13:45:46','2024-05-03 13:45:46',12,42,75,12),(160,0,0,0,'2024-05-03 13:45:58','2024-05-03 13:45:58',12,41,61,10),(161,0,0,0,'2024-05-04 07:22:52','2024-05-04 07:22:52',7,42,9,2),(162,0,0,0,'2024-05-04 11:01:07','2024-05-04 11:01:07',10,72,2,1),(163,0,0,0,'2024-05-04 11:04:31','2024-05-04 11:04:31',47,31,54,9),(164,0,0,0,'2024-05-04 11:06:42','2024-05-04 11:06:42',47,6,61,10),(165,0,0,0,'2024-05-04 11:07:05','2024-05-04 11:07:05',47,45,9,2),(166,0,0,0,'2024-05-04 11:07:05','2024-05-04 11:07:05',47,14,9,2),(167,0,0,0,'2024-05-05 05:47:10','2024-05-05 05:47:10',12,24,75,12),(168,0,0,0,'2024-05-05 05:48:09','2024-05-05 05:48:09',12,19,54,9),(169,0,0,0,'2024-05-05 05:48:35','2024-05-05 05:48:35',12,32,9,2),(170,0,0,0,'2024-05-05 05:49:25','2024-05-05 05:49:25',12,2,89,14),(171,0,0,0,'2024-05-05 05:49:54','2024-05-05 05:49:54',12,22,82,13),(172,0,0,0,'2024-05-05 05:50:13','2024-05-05 05:50:13',12,66,68,11),(173,0,0,0,'2024-05-05 07:21:41','2024-05-05 07:21:41',10,12,2,1),(174,0,0,0,'2024-05-05 07:21:41','2024-05-05 07:21:41',10,39,2,1),(175,0,0,0,'2024-05-05 07:23:35','2024-05-05 07:23:35',10,79,61,10),(176,0,0,0,'2024-05-05 07:27:51','2024-05-05 07:27:51',10,48,54,9),(177,0,0,0,'2024-05-05 07:31:40','2024-05-05 07:31:40',10,67,9,2),(178,0,0,0,'2024-05-05 07:31:40','2024-05-05 07:31:40',10,14,9,2),(179,0,0,0,'2024-05-05 10:53:22','2024-05-05 10:53:22',12,57,61,10),(180,0,0,0,'2024-05-05 14:07:23','2024-05-05 14:07:23',8,62,54,9),(181,0,0,0,'2024-05-06 06:30:31','2024-05-06 06:30:31',12,20,9,2),(182,0,0,0,'2024-05-06 08:08:22','2024-05-06 08:08:22',12,42,75,12),(183,0,0,0,'2024-05-06 08:09:44','2024-05-06 08:09:44',12,26,54,9),(184,0,0,0,'2024-05-06 09:49:11','2024-05-06 09:49:11',50,35,53,9),(185,0,0,0,'2024-05-06 09:50:18','2024-05-06 09:50:18',50,15,95,15),(186,0,0,0,'2024-05-06 09:50:18','2024-05-06 09:50:18',50,14,95,15),(187,0,0,0,'2024-05-06 09:56:21','2024-05-06 09:56:21',12,70,89,14),(188,0,0,0,'2024-05-06 09:56:45','2024-05-06 09:56:45',12,12,82,13),(189,0,0,0,'2024-05-06 09:56:45','2024-05-06 09:56:45',12,74,82,13),(190,0,0,0,'2024-05-06 09:57:09','2024-05-06 09:57:09',12,26,68,11),(191,0,0,0,'2024-05-06 09:57:22','2024-05-06 09:57:22',12,19,61,10),(192,0,0,0,'2024-05-06 11:12:39','2024-05-06 11:12:39',10,53,2,1),(193,0,0,0,'2024-05-06 13:23:14','2024-05-06 13:23:14',53,28,15,3),(194,0,0,0,'2024-05-06 13:24:04','2024-05-06 13:24:04',53,69,53,9),(195,0,0,0,'2024-05-06 13:24:04','2024-05-06 13:24:04',53,14,53,9),(196,0,0,0,'2024-05-06 13:41:51','2024-05-06 13:41:51',7,29,9,2),(197,0,0,0,'2024-05-07 06:07:36','2024-05-07 06:07:36',10,50,15,3),(198,0,0,0,'2024-05-07 06:49:50','2024-05-07 06:49:50',12,18,68,11),(199,0,0,0,'2024-05-07 07:04:11','2024-05-07 07:04:11',12,44,75,12),(200,0,0,0,'2024-05-07 07:07:01','2024-05-07 07:07:01',12,77,9,2),(201,0,0,0,'2024-05-07 07:07:13','2024-05-07 07:07:13',12,50,89,14),(202,0,0,0,'2024-05-07 08:05:23','2024-05-07 08:05:23',47,65,15,3),(203,0,0,0,'2024-05-07 10:20:44','2024-05-07 10:20:44',10,67,2,1),(204,0,0,0,'2024-05-07 10:23:02','2024-05-07 10:23:02',10,60,61,10),(205,0,0,0,'2024-05-07 10:29:21','2024-05-07 10:29:21',10,48,54,9),(206,0,0,0,'2024-05-07 10:30:32','2024-05-07 10:30:32',10,39,9,2),(207,0,0,0,'2024-05-07 10:30:32','2024-05-07 10:30:32',10,14,9,2),(208,0,0,0,'2024-05-07 10:34:48','2024-05-07 10:34:48',12,62,82,13),(209,0,0,0,'2024-05-07 10:35:35','2024-05-07 10:35:35',12,33,61,10),(210,0,0,0,'2024-05-07 11:25:06','2024-05-07 11:25:06',46,12,54,9),(211,0,0,0,'2024-05-07 11:25:06','2024-05-07 11:25:06',46,62,54,9),(212,0,0,0,'2024-05-07 11:30:30','2024-05-07 11:30:30',46,33,9,2),(213,0,0,0,'2024-05-07 11:30:30','2024-05-07 11:30:30',46,14,9,2),(214,0,0,0,'2024-05-07 14:11:48','2024-05-07 14:11:48',10,78,74,12),(215,0,0,0,'2024-05-08 05:04:56','2024-05-08 05:04:56',8,17,9,2),(216,0,0,0,'2024-05-08 05:06:29','2024-05-08 05:06:29',8,40,54,9),(217,0,0,0,'2024-05-08 07:22:39','2024-05-08 07:22:39',46,2,74,12),(218,0,0,0,'2024-05-08 07:55:10','2024-05-08 07:55:10',12,22,89,14),(219,0,0,0,'2024-05-08 11:56:14','2024-05-08 11:56:14',12,26,75,12),(220,0,0,0,'2024-05-08 14:14:41','2024-05-08 14:14:41',12,20,82,13),(221,0,0,0,'2024-05-08 17:00:55','2024-05-08 17:00:55',12,1,68,11),(222,0,0,0,'2024-05-08 17:02:00','2024-05-08 17:02:00',12,6,54,9),(223,0,0,0,'2024-05-08 17:03:50','2024-05-08 17:03:50',12,41,61,10),(224,0,0,0,'2024-05-08 19:22:53','2024-05-08 19:22:53',7,78,9,2),(225,0,0,0,'2024-05-09 05:18:15','2024-05-09 05:18:15',8,59,9,2),(226,0,0,0,'2024-05-09 07:43:13','2024-05-09 07:43:13',12,34,61,10),(227,0,0,0,'2024-05-09 07:53:53','2024-05-09 07:53:53',8,74,54,9),(228,0,0,0,'2024-05-09 08:42:07','2024-05-09 08:42:07',12,32,75,12),(229,0,0,0,'2024-05-09 08:43:12','2024-05-09 08:43:12',12,26,89,14),(230,0,0,0,'2024-05-09 09:50:49','2024-05-09 09:50:49',10,48,75,12),(231,0,0,0,'2024-05-09 09:53:47','2024-05-09 09:53:47',10,61,16,3),(232,0,0,0,'2024-05-09 10:09:54','2024-05-09 10:09:54',10,27,2,1),(233,0,0,0,'2024-05-09 11:18:12','2024-05-09 11:18:12',10,12,61,10),(234,0,0,0,'2024-05-09 11:18:12','2024-05-09 11:18:12',10,62,61,10),(235,0,0,0,'2024-05-09 12:55:01','2024-05-09 12:55:01',47,57,16,3),(236,0,0,0,'2024-05-09 13:03:45','2024-05-09 13:03:45',47,63,54,9),(237,0,0,0,'2024-05-09 13:10:07','2024-05-09 13:10:07',12,51,82,13),(238,0,0,0,'2024-05-09 14:03:50','2024-05-09 14:03:50',60,1,8,2),(239,0,0,0,'2024-05-09 14:03:50','2024-05-09 14:03:50',60,14,8,2),(240,0,0,0,'2024-05-09 14:11:54','2024-05-09 14:11:54',10,33,54,9),(241,0,0,0,'2024-05-09 14:30:50','2024-05-09 14:30:50',60,5,53,9),(242,0,0,0,'2024-05-09 15:02:45','2024-05-09 15:02:45',61,59,15,3),(243,0,0,0,'2024-05-09 15:02:45','2024-05-09 15:02:45',61,14,15,3),(244,0,0,0,'2024-05-09 15:06:00','2024-05-09 15:06:00',61,76,60,10),(245,0,0,0,'2024-05-09 15:44:31','2024-05-09 15:44:31',57,61,8,2),(246,0,0,0,'2024-05-09 15:44:31','2024-05-09 15:44:31',57,14,8,2),(247,0,0,0,'2024-05-10 05:11:15','2024-05-10 05:11:15',12,18,9,2),(248,0,0,0,'2024-05-10 07:06:59','2024-05-10 07:06:59',10,19,75,12),(249,0,0,0,'2024-05-10 08:10:48','2024-05-10 08:10:48',65,43,8,2),(250,0,0,0,'2024-05-10 08:10:48','2024-05-10 08:10:48',65,14,8,2),(251,0,0,0,'2024-05-10 08:11:11','2024-05-10 08:11:11',66,63,8,2),(252,0,0,0,'2024-05-10 08:11:11','2024-05-10 08:11:11',66,14,8,2),(253,0,0,0,'2024-05-10 08:39:06','2024-05-10 08:39:06',66,46,53,9),(254,0,0,0,'2024-05-10 08:45:47','2024-05-10 08:45:47',12,12,54,9),(255,0,0,0,'2024-05-10 08:45:47','2024-05-10 08:45:47',12,43,54,9),(256,0,0,0,'2024-05-10 08:51:02','2024-05-10 08:51:02',65,46,53,9),(257,0,0,0,'2024-05-10 09:27:45','2024-05-10 09:27:45',12,77,61,10),(258,0,0,0,'2024-05-10 17:04:18','2024-05-10 17:04:18',10,41,16,3),(259,0,0,0,'2024-05-11 04:29:46','2024-05-11 04:29:46',8,45,54,9),(260,0,0,0,'2024-05-11 06:34:41','2024-05-11 06:34:41',12,49,82,13),(261,0,0,0,'2024-05-11 06:58:48','2024-05-11 06:58:48',68,19,8,2),(262,0,0,0,'2024-05-11 06:58:48','2024-05-11 06:58:48',68,14,8,2),(263,0,0,0,'2024-05-11 07:02:35','2024-05-11 07:02:35',68,19,60,10),(264,0,0,0,'2024-05-11 07:15:16','2024-05-11 07:15:16',68,30,53,9),(265,0,0,0,'2024-05-11 07:45:21','2024-05-11 07:45:21',47,40,16,3),(266,0,0,0,'2024-05-11 07:45:40','2024-05-11 07:45:40',47,29,54,9),(267,0,0,0,'2024-05-11 07:46:18','2024-05-11 07:46:18',47,15,61,10),(268,0,0,0,'2024-05-11 07:46:42','2024-05-11 07:46:42',47,5,9,2),(269,0,0,0,'2024-05-11 07:46:42','2024-05-11 07:46:42',47,14,9,2),(270,0,0,0,'2024-05-11 08:05:02','2024-05-11 08:05:02',47,45,67,11),(271,0,0,0,'2024-05-11 08:08:51','2024-05-11 08:08:51',47,72,74,12),(272,0,0,0,'2024-05-11 08:14:31','2024-05-11 08:14:31',47,12,81,13),(273,0,0,0,'2024-05-11 08:14:31','2024-05-11 08:14:31',47,74,81,13),(274,0,0,0,'2024-05-11 08:30:38','2024-05-11 08:30:38',69,19,8,2),(275,0,0,0,'2024-05-11 08:30:38','2024-05-11 08:30:38',69,14,8,2),(276,0,0,0,'2024-05-11 10:36:30','2024-05-11 10:36:30',64,50,8,2),(277,0,0,0,'2024-05-11 10:36:30','2024-05-11 10:36:30',64,14,8,2),(278,0,0,0,'2024-05-11 10:38:41','2024-05-11 10:38:41',64,55,67,11),(279,0,0,0,'2024-05-11 12:22:11','2024-05-11 12:22:11',12,60,61,10),(280,0,0,0,'2024-05-11 14:17:59','2024-05-11 14:17:59',85,60,116,18),(281,0,0,0,'2024-05-11 14:17:59','2024-05-11 14:17:59',85,14,116,18),(282,0,0,0,'2024-05-11 14:19:45','2024-05-11 14:19:45',85,41,53,9),(283,0,0,0,'2024-05-11 14:30:07','2024-05-11 14:30:07',84,22,116,18),(284,0,0,0,'2024-05-11 14:30:07','2024-05-11 14:30:07',84,14,116,18),(285,0,0,0,'2024-05-12 06:59:09','2024-05-12 06:59:09',10,1,117,18),(286,0,0,0,'2024-05-12 07:00:18','2024-05-12 07:00:18',10,1,118,18),(287,0,0,0,'2024-05-12 07:03:18','2024-05-12 07:03:18',10,1,118,18),(288,0,0,0,'2024-05-13 03:25:40','2024-05-13 03:25:40',10,22,9,2),(289,0,0,0,'2024-05-13 07:41:21','2024-05-13 07:41:21',94,55,116,18),(290,0,0,0,'2024-05-13 07:41:21','2024-05-13 07:41:21',94,14,116,18),(291,0,0,0,'2024-05-13 08:12:27','2024-05-13 08:12:27',95,40,116,18),(292,0,0,0,'2024-05-13 08:12:27','2024-05-13 08:12:27',95,14,116,18),(293,0,0,0,'2024-05-13 08:19:44','2024-05-13 08:19:44',95,29,155,24),(294,0,0,0,'2024-05-13 08:34:21','2024-05-13 08:34:21',97,23,116,18),(295,0,0,0,'2024-05-13 08:34:21','2024-05-13 08:34:21',97,14,116,18),(296,0,0,0,'2024-05-13 08:48:04','2024-05-13 08:48:04',10,78,116,18),(297,0,0,0,'2024-05-13 09:12:04','2024-05-13 09:12:04',99,22,116,18),(298,0,0,0,'2024-05-13 09:12:04','2024-05-13 09:12:04',99,14,116,18),(299,0,0,0,'2024-05-13 09:19:29','2024-05-13 09:19:29',99,60,162,25),(300,0,0,0,'2024-05-13 09:42:29','2024-05-13 09:42:29',101,32,116,18),(301,0,0,0,'2024-05-13 09:42:29','2024-05-13 09:42:29',101,14,116,18),(302,0,0,0,'2024-05-13 09:46:16','2024-05-13 09:46:16',101,28,60,10),(303,0,0,0,'2024-05-13 12:39:01','2024-05-13 12:39:01',166,59,116,18),(304,0,0,0,'2024-05-13 12:39:01','2024-05-13 12:39:01',166,14,116,18),(305,0,0,0,'2024-05-13 12:40:55','2024-05-13 12:40:55',166,41,162,25),(306,0,0,0,'2024-05-13 12:48:03','2024-05-13 12:48:03',10,18,16,3),(307,0,0,0,'2024-05-13 12:48:43','2024-05-13 12:48:43',10,36,75,12),(308,0,0,0,'2024-05-13 13:31:09','2024-05-13 13:31:09',164,37,116,18),(309,0,0,0,'2024-05-13 13:31:09','2024-05-13 13:31:09',164,14,116,18),(310,0,0,0,'2024-05-13 13:44:30','2024-05-13 13:44:30',164,76,53,9),(311,0,0,0,'2024-05-13 13:50:26','2024-05-13 13:50:26',164,57,60,10),(312,0,0,0,'2024-05-13 13:50:49','2024-05-13 13:50:49',164,12,67,11),(313,0,0,0,'2024-05-13 13:50:49','2024-05-13 13:50:49',164,79,67,11),(314,0,0,0,'2024-05-14 05:36:01','2024-05-14 05:36:01',168,51,81,13),(315,0,0,0,'2024-05-14 05:37:12','2024-05-14 05:37:12',168,46,116,18),(316,0,0,0,'2024-05-14 05:37:12','2024-05-14 05:37:12',168,14,116,18),(317,0,0,0,'2024-05-14 06:05:11','2024-05-14 06:05:11',12,57,68,11),(318,0,0,0,'2024-05-14 07:25:35','2024-05-14 07:25:35',12,3,89,14),(319,0,0,0,'2024-05-14 11:26:25','2024-05-14 11:26:25',172,38,116,18),(320,0,0,0,'2024-05-14 11:26:25','2024-05-14 11:26:25',172,14,116,18),(321,0,0,0,'2024-05-14 11:37:23','2024-05-14 11:37:23',172,61,60,10),(322,0,0,0,'2024-05-14 11:41:46','2024-05-14 11:41:46',172,73,162,25),(323,0,0,0,'2024-05-14 11:41:59','2024-05-14 11:41:59',172,12,123,19),(324,0,0,0,'2024-05-14 11:41:59','2024-05-14 11:41:59',172,32,123,19),(325,0,0,0,'2024-05-14 12:24:32','2024-05-14 12:24:32',174,69,116,18),(326,0,0,0,'2024-05-14 12:24:40','2024-05-14 12:24:40',174,32,60,10),(327,0,0,0,'2024-05-14 12:24:40','2024-05-14 12:24:40',174,14,60,10),(328,0,0,0,'2024-05-14 12:42:09','2024-05-14 12:42:09',176,36,116,18),(329,0,0,0,'2024-05-14 12:42:09','2024-05-14 12:42:09',176,14,116,18),(330,0,0,0,'2024-05-14 12:45:05','2024-05-14 12:45:05',176,27,53,9),(331,0,0,0,'2024-05-14 15:14:16','2024-05-14 15:14:16',54,29,15,3),(332,0,0,0,'2024-05-14 15:14:17','2024-05-14 15:14:17',54,14,15,3),(333,0,0,0,'2024-05-14 15:17:18','2024-05-14 15:17:18',54,21,81,13),(334,0,0,0,'2024-05-15 02:52:20','2024-05-15 02:52:20',7,12,109,17),(335,0,0,0,'2024-05-15 02:52:20','2024-05-15 02:52:20',7,56,109,17),(336,0,0,0,'2024-05-15 03:05:37','2024-05-15 03:05:37',70,43,8,2),(337,0,0,0,'2024-05-15 03:05:37','2024-05-15 03:05:37',70,14,8,2),(338,0,0,0,'2024-05-15 06:08:51','2024-05-15 06:08:51',12,24,68,11),(339,0,0,0,'2024-05-15 06:09:40','2024-05-15 06:09:40',12,58,75,12),(340,0,0,0,'2024-05-15 06:38:20','2024-05-15 06:38:20',7,30,9,2),(341,0,0,0,'2024-05-15 07:09:10','2024-05-15 07:09:10',178,28,116,18),(342,0,0,0,'2024-05-15 07:09:10','2024-05-15 07:09:10',178,14,116,18),(343,0,0,0,'2024-05-15 16:58:59','2024-05-15 16:58:59',10,43,16,3),(344,0,0,0,'2024-05-16 05:45:09','2024-05-16 05:45:09',12,44,82,13),(345,0,0,0,'2024-05-16 05:45:29','2024-05-16 05:45:29',12,79,61,10),(346,0,0,0,'2024-05-16 11:40:17','2024-05-16 11:40:17',70,79,9,2),(347,0,0,0,'2024-05-16 11:40:17','2024-05-16 11:40:17',70,14,9,2),(348,0,0,0,'2024-05-16 11:53:56','2024-05-16 11:53:56',7,59,110,17),(349,0,0,0,'2024-05-16 11:55:52','2024-05-16 11:55:52',7,31,9,2),(350,0,0,0,'2024-05-16 16:41:40','2024-05-16 16:41:40',12,30,75,12),(351,0,0,0,'2024-05-16 16:42:43','2024-05-16 16:42:43',12,12,89,14),(352,0,0,0,'2024-05-16 16:42:43','2024-05-16 16:42:43',12,63,89,14),(353,0,0,0,'2024-05-16 16:42:57','2024-05-16 16:42:57',12,22,68,11),(354,0,0,0,'2024-05-16 16:43:18','2024-05-16 16:43:18',12,16,54,9),(355,0,0,0,'2024-05-16 16:46:25','2024-05-16 16:46:25',12,19,9,2),(356,0,0,0,'2024-05-17 04:06:03','2024-05-17 04:06:03',70,12,9,2),(357,0,0,0,'2024-05-17 04:06:03','2024-05-17 04:06:03',70,23,9,2),(358,0,0,0,'2024-05-17 04:06:03','2024-05-17 04:06:03',70,14,9,2),(359,0,0,0,'2024-05-17 04:07:20','2024-05-17 04:07:20',70,28,60,10),(360,0,0,0,'2024-05-17 05:55:31','2024-05-17 05:55:31',10,57,75,12),(361,0,0,0,'2024-05-17 08:54:43','2024-05-17 08:54:43',166,63,163,25),(362,0,0,0,'2024-05-17 09:03:49','2024-05-17 09:03:49',166,12,117,18),(363,0,0,0,'2024-05-17 09:03:50','2024-05-17 09:03:50',166,68,117,18),(364,0,0,0,'2024-05-17 09:03:50','2024-05-17 09:03:50',166,14,117,18),(365,0,0,0,'2024-05-17 09:24:51','2024-05-17 09:24:51',7,76,9,2),(366,0,0,0,'2024-05-17 09:32:57','2024-05-17 09:32:57',7,12,54,9),(367,0,0,0,'2024-05-17 09:32:57','2024-05-17 09:32:57',7,61,54,9),(368,0,0,0,'2024-05-17 12:34:46','2024-05-17 12:34:46',10,19,2,1),(369,0,0,0,'2024-05-17 13:43:46','2024-05-17 13:43:46',10,42,54,9),(370,0,0,0,'2024-05-17 13:44:08','2024-05-17 13:44:08',10,77,9,2),(371,0,0,0,'2024-05-17 13:44:21','2024-05-17 13:44:21',10,54,118,18),(372,0,0,0,'2024-05-17 13:44:56','2024-05-17 13:44:56',10,49,61,10),(373,0,0,0,'2024-05-17 13:45:14','2024-05-17 13:45:14',10,64,16,3),(374,0,0,0,'2024-05-17 13:45:14','2024-05-17 13:45:14',10,14,16,3),(375,0,0,0,'2024-05-17 13:47:28','2024-05-17 13:47:28',197,50,116,18),(376,0,0,0,'2024-05-17 13:47:28','2024-05-17 13:47:28',197,14,116,18),(377,0,0,0,'2024-05-18 04:18:14','2024-05-18 04:18:14',10,12,9,2),(378,0,0,0,'2024-05-18 04:18:14','2024-05-18 04:18:14',10,35,9,2),(379,0,0,0,'2024-05-18 18:11:52','2024-05-18 18:11:52',12,73,68,11),(380,0,0,0,'2024-05-18 18:12:02','2024-05-18 18:12:02',12,2,89,14),(381,0,0,0,'2024-05-18 18:12:12','2024-05-18 18:12:12',12,39,82,13),(382,0,0,0,'2024-05-18 18:12:52','2024-05-18 18:12:52',12,36,9,2),(383,0,0,0,'2024-05-18 18:13:07','2024-05-18 18:13:07',12,54,75,12),(384,0,0,0,'2024-05-18 18:13:16','2024-05-18 18:13:16',12,12,61,10),(385,0,0,0,'2024-05-18 18:13:16','2024-05-18 18:13:16',12,38,61,10),(386,0,0,0,'2024-05-20 10:31:23','2024-05-20 10:31:23',12,28,9,2),(387,0,0,0,'2024-05-20 10:31:33','2024-05-20 10:31:33',12,36,82,13),(388,0,0,0,'2024-05-20 10:31:57','2024-05-20 10:31:57',12,46,54,9),(389,0,0,0,'2024-05-20 10:32:13','2024-05-20 10:32:13',12,30,75,12),(390,0,0,0,'2024-05-20 10:32:33','2024-05-20 10:32:33',12,31,89,14),(391,0,0,0,'2024-05-20 10:46:39','2024-05-20 10:46:39',166,54,163,25),(392,0,0,0,'2024-05-20 10:47:34','2024-05-20 10:47:34',166,72,118,18),(393,0,0,0,'2024-05-20 10:47:34','2024-05-20 10:47:34',166,14,118,18),(394,0,0,0,'2024-05-20 11:56:22','2024-05-20 11:56:22',219,75,116,18),(395,0,0,0,'2024-05-20 11:56:22','2024-05-20 11:56:22',219,14,116,18),(396,0,0,0,'2024-05-21 09:05:46','2024-05-21 09:05:46',10,24,9,2),(397,0,0,0,'2024-05-21 09:25:34','2024-05-21 09:25:34',10,28,54,9),(398,0,0,0,'2024-05-21 09:25:53','2024-05-21 09:25:53',10,32,61,10),(399,0,0,0,'2024-05-21 09:26:10','2024-05-21 09:26:10',10,47,118,18),(400,0,0,0,'2024-05-21 09:27:07','2024-05-21 09:27:07',10,15,2,1),(401,0,0,0,'2024-05-21 09:27:43','2024-05-21 09:27:43',10,71,16,3),(402,0,0,0,'2024-05-21 09:28:15','2024-05-21 09:28:15',10,41,75,12),(403,0,0,0,'2024-05-21 09:28:15','2024-05-21 09:28:15',10,14,75,12),(404,0,0,0,'2024-05-21 09:29:19','2024-05-21 09:29:19',47,26,9,2),(405,0,0,0,'2024-05-21 09:30:30','2024-05-21 09:30:30',64,50,123,19),(406,0,0,0,'2024-05-21 09:31:03','2024-05-21 09:31:03',64,12,135,21),(407,0,0,0,'2024-05-21 09:31:03','2024-05-21 09:31:03',64,39,135,21),(408,0,0,0,'2024-05-21 09:32:24','2024-05-21 09:32:24',64,53,68,11),(409,0,0,0,'2024-05-21 09:33:42','2024-05-21 09:33:42',64,15,9,2),(410,0,0,0,'2024-05-21 09:33:42','2024-05-21 09:33:42',64,14,9,2),(411,0,0,0,'2024-05-22 10:31:38','2024-05-22 10:31:38',166,12,163,25),(412,0,0,0,'2024-05-22 10:31:38','2024-05-22 10:31:38',166,23,163,25),(413,0,0,0,'2024-05-22 10:31:59','2024-05-22 10:31:59',166,60,118,18),(414,0,0,0,'2024-05-22 10:31:59','2024-05-22 10:31:59',166,14,118,18),(415,0,0,0,'2024-05-22 10:41:29','2024-05-22 10:41:29',12,12,82,13),(416,0,0,0,'2024-05-22 10:41:29','2024-05-22 10:41:29',12,49,82,13),(417,0,0,0,'2024-05-22 10:41:41','2024-05-22 10:41:41',12,32,68,11),(418,0,0,0,'2024-05-22 10:41:54','2024-05-22 10:41:54',12,42,89,14),(419,0,0,0,'2024-05-22 10:42:06','2024-05-22 10:42:06',12,63,54,9),(420,0,0,0,'2024-05-22 10:42:21','2024-05-22 10:42:21',12,2,9,2),(421,0,0,0,'2024-05-22 10:42:33','2024-05-22 10:42:33',12,12,61,10),(422,0,0,0,'2024-05-22 10:42:33','2024-05-22 10:42:33',12,37,61,10),(423,0,0,0,'2024-05-22 10:42:46','2024-05-22 10:42:46',12,34,75,12),(424,0,0,0,'2024-05-23 04:51:37','2024-05-23 04:51:37',10,1,9,2),(425,0,0,0,'2024-05-23 04:51:59','2024-05-23 04:51:59',10,46,2,1),(426,0,0,0,'2024-05-23 04:53:06','2024-05-23 04:53:06',10,12,54,9),(427,0,0,0,'2024-05-23 04:53:06','2024-05-23 04:53:06',10,39,54,9),(428,0,0,0,'2024-05-23 04:53:34','2024-05-23 04:53:34',10,56,61,10),(429,0,0,0,'2024-05-23 08:07:54','2024-05-23 08:07:54',10,53,75,12),(430,0,0,0,'2024-05-23 08:08:57','2024-05-23 08:08:57',10,51,118,18),(431,0,0,0,'2024-05-23 08:09:50','2024-05-23 08:09:50',10,36,16,3),(432,0,0,0,'2024-05-23 08:09:51','2024-05-23 08:09:51',10,14,16,3),(433,0,0,0,'2024-05-24 05:48:22','2024-05-24 05:48:22',64,73,68,11),(434,0,0,0,'2024-05-24 06:23:14','2024-05-24 06:23:14',7,26,9,2),(435,0,0,0,'2024-05-24 08:29:29','2024-05-24 08:29:29',7,32,110,17),(436,0,0,0,'2024-05-24 09:11:39','2024-05-24 09:11:39',10,18,9,2),(437,0,0,0,'2024-05-24 09:12:19','2024-05-24 09:12:19',10,29,75,12),(438,0,0,0,'2024-05-24 09:12:40','2024-05-24 09:12:40',10,57,54,9),(439,0,0,0,'2024-05-24 09:13:17','2024-05-24 09:13:17',10,12,118,18),(440,0,0,0,'2024-05-24 09:13:17','2024-05-24 09:13:17',10,59,118,18),(441,0,0,0,'2024-05-24 09:14:41','2024-05-24 09:14:41',10,35,61,10),(442,0,0,0,'2024-05-24 09:15:10','2024-05-24 09:15:10',10,46,16,3),(443,0,0,0,'2024-05-24 09:15:16','2024-05-24 09:15:16',7,5,54,9),(444,0,0,0,'2024-05-24 09:15:16','2024-05-24 09:15:16',7,14,54,9),(445,0,0,0,'2024-05-24 09:15:28','2024-05-24 09:15:28',10,51,2,1),(446,0,0,0,'2024-05-24 09:15:28','2024-05-24 09:15:28',10,14,2,1),(447,0,0,0,'2024-05-24 09:21:06','2024-05-24 09:21:06',223,28,116,18),(448,0,0,0,'2024-05-24 09:21:07','2024-05-24 09:21:07',223,14,116,18),(449,0,0,0,'2024-05-25 11:00:46','2024-05-25 11:00:46',223,77,117,18),(450,0,0,0,'2024-05-25 11:00:46','2024-05-25 11:00:46',223,14,117,18),(451,0,0,0,'2024-05-26 06:15:04','2024-05-26 06:15:04',223,12,118,18),(452,0,0,0,'2024-05-26 06:15:04','2024-05-26 06:15:04',223,36,118,18),(453,0,0,0,'2024-05-26 06:15:04','2024-05-26 06:15:04',223,14,118,18),(454,0,0,0,'2024-05-26 06:20:02','2024-05-26 06:20:02',223,54,74,12),(455,0,0,0,'2024-05-27 03:35:51','2024-05-27 03:35:51',223,37,118,18),(456,0,0,0,'2024-05-27 06:29:57','2024-05-27 06:29:57',223,69,75,12),(457,0,0,0,'2024-05-27 06:29:57','2024-05-27 06:29:57',223,14,75,12),(458,0,0,0,'2024-05-27 06:46:09','2024-05-27 06:46:09',166,19,163,25),(459,0,0,0,'2024-05-27 06:47:18','2024-05-27 06:47:18',166,43,22,4),(460,0,0,0,'2024-05-27 06:51:33','2024-05-27 06:51:33',223,30,1,1),(461,0,0,0,'2024-05-27 09:12:00','2024-05-27 09:12:00',223,69,22,4),(462,0,0,0,'2024-05-27 13:16:15','2024-05-27 13:16:15',7,1,9,2),(463,0,0,0,'2024-05-27 17:44:31','2024-05-27 17:44:31',70,29,9,2),(464,0,0,0,'2024-05-27 17:49:20','2024-05-27 17:49:20',10,76,2,1),(465,0,0,0,'2024-05-27 17:49:47','2024-05-27 17:49:47',10,12,118,18),(466,0,0,0,'2024-05-27 17:49:47','2024-05-27 17:49:47',10,50,118,18),(467,0,0,0,'2024-05-28 06:16:12','2024-05-28 06:16:12',223,27,75,12),(468,0,0,0,'2024-05-28 06:16:57','2024-05-28 06:16:57',223,31,23,4),(469,0,0,0,'2024-05-28 10:08:00','2024-05-28 10:08:00',223,46,2,1),(470,0,0,0,'2024-05-28 10:27:12','2024-05-28 10:27:12',166,22,1,1),(471,0,0,0,'2024-05-28 10:29:18','2024-05-28 10:29:18',166,15,163,25),(472,0,0,0,'2024-05-28 11:11:58','2024-05-28 11:11:58',10,19,54,9),(473,0,0,0,'2024-05-28 11:13:49','2024-05-28 11:13:49',166,71,23,4),(474,0,0,0,'2024-05-28 11:13:55','2024-05-28 11:13:55',7,50,110,17),(475,0,0,0,'2024-05-28 11:14:04','2024-05-28 11:14:04',166,34,118,18),(476,0,0,0,'2024-05-28 11:14:04','2024-05-28 11:14:04',166,14,118,18),(477,0,0,0,'2024-05-28 12:00:32','2024-05-28 12:00:32',70,33,9,2),(478,0,0,0,'2024-05-28 12:04:29','2024-05-28 12:04:29',10,4,16,3),(479,0,0,0,'2024-05-28 12:04:52','2024-05-28 12:04:52',10,45,61,10),(480,0,0,0,'2024-05-28 12:24:55','2024-05-28 12:24:55',223,30,118,18),(481,0,0,0,'2024-05-28 12:24:55','2024-05-28 12:24:55',223,14,118,18),(482,0,0,0,'2024-05-28 12:24:55','2024-05-28 12:24:55',223,10,118,18),(483,0,0,0,'2024-05-28 12:59:10','2024-05-28 12:59:10',7,2,9,2),(484,0,0,0,'2024-05-28 13:37:43','2024-05-28 13:37:43',10,65,118,18),(485,0,0,0,'2024-05-28 13:40:16','2024-05-28 13:40:16',10,12,75,12),(486,0,0,0,'2024-05-28 13:40:16','2024-05-28 13:40:16',10,56,75,12),(487,0,0,0,'2024-05-29 01:24:37','2024-05-29 01:24:37',223,12,23,4),(488,0,0,0,'2024-05-29 01:24:37','2024-05-29 01:24:37',223,15,23,4),(489,0,0,0,'2024-05-29 08:54:09','2024-05-29 08:54:09',10,31,54,9),(490,0,0,0,'2024-05-29 08:55:36','2024-05-29 08:55:36',10,34,118,18),(491,0,0,0,'2024-05-29 08:58:27','2024-05-29 08:58:27',10,3,75,12),(492,0,0,0,'2024-05-29 10:04:40','2024-05-29 10:04:40',223,22,2,1),(493,0,0,0,'2024-05-29 10:07:24','2024-05-29 10:07:24',223,77,118,18),(494,0,0,0,'2024-05-29 10:17:53','2024-05-29 10:17:53',7,57,9,2),(495,0,0,0,'2024-05-29 12:53:27','2024-05-29 12:53:27',223,31,75,12),(496,0,0,0,'2024-05-29 12:53:28','2024-05-29 12:53:28',223,14,75,12),(497,0,0,0,'2024-05-29 13:11:47','2024-05-29 13:11:47',7,46,54,9),(498,0,0,0,'2024-05-30 05:05:21','2024-05-30 05:05:21',223,6,75,12),(499,0,0,0,'2024-05-30 06:50:24','2024-05-30 06:50:24',7,59,9,2),(500,0,0,0,'2024-05-30 08:50:14','2024-05-30 08:50:14',233,45,116,18),(501,0,0,0,'2024-05-30 08:50:14','2024-05-30 08:50:14',233,14,116,18),(502,0,0,0,'2024-05-30 09:39:31','2024-05-30 09:39:31',223,29,2,1),(503,0,0,0,'2024-05-30 10:03:46','2024-05-30 10:03:46',223,68,118,18),(504,0,0,0,'2024-05-30 10:12:02','2024-05-30 10:12:02',223,21,23,4),(505,0,0,0,'2024-05-30 10:12:02','2024-05-30 10:12:02',223,14,23,4),(506,0,0,0,'2024-05-30 10:44:43','2024-05-30 10:44:43',166,21,118,18),(507,0,0,0,'2024-05-30 10:44:51','2024-05-30 10:44:51',166,35,23,4),(508,0,0,0,'2024-05-30 10:44:59','2024-05-30 10:44:59',166,46,2,1),(509,0,0,0,'2024-05-31 01:57:20','2024-05-31 01:57:20',223,20,75,12),(510,0,0,0,'2024-05-31 04:45:16','2024-05-31 04:45:16',70,12,61,10),(511,0,0,0,'2024-05-31 04:45:16','2024-05-31 04:45:16',70,35,61,10),(512,0,0,0,'2024-05-31 04:46:19','2024-05-31 04:46:19',70,22,9,2),(513,0,0,0,'2024-05-31 04:46:19','2024-05-31 04:46:19',70,14,9,2),(514,0,0,0,'2024-05-31 06:51:37','2024-05-31 06:51:37',10,28,118,18),(515,0,0,0,'2024-05-31 06:56:22','2024-05-31 06:56:22',7,24,9,2),(516,0,0,0,'2024-05-31 07:30:12','2024-05-31 07:30:12',10,53,61,10),(517,0,0,0,'2024-05-31 07:30:31','2024-05-31 07:30:31',10,38,16,3),(518,0,0,0,'2024-05-31 07:30:49','2024-05-31 07:30:49',10,21,54,9),(519,0,0,0,'2024-05-31 07:59:11','2024-05-31 07:59:11',166,19,23,4),(520,0,0,0,'2024-05-31 08:00:01','2024-05-31 08:00:01',166,24,163,25),(521,0,0,0,'2024-05-31 08:00:19','2024-05-31 08:00:19',166,44,2,1),(522,0,0,0,'2024-05-31 11:45:54','2024-05-31 11:45:54',223,16,2,1),(523,0,0,0,'2024-05-31 11:47:10','2024-05-31 11:47:10',223,75,118,18),(524,0,0,0,'2024-05-31 11:59:48','2024-05-31 11:59:48',223,20,23,4),(525,0,0,0,'2024-05-31 11:59:48','2024-05-31 11:59:48',223,14,23,4),(526,0,0,0,'2024-06-01 08:08:18','2024-06-01 08:08:18',223,1,118,18),(527,0,0,0,'2024-06-01 08:11:57','2024-06-01 08:11:57',223,12,2,1),(528,0,0,0,'2024-06-01 08:11:57','2024-06-01 08:11:57',223,77,2,1),(529,0,0,0,'2024-06-01 09:19:28','2024-06-01 09:19:28',7,71,9,2),(530,0,0,0,'2024-06-01 11:06:44','2024-06-01 11:06:44',223,70,75,12),(531,0,0,0,'2024-06-01 11:15:57','2024-06-01 11:15:57',223,3,23,4),(532,0,0,0,'2024-06-01 11:15:57','2024-06-01 11:15:57',223,14,23,4),(533,0,0,0,'2024-06-01 13:17:25','2024-06-01 13:17:25',10,44,118,18),(534,0,0,0,'2024-06-02 10:16:57','2024-06-02 10:16:57',223,31,2,1),(535,0,0,0,'2024-06-02 10:17:25','2024-06-02 10:17:25',223,49,23,4),(536,0,0,0,'2024-06-02 10:18:02','2024-06-02 10:18:02',223,20,118,18),(537,0,0,0,'2024-06-03 00:51:00','2024-06-03 00:51:00',223,47,75,12),(538,0,0,0,'2024-06-03 10:19:45','2024-06-03 10:19:45',223,23,118,18),(539,0,0,0,'2024-06-03 11:38:58','2024-06-03 11:38:58',7,69,9,2),(540,0,0,0,'2024-06-03 13:14:21','2024-06-03 13:14:21',223,77,2,1),(541,0,0,0,'2024-06-03 14:00:19','2024-06-03 14:00:19',12,31,75,12),(542,0,0,0,'2024-06-03 14:00:33','2024-06-03 14:00:33',12,75,9,2),(543,0,0,0,'2024-06-03 14:00:48','2024-06-03 14:00:48',12,15,68,11),(544,0,0,0,'2024-06-03 14:01:23','2024-06-03 14:01:23',12,17,82,13),(545,0,0,0,'2024-06-03 14:01:51','2024-06-03 14:01:51',12,32,89,14),(546,0,0,0,'2024-06-03 14:02:06','2024-06-03 14:02:06',12,16,61,10),(547,0,0,0,'2024-06-03 14:02:16','2024-06-03 14:02:16',12,21,54,9),(548,0,0,0,'2024-06-03 15:32:29','2024-06-03 15:32:29',197,5,117,18),(549,0,0,0,'2024-06-03 15:32:29','2024-06-03 15:32:29',197,14,117,18),(550,0,0,0,'2024-06-04 06:29:05','2024-06-04 06:29:05',223,31,23,4),(551,0,0,0,'2024-06-04 07:08:04','2024-06-04 07:08:04',64,12,9,2),(552,0,0,0,'2024-06-04 07:08:04','2024-06-04 07:08:04',64,75,9,2),(553,0,0,0,'2024-06-04 07:16:30','2024-06-04 07:16:30',64,21,136,21),(554,0,0,0,'2024-06-04 07:16:55','2024-06-04 07:16:55',64,51,68,11),(555,0,0,0,'2024-06-04 07:17:35','2024-06-04 07:17:35',64,6,124,19),(556,0,0,0,'2024-06-04 07:17:35','2024-06-04 07:17:35',64,14,124,19),(557,0,0,0,'2024-06-04 09:25:40','2024-06-04 09:25:40',223,75,2,1),(558,0,0,0,'2024-06-05 08:48:50','2024-06-05 08:48:50',7,42,9,2),(559,0,0,0,'2024-06-05 09:43:30','2024-06-05 09:43:30',10,3,9,2),(560,0,0,0,'2024-06-05 11:57:02','2024-06-05 11:57:02',7,22,54,9),(561,0,0,0,'2024-06-05 13:33:10','2024-06-05 13:33:10',64,33,124,19),(562,0,0,0,'2024-06-05 13:33:45','2024-06-05 13:33:45',64,56,136,21),(563,0,0,0,'2024-06-05 13:34:14','2024-06-05 13:34:14',64,51,68,11),(564,0,0,0,'2024-06-05 13:34:54','2024-06-05 13:34:54',64,15,9,2),(565,0,0,0,'2024-06-05 13:34:54','2024-06-05 13:34:54',64,14,9,2),(566,0,0,0,'2024-06-06 04:42:00','2024-06-06 04:42:00',64,5,68,11),(567,0,0,0,'2024-06-06 04:42:35','2024-06-06 04:42:35',64,49,136,21),(568,0,0,0,'2024-06-06 04:42:58','2024-06-06 04:42:58',64,67,9,2),(569,0,0,0,'2024-06-06 11:26:33','2024-06-06 11:26:33',10,32,2,1),(570,0,0,0,'2024-06-06 11:29:47','2024-06-06 11:29:47',10,79,9,2),(571,0,0,0,'2024-06-07 06:56:42','2024-06-07 06:56:42',223,41,75,12),(572,0,0,0,'2024-06-07 09:34:55','2024-06-07 09:34:55',223,68,23,4),(573,0,0,0,'2024-06-07 09:35:21','2024-06-07 09:35:21',223,50,118,18),(574,0,0,0,'2024-06-07 13:55:54','2024-06-07 13:55:54',223,53,2,1),(575,0,0,0,'2024-06-07 13:55:54','2024-06-07 13:55:54',223,14,2,1),(576,0,0,0,'2024-06-08 01:57:43','2024-06-08 01:57:43',223,78,75,12),(577,0,0,0,'2024-06-08 02:02:07','2024-06-08 02:02:07',223,30,23,4),(578,0,0,0,'2024-06-08 10:36:28','2024-06-08 10:36:28',10,45,9,2),(579,0,0,0,'2024-06-08 11:44:40','2024-06-08 11:44:40',10,75,118,18),(580,0,0,0,'2024-06-08 11:45:20','2024-06-08 11:45:20',10,15,54,9),(581,0,0,0,'2024-06-08 11:45:36','2024-06-08 11:45:36',10,43,61,10),(582,0,0,0,'2024-06-08 11:46:05','2024-06-08 11:46:05',10,47,2,1),(583,0,0,0,'2024-06-08 11:46:24','2024-06-08 11:46:24',10,62,16,3),(584,0,0,0,'2024-06-08 11:46:47','2024-06-08 11:46:47',10,28,75,12),(585,0,0,0,'2024-06-08 11:46:47','2024-06-08 11:46:47',10,14,75,12);
/*!40000 ALTER TABLE `shapeUpdates` ENABLE KEYS */;
UNLOCK TABLES;

--
-- Table structure for table `shapes`
--

DROP TABLE IF EXISTS `shapes`;
/*!40101 SET @saved_cs_client     = @@character_set_client */;
/*!50503 SET character_set_client = utf8mb4 */;
CREATE TABLE `shapes` (
  `id` int NOT NULL AUTO_INCREMENT,
  `shapeName` varchar(255) NOT NULL,
  `shapeUrl` varchar(255) NOT NULL,
  `shapeType` varchar(255) NOT NULL,
  `shapeHeight` int DEFAULT NULL,
  `shapeColor` varchar(255) DEFAULT NULL,
  `createdAt` datetime NOT NULL,
  `updatedAt` datetime NOT NULL,
  PRIMARY KEY (`id`)
) ENGINE=InnoDB AUTO_INCREMENT=80 DEFAULT CHARSET=utf8mb4 COLLATE=utf8mb4_0900_ai_ci;
/*!40101 SET character_set_client = @saved_cs_client */;

--
-- Dumping data for table `shapes`
--

LOCK TABLES `shapes` WRITE;
/*!40000 ALTER TABLE `shapes` DISABLE KEYS */;
INSERT INTO `shapes` VALUES (1,'torus','https://postactionsbucket.s3.ap-south-1.amazonaws.com/uploads/shapes1712049730064_Torus_C1_v5.png','reguler',1,'white','2024-02-15 11:46:06','2024-02-15 11:46:10'),(2,'torus','https://postactionsbucket.s3.ap-south-1.amazonaws.com/uploads/shapes1712049732633_Torus_C2_v3.png','reguler',1,'white','2024-03-02 11:20:46','2024-03-02 11:21:17'),(3,'cube','https://postactionsbucket.s3.ap-south-1.amazonaws.com/uploads/shapes1712050254585_Square_C1_v8.png','reguler',1,'white','2024-03-02 11:21:45','2024-03-02 11:21:47'),(4,'cube','https://postactionsbucket.s3.ap-south-1.amazonaws.com/uploads/shapes1712050284226_Square_C2_v8.png','reguler',1,'white','2024-03-04 13:57:21','2024-03-04 13:57:23'),(5,'semiCircle','https://postactionsbucket.s3.ap-south-1.amazonaws.com/uploads/shapes1712050402814_Semi-Sphere_C2_Variation-1.png','reguler',1,'white','2024-03-04 16:50:26','2024-03-04 16:50:28'),(6,'sphere','https://postactionsbucket.s3.ap-south-1.amazonaws.com/uploads/shapes1712050615651_Sphere_C1_Variation-1.png','reguler',1,'white','2024-03-04 16:50:26','2024-03-04 16:50:26'),(7,'streak1','https://postactionsbucket.s3.ap-south-1.amazonaws.com/shapes/Streak+1.png','bigholo',2,NULL,'2024-03-04 16:50:26','2024-03-04 16:50:26'),(8,'streak2','https://postactionsbucket.s3.ap-south-1.amazonaws.com/shapes/Streak+2.png','bigholo',4,NULL,'2024-03-04 16:50:26','2024-03-04 16:50:26'),(9,'streak3','https://postactionsbucket.s3.ap-south-1.amazonaws.com/shapes/Streak+3.png','bigholo',6,NULL,'2024-03-04 16:50:26','2024-03-04 16:50:26'),(10,'streak4','https://postactionsbucket.s3.ap-south-1.amazonaws.com/shapes/Streak+4.png','bigholo',8,NULL,'2024-03-04 16:50:26','2024-03-04 16:50:26'),(11,'streak5','https://postactionsbucket.s3.ap-south-1.amazonaws.com/shapes/Streak+5.png','bigholo',10,NULL,'2024-03-04 16:50:26','2024-03-04 16:50:26'),(12,'balancingBlade','https://postactionsbucket.s3.ap-south-1.amazonaws.com/shapes/Balancing-Blade_V1.png','safeZone',1,NULL,'2024-03-04 16:50:26','2024-03-04 16:50:26'),(13,'lifeShape','url','lifeShape',1,NULL,'2024-03-04 16:50:26','2024-03-04 16:50:26'),(14,'holo','https://postactionsbucket.s3.ap-south-1.amazonaws.com/shapes/Daily-Streak.png','holo',1,NULL,'2024-03-04 16:50:26','2024-03-04 16:50:26'),(15,'torus','https://postactionsbucket.s3.ap-south-1.amazonaws.com/uploads/shapes1712049727543_Torus_C1.png','reguler',1,'white','2024-04-02 09:22:08','2024-04-02 09:22:08'),(16,'torus','https://postactionsbucket.s3.ap-south-1.amazonaws.com/uploads/shapes1712049728416_Torus_C2.png','reguler',1,'white','2024-04-02 09:22:08','2024-04-02 09:22:08'),(17,'torus','https://postactionsbucket.s3.ap-south-1.amazonaws.com/uploads/shapes1712049728764_Torus_C3.png','reguler',1,'white','2024-04-02 09:22:09','2024-04-02 09:22:09'),(18,'torus','https://postactionsbucket.s3.ap-south-1.amazonaws.com/uploads/shapes1712049729095_Torus_C4_V2.png','reguler',1,'white','2024-04-02 09:22:09','2024-04-02 09:22:09'),(19,'torus','https://postactionsbucket.s3.ap-south-1.amazonaws.com/uploads/shapes1712049729444_Torus_C4_V3.png','reguler',1,'white','2024-04-02 09:22:09','2024-04-02 09:22:09'),(20,'torus','https://postactionsbucket.s3.ap-south-1.amazonaws.com/uploads/shapes1712049729744_Torus_C1_v4.png','reguler',1,'white','2024-04-02 09:22:10','2024-04-02 09:22:10'),(21,'torus','https://postactionsbucket.s3.ap-south-1.amazonaws.com/uploads/shapes1712049730064_Torus_C1_v5.png','reguler',1,'white','2024-04-02 09:22:10','2024-04-02 09:22:10'),(22,'torus','https://postactionsbucket.s3.ap-south-1.amazonaws.com/uploads/shapes1712049730433_Torus_C1_v6.png','reguler',1,'white','2024-04-02 09:22:11','2024-04-02 09:22:11'),(23,'torus','https://postactionsbucket.s3.ap-south-1.amazonaws.com/uploads/shapes1712049731124_Torus_C1_v7.png','reguler',1,'white','2024-04-02 09:22:11','2024-04-02 09:22:11'),(24,'torus','https://postactionsbucket.s3.ap-south-1.amazonaws.com/uploads/shapes1712049731427_Torus_C1_v8.png','reguler',1,'white','2024-04-02 09:22:11','2024-04-02 09:22:11'),(25,'torus','https://postactionsbucket.s3.ap-south-1.amazonaws.com/uploads/shapes1712049731900_Torus_C2_v1.png','reguler',1,'white','2024-04-02 09:22:12','2024-04-02 09:22:12'),(26,'torus','https://postactionsbucket.s3.ap-south-1.amazonaws.com/uploads/shapes1712049732257_Torus_C2_v2.png','reguler',1,'white','2024-04-02 09:22:12','2024-04-02 09:22:12'),(27,'torus','https://postactionsbucket.s3.ap-south-1.amazonaws.com/uploads/shapes1712049732633_Torus_C2_v3.png','reguler',1,'white','2024-04-02 09:22:12','2024-04-02 09:22:12'),(28,'torus','https://postactionsbucket.s3.ap-south-1.amazonaws.com/uploads/shapes1712049732983_Torus_C2_v4.png','reguler',1,'white','2024-04-02 09:22:13','2024-04-02 09:22:13'),(29,'torus','https://postactionsbucket.s3.ap-south-1.amazonaws.com/uploads/shapes1712049733404_Torus_C2_v5.png','reguler',1,'white','2024-04-02 09:22:13','2024-04-02 09:22:13'),(30,'torus','https://postactionsbucket.s3.ap-south-1.amazonaws.com/uploads/shapes1712049733831_Torus_C2_v6.png','reguler',1,'white','2024-04-02 09:22:14','2024-04-02 09:22:14'),(31,'torus','https://postactionsbucket.s3.ap-south-1.amazonaws.com/uploads/shapes1712049734327_Torus_C2_v7.png','reguler',1,'white','2024-04-02 09:22:14','2024-04-02 09:22:14'),(32,'torus','https://postactionsbucket.s3.ap-south-1.amazonaws.com/uploads/shapes1712049734694_Torus_C2_v8.png','reguler',1,'white','2024-04-02 09:22:15','2024-04-02 09:22:15'),(33,'torus','https://postactionsbucket.s3.ap-south-1.amazonaws.com/uploads/shapes1712049735095_Torus_C3_v1.png','reguler',1,'white','2024-04-02 09:22:15','2024-04-02 09:22:15'),(34,'torus','https://postactionsbucket.s3.ap-south-1.amazonaws.com/uploads/shapes1712049735364_Torus_C3_v2.png','reguler',1,'white','2024-04-02 09:22:15','2024-04-02 09:22:15'),(35,'torus','https://postactionsbucket.s3.ap-south-1.amazonaws.com/uploads/shapes1712049735683_Torus_C3_v3.png','reguler',1,'white','2024-04-02 09:22:16','2024-04-02 09:22:16'),(36,'torus','https://postactionsbucket.s3.ap-south-1.amazonaws.com/uploads/shapes1712049736048_Torus_C3_v4.png','reguler',1,'white','2024-04-02 09:22:16','2024-04-02 09:22:16'),(37,'torus','https://postactionsbucket.s3.ap-south-1.amazonaws.com/uploads/shapes1712049736403_Torus_C3_v5.png','reguler',1,'white','2024-04-02 09:22:16','2024-04-02 09:22:16'),(38,'torus','https://postactionsbucket.s3.ap-south-1.amazonaws.com/uploads/shapes1712049736771_Torus_C3_v6.png','reguler',1,'white','2024-04-02 09:22:17','2024-04-02 09:22:17'),(39,'torus','https://postactionsbucket.s3.ap-south-1.amazonaws.com/uploads/shapes1712049737125_Torus_C3_v7.png','reguler',1,'white','2024-04-02 09:22:17','2024-04-02 09:22:17'),(40,'torus','https://postactionsbucket.s3.ap-south-1.amazonaws.com/uploads/shapes1712049737494_Torus_C3_v8.png','reguler',1,'white','2024-04-02 09:22:17','2024-04-02 09:22:17'),(41,'torus','https://postactionsbucket.s3.ap-south-1.amazonaws.com/uploads/shapes1712049737825_Torus_C1_v1.png','reguler',1,'white','2024-04-02 09:22:18','2024-04-02 09:22:18'),(42,'torus','https://postactionsbucket.s3.ap-south-1.amazonaws.com/uploads/shapes1712049738163_Torus_C1_v2.png','reguler',1,'white','2024-04-02 09:22:18','2024-04-02 09:22:18'),(43,'torus','https://postactionsbucket.s3.ap-south-1.amazonaws.com/uploads/shapes1712049738493_Torus_C1_v3.png','reguler',1,'white','2024-04-02 09:22:18','2024-04-02 09:22:18'),(44,'cube','https://postactionsbucket.s3.ap-south-1.amazonaws.com/uploads/shapes1712050236610_Square_C1.png','reguler',1,'white','2024-04-02 09:30:38','2024-04-02 09:30:38'),(45,'cube','https://postactionsbucket.s3.ap-south-1.amazonaws.com/uploads/shapes1712050240390_Square_C2.png','reguler',1,'white','2024-04-02 09:30:45','2024-04-02 09:30:45'),(46,'cube','https://postactionsbucket.s3.ap-south-1.amazonaws.com/uploads/shapes1712050245113_Square_C3.png','reguler',1,'white','2024-04-02 09:30:46','2024-04-02 09:30:46'),(47,'cube','https://postactionsbucket.s3.ap-south-1.amazonaws.com/uploads/shapes1712050246816_Square_C4.png','reguler',1,'white','2024-04-02 09:30:47','2024-04-02 09:30:47'),(48,'cube','https://postactionsbucket.s3.ap-south-1.amazonaws.com/uploads/shapes1712050247823_Square_C1_v1.png','reguler',1,'white','2024-04-02 09:30:49','2024-04-02 09:30:49'),(49,'cube','https://postactionsbucket.s3.ap-south-1.amazonaws.com/uploads/shapes1712050249061_Square_C1_v2.png','reguler',1,'white','2024-04-02 09:30:50','2024-04-02 09:30:50'),(50,'cube','https://postactionsbucket.s3.ap-south-1.amazonaws.com/uploads/shapes1712050250741_Square_C1_v3.png','reguler',1,'white','2024-04-02 09:30:51','2024-04-02 09:30:51'),(51,'cube','https://postactionsbucket.s3.ap-south-1.amazonaws.com/uploads/shapes1712050251441_Square_C1_v4.png','reguler',1,'white','2024-04-02 09:30:52','2024-04-02 09:30:52'),(52,'cube','https://postactionsbucket.s3.ap-south-1.amazonaws.com/uploads/shapes1712050252501_Square_C1_v5.png','reguler',1,'white','2024-04-02 09:30:53','2024-04-02 09:30:53'),(53,'cube','https://postactionsbucket.s3.ap-south-1.amazonaws.com/uploads/shapes1712050253487_Square_C1_v6.png','reguler',1,'white','2024-04-02 09:30:54','2024-04-02 09:30:54'),(54,'cube','https://postactionsbucket.s3.ap-south-1.amazonaws.com/uploads/shapes1712050254077_Square_C1_v7.png','reguler',1,'white','2024-04-02 09:30:54','2024-04-02 09:30:54'),(55,'cube','https://postactionsbucket.s3.ap-south-1.amazonaws.com/uploads/shapes1712050254585_Square_C1_v8.png','reguler',1,'white','2024-04-02 09:30:55','2024-04-02 09:30:55'),(56,'cube','https://postactionsbucket.s3.ap-south-1.amazonaws.com/uploads/shapes1712050255491_Square_C1_v9.png','reguler',1,'white','2024-04-02 09:30:55','2024-04-02 09:30:55'),(57,'cube','https://postactionsbucket.s3.ap-south-1.amazonaws.com/uploads/shapes1712050255994_Square_C2_v1.png','reguler',1,'white','2024-04-02 09:30:58','2024-04-02 09:30:58'),(58,'cube','https://postactionsbucket.s3.ap-south-1.amazonaws.com/uploads/shapes1712050258319_Square_C2_v2.png','reguler',1,'white','2024-04-02 09:31:04','2024-04-02 09:31:04'),(59,'cube','https://postactionsbucket.s3.ap-south-1.amazonaws.com/uploads/shapes1712050264690_Square_C2_v3.png','reguler',1,'white','2024-04-02 09:31:06','2024-04-02 09:31:06'),(60,'cube','https://postactionsbucket.s3.ap-south-1.amazonaws.com/uploads/shapes1712050266728_Square_C2_v4.png','reguler',1,'white','2024-04-02 09:31:12','2024-04-02 09:31:12'),(61,'cube','https://postactionsbucket.s3.ap-south-1.amazonaws.com/uploads/shapes1712050272730_Square_C2_v5.png','reguler',1,'white','2024-04-02 09:31:17','2024-04-02 09:31:17'),(62,'cube','https://postactionsbucket.s3.ap-south-1.amazonaws.com/uploads/shapes1712050277137_Square_C2_v6.png','reguler',1,'white','2024-04-02 09:31:21','2024-04-02 09:31:21'),(63,'cube','https://postactionsbucket.s3.ap-south-1.amazonaws.com/uploads/shapes1712050281929_Square_C2_v7.png','reguler',1,'white','2024-04-02 09:31:24','2024-04-02 09:31:24'),(64,'cube','https://postactionsbucket.s3.ap-south-1.amazonaws.com/uploads/shapes1712050284226_Square_C2_v8.png','reguler',1,'white','2024-04-02 09:31:25','2024-04-02 09:31:25'),(65,'cube','https://postactionsbucket.s3.ap-south-1.amazonaws.com/uploads/shapes1712050285454_Square_C2_v9.png','reguler',1,'white','2024-04-02 09:31:26','2024-04-02 09:31:26'),(66,'semiCircle','https://postactionsbucket.s3.ap-south-1.amazonaws.com/uploads/shapes1712050400897_Semi-Sphere_C1.png','reguler',1,'white','2024-04-02 09:33:21','2024-04-02 09:33:21'),(67,'semiCircle','https://postactionsbucket.s3.ap-south-1.amazonaws.com/uploads/shapes1712050401516_Semi-Sphere_C2.png','reguler',1,'white','2024-04-02 09:33:21','2024-04-02 09:33:21'),(68,'semiCircle','https://postactionsbucket.s3.ap-south-1.amazonaws.com/uploads/shapes1712050401893_Semi-Sphere_C3.png','reguler',1,'white','2024-04-02 09:33:22','2024-04-02 09:33:22'),(69,'semiCircle','https://postactionsbucket.s3.ap-south-1.amazonaws.com/uploads/shapes1712050402208_Semi-Sphere_C4.png','reguler',1,'white','2024-04-02 09:33:22','2024-04-02 09:33:22'),(70,'semiCircle','https://postactionsbucket.s3.ap-south-1.amazonaws.com/uploads/shapes1712050402516_Semi-Sphere_C1_Variation-1.png','reguler',1,'white','2024-04-02 09:33:22','2024-04-02 09:33:22'),(71,'semiCircle','https://postactionsbucket.s3.ap-south-1.amazonaws.com/uploads/shapes1712050402814_Semi-Sphere_C2_Variation-1.png','reguler',1,'white','2024-04-02 09:33:23','2024-04-02 09:33:23'),(72,'semiCircle','https://postactionsbucket.s3.ap-south-1.amazonaws.com/uploads/shapes1712050403510_Semi-Sphere_C3_Variation-1.png','reguler',1,'white','2024-04-02 09:33:23','2024-04-02 09:33:23'),(73,'sphere','https://postactionsbucket.s3.ap-south-1.amazonaws.com/uploads/shapes1712050614048_Sphere_C1.png','reguler',1,'white','2024-04-02 09:36:54','2024-04-02 09:36:54'),(74,'sphere','https://postactionsbucket.s3.ap-south-1.amazonaws.com/uploads/shapes1712050614507_Sphere_C2.png','reguler',1,'white','2024-04-02 09:36:54','2024-04-02 09:36:54'),(75,'sphere','https://postactionsbucket.s3.ap-south-1.amazonaws.com/uploads/shapes1712050614844_Sphere_C3.png','reguler',1,'white','2024-04-02 09:36:55','2024-04-02 09:36:55'),(76,'sphere','https://postactionsbucket.s3.ap-south-1.amazonaws.com/uploads/shapes1712050615296_Sphere_C4.png','reguler',1,'white','2024-04-02 09:36:55','2024-04-02 09:36:55'),(77,'sphere','https://postactionsbucket.s3.ap-south-1.amazonaws.com/uploads/shapes1712050615651_Sphere_C1_Variation-1.png','reguler',1,'white','2024-04-02 09:36:56','2024-04-02 09:36:56'),(78,'sphere','https://postactionsbucket.s3.ap-south-1.amazonaws.com/uploads/shapes1712050616102_Sphere_C2_Variation-1.png','reguler',1,'white','2024-04-02 09:36:56','2024-04-02 09:36:56'),(79,'sphere','https://postactionsbucket.s3.ap-south-1.amazonaws.com/uploads/shapes1712050616836_Sphere_C3_Variation-1.png','reguler',1,'white','2024-04-02 09:36:57','2024-04-02 09:36:57');
/*!40000 ALTER TABLE `shapes` ENABLE KEYS */;
UNLOCK TABLES;

--
-- Table structure for table `skills`
--

DROP TABLE IF EXISTS `skills`;
/*!40101 SET @saved_cs_client     = @@character_set_client */;
/*!50503 SET character_set_client = utf8mb4 */;
CREATE TABLE `skills` (
  `id` int NOT NULL AUTO_INCREMENT,
  `skillName` varchar(255) NOT NULL,
  `createdAt` datetime NOT NULL DEFAULT CURRENT_TIMESTAMP,
  `updatedAt` datetime NOT NULL DEFAULT CURRENT_TIMESTAMP ON UPDATE CURRENT_TIMESTAMP,
  PRIMARY KEY (`id`)
) ENGINE=InnoDB AUTO_INCREMENT=7 DEFAULT CHARSET=utf8mb4 COLLATE=utf8mb4_0900_ai_ci;
/*!40101 SET character_set_client = @saved_cs_client */;

--
-- Dumping data for table `skills`
--

LOCK TABLES `skills` WRITE;
/*!40000 ALTER TABLE `skills` DISABLE KEYS */;
INSERT INTO `skills` VALUES (1,'Product Knowledge','2024-04-23 08:45:32','2024-04-23 08:45:32'),(2,'New Sales Techniques','2024-04-23 08:45:52','2024-04-23 08:45:52'),(3,'Understanding the Market','2024-04-23 08:46:05','2024-04-23 08:46:05'),(4,'Learning the Process','2024-04-23 08:46:16','2024-04-23 08:46:16'),(5,'Communication','2024-04-23 08:46:29','2024-04-23 08:46:29'),(6,'Pitch & Demo','2024-04-23 08:46:39','2024-04-23 08:46:39');
/*!40000 ALTER TABLE `skills` ENABLE KEYS */;
UNLOCK TABLES;

--
-- Table structure for table `streakTrackers`
--

DROP TABLE IF EXISTS `streakTrackers`;
/*!40101 SET @saved_cs_client     = @@character_set_client */;
/*!50503 SET character_set_client = utf8mb4 */;
CREATE TABLE `streakTrackers` (
  `id` int NOT NULL AUTO_INCREMENT,
  `streakUpdate` int DEFAULT NULL,
  `createdAt` datetime NOT NULL,
  `updatedAt` datetime NOT NULL,
  `userId` int DEFAULT NULL,
  `taskId` int DEFAULT NULL,
  `programId` int DEFAULT NULL,
  PRIMARY KEY (`id`),
  KEY `userId` (`userId`),
  KEY `taskId` (`taskId`),
  KEY `programId` (`programId`),
  CONSTRAINT `streakTrackers_ibfk_1` FOREIGN KEY (`userId`) REFERENCES `users` (`id`) ON DELETE SET NULL ON UPDATE CASCADE,
  CONSTRAINT `streakTrackers_ibfk_2` FOREIGN KEY (`taskId`) REFERENCES `tasks` (`id`) ON DELETE SET NULL ON UPDATE CASCADE,
  CONSTRAINT `streakTrackers_ibfk_3` FOREIGN KEY (`programId`) REFERENCES `programs` (`id`) ON DELETE SET NULL ON UPDATE CASCADE
) ENGINE=InnoDB AUTO_INCREMENT=123 DEFAULT CHARSET=utf8mb4 COLLATE=utf8mb4_0900_ai_ci;
/*!40101 SET character_set_client = @saved_cs_client */;

--
-- Dumping data for table `streakTrackers`
--

LOCK TABLES `streakTrackers` WRITE;
/*!40000 ALTER TABLE `streakTrackers` DISABLE KEYS */;
INSERT INTO `streakTrackers` VALUES (1,1,'2024-04-24 07:23:49','2024-04-24 07:23:49',8,53,9),(2,1,'2024-04-24 07:32:57','2024-04-24 07:32:57',10,8,2),(3,1,'2024-04-24 08:00:09','2024-04-24 08:00:09',7,53,9),(4,1,'2024-04-24 08:09:42','2024-04-24 08:09:42',11,67,11),(5,1,'2024-04-24 08:54:34','2024-04-24 08:54:34',12,8,2),(6,1,'2024-04-24 11:42:37','2024-04-24 11:42:37',14,8,2),(7,2,'2024-04-25 06:31:09','2024-04-25 06:31:09',10,54,9),(8,1,'2024-04-25 07:40:05','2024-04-25 07:40:05',15,53,9),(9,2,'2024-04-25 07:44:23','2024-04-25 07:44:23',12,9,2),(10,1,'2024-04-25 13:50:01','2024-04-25 13:50:01',19,8,2),(11,1,'2024-04-25 14:05:06','2024-04-25 14:05:06',18,53,9),(12,1,'2024-04-25 16:10:27','2024-04-25 16:10:27',20,8,2),(13,1,'2024-04-25 16:14:11','2024-04-25 16:14:11',20,88,14),(14,1,'2024-04-25 16:17:00','2024-04-25 16:17:00',20,67,11),(15,1,'2024-04-25 16:32:30','2024-04-25 16:32:30',20,81,13),(16,2,'2024-04-25 20:03:05','2024-04-25 20:03:05',10,60,10),(17,3,'2024-04-26 04:08:42','2024-04-26 04:08:42',10,9,2),(18,3,'2024-04-26 11:34:39','2024-04-26 11:34:39',10,1,1),(19,1,'2024-04-26 11:36:59','2024-04-26 11:36:59',24,67,11),(20,1,'2024-04-26 12:37:43','2024-04-26 12:37:43',23,8,2),(21,1,'2024-04-27 08:12:03','2024-04-27 08:12:03',26,8,2),(22,1,'2024-04-27 09:27:00','2024-04-27 09:27:00',35,67,11),(23,1,'2024-04-27 09:45:54','2024-04-27 09:45:54',35,60,10),(24,1,'2024-04-27 10:32:50','2024-04-27 10:32:50',36,67,11),(25,1,'2024-04-28 10:46:56','2024-04-28 10:46:56',37,8,2),(26,1,'2024-04-29 10:07:54','2024-04-29 10:07:54',21,53,9),(27,1,'2024-04-29 14:28:35','2024-04-29 14:28:35',10,9,2),(28,1,'2024-04-30 04:29:58','2024-04-30 04:29:58',41,15,3),(29,1,'2024-04-30 07:06:05','2024-04-30 07:06:05',42,67,11),(30,1,'2024-04-30 08:57:54','2024-04-30 08:57:54',47,60,10),(31,1,'2024-04-30 09:22:55','2024-04-30 09:22:55',45,53,9),(32,1,'2024-04-30 09:28:03','2024-04-30 09:28:03',46,8,2),(33,2,'2024-05-01 14:07:28','2024-05-01 14:07:28',47,61,10),(34,3,'2024-05-02 06:13:00','2024-05-02 06:13:00',47,9,2),(35,3,'2024-05-02 16:35:19','2024-05-02 16:35:19',47,53,9),(36,1,'2024-05-02 18:07:52','2024-05-02 18:07:52',48,95,15),(37,1,'2024-05-03 12:41:20','2024-05-03 12:41:20',51,53,9),(38,1,'2024-05-04 11:07:05','2024-05-04 11:07:05',47,9,2),(39,1,'2024-05-05 07:31:40','2024-05-05 07:31:40',10,9,2),(40,1,'2024-05-06 09:50:18','2024-05-06 09:50:18',50,95,15),(41,1,'2024-05-06 13:24:04','2024-05-06 13:24:04',53,53,9),(42,1,'2024-05-07 10:30:32','2024-05-07 10:30:32',10,9,2),(43,1,'2024-05-07 11:30:30','2024-05-07 11:30:30',46,9,2),(44,1,'2024-05-07 14:11:48','2024-05-07 14:11:48',10,74,12),(45,1,'2024-05-09 14:03:50','2024-05-09 14:03:50',60,8,2),(46,1,'2024-05-09 14:30:50','2024-05-09 14:30:50',60,53,9),(47,1,'2024-05-09 15:02:45','2024-05-09 15:02:45',61,15,3),(48,1,'2024-05-09 15:06:00','2024-05-09 15:06:00',61,60,10),(49,1,'2024-05-09 15:44:31','2024-05-09 15:44:31',57,8,2),(50,1,'2024-05-10 08:10:48','2024-05-10 08:10:48',65,8,2),(51,1,'2024-05-10 08:11:11','2024-05-10 08:11:11',66,8,2),(52,1,'2024-05-10 08:39:06','2024-05-10 08:39:06',66,53,9),(53,1,'2024-05-10 08:51:02','2024-05-10 08:51:02',65,53,9),(54,1,'2024-05-11 06:58:48','2024-05-11 06:58:48',68,8,2),(55,1,'2024-05-11 07:02:35','2024-05-11 07:02:35',68,60,10),(56,1,'2024-05-11 07:46:42','2024-05-11 07:46:42',47,9,2),(57,1,'2024-05-11 08:05:02','2024-05-11 08:05:02',47,67,11),(58,1,'2024-05-11 08:08:51','2024-05-11 08:08:51',47,74,12),(59,1,'2024-05-11 08:14:31','2024-05-11 08:14:31',47,81,13),(60,1,'2024-05-11 08:30:38','2024-05-11 08:30:38',69,8,2),(61,1,'2024-05-11 10:36:30','2024-05-11 10:36:30',64,8,2),(62,1,'2024-05-11 10:38:41','2024-05-11 10:38:41',64,67,11),(63,1,'2024-05-11 14:17:59','2024-05-11 14:17:59',85,116,18),(64,1,'2024-05-11 14:19:45','2024-05-11 14:19:45',85,53,9),(65,1,'2024-05-11 14:30:07','2024-05-11 14:30:07',84,116,18),(66,1,'2024-05-13 07:41:21','2024-05-13 07:41:21',94,116,18),(67,1,'2024-05-13 08:12:27','2024-05-13 08:12:27',95,116,18),(68,1,'2024-05-13 08:19:45','2024-05-13 08:19:45',95,155,24),(69,1,'2024-05-13 08:34:21','2024-05-13 08:34:21',97,116,18),(70,1,'2024-05-13 09:12:04','2024-05-13 09:12:04',99,116,18),(71,1,'2024-05-13 09:19:29','2024-05-13 09:19:29',99,162,25),(72,1,'2024-05-13 09:42:29','2024-05-13 09:42:29',101,116,18),(73,1,'2024-05-13 09:46:16','2024-05-13 09:46:16',101,60,10),(74,1,'2024-05-13 12:39:01','2024-05-13 12:39:01',166,116,18),(75,1,'2024-05-13 12:40:55','2024-05-13 12:40:55',166,162,25),(76,1,'2024-05-13 13:31:09','2024-05-13 13:31:09',164,116,18),(77,1,'2024-05-13 13:44:30','2024-05-13 13:44:30',164,53,9),(78,1,'2024-05-13 13:50:49','2024-05-13 13:50:49',164,67,11),(79,1,'2024-05-14 05:37:12','2024-05-14 05:37:12',168,116,18),(80,1,'2024-05-14 11:26:25','2024-05-14 11:26:25',172,116,18),(81,1,'2024-05-14 11:37:23','2024-05-14 11:37:23',172,60,10),(82,1,'2024-05-14 11:41:59','2024-05-14 11:41:59',172,123,19),(83,1,'2024-05-14 12:24:40','2024-05-14 12:24:40',174,60,10),(84,1,'2024-05-14 12:42:09','2024-05-14 12:42:09',176,116,18),(85,1,'2024-05-14 12:45:05','2024-05-14 12:45:05',176,53,9),(86,1,'2024-05-14 15:14:17','2024-05-14 15:14:17',54,15,3),(87,1,'2024-05-14 15:17:18','2024-05-14 15:17:18',54,81,13),(88,1,'2024-05-15 03:05:37','2024-05-15 03:05:37',70,8,2),(89,1,'2024-05-15 07:09:10','2024-05-15 07:09:10',178,116,18),(90,2,'2024-05-16 11:40:17','2024-05-16 11:40:17',70,9,2),(91,3,'2024-05-17 04:06:03','2024-05-17 04:06:03',70,9,2),(92,3,'2024-05-17 04:07:20','2024-05-17 04:07:20',70,60,10),(93,1,'2024-05-17 09:03:50','2024-05-17 09:03:50',166,117,18),(94,1,'2024-05-17 13:45:14','2024-05-17 13:45:14',10,16,3),(95,1,'2024-05-17 13:47:28','2024-05-17 13:47:28',197,116,18),(96,1,'2024-05-20 10:47:34','2024-05-20 10:47:34',166,118,18),(97,1,'2024-05-20 11:56:22','2024-05-20 11:56:22',219,116,18),(98,1,'2024-05-21 09:28:15','2024-05-21 09:28:15',10,75,12),(99,1,'2024-05-21 09:33:42','2024-05-21 09:33:42',64,9,2),(100,1,'2024-05-22 10:31:59','2024-05-22 10:31:59',166,118,18),(101,1,'2024-05-23 08:09:50','2024-05-23 08:09:50',10,16,3),(102,1,'2024-05-24 09:15:16','2024-05-24 09:15:16',7,54,9),(103,2,'2024-05-24 09:15:28','2024-05-24 09:15:28',10,2,1),(104,1,'2024-05-24 09:21:06','2024-05-24 09:21:06',223,116,18),(105,2,'2024-05-25 11:00:46','2024-05-25 11:00:46',223,117,18),(106,3,'2024-05-26 06:15:04','2024-05-26 06:15:04',223,118,18),(107,3,'2024-05-26 06:20:02','2024-05-26 06:20:02',223,74,12),(108,4,'2024-05-27 06:29:57','2024-05-27 06:29:57',223,75,12),(109,4,'2024-05-27 09:12:00','2024-05-27 09:12:00',223,22,4),(110,1,'2024-05-28 11:14:04','2024-05-28 11:14:04',166,118,18),(111,5,'2024-05-28 12:24:55','2024-05-28 12:24:55',223,118,18),(112,6,'2024-05-29 12:53:27','2024-05-29 12:53:27',223,75,12),(113,1,'2024-05-30 08:50:14','2024-05-30 08:50:14',233,116,18),(114,7,'2024-05-30 10:12:02','2024-05-30 10:12:02',223,23,4),(115,1,'2024-05-31 04:46:19','2024-05-31 04:46:19',70,9,2),(116,8,'2024-05-31 11:59:48','2024-05-31 11:59:48',223,23,4),(117,9,'2024-06-01 11:15:57','2024-06-01 11:15:57',223,23,4),(118,1,'2024-06-03 15:32:29','2024-06-03 15:32:29',197,117,18),(119,1,'2024-06-04 07:17:35','2024-06-04 07:17:35',64,124,19),(120,2,'2024-06-05 13:34:54','2024-06-05 13:34:54',64,9,2),(121,1,'2024-06-07 13:55:54','2024-06-07 13:55:54',223,2,1),(122,1,'2024-06-08 11:46:47','2024-06-08 11:46:47',10,75,12);
/*!40000 ALTER TABLE `streakTrackers` ENABLE KEYS */;
UNLOCK TABLES;

--
-- Table structure for table `streaks`
--

DROP TABLE IF EXISTS `streaks`;
/*!40101 SET @saved_cs_client     = @@character_set_client */;
/*!50503 SET character_set_client = utf8mb4 */;
CREATE TABLE `streaks` (
  `id` int NOT NULL AUTO_INCREMENT,
  `createdAt` datetime NOT NULL,
  `updatedAt` datetime NOT NULL,
  `programId` int DEFAULT NULL,
  `taskId` int DEFAULT NULL,
  `userId` int DEFAULT NULL,
  PRIMARY KEY (`id`),
  KEY `programId` (`programId`),
  KEY `taskId` (`taskId`),
  KEY `userId` (`userId`),
  CONSTRAINT `streaks_ibfk_1` FOREIGN KEY (`programId`) REFERENCES `programs` (`id`) ON DELETE SET NULL ON UPDATE CASCADE,
  CONSTRAINT `streaks_ibfk_2` FOREIGN KEY (`taskId`) REFERENCES `tasks` (`id`) ON DELETE SET NULL ON UPDATE CASCADE,
  CONSTRAINT `streaks_ibfk_3` FOREIGN KEY (`userId`) REFERENCES `users` (`id`) ON DELETE SET NULL ON UPDATE CASCADE
) ENGINE=InnoDB DEFAULT CHARSET=utf8mb4 COLLATE=utf8mb4_0900_ai_ci;
/*!40101 SET character_set_client = @saved_cs_client */;

--
-- Dumping data for table `streaks`
--

LOCK TABLES `streaks` WRITE;
/*!40000 ALTER TABLE `streaks` DISABLE KEYS */;
/*!40000 ALTER TABLE `streaks` ENABLE KEYS */;
UNLOCK TABLES;

--
-- Table structure for table `taskExtendModels`
--

DROP TABLE IF EXISTS `taskExtendModels`;
/*!40101 SET @saved_cs_client     = @@character_set_client */;
/*!50503 SET character_set_client = utf8mb4 */;
CREATE TABLE `taskExtendModels` (
  `id` int NOT NULL AUTO_INCREMENT,
  `startDate` datetime NOT NULL,
  `endDate` datetime DEFAULT NULL,
  `createdAt` datetime NOT NULL,
  `updatedAt` datetime NOT NULL,
  `userId` int DEFAULT NULL,
  `taskId` int DEFAULT NULL,
  `programId` int DEFAULT NULL,
  PRIMARY KEY (`id`),
  KEY `userId` (`userId`),
  KEY `taskId` (`taskId`),
  KEY `programId` (`programId`),
  CONSTRAINT `taskExtendModels_ibfk_1` FOREIGN KEY (`userId`) REFERENCES `users` (`id`) ON DELETE SET NULL ON UPDATE CASCADE,
  CONSTRAINT `taskExtendModels_ibfk_2` FOREIGN KEY (`taskId`) REFERENCES `tasks` (`id`) ON DELETE SET NULL ON UPDATE CASCADE,
  CONSTRAINT `taskExtendModels_ibfk_3` FOREIGN KEY (`programId`) REFERENCES `programs` (`id`) ON DELETE SET NULL ON UPDATE CASCADE
) ENGINE=InnoDB DEFAULT CHARSET=utf8mb4 COLLATE=utf8mb4_0900_ai_ci;
/*!40101 SET character_set_client = @saved_cs_client */;

--
-- Dumping data for table `taskExtendModels`
--

LOCK TABLES `taskExtendModels` WRITE;
/*!40000 ALTER TABLE `taskExtendModels` DISABLE KEYS */;
/*!40000 ALTER TABLE `taskExtendModels` ENABLE KEYS */;
UNLOCK TABLES;

--
-- Table structure for table `tasks`
--

DROP TABLE IF EXISTS `tasks`;
/*!40101 SET @saved_cs_client     = @@character_set_client */;
/*!50503 SET character_set_client = utf8mb4 */;
CREATE TABLE `tasks` (
  `id` int NOT NULL AUTO_INCREMENT,
  `taskName` varchar(255) NOT NULL,
  `taskDescription` varchar(255) NOT NULL,
  `taskType` varchar(255) NOT NULL,
  `taskPoints` int DEFAULT NULL,
  `taskCoins` int DEFAULT NULL,
  `taskMinDuration` int NOT NULL,
  `createdAt` datetime NOT NULL,
  `updatedAt` datetime NOT NULL,
  `programId` int DEFAULT NULL,
  PRIMARY KEY (`id`),
  KEY `programId` (`programId`),
  CONSTRAINT `tasks_ibfk_1` FOREIGN KEY (`programId`) REFERENCES `programs` (`id`) ON DELETE SET NULL ON UPDATE CASCADE
) ENGINE=InnoDB AUTO_INCREMENT=176 DEFAULT CHARSET=utf8mb4 COLLATE=utf8mb4_0900_ai_ci;
/*!40101 SET character_set_client = @saved_cs_client */;

--
-- Dumping data for table `tasks`
--

LOCK TABLES `tasks` WRITE;
/*!40000 ALTER TABLE `tasks` DISABLE KEYS */;
INSERT INTO `tasks` VALUES (1,'Get 2 links on Market Insights and bookmark them','I will source for blogs, websites, which gives me latest market insights and bookmark them','Dot',10,NULL,1,'2024-04-23 12:44:56','2024-04-23 12:44:56',1),(2,'Watch a tutorial on a sales approach','I will watch a 10 minute tutorial about a new sales approach.','Span',10,NULL,18,'2024-04-23 12:44:56','2024-04-23 12:44:56',1),(3,'Learn 2 Product features','I will learn 2 product features that will interest the customer.','Span',10,NULL,18,'2024-04-23 12:44:56','2024-04-23 12:44:56',1),(4,'Analyse one competitors product in 10 mins','I will analyze a competitor\'s product for 10 minutes. Write down my insights into competitive advantages and marketing positioning.','Span',10,NULL,18,'2024-04-23 12:44:56','2024-04-23 12:44:56',1),(5,'Read 1 Customer success story','I will read one customer success story related to the product.','Span',10,NULL,18,'2024-04-23 12:44:56','2024-04-23 12:44:56',1),(6,'Refer 2 FAQ to answer correctly','I will go through the FAQs and prepare for any 2 frequently asked questions by the customers.','Span',10,NULL,18,'2024-04-23 12:44:56','2024-04-23 12:44:56',1),(7,'Reflect on 1 conversation with a Customer','I will reflect on one feedback from a customer that I connected with today.','Life',10,NULL,2000,'2024-04-23 12:44:56','2024-04-23 12:44:56',1),(8,'Jot down 3 unique selling points for a pitch','I will jot down 3 most unique selling points to include in my pitch.','Dot',10,NULL,1,'2024-04-23 12:50:00','2024-04-23 12:50:00',2),(9,'Spend 5 mins on Sales pitch','I will spend 05-minutes working on my sales pitch today','Span',10,NULL,18,'2024-04-23 12:50:00','2024-04-23 12:50:00',2),(10,'Read 3 pages from \"How to win friends and Influence People\"','I will read 3-pages from the book called \"How to win friends and Influence People\"','Span',10,NULL,18,'2024-04-23 12:50:00','2024-04-23 12:50:00',2),(11,'Recommend 1 change in your sales pitch','I will make 1 change to my sales pitch based on the profile of a client for the day','Span',10,NULL,18,'2024-04-23 12:50:00','2024-04-23 12:50:00',2),(12,'Identify 2 customer benefit of a product','I will pick a product and Identify 2 key benefits of the product to include in my pitch','Span',10,NULL,18,'2024-04-23 12:50:00','2024-04-23 12:50:00',2),(13,'Read 1 testimonial to add in the pitch','I will read one happy customer testimonial and reflect on what I should focus on and appreciate myself on the good parts of it.','Span',10,NULL,18,'2024-04-23 12:50:00','2024-04-23 12:50:00',2),(14,'Spend 5 mins on Sales pitch','I will reflect on 1 good sales conversation and 1 bad sales conversation from the day','Life',10,NULL,2000,'2024-04-23 12:50:00','2024-04-23 12:50:00',2),(15,'Draw an empty customer empathy map','I will draw a Customer empathy map. (Google: Customer Empathy Map)','Dot',20,NULL,1,'2024-04-23 12:54:29','2024-04-23 12:54:29',3),(16,'Send personalized messages to 2 customers','I will send TWO personalized gratitiude email/message to TWO customers mentioning their purchased product name.','Span',20,NULL,18,'2024-04-23 12:54:29','2024-04-23 12:54:29',3),(17,'Obtain testimonials from 2 happy customers','I will encourage TWO happy customer to write a testimonial in any one of the digital/social platform','Span',20,NULL,18,'2024-04-23 12:54:29','2024-04-23 12:54:29',3),(18,'Read 1 article on Customer Experience','I will read ONE article related to Customer service/experience','Span',20,NULL,18,'2024-04-23 12:54:29','2024-04-23 12:54:29',3),(19,'Write 2 points to profile your customer','I will write down 2 points to profile my customer.','Span',20,NULL,18,'2024-04-23 12:54:29','2024-04-23 12:54:29',3),(20,'Reflect 1 breakthrough and 1 breakdown of today','I will reflect on ONE breakthrough & ONE breakdown from the day\'s work serving customers','Span',20,NULL,18,'2024-04-23 12:54:29','2024-04-23 12:54:29',3),(21,'Write 1 customer Insight for the Customer Empathy Map','I will write down 1 insight from a customer to build my Customer Empathy Map (Says, Does, Feels & Thinks)','Life',20,NULL,2000,'2024-04-23 12:54:29','2024-04-23 12:54:29',3),(22,'Subscribe to 3 sources about sales technique','I will subscribe to 3 sources/channels about Sales Techniques','Dot',10,NULL,1,'2024-04-23 13:01:19','2024-04-23 13:01:19',4),(23,'Listen to 1 podcast about Sales Negotiation','Listen to 1 podcast about Sales Negotiation','Span',10,NULL,18,'2024-04-23 13:01:19','2024-04-23 13:01:19',4),(24,'Learnings from 1 call recording(Self/Others)','I will reflect on my learnings by listening to one call recording (Self/Others)','Span',10,NULL,18,'2024-04-23 13:01:19','2024-04-23 13:01:19',4),(25,'Review the product/service benefits for 5 minutes','I will spend 5 minutes reviewing product/service benefits to confidently articulate','Span',10,NULL,18,'2024-04-23 13:01:19','2024-04-23 13:01:19',4),(26,'Note 1 potential objection from a client','I will note down 1 potential objection the client might have.','Span',10,NULL,18,'2024-04-23 13:01:19','2024-04-23 13:01:19',4),(27,'Note 2 key findings from todays Sales data analysis','I will write 2 key findings from today\'s Sales conversation.','Life',10,NULL,2000,'2024-04-23 13:01:19','2024-04-23 13:01:19',4),(28,'Create a Master Spreadsheet to track Sales Data','I will create a Master Spreadsheet to track Sales Data','Dot',10,NULL,1,'2024-04-23 13:10:23','2024-04-23 13:10:23',5),(29,'Learn 1 sales metric and its relevence to your business','I will learn about 1 sales metric and its relevance','Span',10,NULL,18,'2024-04-23 13:10:23','2024-04-23 13:10:23',5),(30,'Spend 5 minutes to know Competitors recent activity','I will spend 5 minutes to know about Competitors recent activity','Span',10,NULL,18,'2024-04-23 13:10:23','2024-04-23 13:10:23',5),(31,'Conduct a segment check on demographics/location/product to gain insights','I will do a segment check based on demographics, location, or product to uncover targeted insights.','Span',10,NULL,18,'2024-04-23 13:10:23','2024-04-23 13:10:23',5),(32,'Review 2 customer feedback entries and categorize them to spot patterns','I will categorize and review 2 customer feedback to spot a pattern.','Span',10,NULL,18,'2024-04-23 13:10:23','2024-04-23 13:10:23',5),(33,'Track 1 key sales metric and derive insights from it','I will review 1 key sales metric for 5 minutes','Life',10,NULL,2000,'2024-04-23 13:10:23','2024-04-23 13:10:23',5),(34,'Prepare the content and campaign calender for the month in 10 minutes','Spend 5 minutes to prepare the content and campaign calendar for the month','Dot',20,NULL,1,'2024-04-23 13:25:34','2024-04-23 13:25:34',6),(35,'Read 1 article about techniques that can be done in digital marketing','I will read 1 marketing article about latest trends and techniques in digital marketing.','Span',20,NULL,18,'2024-04-23 13:25:34','2024-04-23 13:25:34',6),(36,'Spend 5 minutes skimming through competitors social feeds to understand trends','I will spend 5 minutes to skim through social media feeds of competitors and trending ones.','Span',20,NULL,18,'2024-04-23 13:25:34','2024-04-23 13:25:34',6),(37,'Jot down 1 trending topic that can be made into content','I will jot down 1 trending topic which is relevant for my content and associate with it.','Span',20,NULL,18,'2024-04-23 13:25:34','2024-04-23 13:25:34',6),(38,'Spend 5 minutes researching competitors recent activities','I will choose 1 piece of content and enhance SEO potential by optimizing one key word.','Span',20,NULL,18,'2024-04-23 13:25:34','2024-04-23 13:25:34',6),(39,'Spend 5 minutes reviewing metrics related to your marketing efforts','I will spend 5 minutes to review key metrics. (Website traffic, Conversion rates, Engagement levels on Analytical platforms.)','Span',20,NULL,18,'2024-04-23 13:25:34','2024-04-23 13:25:34',6),(40,'Track the ROI for 1 Segment of Marketing Campaigns','I will calculate and track the ROI for for ONE segment of my marketing campaigns.','Life',20,NULL,2000,'2024-04-23 13:25:34','2024-04-23 13:25:34',6),(41,'Spend 5 minutes mapping the customer journey','I will spend 5 minutes to map the Customer Journey','Dot',20,NULL,1,'2024-04-23 13:31:02','2024-04-23 13:31:02',7),(42,'Conduct one customer interview and gather insights','I will do ONE customer interview and take insights.','Span',20,NULL,18,'2024-04-23 13:31:02','2024-04-23 13:31:02',7),(43,'Identify the emotion of a customer and note the context','I will identify the emotion of the customer and note the context of the interaction','Span',20,NULL,18,'2024-04-23 13:31:02','2024-04-23 13:31:02',7),(44,'Note 1 feedback from 1 touchpoint with a customer','I will Identify and note feedback from 1 touch point with a customer','Span',20,NULL,18,'2024-04-23 13:31:02','2024-04-23 13:31:02',7),(45,'Send an email to another department to discuss how their actions influence the customer journey','I will send an email to other department to discuss how their actions effect the customer journey','Span',20,NULL,18,'2024-04-23 13:31:02','2024-04-23 13:31:02',7),(46,'Note 1 potential improvement made in the customer journey','I will write down 1 potential improvement on the customer journey','Life',20,NULL,2000,'2024-04-23 13:31:02','2024-04-23 13:31:02',7),(47,'Keep a book to track your ideas related to Customer Experience','I will maintain a book to note down Ideas that could enhance the customer experience','Dot',20,NULL,1,'2024-04-23 13:36:23','2024-04-23 13:36:23',8),(48,'Note 1 potential area for improvement in your customer experience strategy','I will note down a key insight or potential area for improvement','Span',20,NULL,18,'2024-04-23 13:36:23','2024-04-23 13:36:23',8),(49,'Spend 5 minutes reading about current trends in tech, design, and service','I will spend 5 minutes of reading about current trends in tech, design, service that could improve CX.','Span',20,NULL,18,'2024-04-23 13:36:23','2024-04-23 13:36:23',8),(50,'Answer 1 \"What If\" question on a process or service to spark creative solutions','I will ask my self \"What If?\" about a current process or services to spark creative solutions.','Span',20,NULL,18,'2024-04-23 13:36:23','2024-04-23 13:36:23',8),(51,'Note 1 innovative practise that can be adopted in your industry to enhance customer experience','I will make note of a innovative practise that can be adapted in my industry.','Span',20,NULL,18,'2024-04-23 13:36:23','2024-04-23 13:36:23',8),(52,'Brainstorm for 5 minutes to generate new ideas that enhance customer experience','I will spend 5 minutes brainstorming new ideas that enhance customer experience','Life',20,NULL,2000,'2024-04-23 13:36:23','2024-04-23 13:36:23',8),(53,'Jog for 2 minutes','I will jog in my place for 2 minutes','Dot',NULL,15,1,'2024-04-23 18:25:34','2024-04-23 18:25:34',9),(54,'Take stairs for 5 minutes','I will run up and down a flight of stairs 5 times.','Span',NULL,15,18,'2024-04-23 18:25:34','2024-04-23 18:25:34',9),(55,'Do 10 jumping jacks','I will do 10 jumping jacks.','Span',NULL,15,18,'2024-04-23 18:25:34','2024-04-23 18:25:34',9),(56,'Perform 10 jumping lunges','I will perform 10 jumping lunges.','Span',NULL,15,18,'2024-04-23 18:25:34','2024-04-23 18:25:34',9),(57,'Walk briskly for 2 minutes','I will go for a speed walk for 2 minutes.','Span',NULL,15,18,'2024-04-23 18:25:34','2024-04-23 18:25:34',9),(58,'Play music and dance for 2 minutes','I will dance to my favorite song for 2 minutes.','Span',NULL,15,18,'2024-04-23 18:25:34','2024-04-23 18:25:34',9),(59,'Jog slowly for 10 minutes','I will go for a 10 minute run.','Life',NULL,15,2000,'2024-04-23 18:25:34','2024-04-23 18:25:34',9),(60,'Perform 10 arm circles on both sides','I will do 10 arm circles each direction','Dot',NULL,15,1,'2024-04-23 18:30:11','2024-04-23 18:30:11',10),(61,'Do bicycle crunched for 30 seconds','I will do 30 seconds of bicycle crunches before shower.','Span',NULL,15,18,'2024-04-23 18:30:11','2024-04-23 18:30:11',10),(62,'Complete 10 push-ups','I will do 10 push-ups after waking up.','Span',NULL,15,18,'2024-04-23 18:30:11','2024-04-23 18:30:11',10),(63,'Stay in squat position for 30 seconds','I will hold a squat for 30 seconds.','Span',NULL,15,18,'2024-04-23 18:30:11','2024-04-23 18:30:11',10),(64,'Hold Plank position for 1 minute','I will do 30 second plank.','Span',NULL,15,18,'2024-04-23 18:30:11','2024-04-23 18:30:11',10),(65,'Do wall sitting for 1 minute','I will hold a wall sit for 30 seconds.','Span',NULL,15,18,'2024-04-23 18:30:11','2024-04-23 18:30:11',10),(66,'Engage in Yoga for 10 minutes','I will do a 10 minute yoga after reaching home','Life',NULL,15,2000,'2024-04-23 18:30:11','2024-04-23 18:30:11',10),(67,'Set an alarm in the morning that repeats everyday','I will set an alarm of desired time to repeat every day','Dot',NULL,15,1,'2024-04-23 18:36:34','2024-04-23 18:36:34',11),(68,'Drink 200 ml of water to start your day hydrated','I will drink 200ml of Water as soon as I brush my teeth','Span',NULL,15,18,'2024-04-23 18:36:34','2024-04-23 18:36:34',11),(69,'Do a 5 minute muscle stretch','I will spend 5-minutes to stretch out my muscles','Span',NULL,15,18,'2024-04-23 18:36:34','2024-04-23 18:36:34',11),(70,'Get 5 minutes of morning sunlight','I will spend 5-minutes outdoor in the morning sun','Span',NULL,15,18,'2024-04-23 18:36:34','2024-04-23 18:36:34',11),(71,'Engage in 5 minute breathing excersice','I will do 5-minutes of Breathing exercise','Span',NULL,15,18,'2024-04-23 18:36:34','2024-04-23 18:36:34',11),(72,'Google 1 positive affirmation to set the tone for the day','I will set ONE intention for the day ahead.','Span',NULL,15,18,'2024-04-23 18:36:34','2024-04-23 18:36:34',11),(73,'Spend 5 minutes writing down your priorities for the day','I will plan for 5 minutes writing my priorities for the day','Life',NULL,15,2000,'2024-04-23 18:36:34','2024-04-23 18:36:34',11),(74,'Do high knees for 30 seconds','I will do high knees for 30 seconds.','Dot',NULL,15,1,'2024-04-23 18:43:52','2024-04-23 18:43:52',12),(75,'Perform 10 desk push-ups','I will do 10 desk push-ups.','Span',NULL,15,18,'2024-04-23 18:43:52','2024-04-23 18:43:52',12),(76,'Do a 1 minute marching in the same place','I will stand up and march in place for 1 minute.','Span',NULL,15,18,'2024-04-23 18:43:52','2024-04-23 18:43:52',12),(77,'Do 10 leg raises using a chair','I will perform 10 chair leg raises.','Span',NULL,15,18,'2024-04-23 18:43:52','2024-04-23 18:43:52',12),(78,'Perform 10 reverse lunges','I will do 10 reverse lunges.','Span',NULL,15,18,'2024-04-23 18:43:52','2024-04-23 18:43:52',12),(79,'Hold a side plank for 15 seconds on each side','I will hold a side plank for 15 seconds on each side.','Span',NULL,15,18,'2024-04-23 18:43:52','2024-04-23 18:43:52',12),(80,'Do a 5 minute speed walk','I will do speed walking for 10 minutes.','Life',NULL,15,2000,'2024-04-23 18:43:52','2024-04-23 18:43:52',12),(81,'Set an alarm in the morning that can be repeated everyday','I will set an alarm of desired time to repeat every day','Dot',NULL,15,1,'2024-04-23 18:47:53','2024-04-23 18:47:53',13),(82,'Drink 200 ml of warm water with few drops of honey and lime','I will drink 200ml of Lime & Honey with Warm Water every day','Span',NULL,15,18,'2024-04-23 18:47:53','2024-04-23 18:47:53',13),(83,'Perform 4 Yoga Asanas','I will practice 4 Yoga asanas every day','Span',NULL,15,18,'2024-04-23 18:47:53','2024-04-23 18:47:53',13),(84,'Take a 5 minute walk','I will go out for a 5-minute walk in the morning sun','Span',NULL,15,18,'2024-04-23 18:47:53','2024-04-23 18:47:53',13),(85,'Spend 5 minutes practicing a breathing exercise','I will do breathing exercise for 5-minutes','Span',NULL,15,18,'2024-04-23 18:47:53','2024-04-23 18:47:53',13),(86,'Write down 1 thing you accomplished for yourself today','I will write down one-thing that I will accomplish today','Span',NULL,15,18,'2024-04-23 18:47:53','2024-04-23 18:47:53',13),(87,'Reflect on how the day went before doing to sleep','I will reflect / Journal for 5 minutes about my day','Life',NULL,15,2000,'2024-04-23 18:47:53','2024-04-23 18:47:53',13),(88,'Arrange your bedroom for optimal rest','I will spend 5-minutes to set up my sleeping environment as a quiet, dark and cool place','Dot',NULL,15,1,'2024-04-23 18:50:54','2024-04-23 18:50:54',14),(89,'Read 2 pages from a hardcopy book before sleep','I will read 2-pages from a physical book before going to bed','Span',NULL,15,18,'2024-04-23 18:50:54','2024-04-23 18:50:54',14),(90,'Spend 5 minutes stretching your muscles','I will stretch my muscles out for 5-minutes to de-stress myself','Span',NULL,15,18,'2024-04-23 18:50:54','2024-04-23 18:50:54',14),(91,'Practise the 4-7-8 breathing technique','I will Practice 4-7-8 breathing technique','Span',NULL,15,18,'2024-04-23 18:50:54','2024-04-23 18:50:54',14),(92,'Gently massage your facial muscles, above the eyelids, legs for 5 minutes','I will gently massage my face, eyes and my legs for 5-minutes before going to sleep','Span',NULL,15,18,'2024-04-23 18:50:54','2024-04-23 18:50:54',14),(93,'Listen to 5 minutes of calm, soothing music to unwind before bed','I will listen to a calming music or sound of nature for 5-minutes just before going to bed','Span',NULL,15,18,'2024-04-23 18:50:54','2024-04-23 18:50:54',14),(94,'Meditate for 10 minutes before sleep','I will meditate for 10 minutes in my bed before going to sleep','Life',NULL,15,2000,'2024-04-23 18:50:54','2024-04-23 18:50:54',14),(95,'Schedule 5 minutes to \"Work on myself\"','I will block a recurring 5 minutes for this journey and name it \"Work on myself\"','Dot',10,NULL,1,'2024-05-01 13:47:31','2024-05-01 13:47:31',15),(96,'Spend 2 minutes identifying daily priorities','I will take 2 minutes to identify the priorities for the day.','Span',10,NULL,18,'2024-05-01 13:47:31','2024-05-01 13:47:31',15),(97,'Read 3 pages ','I will read 3-pages from the book called \"How to win friends and Influence People\"\n','Span',10,NULL,18,'2024-05-01 13:47:31','2024-05-01 13:47:31',15),(98,'Note down one key work strength','I will identify and note down ONE key strength of mine at work.','Span',10,NULL,18,'2024-05-01 13:47:31','2024-05-01 13:47:31',15),(99,'Write 1 point in Self-intro pitch','I will write down 1 new point about my strengths, capabilities and role at work to improve my self-intro pitch','Span',10,NULL,18,'2024-05-01 13:47:31','2024-05-01 13:47:31',15),(100,'ONE tweakin Self-Intro pitch','I will edit ONE point in my pitch every day ','Span',10,NULL,18,'2024-05-01 13:47:31','2024-05-01 13:47:31',15),(101,'Reflect on ONE action of the day','I will reflect on ONE action that I could have done better today','Life',10,NULL,2000,'2024-05-01 13:47:31','2024-05-01 13:47:31',15),(109,'Schedule a 5-minute calendar slot','I will block a recurring 5-minute calendar slot for this journey and name it `Becoming a Superman`','Dot',10,NULL,1,'2024-05-02 13:55:44','2024-05-02 13:55:44',17),(110,'Do 10 desk pushups','I will do 10 desk pushups everyday','Span',10,NULL,18,'2024-05-02 13:55:44','2024-05-02 13:55:44',17),(111,'Catchup with ONE employee','I will do a 5-minute catchup with ONE employee in the office','Span',10,NULL,18,'2024-05-02 13:55:44','2024-05-02 13:55:44',17),(112,'Identify ONE problem','I will identify and note ONE problem in the business','Span',10,NULL,18,'2024-05-02 13:55:44','2024-05-02 13:55:44',17),(113,'Reflect on ONE solution','I will reflect on ONE solution for one of the problems noted','Span',10,NULL,18,'2024-05-02 13:55:44','2024-05-02 13:55:44',17),(114,'Do ONE sales call','I will do ONE sales related call everyday','Span',10,NULL,18,'2024-05-02 13:55:44','2024-05-02 13:55:44',17),(115,'Do 10 minute guided meditation','I will do 10-minutes of guided meditation ','Life',10,NULL,2000,'2024-05-02 13:55:44','2024-05-02 13:55:44',17),(116,'Practice 1 minute of guided meditation','I will practice 1 minute of guided meditation to improve my focus','Dot',10,NULL,1,'2024-05-11 11:54:40','2024-05-11 11:54:40',18),(117,'Block 5 minutes for continuous improvement','I will block 5 minutes of recurring time every day for my continuous improvement journey','Dot',10,NULL,1,'2024-05-11 11:54:40','2024-05-11 11:54:40',18),(118,'Learn one new thing to enhance yourself','I will spend 5 minutes to learn 1 thing new to improve myself everyday','Span',10,NULL,18,'2024-05-11 11:54:40','2024-05-11 11:54:40',18),(119,'Write 2 actions to approach your focus area','I will write 2 actions that can be done differently from that day','Span',10,NULL,18,'2024-05-11 11:54:40','2024-05-11 11:54:40',18),(120,'Practice guided meditation for 5 minutes','I will spend 5 minutes to practice guided meditation to improve focus','Span',10,NULL,18,'2024-05-11 11:54:40','2024-05-11 11:54:40',18),(121,'Reflect on one piece of feedback received','I will reflect on 1 feedback that I received from someone','Span',10,NULL,18,'2024-05-11 11:54:40','2024-05-11 11:54:40',18),(122,'Reflect on what worked & didn\'t that day','I will take 5 minutes to reflect on 1 action that worked and didn\'t work from that day','Life',10,NULL,2000,'2024-05-11 11:54:40','2024-05-11 11:54:40',18),(123,'Block 5 minutes daily for self-improvement','I will block 5 minutes of recurring time every day to work on myself','Dot',NULL,20,1,'2024-05-12 09:56:16','2024-05-12 09:56:16',19),(124,'Identify one personal change to work on','I will identify 1 personal thing that I want to change about myself','Span',NULL,20,18,'2024-05-12 09:56:16','2024-05-12 09:56:16',19),(125,'Record 1 action from receiver\'s perspective','I will reflect and record 1 action of mine form the receiver\'s perspective','Span',NULL,20,18,'2024-05-12 09:56:16','2024-05-12 09:56:16',19),(126,'Journal on a positive observation today','I will journal for 5 minutes about 1 positive observation around me today','Span',NULL,20,18,'2024-05-12 09:56:16','2024-05-12 09:56:16',19),(127,'Write about a small accomplishment','I will spend 2 minutes to write about a small accomplishment of the day','Span',NULL,20,18,'2024-05-12 09:56:16','2024-05-12 09:56:16',19),(128,'Reflect on one thing you\'re grateful for','I will take 5 minutes to reflect on 1 thing I am grateful for','Life',NULL,20,2000,'2024-05-12 09:56:16','2024-05-12 09:56:16',19),(129,'Write 3 points on how you\'re unique','I will write 3 points about how unique I am','Dot',NULL,20,1,'2024-05-12 09:57:47','2024-05-12 09:57:47',20),(130,'Reflect on one personal strength','I will reflect on 1 strength of mine','Span',NULL,20,18,'2024-05-12 09:57:47','2024-05-12 09:57:47',20),(131,'Listen to 5-minute Guided meditation','I will spend 5 minutes to practice guided meditation','Span',NULL,20,18,'2024-05-12 09:57:47','2024-05-12 09:57:47',20),(132,'Write down one accomplishment today','I will write 1 thing that I accomplished today','Span',NULL,20,18,'2024-05-12 09:57:47','2024-05-12 09:57:47',20),(133,'Note something personal you\'re grateful for','At the end of the day, I will spend 2 minutes writing down something personal I am grateful for','Span',NULL,20,18,'2024-05-12 09:57:47','2024-05-12 09:57:47',20),(134,'Spend 5 minutes writing a gratitude journal','I will spend 5 minutes to write my gratitude journal','Life',NULL,20,2000,'2024-05-12 09:57:47','2024-05-12 09:57:47',20),(135,'Watch a video','I will watch a video on 1 unfamiliar concept that is useful for me','Dot',NULL,20,1,'2024-05-12 09:59:48','2024-05-12 09:59:48',21),(136,'Do a 5-minute guided meditation','I will do a 5 minute guided meditation before I step out to work','Span',NULL,20,18,'2024-05-12 09:59:48','2024-05-12 09:59:48',21),(137,'Plan and complete one growth action','I will plan and do 1 action for my growth','Span',NULL,20,18,'2024-05-12 09:59:48','2024-05-12 09:59:48',21),(138,'Spend 5 minutes writing down one learning','I will spend 5 minutes to write 1 learning from the day','Span',NULL,20,18,'2024-05-12 09:59:48','2024-05-12 09:59:48',21),(139,'Take 2 minutes daily to write one question','I will spend 2 minutes each day writing down 1 question about something I am curious about','Span',NULL,20,18,'2024-05-12 09:59:48','2024-05-12 09:59:48',21),(140,'Reflect on 1 breakdown & breakthrough','I will write a 2-minute reflection on 1 breakdown and breakthrough','Life',NULL,20,2000,'2024-05-12 09:59:48','2024-05-12 09:59:48',21),(141,'Watch one YouTube video','I will watch a video on Ikigai - A Japanese Philosophy for Finding Purpose on YouTube','Dot',NULL,20,1,'2024-05-12 10:00:58','2024-05-12 10:00:58',22),(142,'Write down one fear that holds you back','I will spend 4 minutes writing down 1 fear that holds me back','Span',NULL,20,18,'2024-05-12 10:00:58','2024-05-12 10:00:58',22),(143,'Reflect on one self-improvement action','I will reflect on 1 action I took for self-improvement today.','Span',NULL,20,18,'2024-05-12 10:00:58','2024-05-12 10:00:58',22),(144,'Practice guided meditation for 5 minutes','I will spend 5 minutes to practice guided meditation','Span',NULL,20,18,'2024-05-12 10:00:58','2024-05-12 10:00:58',22),(145,'Write down one action that energized you','I will write 1 action that gave me energy today','Span',NULL,20,18,'2024-05-12 10:00:58','2024-05-12 10:00:58',22),(146,'List three things you\'re grateful for','I will write down 3 things I am grateful for','Span',NULL,20,18,'2024-05-12 10:00:58','2024-05-12 10:00:58',22),(147,'Note one action that contributed to your day','I will take 2 minutes to list 1 action that positively contributed to my day','Life',NULL,20,2000,'2024-05-12 10:00:58','2024-05-12 10:00:58',22),(148,'Learn how to do Surya Namaskar','I will learn how to do Surya Namaskar','Dot',NULL,20,1,'2024-05-12 10:01:56','2024-05-12 10:01:56',23),(149,'Sit in Vajrasana for 2 minutes','I will sit in Vajrasana position for 2 minutes','Span',NULL,20,18,'2024-05-12 10:01:56','2024-05-12 10:01:56',23),(150,'Practice 5 minutes of child’s pose','I will practice 5 minutes of basic child’s pose each morning (Balasana)','Span',NULL,20,18,'2024-05-12 10:01:56','2024-05-12 10:01:56',23),(151,'Spend 5 minutes in Legs-Up-The-Wall pose','I will spend 5 minutes in a Legs-Up-The-Wall pose (Viparita Karani)','Span',NULL,20,18,'2024-05-12 10:01:56','2024-05-12 10:01:56',23),(152,'Include a 5-minute dynamic plank routine','I will integrate a quick 5-minute routine of dynamic plank pose (Phalakasana)','Span',NULL,20,18,'2024-05-12 10:01:56','2024-05-12 10:01:56',23),(153,'Hold Butterfly pose for 5 minutes','I will hold a passive butterfly pose for 5 minutes (Baddha Konasana)','Span',NULL,20,18,'2024-05-12 10:01:56','2024-05-12 10:01:56',23),(154,'Do Surya Namaskar twice daily','I will do Surya Namaskar twice every day','Life',NULL,20,2000,'2024-05-12 10:01:56','2024-05-12 10:01:56',23),(155,'Learn about 4 pranayama techniques','I will learn about 4 Pranayama techniques','Dot',NULL,20,1,'2024-05-12 10:02:36','2024-05-12 10:02:36',24),(156,'Do 5 minutes of deep diaphragmatic breathing','I will begin my day with 5 minutes of deep, diaphragmatic breathing','Span',NULL,20,18,'2024-05-12 10:02:36','2024-05-12 10:02:36',24),(157,'Inhale through nose & exhale with \'ha\' sound','I will sit in Vajrasana and inhale through my nose and exhale through my mouth with a \'ha\' sound','Span',NULL,20,18,'2024-05-12 10:02:36','2024-05-12 10:02:36',24),(158,'Practice equal breathing for 5 minutes','I will practice equal breath inhaling and exhaling for 5 minutes','Span',NULL,20,18,'2024-05-12 10:02:36','2024-05-12 10:02:36',24),(159,'Do Nadi Shodhana for 5 minutes','I will do Nadi Shodhana (alternate nostril breathing ) for 5 minutes','Span',NULL,20,18,'2024-05-12 10:02:36','2024-05-12 10:02:36',24),(160,'Do 10 rapid breaths before a slow exhale','I will start with 10 rapid breaths, and pause at 10th breath before exhaling slowly','Span',NULL,20,18,'2024-05-12 10:02:36','2024-05-12 10:02:36',24),(161,'Practice 4-4-4-4 box breathing','After dinner, I will spend 5 minutes practicing 4-4-4-4 box breathing (inhale, hold, exhale, hold)','Life',NULL,20,2000,'2024-05-12 10:02:36','2024-05-12 10:02:36',24),(162,'Learn 2 greeting words','I will learn 2 greeting words \'Namaste\' and \'Vanakkam\'','Dot',NULL,20,1,'2024-05-12 10:03:21','2024-05-12 10:03:21',25),(163,'Greet guests with a smile','I will greet every guest with a warm smile and a heartfelt \'Namaste\'/ \'Vanakkam\'','Span',NULL,20,18,'2024-05-12 10:03:21','2024-05-12 10:03:21',25),(164,'Read 1 cultural fact','I will read ONE cultural fact about India for 2 minutes','Span',NULL,20,18,'2024-05-12 10:03:21','2024-05-12 10:03:21',25),(165,'Read 2 hospitality tips','I will spend 5 minutes reading 2 hospitality tips done in India','Span',NULL,20,18,'2024-05-12 10:03:21','2024-05-12 10:03:21',25),(166,'Express gratitude','I will spend 2 minutes expressing gratitude','Span',NULL,20,18,'2024-05-12 10:03:21','2024-05-12 10:03:21',25),(167,'Reflect at the end of the day','I will reflect for 5 minutes at the end of the day on how I made others feel welcome','Span',NULL,20,18,'2024-05-12 10:03:21','2024-05-12 10:03:21',25),(168,'Write positive interactions','I will dedicate 5 minutes before bed to write down 3 positive interactions I had that day','Life',NULL,20,2000,'2024-05-12 10:03:21','2024-05-12 10:03:21',25),(169,'Choose a famous Rajini quote','I will choose a famous Rajinikanth quote \'Rajini-ism\'','Dot',NULL,20,1,'2024-05-12 10:04:02','2024-05-12 10:04:02',26),(170,'Read 1 quote','I will read ONE quick Rajinikanth quote before starting my day','Span',NULL,20,18,'2024-05-12 10:04:02','2024-05-12 10:04:02',26),(171,'Tackle the challenging task','I will tackle my most challenging task first thing in the morning (embodying Rajinikanth’s fearlessness)','Span',NULL,20,18,'2024-05-12 10:04:02','2024-05-12 10:04:02',26),(172,'Review the quality of work','I will dedicate 5 minutes at midday to review the quality of my work done so far just like a Rajini movie interval block','Span',NULL,20,18,'2024-05-12 10:04:02','2024-05-12 10:04:02',26),(173,'Stand in power pose','I will stand in a power pose for 2 minutes (channeling Rajinikanth\'s confidence and charisma)','Span',NULL,20,18,'2024-05-12 10:04:02','2024-05-12 10:04:02',26),(174,'Read 1 leadership tip','I will take 5 minutes to read ONE leadership tip','Span',NULL,20,18,'2024-05-12 10:04:02','2024-05-12 10:04:02',26),(175,'Write 1 different scenario','I will dedicate 5 minutes to write ONE different scenario (best case, worst case, and most likely) for ONE action','Life',NULL,20,2000,'2024-05-12 10:04:02','2024-05-12 10:04:02',26);
/*!40000 ALTER TABLE `tasks` ENABLE KEYS */;
UNLOCK TABLES;

--
-- Table structure for table `teamPrograms`
--

DROP TABLE IF EXISTS `teamPrograms`;
/*!40101 SET @saved_cs_client     = @@character_set_client */;
/*!50503 SET character_set_client = utf8mb4 */;
CREATE TABLE `teamPrograms` (
  `id` int NOT NULL AUTO_INCREMENT,
  `createdAt` datetime NOT NULL,
  `updatedAt` datetime NOT NULL,
  `teamId` int DEFAULT NULL,
  `programId` int DEFAULT NULL,
  `customerId` int DEFAULT NULL,
  PRIMARY KEY (`id`),
  KEY `teamId` (`teamId`),
  KEY `programId` (`programId`),
  KEY `customerId` (`customerId`),
  CONSTRAINT `teamPrograms_ibfk_1` FOREIGN KEY (`teamId`) REFERENCES `teams` (`id`) ON DELETE SET NULL ON UPDATE CASCADE,
  CONSTRAINT `teamPrograms_ibfk_2` FOREIGN KEY (`programId`) REFERENCES `programs` (`id`) ON DELETE SET NULL ON UPDATE CASCADE,
  CONSTRAINT `teamPrograms_ibfk_3` FOREIGN KEY (`customerId`) REFERENCES `customers` (`id`) ON DELETE SET NULL ON UPDATE CASCADE
) ENGINE=InnoDB AUTO_INCREMENT=85 DEFAULT CHARSET=utf8mb4 COLLATE=utf8mb4_0900_ai_ci;
/*!40101 SET character_set_client = @saved_cs_client */;

--
-- Dumping data for table `teamPrograms`
--

LOCK TABLES `teamPrograms` WRITE;
/*!40000 ALTER TABLE `teamPrograms` DISABLE KEYS */;
INSERT INTO `teamPrograms` VALUES (1,'2024-04-24 06:36:20','2024-04-24 06:36:20',1,2,1),(2,'2024-04-24 08:00:05','2024-04-24 08:00:05',2,2,1),(3,'2024-04-24 11:04:26','2024-04-24 11:04:26',3,2,1),(4,'2024-04-25 06:08:09','2024-04-25 06:08:09',4,5,1),(5,'2024-04-25 14:14:22','2024-04-25 14:14:22',5,2,1),(6,'2024-04-25 14:18:22','2024-04-25 14:18:22',6,2,1),(7,'2024-04-26 02:07:48','2024-04-26 02:07:48',7,2,1),(8,'2024-04-26 10:27:04','2024-04-26 10:27:04',8,2,1),(9,'2024-04-26 11:26:10','2024-04-26 11:26:10',9,1,1),(10,'2024-04-27 06:28:07','2024-04-27 06:28:07',10,2,1),(11,'2024-04-27 09:22:42','2024-04-27 09:22:42',11,3,1),(12,'2024-04-29 07:16:30','2024-04-29 07:16:30',12,3,1),(13,'2024-04-29 14:34:07','2024-04-29 14:34:07',13,3,1),(14,'2024-04-29 14:47:25','2024-04-29 14:47:25',14,2,1),(15,'2024-04-30 07:02:29','2024-04-30 07:02:29',15,2,1),(16,'2024-05-01 13:56:10','2024-05-01 13:56:10',16,15,1),(17,'2024-05-02 14:02:07','2024-05-02 14:02:07',17,17,1),(18,'2024-05-03 12:05:12','2024-05-03 12:05:12',18,3,1),(19,'2024-05-06 12:28:36','2024-05-06 12:28:36',19,3,1),(20,'2024-05-06 12:57:13','2024-05-06 12:57:13',20,3,1),(21,'2024-05-08 06:46:44','2024-05-08 06:46:44',21,2,1),(22,'2024-05-08 09:25:30','2024-05-08 09:25:30',22,2,1),(23,'2024-05-09 07:24:28','2024-05-09 07:24:28',23,2,1),(24,'2024-05-09 14:36:29','2024-05-09 14:36:29',24,3,1),(25,'2024-05-09 16:39:06','2024-05-09 16:39:06',25,2,1),(26,'2024-05-10 07:30:30','2024-05-10 07:30:30',26,2,1),(27,'2024-05-11 05:09:12','2024-05-11 05:09:12',27,2,1),(28,'2024-05-11 08:40:18','2024-05-11 08:40:18',28,2,1),(29,'2024-05-11 09:06:22','2024-05-11 09:06:22',29,1,1),(30,'2024-05-11 12:52:39','2024-05-11 12:52:39',30,18,1),(31,'2024-05-11 12:58:58','2024-05-11 12:58:58',31,18,1),(32,'2024-05-11 13:21:46','2024-05-11 13:21:46',32,18,1),(33,'2024-05-11 14:13:45','2024-05-11 14:13:45',33,18,1),(34,'2024-05-11 14:39:44','2024-05-11 14:39:44',34,18,1),(35,'2024-05-12 10:34:14','2024-05-12 10:34:14',35,2,1),(36,'2024-05-12 11:09:21','2024-05-12 11:09:21',36,2,1),(37,'2024-05-13 05:28:28','2024-05-13 05:28:28',37,18,1),(38,'2024-05-13 06:58:43','2024-05-13 06:58:43',38,18,1),(39,'2024-05-13 07:38:31','2024-05-13 07:38:31',39,18,1),(40,'2024-05-13 08:06:52','2024-05-13 08:06:52',40,18,1),(41,'2024-05-13 08:26:43','2024-05-13 08:26:43',41,17,1),(42,'2024-05-13 08:32:24','2024-05-13 08:32:24',42,18,1),(43,'2024-05-13 09:10:18','2024-05-13 09:10:18',43,18,1),(44,'2024-05-13 09:39:48','2024-05-13 09:39:48',44,18,1),(45,'2024-05-13 10:24:53','2024-05-13 10:24:53',45,18,1),(46,'2024-05-13 10:24:53','2024-05-13 10:24:53',46,18,1),(47,'2024-05-13 10:24:53','2024-05-13 10:24:53',47,18,1),(48,'2024-05-13 10:24:53','2024-05-13 10:24:53',48,18,1),(49,'2024-05-13 10:24:53','2024-05-13 10:24:53',49,18,1),(50,'2024-05-13 10:24:53','2024-05-13 10:24:53',50,18,1),(51,'2024-05-13 10:24:53','2024-05-13 10:24:53',51,18,1),(52,'2024-05-13 10:24:53','2024-05-13 10:24:53',52,18,1),(53,'2024-05-13 12:09:03','2024-05-13 12:09:03',53,18,1),(54,'2024-05-13 12:32:37','2024-05-13 12:32:37',54,18,1),(55,'2024-05-14 05:26:22','2024-05-14 05:26:22',55,18,1),(56,'2024-05-14 10:36:45','2024-05-14 10:36:45',56,18,1),(57,'2024-05-14 11:21:26','2024-05-14 11:21:26',57,18,1),(58,'2024-05-14 12:19:42','2024-05-14 12:19:42',58,18,1),(59,'2024-05-14 12:36:22','2024-05-14 12:36:22',59,18,1),(60,'2024-05-15 04:17:05','2024-05-15 04:17:05',60,18,1),(61,'2024-05-16 09:53:35','2024-05-16 09:53:35',61,18,1),(62,'2024-05-16 09:53:35','2024-05-16 09:53:35',62,18,1),(63,'2024-05-17 06:38:57','2024-05-17 06:38:57',63,18,1),(64,'2024-05-17 08:23:16','2024-05-17 08:23:16',64,18,1),(65,'2024-05-17 09:08:33','2024-05-17 09:08:33',65,18,1),(66,'2024-05-17 09:09:43','2024-05-17 09:09:43',66,18,1),(67,'2024-05-17 09:10:49','2024-05-17 09:10:49',67,18,1),(68,'2024-05-17 09:30:55','2024-05-17 09:30:55',68,18,1),(69,'2024-05-17 09:33:11','2024-05-17 09:33:11',69,18,1),(70,'2024-05-17 09:37:21','2024-05-17 09:37:21',70,18,1),(71,'2024-05-17 09:38:06','2024-05-17 09:38:06',71,18,1),(72,'2024-05-17 11:39:39','2024-05-17 11:39:39',72,18,1),(73,'2024-05-20 11:53:34','2024-05-20 11:53:34',73,18,1),(74,'2024-05-21 09:22:08','2024-05-21 09:22:08',74,18,1),(75,'2024-05-24 05:19:19','2024-05-24 05:19:19',75,18,1),(76,'2024-05-24 08:55:25','2024-05-24 08:55:25',76,18,1),(77,'2024-05-26 12:00:14','2024-05-26 12:00:14',77,18,1),(78,'2024-05-27 06:44:19','2024-05-27 06:44:19',78,1,1),(79,'2024-05-27 06:44:44','2024-05-27 06:44:44',79,4,1),(80,'2024-05-28 11:45:03','2024-05-28 11:45:03',80,18,1),(81,'2024-05-30 06:53:28','2024-05-30 06:53:28',81,18,1),(82,'2024-05-30 08:37:00','2024-05-30 08:37:00',82,18,1),(83,'2024-06-01 17:24:15','2024-06-01 17:24:15',83,18,1),(84,'2024-06-07 09:53:57','2024-06-07 09:53:57',84,18,1);
/*!40000 ALTER TABLE `teamPrograms` ENABLE KEYS */;
UNLOCK TABLES;

--
-- Table structure for table `teamRequests`
--

DROP TABLE IF EXISTS `teamRequests`;
/*!40101 SET @saved_cs_client     = @@character_set_client */;
/*!50503 SET character_set_client = utf8mb4 */;
CREATE TABLE `teamRequests` (
  `id` int NOT NULL AUTO_INCREMENT,
  `reqStatus` varchar(255) DEFAULT 'pending',
  `isShown` tinyint(1) DEFAULT '0',
  `createdAt` datetime NOT NULL,
  `updatedAt` datetime NOT NULL,
  `userId` int DEFAULT NULL,
  `teamId` int DEFAULT NULL,
  `challengeId` int DEFAULT NULL,
  `programId` int DEFAULT NULL,
  PRIMARY KEY (`id`),
  KEY `userId` (`userId`),
  KEY `teamId` (`teamId`),
  KEY `challengeId` (`challengeId`),
  KEY `programId` (`programId`),
  CONSTRAINT `teamRequests_ibfk_1` FOREIGN KEY (`userId`) REFERENCES `users` (`id`) ON DELETE SET NULL ON UPDATE CASCADE,
  CONSTRAINT `teamRequests_ibfk_2` FOREIGN KEY (`teamId`) REFERENCES `teams` (`id`) ON DELETE SET NULL ON UPDATE CASCADE,
  CONSTRAINT `teamRequests_ibfk_3` FOREIGN KEY (`challengeId`) REFERENCES `challenges` (`id`) ON DELETE SET NULL ON UPDATE CASCADE,
  CONSTRAINT `teamRequests_ibfk_4` FOREIGN KEY (`programId`) REFERENCES `programs` (`id`) ON DELETE SET NULL ON UPDATE CASCADE
) ENGINE=InnoDB AUTO_INCREMENT=47 DEFAULT CHARSET=utf8mb4 COLLATE=utf8mb4_0900_ai_ci;
/*!40101 SET character_set_client = @saved_cs_client */;

--
-- Dumping data for table `teamRequests`
--

LOCK TABLES `teamRequests` WRITE;
/*!40000 ALTER TABLE `teamRequests` DISABLE KEYS */;
INSERT INTO `teamRequests` VALUES (1,'cancelled',0,'2024-04-25 14:21:06','2024-04-26 14:30:00',18,6,3,2),(2,'cancelled',0,'2024-04-25 16:51:13','2024-04-26 17:00:00',20,5,3,2),(3,'completed',1,'2024-04-30 09:01:40','2024-05-02 05:23:45',47,15,2,2),(4,'cancelled',1,'2024-05-02 08:42:58','2024-05-03 11:29:03',12,2,2,2),(5,'cancelled',1,'2024-05-02 11:14:59','2024-05-07 06:08:24',46,15,2,2),(6,'cancelled',1,'2024-05-02 13:24:18','2024-05-03 14:03:47',47,15,3,2),(7,'cancelled',1,'2024-05-04 10:58:41','2024-05-07 13:24:39',47,15,2,2),(8,'cancelled',1,'2024-05-04 11:24:11','2024-05-07 06:08:27',46,15,2,2),(9,'completed',1,'2024-05-06 03:32:22','2024-05-09 04:45:12',8,1,5,2),(10,'cancelled',0,'2024-05-06 04:22:38','2024-05-07 04:30:00',5,1,2,2),(11,'cancelled',1,'2024-05-06 06:32:16','2024-05-07 07:02:56',12,2,2,2),(12,'cancelled',1,'2024-05-06 18:43:53','2024-05-08 17:36:09',10,20,2,3),(13,'cancelled',1,'2024-05-07 06:08:36','2024-05-08 06:34:39',46,15,3,2),(14,'cancelled',1,'2024-05-07 07:06:39','2024-05-08 13:21:54',12,2,7,2),(15,'cancelled',1,'2024-05-08 13:54:48','2024-05-10 07:14:53',47,15,5,2),(16,'cancelled',1,'2024-05-08 15:44:22','2024-05-11 03:09:18',10,9,2,1),(17,'cancelled',1,'2024-05-08 16:57:35','2024-05-10 05:10:58',12,2,2,2),(18,'cancelled',0,'2024-05-08 19:17:54','2024-05-09 19:30:00',7,17,2,17),(19,'cancelled',1,'2024-05-09 13:29:24','2024-05-11 07:47:31',47,18,7,3),(20,'completed',0,'2024-05-11 08:55:05','2024-05-15 23:50:00',69,27,2,2),(21,'cancelled',0,'2024-05-11 08:57:07','2024-05-12 09:00:02',68,27,2,2),(22,'completed',1,'2024-05-11 09:10:12','2024-05-15 23:50:00',47,29,2,1),(23,'cancelled',0,'2024-05-11 09:11:18','2024-05-12 09:30:01',69,29,2,1),(24,'cancelled',1,'2024-05-11 10:50:13','2024-05-13 07:09:17',64,26,2,2),(25,'cancelled',0,'2024-05-13 08:14:56','2024-05-14 08:30:00',95,40,2,18),(26,'cancelled',0,'2024-05-13 08:34:49','2024-05-14 09:00:00',97,42,3,18),(27,'cancelled',0,'2024-05-13 12:06:52','2024-05-14 12:30:00',99,43,2,18),(28,'cancelled',1,'2024-05-13 12:41:26','2024-05-17 06:30:08',166,54,2,18),(29,'cancelled',0,'2024-05-13 13:33:45','2024-05-14 14:00:00',164,53,3,18),(30,'cancelled',1,'2024-05-14 05:51:48','2024-05-15 06:11:15',12,2,2,2),(31,'cancelled',0,'2024-05-14 06:11:17','2024-05-15 06:30:00',168,55,2,18),(32,'cancelled',0,'2024-05-14 11:36:20','2024-05-15 12:00:00',172,57,3,18),(33,'cancelled',0,'2024-05-14 12:25:48','2024-05-15 12:30:00',174,58,3,18),(34,'cancelled',0,'2024-05-14 12:44:22','2024-05-15 13:00:01',176,59,3,18),(35,'cancelled',1,'2024-05-15 02:50:04','2024-05-24 09:16:35',7,1,3,2),(36,'cancelled',1,'2024-05-15 06:11:27','2024-05-16 16:53:05',12,2,3,2),(37,'cancelled',1,'2024-05-17 08:55:04','2024-05-20 10:47:11',166,54,2,18),(38,'cancelled',1,'2024-05-20 10:30:23','2024-05-22 12:22:43',12,2,2,2),(39,'cancelled',0,'2024-05-21 17:45:00','2024-05-22 18:00:00',199,64,2,18),(40,'completed',1,'2024-05-27 06:46:22','2024-05-30 10:43:48',166,78,2,1),(41,'cancelled',1,'2024-05-27 17:45:31','2024-05-31 04:46:32',70,28,2,2),(42,'cancelled',0,'2024-05-30 09:12:18','2024-05-31 09:30:00',233,82,2,18),(43,'cancelled',0,'2024-05-30 10:44:09','2024-05-31 11:00:00',166,78,2,1),(44,'completed',0,'2024-05-30 10:44:19','2024-06-05 23:50:00',166,79,3,4),(45,'cancelled',1,'2024-05-31 04:46:45','2024-06-02 10:34:08',70,28,4,2),(46,'cancelled',0,'2024-06-03 15:39:55','2024-06-04 16:00:00',197,63,2,18);
/*!40000 ALTER TABLE `teamRequests` ENABLE KEYS */;
UNLOCK TABLES;

--
-- Table structure for table `teamTasks`
--

DROP TABLE IF EXISTS `teamTasks`;
/*!40101 SET @saved_cs_client     = @@character_set_client */;
/*!50503 SET character_set_client = utf8mb4 */;
CREATE TABLE `teamTasks` (
  `id` int NOT NULL AUTO_INCREMENT,
  `createdAt` datetime NOT NULL,
  `updatedAt` datetime NOT NULL,
  `taskId` int DEFAULT NULL,
  `teamId` int DEFAULT NULL,
  `programId` int DEFAULT NULL,
  `customerId` int DEFAULT NULL,
  PRIMARY KEY (`id`),
  KEY `taskId` (`taskId`),
  KEY `teamId` (`teamId`),
  KEY `programId` (`programId`),
  KEY `customerId` (`customerId`),
  CONSTRAINT `teamTasks_ibfk_1` FOREIGN KEY (`taskId`) REFERENCES `tasks` (`id`) ON DELETE SET NULL ON UPDATE CASCADE,
  CONSTRAINT `teamTasks_ibfk_2` FOREIGN KEY (`teamId`) REFERENCES `teams` (`id`) ON DELETE SET NULL ON UPDATE CASCADE,
  CONSTRAINT `teamTasks_ibfk_3` FOREIGN KEY (`programId`) REFERENCES `programs` (`id`) ON DELETE SET NULL ON UPDATE CASCADE,
  CONSTRAINT `teamTasks_ibfk_4` FOREIGN KEY (`customerId`) REFERENCES `customers` (`id`) ON DELETE SET NULL ON UPDATE CASCADE
) ENGINE=InnoDB AUTO_INCREMENT=587 DEFAULT CHARSET=utf8mb4 COLLATE=utf8mb4_0900_ai_ci;
/*!40101 SET character_set_client = @saved_cs_client */;

--
-- Dumping data for table `teamTasks`
--

LOCK TABLES `teamTasks` WRITE;
/*!40000 ALTER TABLE `teamTasks` DISABLE KEYS */;
INSERT INTO `teamTasks` VALUES (1,'2024-04-24 06:36:20','2024-04-24 06:36:20',8,1,2,1),(2,'2024-04-24 06:36:20','2024-04-24 06:36:20',9,1,2,1),(3,'2024-04-24 06:36:20','2024-04-24 06:36:20',10,1,2,1),(4,'2024-04-24 06:36:20','2024-04-24 06:36:20',11,1,2,1),(5,'2024-04-24 06:36:20','2024-04-24 06:36:20',12,1,2,1),(6,'2024-04-24 06:36:20','2024-04-24 06:36:20',13,1,2,1),(7,'2024-04-24 06:36:20','2024-04-24 06:36:20',14,1,2,1),(8,'2024-04-24 08:00:05','2024-04-24 08:00:05',8,2,2,1),(9,'2024-04-24 08:00:05','2024-04-24 08:00:05',9,2,2,1),(10,'2024-04-24 08:00:05','2024-04-24 08:00:05',10,2,2,1),(11,'2024-04-24 08:00:05','2024-04-24 08:00:05',11,2,2,1),(12,'2024-04-24 08:00:05','2024-04-24 08:00:05',12,2,2,1),(13,'2024-04-24 08:00:05','2024-04-24 08:00:05',13,2,2,1),(14,'2024-04-24 08:00:05','2024-04-24 08:00:05',14,2,2,1),(15,'2024-04-24 11:04:26','2024-04-24 11:04:26',8,3,2,1),(16,'2024-04-24 11:04:26','2024-04-24 11:04:26',9,3,2,1),(17,'2024-04-24 11:04:26','2024-04-24 11:04:26',10,3,2,1),(18,'2024-04-24 11:04:26','2024-04-24 11:04:26',11,3,2,1),(19,'2024-04-24 11:04:26','2024-04-24 11:04:26',12,3,2,1),(20,'2024-04-24 11:04:26','2024-04-24 11:04:26',13,3,2,1),(21,'2024-04-24 11:04:26','2024-04-24 11:04:26',14,3,2,1),(22,'2024-04-25 06:08:10','2024-04-25 06:08:10',28,4,5,1),(23,'2024-04-25 06:08:10','2024-04-25 06:08:10',29,4,5,1),(24,'2024-04-25 06:08:10','2024-04-25 06:08:10',30,4,5,1),(25,'2024-04-25 06:08:10','2024-04-25 06:08:10',31,4,5,1),(26,'2024-04-25 06:08:10','2024-04-25 06:08:10',32,4,5,1),(27,'2024-04-25 06:08:10','2024-04-25 06:08:10',33,4,5,1),(28,'2024-04-25 14:14:22','2024-04-25 14:14:22',8,5,2,1),(29,'2024-04-25 14:14:22','2024-04-25 14:14:22',9,5,2,1),(30,'2024-04-25 14:14:22','2024-04-25 14:14:22',10,5,2,1),(31,'2024-04-25 14:14:22','2024-04-25 14:14:22',11,5,2,1),(32,'2024-04-25 14:14:22','2024-04-25 14:14:22',12,5,2,1),(33,'2024-04-25 14:14:22','2024-04-25 14:14:22',13,5,2,1),(34,'2024-04-25 14:14:22','2024-04-25 14:14:22',14,5,2,1),(35,'2024-04-25 14:18:22','2024-04-25 14:18:22',8,6,2,1),(36,'2024-04-25 14:18:22','2024-04-25 14:18:22',9,6,2,1),(37,'2024-04-25 14:18:22','2024-04-25 14:18:22',10,6,2,1),(38,'2024-04-25 14:18:22','2024-04-25 14:18:22',11,6,2,1),(39,'2024-04-25 14:18:22','2024-04-25 14:18:22',12,6,2,1),(40,'2024-04-25 14:18:22','2024-04-25 14:18:22',13,6,2,1),(41,'2024-04-25 14:18:22','2024-04-25 14:18:22',14,6,2,1),(42,'2024-04-26 02:07:49','2024-04-26 02:07:49',8,7,2,1),(43,'2024-04-26 02:07:49','2024-04-26 02:07:49',9,7,2,1),(44,'2024-04-26 02:07:49','2024-04-26 02:07:49',10,7,2,1),(45,'2024-04-26 02:07:49','2024-04-26 02:07:49',11,7,2,1),(46,'2024-04-26 02:07:49','2024-04-26 02:07:49',12,7,2,1),(47,'2024-04-26 02:07:49','2024-04-26 02:07:49',13,7,2,1),(48,'2024-04-26 02:07:49','2024-04-26 02:07:49',14,7,2,1),(49,'2024-04-26 10:27:04','2024-04-26 10:27:04',8,8,2,1),(50,'2024-04-26 10:27:04','2024-04-26 10:27:04',9,8,2,1),(51,'2024-04-26 10:27:04','2024-04-26 10:27:04',10,8,2,1),(52,'2024-04-26 10:27:04','2024-04-26 10:27:04',11,8,2,1),(53,'2024-04-26 10:27:04','2024-04-26 10:27:04',12,8,2,1),(54,'2024-04-26 10:27:04','2024-04-26 10:27:04',13,8,2,1),(55,'2024-04-26 10:27:04','2024-04-26 10:27:04',14,8,2,1),(56,'2024-04-26 11:26:10','2024-04-26 11:26:10',1,9,1,1),(57,'2024-04-26 11:26:10','2024-04-26 11:26:10',2,9,1,1),(58,'2024-04-26 11:26:10','2024-04-26 11:26:10',3,9,1,1),(59,'2024-04-26 11:26:10','2024-04-26 11:26:10',4,9,1,1),(60,'2024-04-26 11:26:10','2024-04-26 11:26:10',5,9,1,1),(61,'2024-04-26 11:26:10','2024-04-26 11:26:10',6,9,1,1),(62,'2024-04-26 11:26:10','2024-04-26 11:26:10',7,9,1,1),(63,'2024-04-27 06:28:07','2024-04-27 06:28:07',8,10,2,1),(64,'2024-04-27 06:28:07','2024-04-27 06:28:07',9,10,2,1),(65,'2024-04-27 06:28:07','2024-04-27 06:28:07',10,10,2,1),(66,'2024-04-27 06:28:07','2024-04-27 06:28:07',11,10,2,1),(67,'2024-04-27 06:28:07','2024-04-27 06:28:07',12,10,2,1),(68,'2024-04-27 06:28:07','2024-04-27 06:28:07',13,10,2,1),(69,'2024-04-27 06:28:07','2024-04-27 06:28:07',14,10,2,1),(70,'2024-04-27 09:22:42','2024-04-27 09:22:42',15,11,3,1),(71,'2024-04-27 09:22:42','2024-04-27 09:22:42',16,11,3,1),(72,'2024-04-27 09:22:42','2024-04-27 09:22:42',17,11,3,1),(73,'2024-04-27 09:22:42','2024-04-27 09:22:42',18,11,3,1),(74,'2024-04-27 09:22:42','2024-04-27 09:22:42',19,11,3,1),(75,'2024-04-27 09:22:42','2024-04-27 09:22:42',20,11,3,1),(76,'2024-04-27 09:22:42','2024-04-27 09:22:42',21,11,3,1),(84,'2024-04-29 14:34:07','2024-04-29 14:34:07',15,13,3,1),(85,'2024-04-29 14:34:07','2024-04-29 14:34:07',16,13,3,1),(86,'2024-04-29 14:34:07','2024-04-29 14:34:07',17,13,3,1),(87,'2024-04-29 14:34:07','2024-04-29 14:34:07',18,13,3,1),(88,'2024-04-29 14:34:07','2024-04-29 14:34:07',19,13,3,1),(89,'2024-04-29 14:34:07','2024-04-29 14:34:07',20,13,3,1),(90,'2024-04-29 14:34:07','2024-04-29 14:34:07',21,13,3,1),(91,'2024-04-29 14:47:25','2024-04-29 14:47:25',8,14,2,1),(92,'2024-04-29 14:47:25','2024-04-29 14:47:25',9,14,2,1),(93,'2024-04-29 14:47:25','2024-04-29 14:47:25',10,14,2,1),(94,'2024-04-29 14:47:25','2024-04-29 14:47:25',11,14,2,1),(95,'2024-04-29 14:47:25','2024-04-29 14:47:25',12,14,2,1),(96,'2024-04-29 14:47:25','2024-04-29 14:47:25',13,14,2,1),(97,'2024-04-29 14:47:25','2024-04-29 14:47:25',14,14,2,1),(98,'2024-04-30 07:02:29','2024-04-30 07:02:29',8,15,2,1),(99,'2024-04-30 07:02:29','2024-04-30 07:02:29',9,15,2,1),(100,'2024-04-30 07:02:29','2024-04-30 07:02:29',10,15,2,1),(101,'2024-04-30 07:02:29','2024-04-30 07:02:29',11,15,2,1),(102,'2024-04-30 07:02:29','2024-04-30 07:02:29',12,15,2,1),(103,'2024-04-30 07:02:29','2024-04-30 07:02:29',13,15,2,1),(104,'2024-04-30 07:02:29','2024-04-30 07:02:29',14,15,2,1),(105,'2024-05-01 13:56:10','2024-05-01 13:56:10',95,16,15,1),(106,'2024-05-01 13:56:10','2024-05-01 13:56:10',96,16,15,1),(107,'2024-05-01 13:56:10','2024-05-01 13:56:10',97,16,15,1),(108,'2024-05-01 13:56:10','2024-05-01 13:56:10',98,16,15,1),(109,'2024-05-01 13:56:10','2024-05-01 13:56:10',99,16,15,1),(110,'2024-05-01 13:56:10','2024-05-01 13:56:10',100,16,15,1),(111,'2024-05-01 13:56:10','2024-05-01 13:56:10',101,16,15,1),(112,'2024-05-02 14:02:07','2024-05-02 14:02:07',109,17,17,1),(113,'2024-05-02 14:02:07','2024-05-02 14:02:07',110,17,17,1),(114,'2024-05-02 14:02:07','2024-05-02 14:02:07',111,17,17,1),(115,'2024-05-02 14:02:07','2024-05-02 14:02:07',112,17,17,1),(116,'2024-05-02 14:02:07','2024-05-02 14:02:07',113,17,17,1),(117,'2024-05-02 14:02:07','2024-05-02 14:02:07',114,17,17,1),(118,'2024-05-02 14:02:07','2024-05-02 14:02:07',115,17,17,1),(119,'2024-05-03 12:05:12','2024-05-03 12:05:12',15,18,3,1),(120,'2024-05-03 12:05:12','2024-05-03 12:05:12',16,18,3,1),(121,'2024-05-03 12:05:12','2024-05-03 12:05:12',17,18,3,1),(122,'2024-05-03 12:05:12','2024-05-03 12:05:12',18,18,3,1),(123,'2024-05-03 12:05:12','2024-05-03 12:05:12',19,18,3,1),(124,'2024-05-03 12:05:12','2024-05-03 12:05:12',20,18,3,1),(125,'2024-05-03 12:05:12','2024-05-03 12:05:12',21,18,3,1),(126,'2024-05-06 12:28:36','2024-05-06 12:28:36',15,19,3,1),(127,'2024-05-06 12:28:36','2024-05-06 12:28:36',16,19,3,1),(128,'2024-05-06 12:28:36','2024-05-06 12:28:36',17,19,3,1),(129,'2024-05-06 12:28:36','2024-05-06 12:28:36',18,19,3,1),(130,'2024-05-06 12:28:36','2024-05-06 12:28:36',19,19,3,1),(131,'2024-05-06 12:28:36','2024-05-06 12:28:36',20,19,3,1),(132,'2024-05-06 12:28:36','2024-05-06 12:28:36',21,19,3,1),(133,'2024-05-06 12:57:13','2024-05-06 12:57:13',15,20,3,1),(134,'2024-05-06 12:57:13','2024-05-06 12:57:13',16,20,3,1),(135,'2024-05-06 12:57:13','2024-05-06 12:57:13',17,20,3,1),(136,'2024-05-06 12:57:13','2024-05-06 12:57:13',18,20,3,1),(137,'2024-05-06 12:57:13','2024-05-06 12:57:13',19,20,3,1),(138,'2024-05-06 12:57:13','2024-05-06 12:57:13',20,20,3,1),(139,'2024-05-06 12:57:13','2024-05-06 12:57:13',21,20,3,1),(140,'2024-05-08 06:46:45','2024-05-08 06:46:45',8,21,2,1),(141,'2024-05-08 06:46:45','2024-05-08 06:46:45',9,21,2,1),(142,'2024-05-08 06:46:45','2024-05-08 06:46:45',10,21,2,1),(143,'2024-05-08 06:46:45','2024-05-08 06:46:45',11,21,2,1),(144,'2024-05-08 06:46:45','2024-05-08 06:46:45',12,21,2,1),(145,'2024-05-08 06:46:45','2024-05-08 06:46:45',13,21,2,1),(146,'2024-05-08 06:46:45','2024-05-08 06:46:45',14,21,2,1),(147,'2024-05-08 09:25:30','2024-05-08 09:25:30',8,22,2,1),(148,'2024-05-08 09:25:30','2024-05-08 09:25:30',9,22,2,1),(149,'2024-05-08 09:25:30','2024-05-08 09:25:30',10,22,2,1),(150,'2024-05-08 09:25:30','2024-05-08 09:25:30',11,22,2,1),(151,'2024-05-08 09:25:30','2024-05-08 09:25:30',12,22,2,1),(152,'2024-05-08 09:25:30','2024-05-08 09:25:30',13,22,2,1),(153,'2024-05-08 09:25:30','2024-05-08 09:25:30',14,22,2,1),(154,'2024-05-09 07:24:28','2024-05-09 07:24:28',8,23,2,1),(155,'2024-05-09 07:24:28','2024-05-09 07:24:28',9,23,2,1),(156,'2024-05-09 07:24:28','2024-05-09 07:24:28',10,23,2,1),(157,'2024-05-09 07:24:28','2024-05-09 07:24:28',11,23,2,1),(158,'2024-05-09 07:24:28','2024-05-09 07:24:28',12,23,2,1),(159,'2024-05-09 07:24:28','2024-05-09 07:24:28',13,23,2,1),(160,'2024-05-09 07:24:28','2024-05-09 07:24:28',14,23,2,1),(161,'2024-05-09 14:36:29','2024-05-09 14:36:29',15,24,3,1),(162,'2024-05-09 14:36:29','2024-05-09 14:36:29',16,24,3,1),(163,'2024-05-09 14:36:29','2024-05-09 14:36:29',17,24,3,1),(164,'2024-05-09 14:36:29','2024-05-09 14:36:29',18,24,3,1),(165,'2024-05-09 14:36:29','2024-05-09 14:36:29',19,24,3,1),(166,'2024-05-09 14:36:29','2024-05-09 14:36:29',20,24,3,1),(167,'2024-05-09 14:36:29','2024-05-09 14:36:29',21,24,3,1),(168,'2024-05-09 16:39:06','2024-05-09 16:39:06',8,25,2,1),(169,'2024-05-09 16:39:06','2024-05-09 16:39:06',9,25,2,1),(170,'2024-05-09 16:39:06','2024-05-09 16:39:06',10,25,2,1),(171,'2024-05-09 16:39:06','2024-05-09 16:39:06',11,25,2,1),(172,'2024-05-09 16:39:06','2024-05-09 16:39:06',12,25,2,1),(173,'2024-05-09 16:39:06','2024-05-09 16:39:06',13,25,2,1),(174,'2024-05-09 16:39:06','2024-05-09 16:39:06',14,25,2,1),(175,'2024-05-10 07:30:30','2024-05-10 07:30:30',8,26,2,1),(176,'2024-05-10 07:30:30','2024-05-10 07:30:30',9,26,2,1),(177,'2024-05-10 07:30:30','2024-05-10 07:30:30',10,26,2,1),(178,'2024-05-10 07:30:30','2024-05-10 07:30:30',11,26,2,1),(179,'2024-05-10 07:30:30','2024-05-10 07:30:30',12,26,2,1),(180,'2024-05-10 07:30:30','2024-05-10 07:30:30',13,26,2,1),(181,'2024-05-10 07:30:30','2024-05-10 07:30:30',14,26,2,1),(182,'2024-05-11 05:09:12','2024-05-11 05:09:12',8,27,2,1),(183,'2024-05-11 05:09:12','2024-05-11 05:09:12',9,27,2,1),(184,'2024-05-11 05:09:12','2024-05-11 05:09:12',10,27,2,1),(185,'2024-05-11 05:09:12','2024-05-11 05:09:12',11,27,2,1),(186,'2024-05-11 05:09:12','2024-05-11 05:09:12',12,27,2,1),(187,'2024-05-11 05:09:12','2024-05-11 05:09:12',13,27,2,1),(188,'2024-05-11 05:09:12','2024-05-11 05:09:12',14,27,2,1),(189,'2024-05-11 08:40:18','2024-05-11 08:40:18',8,28,2,1),(190,'2024-05-11 08:40:18','2024-05-11 08:40:18',9,28,2,1),(191,'2024-05-11 08:40:18','2024-05-11 08:40:18',10,28,2,1),(192,'2024-05-11 08:40:18','2024-05-11 08:40:18',11,28,2,1),(193,'2024-05-11 08:40:18','2024-05-11 08:40:18',12,28,2,1),(194,'2024-05-11 08:40:18','2024-05-11 08:40:18',13,28,2,1),(195,'2024-05-11 08:40:18','2024-05-11 08:40:18',14,28,2,1),(196,'2024-05-11 09:06:22','2024-05-11 09:06:22',1,29,1,1),(197,'2024-05-11 09:06:22','2024-05-11 09:06:22',2,29,1,1),(198,'2024-05-11 09:06:22','2024-05-11 09:06:22',3,29,1,1),(199,'2024-05-11 09:06:22','2024-05-11 09:06:22',4,29,1,1),(200,'2024-05-11 09:06:22','2024-05-11 09:06:22',5,29,1,1),(201,'2024-05-11 09:06:22','2024-05-11 09:06:22',6,29,1,1),(202,'2024-05-11 09:06:22','2024-05-11 09:06:22',7,29,1,1),(203,'2024-05-11 12:52:39','2024-05-11 12:52:39',116,30,18,1),(204,'2024-05-11 12:52:39','2024-05-11 12:52:39',117,30,18,1),(205,'2024-05-11 12:52:39','2024-05-11 12:52:39',118,30,18,1),(206,'2024-05-11 12:52:39','2024-05-11 12:52:39',119,30,18,1),(207,'2024-05-11 12:52:39','2024-05-11 12:52:39',120,30,18,1),(208,'2024-05-11 12:52:39','2024-05-11 12:52:39',121,30,18,1),(209,'2024-05-11 12:52:39','2024-05-11 12:52:39',122,30,18,1),(210,'2024-05-11 12:58:58','2024-05-11 12:58:58',116,31,18,1),(211,'2024-05-11 12:58:58','2024-05-11 12:58:58',117,31,18,1),(212,'2024-05-11 12:58:58','2024-05-11 12:58:58',118,31,18,1),(213,'2024-05-11 12:58:58','2024-05-11 12:58:58',119,31,18,1),(214,'2024-05-11 12:58:58','2024-05-11 12:58:58',120,31,18,1),(215,'2024-05-11 12:58:58','2024-05-11 12:58:58',121,31,18,1),(216,'2024-05-11 12:58:58','2024-05-11 12:58:58',122,31,18,1),(217,'2024-05-11 13:21:46','2024-05-11 13:21:46',116,32,18,1),(218,'2024-05-11 13:21:46','2024-05-11 13:21:46',117,32,18,1),(219,'2024-05-11 13:21:46','2024-05-11 13:21:46',118,32,18,1),(220,'2024-05-11 13:21:46','2024-05-11 13:21:46',119,32,18,1),(221,'2024-05-11 13:21:46','2024-05-11 13:21:46',120,32,18,1),(222,'2024-05-11 13:21:46','2024-05-11 13:21:46',121,32,18,1),(223,'2024-05-11 13:21:46','2024-05-11 13:21:46',122,32,18,1),(224,'2024-05-11 14:13:45','2024-05-11 14:13:45',116,33,18,1),(225,'2024-05-11 14:13:45','2024-05-11 14:13:45',117,33,18,1),(226,'2024-05-11 14:13:45','2024-05-11 14:13:45',118,33,18,1),(227,'2024-05-11 14:13:45','2024-05-11 14:13:45',119,33,18,1),(228,'2024-05-11 14:13:45','2024-05-11 14:13:45',120,33,18,1),(229,'2024-05-11 14:13:45','2024-05-11 14:13:45',121,33,18,1),(230,'2024-05-11 14:13:45','2024-05-11 14:13:45',122,33,18,1),(231,'2024-05-11 14:39:44','2024-05-11 14:39:44',116,34,18,1),(232,'2024-05-11 14:39:44','2024-05-11 14:39:44',117,34,18,1),(233,'2024-05-11 14:39:44','2024-05-11 14:39:44',118,34,18,1),(234,'2024-05-11 14:39:44','2024-05-11 14:39:44',119,34,18,1),(235,'2024-05-11 14:39:44','2024-05-11 14:39:44',120,34,18,1),(236,'2024-05-11 14:39:44','2024-05-11 14:39:44',121,34,18,1),(237,'2024-05-11 14:39:44','2024-05-11 14:39:44',122,34,18,1),(238,'2024-05-12 10:34:14','2024-05-12 10:34:14',8,35,2,1),(239,'2024-05-12 10:34:14','2024-05-12 10:34:14',9,35,2,1),(240,'2024-05-12 10:34:14','2024-05-12 10:34:14',10,35,2,1),(241,'2024-05-12 10:34:14','2024-05-12 10:34:14',11,35,2,1),(242,'2024-05-12 10:34:14','2024-05-12 10:34:14',12,35,2,1),(243,'2024-05-12 10:34:14','2024-05-12 10:34:14',13,35,2,1),(244,'2024-05-12 10:34:14','2024-05-12 10:34:14',14,35,2,1),(245,'2024-05-12 11:09:21','2024-05-12 11:09:21',8,36,2,1),(246,'2024-05-12 11:09:21','2024-05-12 11:09:21',9,36,2,1),(247,'2024-05-12 11:09:21','2024-05-12 11:09:21',10,36,2,1),(248,'2024-05-12 11:09:21','2024-05-12 11:09:21',11,36,2,1),(249,'2024-05-12 11:09:21','2024-05-12 11:09:21',12,36,2,1),(250,'2024-05-12 11:09:21','2024-05-12 11:09:21',13,36,2,1),(251,'2024-05-12 11:09:21','2024-05-12 11:09:21',14,36,2,1),(252,'2024-05-13 05:28:28','2024-05-13 05:28:28',116,37,18,1),(253,'2024-05-13 05:28:28','2024-05-13 05:28:28',117,37,18,1),(254,'2024-05-13 05:28:28','2024-05-13 05:28:28',118,37,18,1),(255,'2024-05-13 05:28:28','2024-05-13 05:28:28',119,37,18,1),(256,'2024-05-13 05:28:28','2024-05-13 05:28:28',120,37,18,1),(257,'2024-05-13 05:28:28','2024-05-13 05:28:28',121,37,18,1),(258,'2024-05-13 05:28:28','2024-05-13 05:28:28',122,37,18,1),(259,'2024-05-13 06:58:43','2024-05-13 06:58:43',116,38,18,1),(260,'2024-05-13 06:58:43','2024-05-13 06:58:43',117,38,18,1),(261,'2024-05-13 06:58:43','2024-05-13 06:58:43',118,38,18,1),(262,'2024-05-13 06:58:43','2024-05-13 06:58:43',119,38,18,1),(263,'2024-05-13 06:58:43','2024-05-13 06:58:43',120,38,18,1),(264,'2024-05-13 06:58:43','2024-05-13 06:58:43',121,38,18,1),(265,'2024-05-13 06:58:43','2024-05-13 06:58:43',122,38,18,1),(266,'2024-05-13 07:38:31','2024-05-13 07:38:31',116,39,18,1),(267,'2024-05-13 07:38:31','2024-05-13 07:38:31',117,39,18,1),(268,'2024-05-13 07:38:31','2024-05-13 07:38:31',118,39,18,1),(269,'2024-05-13 07:38:31','2024-05-13 07:38:31',119,39,18,1),(270,'2024-05-13 07:38:31','2024-05-13 07:38:31',120,39,18,1),(271,'2024-05-13 07:38:31','2024-05-13 07:38:31',121,39,18,1),(272,'2024-05-13 07:38:31','2024-05-13 07:38:31',122,39,18,1),(273,'2024-05-13 08:06:52','2024-05-13 08:06:52',116,40,18,1),(274,'2024-05-13 08:06:52','2024-05-13 08:06:52',117,40,18,1),(275,'2024-05-13 08:06:52','2024-05-13 08:06:52',118,40,18,1),(276,'2024-05-13 08:06:52','2024-05-13 08:06:52',119,40,18,1),(277,'2024-05-13 08:06:52','2024-05-13 08:06:52',120,40,18,1),(278,'2024-05-13 08:06:52','2024-05-13 08:06:52',121,40,18,1),(279,'2024-05-13 08:06:52','2024-05-13 08:06:52',122,40,18,1),(280,'2024-05-13 08:26:43','2024-05-13 08:26:43',109,41,17,1),(281,'2024-05-13 08:26:43','2024-05-13 08:26:43',110,41,17,1),(282,'2024-05-13 08:26:43','2024-05-13 08:26:43',111,41,17,1),(283,'2024-05-13 08:26:43','2024-05-13 08:26:43',112,41,17,1),(284,'2024-05-13 08:26:43','2024-05-13 08:26:43',113,41,17,1),(285,'2024-05-13 08:26:43','2024-05-13 08:26:43',114,41,17,1),(286,'2024-05-13 08:26:43','2024-05-13 08:26:43',115,41,17,1),(287,'2024-05-13 08:32:24','2024-05-13 08:32:24',116,42,18,1),(288,'2024-05-13 08:32:24','2024-05-13 08:32:24',117,42,18,1),(289,'2024-05-13 08:32:24','2024-05-13 08:32:24',118,42,18,1),(290,'2024-05-13 08:32:24','2024-05-13 08:32:24',119,42,18,1),(291,'2024-05-13 08:32:24','2024-05-13 08:32:24',120,42,18,1),(292,'2024-05-13 08:32:24','2024-05-13 08:32:24',121,42,18,1),(293,'2024-05-13 08:32:24','2024-05-13 08:32:24',122,42,18,1),(294,'2024-05-13 09:10:18','2024-05-13 09:10:18',116,43,18,1),(295,'2024-05-13 09:10:18','2024-05-13 09:10:18',117,43,18,1),(296,'2024-05-13 09:10:18','2024-05-13 09:10:18',118,43,18,1),(297,'2024-05-13 09:10:18','2024-05-13 09:10:18',119,43,18,1),(298,'2024-05-13 09:10:18','2024-05-13 09:10:18',120,43,18,1),(299,'2024-05-13 09:10:18','2024-05-13 09:10:18',121,43,18,1),(300,'2024-05-13 09:10:18','2024-05-13 09:10:18',122,43,18,1),(301,'2024-05-13 09:39:48','2024-05-13 09:39:48',116,44,18,1),(302,'2024-05-13 09:39:48','2024-05-13 09:39:48',117,44,18,1),(303,'2024-05-13 09:39:48','2024-05-13 09:39:48',118,44,18,1),(304,'2024-05-13 09:39:48','2024-05-13 09:39:48',119,44,18,1),(305,'2024-05-13 09:39:48','2024-05-13 09:39:48',120,44,18,1),(306,'2024-05-13 09:39:48','2024-05-13 09:39:48',121,44,18,1),(307,'2024-05-13 09:39:48','2024-05-13 09:39:48',122,44,18,1),(308,'2024-05-13 10:24:53','2024-05-13 10:24:53',116,45,18,1),(309,'2024-05-13 10:24:53','2024-05-13 10:24:53',117,45,18,1),(310,'2024-05-13 10:24:53','2024-05-13 10:24:53',118,45,18,1),(311,'2024-05-13 10:24:53','2024-05-13 10:24:53',119,45,18,1),(312,'2024-05-13 10:24:53','2024-05-13 10:24:53',120,45,18,1),(313,'2024-05-13 10:24:53','2024-05-13 10:24:53',121,45,18,1),(314,'2024-05-13 10:24:53','2024-05-13 10:24:53',122,45,18,1),(315,'2024-05-13 10:24:53','2024-05-13 10:24:53',116,46,18,1),(316,'2024-05-13 10:24:53','2024-05-13 10:24:53',117,46,18,1),(317,'2024-05-13 10:24:53','2024-05-13 10:24:53',118,46,18,1),(318,'2024-05-13 10:24:53','2024-05-13 10:24:53',119,46,18,1),(319,'2024-05-13 10:24:53','2024-05-13 10:24:53',120,46,18,1),(320,'2024-05-13 10:24:53','2024-05-13 10:24:53',121,46,18,1),(321,'2024-05-13 10:24:53','2024-05-13 10:24:53',122,46,18,1),(322,'2024-05-13 10:24:53','2024-05-13 10:24:53',116,47,18,1),(323,'2024-05-13 10:24:53','2024-05-13 10:24:53',117,47,18,1),(324,'2024-05-13 10:24:53','2024-05-13 10:24:53',118,47,18,1),(325,'2024-05-13 10:24:53','2024-05-13 10:24:53',119,47,18,1),(326,'2024-05-13 10:24:53','2024-05-13 10:24:53',120,47,18,1),(327,'2024-05-13 10:24:53','2024-05-13 10:24:53',121,47,18,1),(328,'2024-05-13 10:24:53','2024-05-13 10:24:53',122,47,18,1),(329,'2024-05-13 10:24:53','2024-05-13 10:24:53',116,48,18,1),(330,'2024-05-13 10:24:53','2024-05-13 10:24:53',117,48,18,1),(331,'2024-05-13 10:24:53','2024-05-13 10:24:53',118,48,18,1),(332,'2024-05-13 10:24:53','2024-05-13 10:24:53',119,48,18,1),(333,'2024-05-13 10:24:53','2024-05-13 10:24:53',120,48,18,1),(334,'2024-05-13 10:24:53','2024-05-13 10:24:53',121,48,18,1),(335,'2024-05-13 10:24:53','2024-05-13 10:24:53',122,48,18,1),(336,'2024-05-13 10:24:53','2024-05-13 10:24:53',116,49,18,1),(337,'2024-05-13 10:24:53','2024-05-13 10:24:53',117,49,18,1),(338,'2024-05-13 10:24:53','2024-05-13 10:24:53',118,49,18,1),(339,'2024-05-13 10:24:53','2024-05-13 10:24:53',119,49,18,1),(340,'2024-05-13 10:24:53','2024-05-13 10:24:53',120,49,18,1),(341,'2024-05-13 10:24:53','2024-05-13 10:24:53',121,49,18,1),(342,'2024-05-13 10:24:53','2024-05-13 10:24:53',122,49,18,1),(343,'2024-05-13 10:24:53','2024-05-13 10:24:53',116,50,18,1),(344,'2024-05-13 10:24:53','2024-05-13 10:24:53',117,50,18,1),(345,'2024-05-13 10:24:53','2024-05-13 10:24:53',118,50,18,1),(346,'2024-05-13 10:24:53','2024-05-13 10:24:53',119,50,18,1),(347,'2024-05-13 10:24:53','2024-05-13 10:24:53',120,50,18,1),(348,'2024-05-13 10:24:53','2024-05-13 10:24:53',121,50,18,1),(349,'2024-05-13 10:24:53','2024-05-13 10:24:53',122,50,18,1),(350,'2024-05-13 10:24:53','2024-05-13 10:24:53',116,51,18,1),(351,'2024-05-13 10:24:53','2024-05-13 10:24:53',117,51,18,1),(352,'2024-05-13 10:24:53','2024-05-13 10:24:53',118,51,18,1),(353,'2024-05-13 10:24:53','2024-05-13 10:24:53',119,51,18,1),(354,'2024-05-13 10:24:53','2024-05-13 10:24:53',120,51,18,1),(355,'2024-05-13 10:24:53','2024-05-13 10:24:53',121,51,18,1),(356,'2024-05-13 10:24:53','2024-05-13 10:24:53',122,51,18,1),(357,'2024-05-13 10:24:53','2024-05-13 10:24:53',116,52,18,1),(358,'2024-05-13 10:24:53','2024-05-13 10:24:53',117,52,18,1),(359,'2024-05-13 10:24:53','2024-05-13 10:24:53',118,52,18,1),(360,'2024-05-13 10:24:53','2024-05-13 10:24:53',119,52,18,1),(361,'2024-05-13 10:24:53','2024-05-13 10:24:53',120,52,18,1),(362,'2024-05-13 10:24:53','2024-05-13 10:24:53',121,52,18,1),(363,'2024-05-13 10:24:53','2024-05-13 10:24:53',122,52,18,1),(364,'2024-05-13 12:09:03','2024-05-13 12:09:03',116,53,18,1),(365,'2024-05-13 12:09:03','2024-05-13 12:09:03',117,53,18,1),(366,'2024-05-13 12:09:03','2024-05-13 12:09:03',118,53,18,1),(367,'2024-05-13 12:09:03','2024-05-13 12:09:03',119,53,18,1),(368,'2024-05-13 12:09:03','2024-05-13 12:09:03',120,53,18,1),(369,'2024-05-13 12:09:03','2024-05-13 12:09:03',121,53,18,1),(370,'2024-05-13 12:09:03','2024-05-13 12:09:03',122,53,18,1),(371,'2024-05-13 12:32:37','2024-05-13 12:32:37',116,54,18,1),(372,'2024-05-13 12:32:37','2024-05-13 12:32:37',117,54,18,1),(373,'2024-05-13 12:32:37','2024-05-13 12:32:37',118,54,18,1),(374,'2024-05-13 12:32:37','2024-05-13 12:32:37',119,54,18,1),(375,'2024-05-13 12:32:37','2024-05-13 12:32:37',120,54,18,1),(376,'2024-05-13 12:32:37','2024-05-13 12:32:37',121,54,18,1),(377,'2024-05-13 12:32:37','2024-05-13 12:32:37',122,54,18,1),(378,'2024-05-14 05:26:22','2024-05-14 05:26:22',116,55,18,1),(379,'2024-05-14 05:26:22','2024-05-14 05:26:22',117,55,18,1),(380,'2024-05-14 05:26:22','2024-05-14 05:26:22',118,55,18,1),(381,'2024-05-14 05:26:22','2024-05-14 05:26:22',119,55,18,1),(382,'2024-05-14 05:26:22','2024-05-14 05:26:22',120,55,18,1),(383,'2024-05-14 05:26:22','2024-05-14 05:26:22',121,55,18,1),(384,'2024-05-14 05:26:22','2024-05-14 05:26:22',122,55,18,1),(385,'2024-05-14 10:36:45','2024-05-14 10:36:45',116,56,18,1),(386,'2024-05-14 10:36:45','2024-05-14 10:36:45',117,56,18,1),(387,'2024-05-14 10:36:45','2024-05-14 10:36:45',118,56,18,1),(388,'2024-05-14 10:36:45','2024-05-14 10:36:45',119,56,18,1),(389,'2024-05-14 10:36:45','2024-05-14 10:36:45',120,56,18,1),(390,'2024-05-14 10:36:45','2024-05-14 10:36:45',121,56,18,1),(391,'2024-05-14 10:36:45','2024-05-14 10:36:45',122,56,18,1),(392,'2024-05-14 11:21:26','2024-05-14 11:21:26',116,57,18,1),(393,'2024-05-14 11:21:26','2024-05-14 11:21:26',117,57,18,1),(394,'2024-05-14 11:21:26','2024-05-14 11:21:26',118,57,18,1),(395,'2024-05-14 11:21:26','2024-05-14 11:21:26',119,57,18,1),(396,'2024-05-14 11:21:26','2024-05-14 11:21:26',120,57,18,1),(397,'2024-05-14 11:21:26','2024-05-14 11:21:26',121,57,18,1),(398,'2024-05-14 11:21:26','2024-05-14 11:21:26',122,57,18,1),(399,'2024-05-14 12:19:42','2024-05-14 12:19:42',116,58,18,1),(400,'2024-05-14 12:19:42','2024-05-14 12:19:42',117,58,18,1),(401,'2024-05-14 12:19:42','2024-05-14 12:19:42',118,58,18,1),(402,'2024-05-14 12:19:42','2024-05-14 12:19:42',119,58,18,1),(403,'2024-05-14 12:19:42','2024-05-14 12:19:42',120,58,18,1),(404,'2024-05-14 12:19:42','2024-05-14 12:19:42',121,58,18,1),(405,'2024-05-14 12:19:42','2024-05-14 12:19:42',122,58,18,1),(406,'2024-05-14 12:36:22','2024-05-14 12:36:22',116,59,18,1),(407,'2024-05-14 12:36:22','2024-05-14 12:36:22',117,59,18,1),(408,'2024-05-14 12:36:22','2024-05-14 12:36:22',118,59,18,1),(409,'2024-05-14 12:36:22','2024-05-14 12:36:22',119,59,18,1),(410,'2024-05-14 12:36:22','2024-05-14 12:36:22',120,59,18,1),(411,'2024-05-14 12:36:22','2024-05-14 12:36:22',121,59,18,1),(412,'2024-05-14 12:36:22','2024-05-14 12:36:22',122,59,18,1),(413,'2024-05-15 04:17:05','2024-05-15 04:17:05',116,60,18,1),(414,'2024-05-15 04:17:05','2024-05-15 04:17:05',117,60,18,1),(415,'2024-05-15 04:17:05','2024-05-15 04:17:05',118,60,18,1),(416,'2024-05-15 04:17:05','2024-05-15 04:17:05',119,60,18,1),(417,'2024-05-15 04:17:05','2024-05-15 04:17:05',120,60,18,1),(418,'2024-05-15 04:17:05','2024-05-15 04:17:05',121,60,18,1),(419,'2024-05-15 04:17:05','2024-05-15 04:17:05',122,60,18,1),(420,'2024-05-16 09:53:35','2024-05-16 09:53:35',116,61,18,1),(421,'2024-05-16 09:53:35','2024-05-16 09:53:35',117,61,18,1),(422,'2024-05-16 09:53:35','2024-05-16 09:53:35',118,61,18,1),(423,'2024-05-16 09:53:35','2024-05-16 09:53:35',119,61,18,1),(424,'2024-05-16 09:53:35','2024-05-16 09:53:35',120,61,18,1),(425,'2024-05-16 09:53:35','2024-05-16 09:53:35',121,61,18,1),(426,'2024-05-16 09:53:35','2024-05-16 09:53:35',122,61,18,1),(427,'2024-05-16 09:53:35','2024-05-16 09:53:35',116,62,18,1),(428,'2024-05-16 09:53:35','2024-05-16 09:53:35',117,62,18,1),(429,'2024-05-16 09:53:35','2024-05-16 09:53:35',118,62,18,1),(430,'2024-05-16 09:53:35','2024-05-16 09:53:35',119,62,18,1),(431,'2024-05-16 09:53:35','2024-05-16 09:53:35',120,62,18,1),(432,'2024-05-16 09:53:35','2024-05-16 09:53:35',121,62,18,1),(433,'2024-05-16 09:53:35','2024-05-16 09:53:35',122,62,18,1),(434,'2024-05-17 06:38:57','2024-05-17 06:38:57',116,63,18,1),(435,'2024-05-17 06:38:57','2024-05-17 06:38:57',117,63,18,1),(436,'2024-05-17 06:38:57','2024-05-17 06:38:57',118,63,18,1),(437,'2024-05-17 06:38:57','2024-05-17 06:38:57',119,63,18,1),(438,'2024-05-17 06:38:57','2024-05-17 06:38:57',120,63,18,1),(439,'2024-05-17 06:38:57','2024-05-17 06:38:57',121,63,18,1),(440,'2024-05-17 06:38:57','2024-05-17 06:38:57',122,63,18,1),(441,'2024-05-17 08:23:16','2024-05-17 08:23:16',116,64,18,1),(442,'2024-05-17 08:23:16','2024-05-17 08:23:16',117,64,18,1),(443,'2024-05-17 08:23:16','2024-05-17 08:23:16',118,64,18,1),(444,'2024-05-17 08:23:16','2024-05-17 08:23:16',119,64,18,1),(445,'2024-05-17 08:23:16','2024-05-17 08:23:16',120,64,18,1),(446,'2024-05-17 08:23:16','2024-05-17 08:23:16',121,64,18,1),(447,'2024-05-17 08:23:16','2024-05-17 08:23:16',122,64,18,1),(448,'2024-05-17 09:08:33','2024-05-17 09:08:33',116,65,18,1),(449,'2024-05-17 09:08:33','2024-05-17 09:08:33',117,65,18,1),(450,'2024-05-17 09:08:33','2024-05-17 09:08:33',118,65,18,1),(451,'2024-05-17 09:08:33','2024-05-17 09:08:33',119,65,18,1),(452,'2024-05-17 09:08:33','2024-05-17 09:08:33',120,65,18,1),(453,'2024-05-17 09:08:33','2024-05-17 09:08:33',121,65,18,1),(454,'2024-05-17 09:08:33','2024-05-17 09:08:33',122,65,18,1),(455,'2024-05-17 09:09:43','2024-05-17 09:09:43',116,66,18,1),(456,'2024-05-17 09:09:43','2024-05-17 09:09:43',117,66,18,1),(457,'2024-05-17 09:09:43','2024-05-17 09:09:43',118,66,18,1),(458,'2024-05-17 09:09:43','2024-05-17 09:09:43',119,66,18,1),(459,'2024-05-17 09:09:43','2024-05-17 09:09:43',120,66,18,1),(460,'2024-05-17 09:09:43','2024-05-17 09:09:43',121,66,18,1),(461,'2024-05-17 09:09:43','2024-05-17 09:09:43',122,66,18,1),(462,'2024-05-17 09:10:49','2024-05-17 09:10:49',116,67,18,1),(463,'2024-05-17 09:10:49','2024-05-17 09:10:49',117,67,18,1),(464,'2024-05-17 09:10:49','2024-05-17 09:10:49',118,67,18,1),(465,'2024-05-17 09:10:49','2024-05-17 09:10:49',119,67,18,1),(466,'2024-05-17 09:10:49','2024-05-17 09:10:49',120,67,18,1),(467,'2024-05-17 09:10:49','2024-05-17 09:10:49',121,67,18,1),(468,'2024-05-17 09:10:49','2024-05-17 09:10:49',122,67,18,1),(469,'2024-05-17 09:30:55','2024-05-17 09:30:55',116,68,18,1),(470,'2024-05-17 09:30:55','2024-05-17 09:30:55',117,68,18,1),(471,'2024-05-17 09:30:55','2024-05-17 09:30:55',118,68,18,1),(472,'2024-05-17 09:30:55','2024-05-17 09:30:55',119,68,18,1),(473,'2024-05-17 09:30:55','2024-05-17 09:30:55',120,68,18,1),(474,'2024-05-17 09:30:55','2024-05-17 09:30:55',121,68,18,1),(475,'2024-05-17 09:30:55','2024-05-17 09:30:55',122,68,18,1),(476,'2024-05-17 09:33:11','2024-05-17 09:33:11',116,69,18,1),(477,'2024-05-17 09:33:11','2024-05-17 09:33:11',117,69,18,1),(478,'2024-05-17 09:33:11','2024-05-17 09:33:11',118,69,18,1),(479,'2024-05-17 09:33:11','2024-05-17 09:33:11',119,69,18,1),(480,'2024-05-17 09:33:11','2024-05-17 09:33:11',120,69,18,1),(481,'2024-05-17 09:33:11','2024-05-17 09:33:11',121,69,18,1),(482,'2024-05-17 09:33:11','2024-05-17 09:33:11',122,69,18,1),(483,'2024-05-17 09:37:21','2024-05-17 09:37:21',116,70,18,1),(484,'2024-05-17 09:37:21','2024-05-17 09:37:21',117,70,18,1),(485,'2024-05-17 09:37:21','2024-05-17 09:37:21',118,70,18,1),(486,'2024-05-17 09:37:21','2024-05-17 09:37:21',119,70,18,1),(487,'2024-05-17 09:37:21','2024-05-17 09:37:21',120,70,18,1),(488,'2024-05-17 09:37:21','2024-05-17 09:37:21',121,70,18,1),(489,'2024-05-17 09:37:21','2024-05-17 09:37:21',122,70,18,1),(490,'2024-05-17 09:38:06','2024-05-17 09:38:06',116,71,18,1),(491,'2024-05-17 09:38:06','2024-05-17 09:38:06',117,71,18,1),(492,'2024-05-17 09:38:06','2024-05-17 09:38:06',118,71,18,1),(493,'2024-05-17 09:38:06','2024-05-17 09:38:06',119,71,18,1),(494,'2024-05-17 09:38:06','2024-05-17 09:38:06',120,71,18,1),(495,'2024-05-17 09:38:06','2024-05-17 09:38:06',121,71,18,1),(496,'2024-05-17 09:38:06','2024-05-17 09:38:06',122,71,18,1),(497,'2024-05-17 11:39:39','2024-05-17 11:39:39',116,72,18,1),(498,'2024-05-17 11:39:39','2024-05-17 11:39:39',117,72,18,1),(499,'2024-05-17 11:39:39','2024-05-17 11:39:39',118,72,18,1),(500,'2024-05-17 11:39:39','2024-05-17 11:39:39',119,72,18,1),(501,'2024-05-17 11:39:39','2024-05-17 11:39:39',120,72,18,1),(502,'2024-05-17 11:39:39','2024-05-17 11:39:39',121,72,18,1),(503,'2024-05-17 11:39:39','2024-05-17 11:39:39',122,72,18,1),(504,'2024-05-20 11:53:34','2024-05-20 11:53:34',116,73,18,1),(505,'2024-05-20 11:53:34','2024-05-20 11:53:34',117,73,18,1),(506,'2024-05-20 11:53:34','2024-05-20 11:53:34',118,73,18,1),(507,'2024-05-20 11:53:34','2024-05-20 11:53:34',119,73,18,1),(508,'2024-05-20 11:53:34','2024-05-20 11:53:34',120,73,18,1),(509,'2024-05-20 11:53:34','2024-05-20 11:53:34',121,73,18,1),(510,'2024-05-20 11:53:34','2024-05-20 11:53:34',122,73,18,1),(511,'2024-05-21 09:22:08','2024-05-21 09:22:08',116,74,18,1),(512,'2024-05-21 09:22:08','2024-05-21 09:22:08',117,74,18,1),(513,'2024-05-21 09:22:08','2024-05-21 09:22:08',118,74,18,1),(514,'2024-05-21 09:22:08','2024-05-21 09:22:08',119,74,18,1),(515,'2024-05-21 09:22:08','2024-05-21 09:22:08',120,74,18,1),(516,'2024-05-21 09:22:08','2024-05-21 09:22:08',121,74,18,1),(517,'2024-05-21 09:22:08','2024-05-21 09:22:08',122,74,18,1),(518,'2024-05-24 05:19:19','2024-05-24 05:19:19',116,75,18,1),(519,'2024-05-24 05:19:19','2024-05-24 05:19:19',117,75,18,1),(520,'2024-05-24 05:19:19','2024-05-24 05:19:19',118,75,18,1),(521,'2024-05-24 05:19:19','2024-05-24 05:19:19',119,75,18,1),(522,'2024-05-24 05:19:19','2024-05-24 05:19:19',120,75,18,1),(523,'2024-05-24 05:19:19','2024-05-24 05:19:19',121,75,18,1),(524,'2024-05-24 05:19:19','2024-05-24 05:19:19',122,75,18,1),(525,'2024-05-24 08:55:25','2024-05-24 08:55:25',116,76,18,1),(526,'2024-05-24 08:55:25','2024-05-24 08:55:25',117,76,18,1),(527,'2024-05-24 08:55:25','2024-05-24 08:55:25',118,76,18,1),(528,'2024-05-24 08:55:25','2024-05-24 08:55:25',119,76,18,1),(529,'2024-05-24 08:55:25','2024-05-24 08:55:25',120,76,18,1),(530,'2024-05-24 08:55:25','2024-05-24 08:55:25',121,76,18,1),(531,'2024-05-24 08:55:25','2024-05-24 08:55:25',122,76,18,1),(532,'2024-05-26 12:00:14','2024-05-26 12:00:14',116,77,18,1),(533,'2024-05-26 12:00:14','2024-05-26 12:00:14',117,77,18,1),(534,'2024-05-26 12:00:14','2024-05-26 12:00:14',118,77,18,1),(535,'2024-05-26 12:00:14','2024-05-26 12:00:14',119,77,18,1),(536,'2024-05-26 12:00:14','2024-05-26 12:00:14',120,77,18,1),(537,'2024-05-26 12:00:14','2024-05-26 12:00:14',121,77,18,1),(538,'2024-05-26 12:00:14','2024-05-26 12:00:14',122,77,18,1),(539,'2024-05-27 06:44:19','2024-05-27 06:44:19',1,78,1,1),(540,'2024-05-27 06:44:19','2024-05-27 06:44:19',2,78,1,1),(541,'2024-05-27 06:44:19','2024-05-27 06:44:19',3,78,1,1),(542,'2024-05-27 06:44:19','2024-05-27 06:44:19',4,78,1,1),(543,'2024-05-27 06:44:19','2024-05-27 06:44:19',5,78,1,1),(544,'2024-05-27 06:44:19','2024-05-27 06:44:19',6,78,1,1),(545,'2024-05-27 06:44:19','2024-05-27 06:44:19',7,78,1,1),(546,'2024-05-27 06:44:44','2024-05-27 06:44:44',22,79,4,1),(547,'2024-05-27 06:44:44','2024-05-27 06:44:44',23,79,4,1),(548,'2024-05-27 06:44:44','2024-05-27 06:44:44',24,79,4,1),(549,'2024-05-27 06:44:44','2024-05-27 06:44:44',25,79,4,1),(550,'2024-05-27 06:44:44','2024-05-27 06:44:44',26,79,4,1),(551,'2024-05-27 06:44:44','2024-05-27 06:44:44',27,79,4,1),(552,'2024-05-28 11:45:03','2024-05-28 11:45:03',116,80,18,1),(553,'2024-05-28 11:45:03','2024-05-28 11:45:03',117,80,18,1),(554,'2024-05-28 11:45:03','2024-05-28 11:45:03',118,80,18,1),(555,'2024-05-28 11:45:03','2024-05-28 11:45:03',119,80,18,1),(556,'2024-05-28 11:45:03','2024-05-28 11:45:03',120,80,18,1),(557,'2024-05-28 11:45:03','2024-05-28 11:45:03',121,80,18,1),(558,'2024-05-28 11:45:03','2024-05-28 11:45:03',122,80,18,1),(559,'2024-05-30 06:53:28','2024-05-30 06:53:28',116,81,18,1),(560,'2024-05-30 06:53:28','2024-05-30 06:53:28',117,81,18,1),(561,'2024-05-30 06:53:28','2024-05-30 06:53:28',118,81,18,1),(562,'2024-05-30 06:53:28','2024-05-30 06:53:28',119,81,18,1),(563,'2024-05-30 06:53:28','2024-05-30 06:53:28',120,81,18,1),(564,'2024-05-30 06:53:28','2024-05-30 06:53:28',121,81,18,1),(565,'2024-05-30 06:53:28','2024-05-30 06:53:28',122,81,18,1),(566,'2024-05-30 08:37:00','2024-05-30 08:37:00',116,82,18,1),(567,'2024-05-30 08:37:00','2024-05-30 08:37:00',117,82,18,1),(568,'2024-05-30 08:37:00','2024-05-30 08:37:00',118,82,18,1),(569,'2024-05-30 08:37:00','2024-05-30 08:37:00',119,82,18,1),(570,'2024-05-30 08:37:00','2024-05-30 08:37:00',120,82,18,1),(571,'2024-05-30 08:37:00','2024-05-30 08:37:00',121,82,18,1),(572,'2024-05-30 08:37:00','2024-05-30 08:37:00',122,82,18,1),(573,'2024-06-01 17:24:15','2024-06-01 17:24:15',116,83,18,1),(574,'2024-06-01 17:24:15','2024-06-01 17:24:15',117,83,18,1),(575,'2024-06-01 17:24:15','2024-06-01 17:24:15',118,83,18,1),(576,'2024-06-01 17:24:15','2024-06-01 17:24:15',119,83,18,1),(577,'2024-06-01 17:24:15','2024-06-01 17:24:15',120,83,18,1),(578,'2024-06-01 17:24:15','2024-06-01 17:24:15',121,83,18,1),(579,'2024-06-01 17:24:15','2024-06-01 17:24:15',122,83,18,1),(580,'2024-06-07 09:53:57','2024-06-07 09:53:57',116,84,18,1),(581,'2024-06-07 09:53:57','2024-06-07 09:53:57',117,84,18,1),(582,'2024-06-07 09:53:57','2024-06-07 09:53:57',118,84,18,1),(583,'2024-06-07 09:53:57','2024-06-07 09:53:57',119,84,18,1),(584,'2024-06-07 09:53:57','2024-06-07 09:53:57',120,84,18,1),(585,'2024-06-07 09:53:57','2024-06-07 09:53:57',121,84,18,1),(586,'2024-06-07 09:53:57','2024-06-07 09:53:57',122,84,18,1);
/*!40000 ALTER TABLE `teamTasks` ENABLE KEYS */;
UNLOCK TABLES;

--
-- Table structure for table `teams`
--

DROP TABLE IF EXISTS `teams`;
/*!40101 SET @saved_cs_client     = @@character_set_client */;
/*!50503 SET character_set_client = utf8mb4 */;
CREATE TABLE `teams` (
  `id` int NOT NULL AUTO_INCREMENT,
  `teamName` varchar(255) NOT NULL,
  `createdAt` datetime NOT NULL,
  `updatedAt` datetime NOT NULL,
  PRIMARY KEY (`id`)
) ENGINE=InnoDB AUTO_INCREMENT=85 DEFAULT CHARSET=utf8mb4 COLLATE=utf8mb4_0900_ai_ci;
/*!40101 SET character_set_client = @saved_cs_client */;

--
-- Dumping data for table `teams`
--

LOCK TABLES `teams` WRITE;
/*!40000 ALTER TABLE `teams` DISABLE KEYS */;
INSERT INTO `teams` VALUES (1,'Team430','2024-04-24 06:36:20','2024-04-24 06:36:20'),(2,'Team696','2024-04-24 08:00:05','2024-04-24 08:00:05'),(3,'Team211','2024-04-24 11:04:26','2024-04-24 11:04:26'),(4,'Team512','2024-04-25 06:08:09','2024-04-25 06:08:09'),(5,'Team521','2024-04-25 14:14:22','2024-04-25 14:14:22'),(6,'Team442','2024-04-25 14:18:22','2024-04-25 14:18:22'),(7,'Team581','2024-04-26 02:07:48','2024-04-26 02:07:48'),(8,'Team11','2024-04-26 10:27:04','2024-04-26 10:27:04'),(9,'Team702','2024-04-26 11:26:10','2024-04-26 11:26:10'),(10,'Team719','2024-04-27 06:28:07','2024-04-27 06:28:07'),(11,'Team122','2024-04-27 09:22:42','2024-04-27 09:22:42'),(12,'Team249','2024-04-29 07:16:30','2024-04-29 07:16:30'),(13,'Team294','2024-04-29 14:34:07','2024-04-29 14:34:07'),(14,'Team52','2024-04-29 14:47:25','2024-04-29 14:47:25'),(15,'Team464','2024-04-30 07:02:29','2024-04-30 07:02:29'),(16,'Team969','2024-05-01 13:56:10','2024-05-01 13:56:10'),(17,'Team683','2024-05-02 14:02:07','2024-05-02 14:02:07'),(18,'Team388','2024-05-03 12:05:12','2024-05-03 12:05:12'),(19,'Team863','2024-05-06 12:28:36','2024-05-06 12:28:36'),(20,'Team483','2024-05-06 12:57:13','2024-05-06 12:57:13'),(21,'Team354','2024-05-08 06:46:44','2024-05-08 06:46:44'),(22,'Team180','2024-05-08 09:25:30','2024-05-08 09:25:30'),(23,'Team373','2024-05-09 07:24:28','2024-05-09 07:24:28'),(24,'Team968','2024-05-09 14:36:29','2024-05-09 14:36:29'),(25,'Team85','2024-05-09 16:39:06','2024-05-09 16:39:06'),(26,'Team123','2024-05-10 07:30:30','2024-05-10 07:30:30'),(27,'Team71','2024-05-11 05:09:11','2024-05-11 05:09:11'),(28,'Team229','2024-05-11 08:40:18','2024-05-11 08:40:18'),(29,'Team569','2024-05-11 09:06:22','2024-05-11 09:06:22'),(30,'Team83','2024-05-11 12:52:39','2024-05-11 12:52:39'),(31,'Team858','2024-05-11 12:58:58','2024-05-11 12:58:58'),(32,'Team746','2024-05-11 13:21:46','2024-05-11 13:21:46'),(33,'Team359','2024-05-11 14:13:45','2024-05-11 14:13:45'),(34,'Team179','2024-05-11 14:39:44','2024-05-11 14:39:44'),(35,'Team400','2024-05-12 10:34:14','2024-05-12 10:34:14'),(36,'Team343','2024-05-12 11:09:21','2024-05-12 11:09:21'),(37,'Team89','2024-05-13 05:28:28','2024-05-13 05:28:28'),(38,'Team826','2024-05-13 06:58:43','2024-05-13 06:58:43'),(39,'Team739','2024-05-13 07:38:31','2024-05-13 07:38:31'),(40,'Team928','2024-05-13 08:06:52','2024-05-13 08:06:52'),(41,'Team162','2024-05-13 08:26:43','2024-05-13 08:26:43'),(42,'Team717','2024-05-13 08:32:24','2024-05-13 08:32:24'),(43,'Team195','2024-05-13 09:10:18','2024-05-13 09:10:18'),(44,'Team961','2024-05-13 09:39:48','2024-05-13 09:39:48'),(45,'Team714','2024-05-13 10:24:52','2024-05-13 10:24:52'),(46,'Team559','2024-05-13 10:24:52','2024-05-13 10:24:52'),(47,'Team871','2024-05-13 10:24:52','2024-05-13 10:24:52'),(48,'Team527','2024-05-13 10:24:52','2024-05-13 10:24:52'),(49,'Team803','2024-05-13 10:24:52','2024-05-13 10:24:52'),(50,'Team96','2024-05-13 10:24:53','2024-05-13 10:24:53'),(51,'Team371','2024-05-13 10:24:53','2024-05-13 10:24:53'),(52,'Team969','2024-05-13 10:24:53','2024-05-13 10:24:53'),(53,'Team460','2024-05-13 12:09:03','2024-05-13 12:09:03'),(54,'Team985','2024-05-13 12:32:37','2024-05-13 12:32:37'),(55,'Team384','2024-05-14 05:26:22','2024-05-14 05:26:22'),(56,'Team825','2024-05-14 10:36:45','2024-05-14 10:36:45'),(57,'Team973','2024-05-14 11:21:26','2024-05-14 11:21:26'),(58,'Team420','2024-05-14 12:19:42','2024-05-14 12:19:42'),(59,'Team922','2024-05-14 12:36:22','2024-05-14 12:36:22'),(60,'Team21','2024-05-15 04:17:05','2024-05-15 04:17:05'),(61,'Team831','2024-05-16 09:53:35','2024-05-16 09:53:35'),(62,'Team431','2024-05-16 09:53:35','2024-05-16 09:53:35'),(63,'Team222','2024-05-17 06:38:57','2024-05-17 06:38:57'),(64,'Team603','2024-05-17 08:23:16','2024-05-17 08:23:16'),(65,'Team519','2024-05-17 09:08:33','2024-05-17 09:08:33'),(66,'Team998','2024-05-17 09:09:43','2024-05-17 09:09:43'),(67,'Team920','2024-05-17 09:10:49','2024-05-17 09:10:49'),(68,'Team105','2024-05-17 09:30:55','2024-05-17 09:30:55'),(69,'Team501','2024-05-17 09:33:11','2024-05-17 09:33:11'),(70,'Team609','2024-05-17 09:37:21','2024-05-17 09:37:21'),(71,'Team350','2024-05-17 09:38:06','2024-05-17 09:38:06'),(72,'Team798','2024-05-17 11:39:39','2024-05-17 11:39:39'),(73,'Team932','2024-05-20 11:53:34','2024-05-20 11:53:34'),(74,'Team367','2024-05-21 09:22:08','2024-05-21 09:22:08'),(75,'Team720','2024-05-24 05:19:19','2024-05-24 05:19:19'),(76,'Team85','2024-05-24 08:55:25','2024-05-24 08:55:25'),(77,'Team395','2024-05-26 12:00:14','2024-05-26 12:00:14'),(78,'Team629','2024-05-27 06:44:19','2024-05-27 06:44:19'),(79,'Team793','2024-05-27 06:44:44','2024-05-27 06:44:44'),(80,'Team584','2024-05-28 11:45:03','2024-05-28 11:45:03'),(81,'Team822','2024-05-30 06:53:28','2024-05-30 06:53:28'),(82,'Team566','2024-05-30 08:37:00','2024-05-30 08:37:00'),(83,'Team414','2024-06-01 17:24:15','2024-06-01 17:24:15'),(84,'Team955','2024-06-07 09:53:57','2024-06-07 09:53:57');
/*!40000 ALTER TABLE `teams` ENABLE KEYS */;
UNLOCK TABLES;

--
-- Table structure for table `todayActiveTasks`
--

DROP TABLE IF EXISTS `todayActiveTasks`;
/*!40101 SET @saved_cs_client     = @@character_set_client */;
/*!50503 SET character_set_client = utf8mb4 */;
CREATE TABLE `todayActiveTasks` (
  `id` int NOT NULL AUTO_INCREMENT,
  `towerHeight` int DEFAULT '1',
  `userTaskId` int DEFAULT NULL,
  `userId` int DEFAULT NULL,
  `shapeId` int DEFAULT NULL,
  `isUpdated` tinyint(1) DEFAULT '0',
  `createdAt` timestamp NULL DEFAULT CURRENT_TIMESTAMP,
  `updatedAt` timestamp NULL DEFAULT CURRENT_TIMESTAMP ON UPDATE CURRENT_TIMESTAMP,
  PRIMARY KEY (`id`),
  KEY `userId` (`userId`),
  KEY `userTaskId` (`userTaskId`),
  KEY `shapeId` (`shapeId`),
  CONSTRAINT `todayActiveTasks_ibfk_1` FOREIGN KEY (`userId`) REFERENCES `users` (`id`),
  CONSTRAINT `todayActiveTasks_ibfk_2` FOREIGN KEY (`userTaskId`) REFERENCES `userTasks` (`id`),
  CONSTRAINT `todayActiveTasks_ibfk_3` FOREIGN KEY (`shapeId`) REFERENCES `shapes` (`id`)
) ENGINE=InnoDB AUTO_INCREMENT=895 DEFAULT CHARSET=utf8mb4 COLLATE=utf8mb4_0900_ai_ci;
/*!40101 SET character_set_client = @saved_cs_client */;

--
-- Dumping data for table `todayActiveTasks`
--

LOCK TABLES `todayActiveTasks` WRITE;
/*!40000 ALTER TABLE `todayActiveTasks` DISABLE KEYS */;
INSERT INTO `todayActiveTasks` VALUES (5,1,1,5,55,0,'2024-05-07 05:33:19','2024-05-07 05:33:19'),(6,1,455,5,48,0,'2024-05-07 05:33:19','2024-05-07 05:33:19'),(7,1,37,10,39,1,'2024-05-07 06:04:46','2024-05-07 10:30:32'),(8,1,65,10,48,1,'2024-05-07 06:04:46','2024-05-07 10:29:21'),(9,1,294,10,60,1,'2024-05-07 06:04:46','2024-05-07 10:23:02'),(10,1,336,10,67,1,'2024-05-07 06:04:46','2024-05-07 10:20:44'),(11,1,664,10,50,1,'2024-05-07 06:04:46','2024-05-07 06:07:36'),(12,1,23,8,71,0,'2024-05-07 06:06:02','2024-05-07 06:06:02'),(13,1,58,8,18,0,'2024-05-07 06:06:02','2024-05-07 06:06:02'),(14,1,93,12,77,1,'2024-05-07 06:47:14','2024-05-07 07:07:01'),(15,1,100,12,53,0,'2024-05-07 06:47:14','2024-05-07 06:47:14'),(16,1,160,12,59,0,'2024-05-07 06:47:14','2024-05-07 06:47:14'),(17,1,168,12,33,1,'2024-05-07 06:47:14','2024-05-07 10:35:35'),(18,1,175,12,18,1,'2024-05-07 06:47:14','2024-05-07 06:49:50'),(19,1,182,12,62,1,'2024-05-07 06:47:14','2024-05-07 10:34:48'),(20,1,189,12,50,1,'2024-05-07 06:47:14','2024-05-07 07:07:13'),(21,1,602,12,40,1,'2024-05-07 06:47:14','2024-05-07 07:04:11'),(22,1,525,47,43,0,'2024-05-07 07:34:49','2024-05-07 07:34:49'),(23,1,539,47,32,0,'2024-05-07 07:34:49','2024-05-07 07:34:49'),(24,1,581,47,34,0,'2024-05-07 07:34:49','2024-05-07 07:34:49'),(25,1,622,47,65,1,'2024-05-07 07:34:49','2024-05-07 08:05:23'),(26,1,518,46,33,1,'2024-05-07 10:59:14','2024-05-07 11:30:30'),(27,1,553,46,62,1,'2024-05-07 10:59:14','2024-05-07 11:25:07'),(86,1,692,10,78,1,'2024-05-07 13:56:16','2024-05-07 14:11:48'),(87,1,678,46,77,0,'2024-05-07 14:04:51','2024-05-07 14:04:51'),(88,1,685,46,35,0,'2024-05-07 14:04:51','2024-05-07 14:04:51'),(89,1,37,10,29,0,'2024-05-08 02:48:46','2024-05-08 02:48:46'),(90,1,65,10,37,0,'2024-05-08 02:48:46','2024-05-08 02:48:46'),(91,1,294,10,46,0,'2024-05-08 02:48:46','2024-05-08 02:48:46'),(92,1,336,10,6,0,'2024-05-08 02:48:46','2024-05-08 02:48:46'),(93,1,665,10,70,0,'2024-05-08 02:49:13','2024-05-08 02:49:13'),(94,1,693,10,46,0,'2024-05-08 02:49:13','2024-05-08 02:49:13'),(95,1,23,8,17,1,'2024-05-08 05:02:24','2024-05-08 05:04:56'),(96,1,58,8,40,1,'2024-05-08 05:02:24','2024-05-08 05:06:29'),(97,1,518,46,62,0,'2024-05-08 06:34:02','2024-05-08 06:34:02'),(98,1,553,46,4,0,'2024-05-08 06:34:02','2024-05-08 06:34:02'),(99,1,678,46,75,0,'2024-05-08 06:34:02','2024-05-08 06:34:02'),(100,1,685,46,43,1,'2024-05-08 06:34:02','2024-05-08 07:22:39'),(101,1,93,12,71,0,'2024-05-08 06:56:23','2024-05-08 06:56:23'),(102,1,100,12,15,1,'2024-05-08 06:56:23','2024-05-08 17:02:00'),(103,1,160,12,4,0,'2024-05-08 06:56:23','2024-05-08 06:56:23'),(104,1,168,12,41,1,'2024-05-08 06:56:23','2024-05-08 17:03:50'),(105,1,175,12,1,1,'2024-05-08 06:56:23','2024-05-08 17:00:55'),(106,1,182,12,20,1,'2024-05-08 06:56:23','2024-05-08 14:14:41'),(107,1,189,12,22,1,'2024-05-08 06:56:23','2024-05-08 07:55:10'),(108,1,602,12,26,1,'2024-05-08 06:56:23','2024-05-08 11:56:14'),(109,1,525,47,78,0,'2024-05-08 08:48:37','2024-05-08 08:48:37'),(110,1,539,47,41,0,'2024-05-08 08:48:37','2024-05-08 08:48:37'),(111,1,581,47,25,0,'2024-05-08 08:48:37','2024-05-08 08:48:37'),(112,1,623,47,66,0,'2024-05-08 08:51:01','2024-05-08 08:51:01'),(113,1,37,10,72,0,'2024-05-09 02:32:49','2024-05-09 02:32:49'),(114,1,65,10,33,1,'2024-05-09 02:32:49','2024-05-09 14:11:54'),(115,1,294,10,62,1,'2024-05-09 02:32:49','2024-05-09 11:18:12'),(116,1,336,10,27,1,'2024-05-09 02:32:49','2024-05-09 10:09:54'),(117,1,665,10,61,1,'2024-05-09 02:32:49','2024-05-09 09:53:47'),(118,1,693,10,47,1,'2024-05-09 02:32:49','2024-05-09 09:50:49'),(119,1,23,8,59,1,'2024-05-09 04:44:50','2024-05-09 05:18:15'),(120,1,58,8,74,1,'2024-05-09 04:44:50','2024-05-09 07:53:53'),(121,1,93,12,72,0,'2024-05-09 05:38:43','2024-05-09 05:38:43'),(122,1,100,12,52,0,'2024-05-09 05:38:43','2024-05-09 05:38:43'),(123,1,160,12,73,0,'2024-05-09 05:38:43','2024-05-09 05:38:43'),(124,1,168,12,34,1,'2024-05-09 05:38:43','2024-05-09 07:43:13'),(125,1,175,12,68,0,'2024-05-09 05:38:43','2024-05-09 05:38:43'),(126,1,182,12,51,1,'2024-05-09 05:38:43','2024-05-09 13:10:07'),(127,1,189,12,19,1,'2024-05-09 05:38:43','2024-05-09 08:43:12'),(128,1,602,12,74,1,'2024-05-09 05:38:43','2024-05-09 08:42:08'),(129,1,525,47,47,0,'2024-05-09 06:04:14','2024-05-09 06:04:14'),(130,1,539,47,44,0,'2024-05-09 06:04:14','2024-05-09 06:04:14'),(131,1,581,47,63,1,'2024-05-09 06:04:14','2024-05-09 13:03:45'),(132,1,623,47,57,1,'2024-05-09 06:04:14','2024-05-09 12:55:01'),(133,1,734,60,1,1,'2024-05-09 14:01:22','2024-05-09 14:03:50'),(134,1,741,60,5,1,'2024-05-09 14:26:25','2024-05-09 14:30:50'),(135,1,755,61,59,1,'2024-05-09 15:00:50','2024-05-09 15:02:45'),(136,1,713,57,61,1,'2024-05-09 15:43:15','2024-05-09 15:44:32'),(137,1,756,61,3,0,'2024-05-10 04:16:56','2024-05-10 04:16:56'),(138,1,763,61,4,0,'2024-05-10 04:16:56','2024-05-10 04:16:56'),(139,1,525,47,35,0,'2024-05-10 04:25:08','2024-05-10 04:25:08'),(140,1,539,47,49,0,'2024-05-10 04:25:08','2024-05-10 04:25:08'),(141,1,581,47,15,0,'2024-05-10 04:25:08','2024-05-10 04:25:08'),(142,1,623,47,65,0,'2024-05-10 04:25:08','2024-05-10 04:25:08'),(143,1,37,10,42,0,'2024-05-10 04:27:01','2024-05-10 04:27:01'),(144,1,65,10,30,0,'2024-05-10 04:27:01','2024-05-10 04:27:01'),(145,1,294,10,57,0,'2024-05-10 04:27:01','2024-05-10 04:27:01'),(146,1,336,10,20,0,'2024-05-10 04:27:01','2024-05-10 04:27:01'),(147,1,665,10,41,1,'2024-05-10 04:27:01','2024-05-10 17:04:18'),(148,1,693,10,19,1,'2024-05-10 04:27:01','2024-05-10 07:06:59'),(149,1,93,12,70,1,'2024-05-10 05:09:50','2024-05-10 05:11:15'),(150,1,100,12,43,1,'2024-05-10 05:09:50','2024-05-10 08:45:48'),(151,1,160,12,27,0,'2024-05-10 05:09:50','2024-05-10 05:09:50'),(152,1,168,12,39,1,'2024-05-10 05:09:50','2024-05-10 09:27:45'),(153,1,175,12,17,0,'2024-05-10 05:09:50','2024-05-10 05:09:50'),(154,1,182,12,79,0,'2024-05-10 05:09:50','2024-05-10 05:09:50'),(155,1,189,12,26,0,'2024-05-10 05:09:50','2024-05-10 05:09:50'),(156,1,602,12,35,0,'2024-05-10 05:09:50','2024-05-10 05:09:50'),(157,1,16,7,17,0,'2024-05-10 05:15:04','2024-05-10 05:15:04'),(158,1,79,7,32,0,'2024-05-10 05:15:04','2024-05-10 05:15:04'),(159,1,587,7,54,0,'2024-05-10 05:15:04','2024-05-10 05:15:04'),(160,1,560,48,3,0,'2024-05-10 07:26:08','2024-05-10 07:26:08'),(161,1,616,48,43,0,'2024-05-10 07:26:08','2024-05-10 07:26:08'),(162,1,797,65,43,1,'2024-05-10 08:06:33','2024-05-10 08:10:48'),(163,1,804,66,63,1,'2024-05-10 08:07:59','2024-05-10 08:11:11'),(164,1,818,65,17,1,'2024-05-10 08:45:53','2024-05-10 08:51:02'),(165,1,37,10,61,0,'2024-05-11 03:05:03','2024-05-11 03:05:03'),(166,1,65,10,35,0,'2024-05-11 03:05:04','2024-05-11 03:05:04'),(167,1,294,10,44,0,'2024-05-11 03:05:04','2024-05-11 03:05:04'),(168,1,336,10,39,0,'2024-05-11 03:05:04','2024-05-11 03:05:04'),(169,1,665,10,63,0,'2024-05-11 03:05:04','2024-05-11 03:05:04'),(170,1,693,10,71,0,'2024-05-11 03:05:04','2024-05-11 03:05:04'),(171,1,16,7,77,0,'2024-05-11 04:28:48','2024-05-11 04:28:48'),(172,1,79,7,29,0,'2024-05-11 04:28:48','2024-05-11 04:28:48'),(173,1,587,7,73,0,'2024-05-11 04:28:48','2024-05-11 04:28:48'),(174,1,23,8,15,0,'2024-05-11 04:29:29','2024-05-11 04:29:29'),(175,1,58,8,45,1,'2024-05-11 04:29:29','2024-05-11 04:29:46'),(176,1,525,47,5,1,'2024-05-11 04:33:09','2024-05-11 07:46:42'),(177,1,539,47,15,1,'2024-05-11 04:33:09','2024-05-11 07:46:18'),(178,1,581,47,29,1,'2024-05-11 04:33:09','2024-05-11 07:45:40'),(179,1,623,47,40,1,'2024-05-11 04:33:09','2024-05-11 07:45:22'),(180,1,1,5,45,0,'2024-05-11 06:05:59','2024-05-11 06:05:59'),(181,1,455,5,53,0,'2024-05-11 06:05:59','2024-05-11 06:05:59'),(182,1,93,12,39,0,'2024-05-11 06:34:20','2024-05-11 06:34:20'),(183,1,100,12,74,0,'2024-05-11 06:34:20','2024-05-11 06:34:20'),(184,1,160,12,40,0,'2024-05-11 06:34:20','2024-05-11 06:34:20'),(185,1,168,12,60,1,'2024-05-11 06:34:20','2024-05-11 12:22:11'),(186,1,175,12,33,0,'2024-05-11 06:34:20','2024-05-11 06:34:20'),(187,1,182,12,49,1,'2024-05-11 06:34:20','2024-05-11 06:34:41'),(188,1,189,12,68,0,'2024-05-11 06:34:20','2024-05-11 06:34:20'),(189,1,602,12,61,0,'2024-05-11 06:34:20','2024-05-11 06:34:20'),(190,1,832,68,19,1,'2024-05-11 06:57:38','2024-05-11 06:58:48'),(191,1,846,68,37,1,'2024-05-11 07:01:24','2024-05-11 07:02:35'),(192,1,853,68,69,1,'2024-05-11 07:09:35','2024-05-11 07:15:16'),(193,1,860,68,30,0,'2024-05-11 07:09:35','2024-05-11 07:09:35'),(194,1,735,60,61,0,'2024-05-11 07:46:46','2024-05-11 07:46:46'),(195,1,742,60,4,0,'2024-05-11 07:46:46','2024-05-11 07:46:46'),(196,1,867,47,45,1,'2024-05-11 08:03:25','2024-05-11 08:05:03'),(197,1,874,47,72,1,'2024-05-11 08:08:01','2024-05-11 08:08:51'),(198,1,881,47,74,1,'2024-05-11 08:14:21','2024-05-11 08:14:31'),(199,1,839,69,19,1,'2024-05-11 08:29:58','2024-05-11 08:30:38'),(200,1,902,69,64,0,'2024-05-11 08:49:53','2024-05-11 08:49:53'),(201,1,909,69,76,0,'2024-05-11 09:07:39','2024-05-11 09:07:39'),(202,1,916,47,30,0,'2024-05-11 09:11:33','2024-05-11 09:11:33'),(203,1,790,64,50,1,'2024-05-11 10:34:29','2024-05-11 10:36:30'),(204,1,979,85,60,1,'2024-05-11 14:17:34','2024-05-11 14:17:59'),(205,1,986,85,41,1,'2024-05-11 14:19:22','2024-05-11 14:19:45'),(206,1,958,84,22,1,'2024-05-11 14:29:51','2024-05-11 14:30:07'),(207,1,1000,10,40,0,'2024-05-11 17:23:21','2024-05-11 17:23:21'),(208,1,16,7,27,0,'2024-05-12 05:51:56','2024-05-12 05:51:56'),(209,1,79,7,63,0,'2024-05-12 05:51:56','2024-05-12 05:51:56'),(210,1,587,7,75,0,'2024-05-12 05:51:56','2024-05-12 05:51:56'),(211,1,37,10,33,0,'2024-05-12 06:49:27','2024-05-12 06:49:27'),(212,1,65,10,39,0,'2024-05-12 06:49:27','2024-05-12 06:49:27'),(213,1,294,10,52,0,'2024-05-12 06:49:27','2024-05-12 06:49:27'),(214,1,336,10,3,0,'2024-05-12 06:49:27','2024-05-12 06:49:27'),(215,1,665,10,61,0,'2024-05-12 06:49:27','2024-05-12 06:49:27'),(216,1,693,10,30,0,'2024-05-12 06:49:27','2024-05-12 06:49:27'),(217,1,1000,10,47,0,'2024-05-12 06:49:27','2024-05-12 06:49:27'),(218,1,93,12,55,0,'2024-05-12 10:31:51','2024-05-12 10:31:51'),(219,1,100,12,25,0,'2024-05-12 10:31:51','2024-05-12 10:31:51'),(220,1,160,12,56,0,'2024-05-12 10:31:51','2024-05-12 10:31:51'),(221,1,168,12,23,0,'2024-05-12 10:31:51','2024-05-12 10:31:51'),(222,1,175,12,15,0,'2024-05-12 10:31:51','2024-05-12 10:31:51'),(223,1,182,12,64,0,'2024-05-12 10:31:51','2024-05-12 10:31:51'),(224,1,189,12,2,0,'2024-05-12 10:31:51','2024-05-12 10:31:51'),(225,1,602,12,28,0,'2024-05-12 10:31:51','2024-05-12 10:31:51'),(226,1,37,10,22,1,'2024-05-13 03:18:50','2024-05-13 03:25:40'),(227,1,65,10,2,0,'2024-05-13 03:18:50','2024-05-13 03:18:50'),(228,1,294,10,63,0,'2024-05-13 03:18:50','2024-05-13 03:18:50'),(229,1,336,10,30,0,'2024-05-13 03:18:50','2024-05-13 03:18:50'),(230,1,665,10,18,1,'2024-05-13 03:18:50','2024-05-13 12:48:03'),(231,1,693,10,36,1,'2024-05-13 03:18:50','2024-05-13 12:48:43'),(232,1,1000,10,69,1,'2024-05-13 03:18:50','2024-05-13 08:48:04'),(233,1,23,8,19,0,'2024-05-13 03:33:41','2024-05-13 03:33:41'),(234,1,58,8,71,0,'2024-05-13 03:33:41','2024-05-13 03:33:41'),(235,1,525,47,48,0,'2024-05-13 03:36:15','2024-05-13 03:36:15'),(236,1,539,47,36,0,'2024-05-13 03:36:15','2024-05-13 03:36:15'),(237,1,581,47,53,0,'2024-05-13 03:36:15','2024-05-13 03:36:15'),(238,1,623,47,28,0,'2024-05-13 03:36:15','2024-05-13 03:36:15'),(239,1,916,47,39,0,'2024-05-13 03:36:15','2024-05-13 03:36:15'),(240,1,868,47,62,0,'2024-05-13 03:37:10','2024-05-13 03:37:10'),(241,1,875,47,27,0,'2024-05-13 03:37:10','2024-05-13 03:37:10'),(242,1,882,47,71,0,'2024-05-13 03:37:10','2024-05-13 03:37:10'),(243,1,980,85,55,0,'2024-05-13 06:15:42','2024-05-13 06:15:42'),(244,1,987,85,69,0,'2024-05-13 06:15:42','2024-05-13 06:15:42'),(245,1,791,64,58,0,'2024-05-13 06:20:41','2024-05-13 06:20:41'),(246,1,924,64,65,0,'2024-05-13 06:20:41','2024-05-13 06:20:41'),(247,1,1049,64,34,0,'2024-05-13 07:00:39','2024-05-13 07:00:39'),(248,1,1055,64,55,0,'2024-05-13 07:00:39','2024-05-13 07:00:39'),(249,1,1068,93,75,0,'2024-05-13 07:00:45','2024-05-13 07:00:45'),(250,1,1075,94,55,1,'2024-05-13 07:40:34','2024-05-13 07:41:21'),(251,1,93,12,34,0,'2024-05-13 07:48:46','2024-05-13 07:48:46'),(252,1,100,12,75,0,'2024-05-13 07:48:46','2024-05-13 07:48:46'),(253,1,160,12,39,0,'2024-05-13 07:48:46','2024-05-13 07:48:46'),(254,1,168,12,47,0,'2024-05-13 07:48:46','2024-05-13 07:48:46'),(255,1,175,12,79,0,'2024-05-13 07:48:46','2024-05-13 07:48:46'),(256,1,182,12,77,0,'2024-05-13 07:48:46','2024-05-13 07:48:46'),(257,1,189,12,71,0,'2024-05-13 07:48:46','2024-05-13 07:48:46'),(258,1,602,12,70,0,'2024-05-13 07:48:46','2024-05-13 07:48:46'),(259,1,1089,95,40,1,'2024-05-13 08:10:45','2024-05-13 08:12:27'),(260,1,1103,95,29,1,'2024-05-13 08:18:57','2024-05-13 08:19:45'),(261,1,1131,97,23,1,'2024-05-13 08:34:10','2024-05-13 08:34:21'),(262,1,1,5,64,0,'2024-05-13 08:34:52','2024-05-13 08:34:52'),(263,1,455,5,25,0,'2024-05-13 08:34:52','2024-05-13 08:34:52'),(264,1,1138,99,22,1,'2024-05-13 09:11:56','2024-05-13 09:12:04'),(265,1,1152,99,67,1,'2024-05-13 09:12:57','2024-05-13 09:19:29'),(266,1,1159,101,32,1,'2024-05-13 09:41:34','2024-05-13 09:42:29'),(267,1,1173,101,28,1,'2024-05-13 09:46:09','2024-05-13 09:46:16'),(268,1,1621,166,59,1,'2024-05-13 12:38:24','2024-05-13 12:39:01'),(269,1,1635,166,41,1,'2024-05-13 12:40:36','2024-05-13 12:40:55'),(270,1,1607,164,37,1,'2024-05-13 13:30:41','2024-05-13 13:31:10'),(271,1,1642,164,76,1,'2024-05-13 13:33:05','2024-05-13 13:44:30'),(272,1,1649,164,57,1,'2024-05-13 13:49:14','2024-05-13 13:50:26'),(273,1,1656,164,79,1,'2024-05-13 13:49:14','2024-05-13 13:50:50'),(274,1,37,10,38,0,'2024-05-14 01:53:30','2024-05-14 01:53:30'),(275,1,65,10,51,0,'2024-05-14 01:53:30','2024-05-14 01:53:30'),(276,1,294,10,48,0,'2024-05-14 01:53:30','2024-05-14 01:53:30'),(277,1,336,10,68,0,'2024-05-14 01:53:30','2024-05-14 01:53:30'),(278,1,665,10,64,0,'2024-05-14 01:53:30','2024-05-14 01:53:30'),(279,1,693,10,65,0,'2024-05-14 01:53:30','2024-05-14 01:53:30'),(280,1,1002,10,32,0,'2024-05-14 01:53:41','2024-05-14 01:53:41'),(281,1,1083,10,74,0,'2024-05-14 01:53:41','2024-05-14 01:53:41'),(282,1,1084,10,38,0,'2024-05-14 01:53:41','2024-05-14 01:53:41'),(283,1,1663,168,46,1,'2024-05-14 05:34:38','2024-05-14 05:37:12'),(284,1,1677,168,51,1,'2024-05-14 05:35:37','2024-05-14 05:36:02'),(285,1,93,12,72,0,'2024-05-14 05:40:57','2024-05-14 05:40:57'),(286,1,100,12,62,0,'2024-05-14 05:40:57','2024-05-14 05:40:57'),(287,1,160,12,18,0,'2024-05-14 05:40:57','2024-05-14 05:40:57'),(288,1,168,12,69,0,'2024-05-14 05:40:57','2024-05-14 05:40:57'),(289,1,175,12,57,1,'2024-05-14 05:40:57','2024-05-14 06:05:11'),(290,1,182,12,37,0,'2024-05-14 05:40:57','2024-05-14 05:40:57'),(291,1,189,12,3,1,'2024-05-14 05:40:57','2024-05-14 07:25:35'),(292,1,602,12,44,0,'2024-05-14 05:40:57','2024-05-14 05:40:57'),(293,1,1608,164,70,0,'2024-05-14 06:31:02','2024-05-14 06:31:02'),(294,1,1643,164,75,0,'2024-05-14 06:31:02','2024-05-14 06:31:02'),(295,1,1650,164,53,0,'2024-05-14 06:31:02','2024-05-14 06:31:02'),(296,1,1657,164,74,0,'2024-05-14 06:31:02','2024-05-14 06:31:02'),(297,1,1,5,22,0,'2024-05-14 06:31:26','2024-05-14 06:31:26'),(298,1,455,5,19,0,'2024-05-14 06:31:26','2024-05-14 06:31:26'),(299,1,426,38,66,0,'2024-05-14 08:47:31','2024-05-14 08:47:31'),(300,1,1698,172,38,1,'2024-05-14 11:25:19','2024-05-14 11:26:25'),(301,1,1712,172,61,1,'2024-05-14 11:28:48','2024-05-14 11:37:23'),(302,1,525,47,77,0,'2024-05-14 11:34:50','2024-05-14 11:34:50'),(303,1,539,47,44,0,'2024-05-14 11:34:50','2024-05-14 11:34:50'),(304,1,581,47,74,0,'2024-05-14 11:34:50','2024-05-14 11:34:50'),(305,1,623,47,66,0,'2024-05-14 11:34:50','2024-05-14 11:34:50'),(306,1,868,47,3,0,'2024-05-14 11:34:50','2024-05-14 11:34:50'),(307,1,875,47,78,0,'2024-05-14 11:34:50','2024-05-14 11:34:50'),(308,1,882,47,60,0,'2024-05-14 11:34:50','2024-05-14 11:34:50'),(309,1,916,47,36,0,'2024-05-14 11:34:50','2024-05-14 11:34:50'),(310,1,1719,172,73,1,'2024-05-14 11:41:11','2024-05-14 11:41:46'),(311,1,1726,172,32,1,'2024-05-14 11:41:11','2024-05-14 11:41:59'),(312,1,1732,174,69,1,'2024-05-14 12:23:58','2024-05-14 12:24:32'),(313,1,1746,174,32,1,'2024-05-14 12:24:28','2024-05-14 12:24:40'),(314,1,1753,176,36,1,'2024-05-14 12:41:25','2024-05-14 12:42:09'),(315,1,1767,176,27,1,'2024-05-14 12:43:18','2024-05-14 12:45:05'),(316,1,657,54,29,1,'2024-05-14 15:13:14','2024-05-14 15:14:17'),(317,1,16,7,30,1,'2024-05-15 02:46:39','2024-05-15 06:38:20'),(318,1,79,7,61,0,'2024-05-15 02:46:39','2024-05-15 02:46:39'),(319,1,587,7,56,1,'2024-05-15 02:46:39','2024-05-15 02:52:20'),(320,1,888,70,43,1,'2024-05-15 02:57:53','2024-05-15 03:05:38'),(321,1,37,10,5,0,'2024-05-15 03:03:59','2024-05-15 03:03:59'),(322,1,65,10,73,0,'2024-05-15 03:03:59','2024-05-15 03:03:59'),(323,1,294,10,53,0,'2024-05-15 03:03:59','2024-05-15 03:03:59'),(324,1,336,10,66,0,'2024-05-15 03:03:59','2024-05-15 03:03:59'),(325,1,665,10,43,1,'2024-05-15 03:03:59','2024-05-15 16:58:59'),(326,1,693,10,47,0,'2024-05-15 03:03:59','2024-05-15 03:03:59'),(327,1,1002,10,21,0,'2024-05-15 03:03:59','2024-05-15 03:03:59'),(328,1,1083,10,45,0,'2024-05-15 03:03:59','2024-05-15 03:03:59'),(329,1,1084,10,41,0,'2024-05-15 03:03:59','2024-05-15 03:03:59'),(330,1,1781,178,28,1,'2024-05-15 04:20:01','2024-05-15 07:09:10'),(331,1,93,12,75,0,'2024-05-15 06:08:44','2024-05-15 06:08:44'),(332,1,100,12,61,0,'2024-05-15 06:08:44','2024-05-15 06:08:44'),(333,1,160,12,19,0,'2024-05-15 06:08:44','2024-05-15 06:08:44'),(334,1,168,12,32,0,'2024-05-15 06:08:44','2024-05-15 06:08:44'),(335,1,175,12,24,1,'2024-05-15 06:08:44','2024-05-15 06:08:51'),(336,1,182,12,74,0,'2024-05-15 06:08:44','2024-05-15 06:08:44'),(337,1,189,12,20,0,'2024-05-15 06:08:44','2024-05-15 06:08:44'),(338,1,602,12,58,1,'2024-05-15 06:08:44','2024-05-15 06:09:40'),(339,1,658,54,40,0,'2024-05-15 07:12:34','2024-05-15 07:12:34'),(340,1,1775,54,3,0,'2024-05-15 07:12:34','2024-05-15 07:12:34'),(341,1,1664,168,61,0,'2024-05-15 08:03:16','2024-05-15 08:03:16'),(342,1,1678,168,74,0,'2024-05-15 08:03:16','2024-05-15 08:03:16'),(343,1,37,10,24,0,'2024-05-16 02:22:24','2024-05-16 02:22:24'),(344,1,65,10,73,0,'2024-05-16 02:22:24','2024-05-16 02:22:24'),(345,1,294,10,68,0,'2024-05-16 02:22:24','2024-05-16 02:22:24'),(346,1,336,10,41,0,'2024-05-16 02:22:24','2024-05-16 02:22:24'),(347,1,665,10,23,0,'2024-05-16 02:22:24','2024-05-16 02:22:24'),(348,1,693,10,31,0,'2024-05-16 02:22:24','2024-05-16 02:22:24'),(349,1,1002,10,51,0,'2024-05-16 02:22:24','2024-05-16 02:22:24'),(350,1,1083,10,67,0,'2024-05-16 02:22:24','2024-05-16 02:22:24'),(351,1,1084,10,2,0,'2024-05-16 02:22:24','2024-05-16 02:22:24'),(352,1,93,12,19,1,'2024-05-16 05:45:01','2024-05-16 16:46:25'),(353,1,100,12,16,1,'2024-05-16 05:45:01','2024-05-16 16:43:18'),(354,1,160,12,78,0,'2024-05-16 05:45:01','2024-05-16 05:45:01'),(355,1,168,12,79,1,'2024-05-16 05:45:01','2024-05-16 05:45:29'),(356,1,175,12,22,1,'2024-05-16 05:45:01','2024-05-16 16:42:57'),(357,1,182,12,44,1,'2024-05-16 05:45:01','2024-05-16 05:45:09'),(358,1,189,12,63,1,'2024-05-16 05:45:01','2024-05-16 16:42:43'),(359,1,602,12,30,1,'2024-05-16 05:45:01','2024-05-16 16:41:40'),(360,1,1754,176,49,0,'2024-05-16 10:05:50','2024-05-16 10:05:50'),(361,1,1768,176,38,0,'2024-05-16 10:05:50','2024-05-16 10:05:50'),(362,1,889,70,79,1,'2024-05-16 11:38:49','2024-05-16 11:40:17'),(363,1,16,7,31,1,'2024-05-16 11:53:14','2024-05-16 11:55:52'),(364,1,79,7,52,0,'2024-05-16 11:53:14','2024-05-16 11:53:14'),(365,1,588,7,59,1,'2024-05-16 11:53:23','2024-05-16 11:53:57'),(366,1,37,10,77,1,'2024-05-17 01:56:56','2024-05-17 13:44:08'),(367,1,65,10,23,1,'2024-05-17 01:56:56','2024-05-17 13:43:47'),(368,1,294,10,49,1,'2024-05-17 01:56:56','2024-05-17 13:44:56'),(369,1,336,10,19,1,'2024-05-17 01:56:56','2024-05-17 12:34:46'),(370,1,665,10,64,1,'2024-05-17 01:56:56','2024-05-17 13:45:15'),(371,1,693,10,57,1,'2024-05-17 01:56:56','2024-05-17 05:55:31'),(372,1,1002,10,5,1,'2024-05-17 01:56:56','2024-05-17 13:44:21'),(373,1,1083,10,66,0,'2024-05-17 01:56:56','2024-05-17 01:56:56'),(374,1,1084,10,54,0,'2024-05-17 01:56:56','2024-05-17 01:56:56'),(375,1,889,70,23,1,'2024-05-17 04:04:50','2024-05-17 04:06:03'),(376,1,1914,70,28,1,'2024-05-17 04:06:52','2024-05-17 04:07:20'),(377,1,93,12,49,0,'2024-05-17 05:26:27','2024-05-17 05:26:27'),(378,1,100,12,32,0,'2024-05-17 05:26:27','2024-05-17 05:26:27'),(379,1,160,12,44,0,'2024-05-17 05:26:27','2024-05-17 05:26:27'),(380,1,168,12,26,0,'2024-05-17 05:26:27','2024-05-17 05:26:27'),(381,1,175,12,48,0,'2024-05-17 05:26:27','2024-05-17 05:26:27'),(382,1,182,12,16,0,'2024-05-17 05:26:28','2024-05-17 05:26:28'),(383,1,189,12,67,0,'2024-05-17 05:26:28','2024-05-17 05:26:28'),(384,1,602,12,3,0,'2024-05-17 05:26:28','2024-05-17 05:26:28'),(385,1,1754,176,4,0,'2024-05-17 06:07:19','2024-05-17 06:07:19'),(386,1,1768,176,34,0,'2024-05-17 06:07:19','2024-05-17 06:07:19'),(387,1,1664,168,51,0,'2024-05-17 06:26:28','2024-05-17 06:26:28'),(388,1,1678,168,1,0,'2024-05-17 06:26:28','2024-05-17 06:26:28'),(389,1,1622,166,68,1,'2024-05-17 06:29:54','2024-05-17 09:03:50'),(390,1,1636,166,63,1,'2024-05-17 06:29:54','2024-05-17 08:54:43'),(391,1,1782,178,22,0,'2024-05-17 06:48:38','2024-05-17 06:48:38'),(392,1,1558,157,31,0,'2024-05-17 09:08:44','2024-05-17 09:08:44'),(393,1,16,7,76,1,'2024-05-17 09:24:31','2024-05-17 09:24:51'),(394,1,79,7,61,1,'2024-05-17 09:24:31','2024-05-17 09:32:58'),(395,1,588,7,40,0,'2024-05-17 09:24:31','2024-05-17 09:24:31'),(396,1,706,56,59,0,'2024-05-17 09:29:16','2024-05-17 09:29:16'),(397,1,1921,197,50,1,'2024-05-17 13:47:17','2024-05-17 13:47:28'),(398,1,525,47,16,0,'2024-05-17 13:48:31','2024-05-17 13:48:31'),(399,1,539,47,58,0,'2024-05-17 13:48:31','2024-05-17 13:48:31'),(400,1,581,47,36,0,'2024-05-17 13:48:31','2024-05-17 13:48:31'),(401,1,623,47,60,0,'2024-05-17 13:48:31','2024-05-17 13:48:31'),(402,1,868,47,30,0,'2024-05-17 13:48:31','2024-05-17 13:48:31'),(403,1,875,47,18,0,'2024-05-17 13:48:31','2024-05-17 13:48:31'),(404,1,882,47,25,0,'2024-05-17 13:48:31','2024-05-17 13:48:31'),(405,1,916,47,51,0,'2024-05-17 13:48:31','2024-05-17 13:48:31'),(406,1,37,10,35,1,'2024-05-18 04:17:39','2024-05-18 04:18:14'),(407,1,65,10,66,0,'2024-05-18 04:17:39','2024-05-18 04:17:39'),(408,1,294,10,36,0,'2024-05-18 04:17:39','2024-05-18 04:17:39'),(409,1,336,10,61,0,'2024-05-18 04:17:39','2024-05-18 04:17:39'),(410,1,665,10,2,0,'2024-05-18 04:17:39','2024-05-18 04:17:39'),(411,1,693,10,21,0,'2024-05-18 04:17:39','2024-05-18 04:17:39'),(412,1,1002,10,19,0,'2024-05-18 04:17:39','2024-05-18 04:17:39'),(413,1,1083,10,37,0,'2024-05-18 04:17:39','2024-05-18 04:17:39'),(414,1,1084,10,44,0,'2024-05-18 04:17:39','2024-05-18 04:17:39'),(415,1,93,12,36,1,'2024-05-18 14:38:02','2024-05-18 18:12:52'),(416,1,100,12,23,0,'2024-05-18 14:38:02','2024-05-18 14:38:02'),(417,1,160,12,37,0,'2024-05-18 14:38:02','2024-05-18 14:38:02'),(418,1,168,12,38,1,'2024-05-18 14:38:02','2024-05-18 18:13:16'),(419,1,175,12,73,1,'2024-05-18 14:38:02','2024-05-18 18:11:52'),(420,1,182,12,39,1,'2024-05-18 14:38:02','2024-05-18 18:12:12'),(421,1,189,12,2,1,'2024-05-18 14:38:02','2024-05-18 18:12:02'),(422,1,602,12,54,1,'2024-05-18 14:38:02','2024-05-18 18:13:07'),(423,1,1664,168,15,0,'2024-05-18 19:08:24','2024-05-18 19:08:24'),(424,1,1678,168,63,0,'2024-05-18 19:08:24','2024-05-18 19:08:24'),(425,1,93,12,19,0,'2024-05-19 07:18:21','2024-05-19 07:18:21'),(426,1,100,12,62,0,'2024-05-19 07:18:21','2024-05-19 07:18:21'),(427,1,160,12,47,0,'2024-05-19 07:18:21','2024-05-19 07:18:21'),(428,1,168,12,51,0,'2024-05-19 07:18:21','2024-05-19 07:18:21'),(429,1,175,12,24,0,'2024-05-19 07:18:21','2024-05-19 07:18:21'),(430,1,182,12,26,0,'2024-05-19 07:18:21','2024-05-19 07:18:21'),(431,1,189,12,54,0,'2024-05-19 07:18:21','2024-05-19 07:18:21'),(432,1,602,12,63,0,'2024-05-19 07:18:21','2024-05-19 07:18:21'),(433,1,1664,168,56,0,'2024-05-19 15:00:50','2024-05-19 15:00:50'),(434,1,1678,168,69,0,'2024-05-19 15:00:50','2024-05-19 15:00:50'),(435,1,37,10,76,0,'2024-05-19 15:41:03','2024-05-19 15:41:03'),(436,1,65,10,27,0,'2024-05-19 15:41:03','2024-05-19 15:41:03'),(437,1,294,10,21,0,'2024-05-19 15:41:03','2024-05-19 15:41:03'),(438,1,336,10,24,0,'2024-05-19 15:41:03','2024-05-19 15:41:03'),(439,1,665,10,54,0,'2024-05-19 15:41:03','2024-05-19 15:41:03'),(440,1,693,10,3,0,'2024-05-19 15:41:03','2024-05-19 15:41:03'),(441,1,1002,10,46,0,'2024-05-19 15:41:03','2024-05-19 15:41:03'),(442,1,1083,10,49,0,'2024-05-19 15:41:03','2024-05-19 15:41:03'),(443,1,1084,10,31,0,'2024-05-19 15:41:03','2024-05-19 15:41:03'),(444,1,37,10,4,0,'2024-05-20 05:15:05','2024-05-20 05:15:05'),(445,1,65,10,74,0,'2024-05-20 05:15:05','2024-05-20 05:15:05'),(446,1,294,10,31,0,'2024-05-20 05:15:05','2024-05-20 05:15:05'),(447,1,336,10,15,0,'2024-05-20 05:15:05','2024-05-20 05:15:05'),(448,1,665,10,25,0,'2024-05-20 05:15:05','2024-05-20 05:15:05'),(449,1,693,10,20,0,'2024-05-20 05:15:05','2024-05-20 05:15:05'),(450,1,1002,10,34,0,'2024-05-20 05:15:05','2024-05-20 05:15:05'),(451,1,1083,10,27,0,'2024-05-20 05:15:05','2024-05-20 05:15:05'),(452,1,1084,10,65,0,'2024-05-20 05:15:05','2024-05-20 05:15:05'),(453,1,93,12,75,1,'2024-05-20 10:29:04','2024-05-20 10:31:23'),(454,1,100,12,46,1,'2024-05-20 10:29:04','2024-05-20 10:31:58'),(455,1,160,12,57,0,'2024-05-20 10:29:04','2024-05-20 10:29:04'),(456,1,168,12,51,0,'2024-05-20 10:29:04','2024-05-20 10:29:04'),(457,1,175,12,42,0,'2024-05-20 10:29:04','2024-05-20 10:29:04'),(458,1,182,12,36,1,'2024-05-20 10:29:04','2024-05-20 10:31:33'),(459,1,189,12,31,1,'2024-05-20 10:29:04','2024-05-20 10:32:33'),(460,1,602,12,30,1,'2024-05-20 10:29:04','2024-05-20 10:32:13'),(461,1,1623,166,72,1,'2024-05-20 10:46:14','2024-05-20 10:47:34'),(462,1,1636,166,54,1,'2024-05-20 10:46:14','2024-05-20 10:46:39'),(463,1,2061,219,75,1,'2024-05-20 11:55:57','2024-05-20 11:56:22'),(464,1,37,10,64,1,'2024-05-21 03:06:19','2024-05-21 09:05:46'),(465,1,65,10,28,1,'2024-05-21 03:06:19','2024-05-21 09:25:34'),(466,1,294,10,32,1,'2024-05-21 03:06:19','2024-05-21 09:25:53'),(467,1,336,10,15,1,'2024-05-21 03:06:19','2024-05-21 09:27:08'),(468,1,665,10,71,1,'2024-05-21 03:06:19','2024-05-21 09:27:43'),(469,1,693,10,41,1,'2024-05-21 03:06:19','2024-05-21 09:28:15'),(470,1,1002,10,5,1,'2024-05-21 03:06:19','2024-05-21 09:26:10'),(471,1,1083,10,65,0,'2024-05-21 03:06:19','2024-05-21 03:06:19'),(472,1,1084,10,47,0,'2024-05-21 03:06:19','2024-05-21 03:06:19'),(473,1,1623,166,28,0,'2024-05-21 04:32:49','2024-05-21 04:32:49'),(474,1,1636,166,54,0,'2024-05-21 04:32:49','2024-05-21 04:32:49'),(475,1,525,47,26,1,'2024-05-21 06:33:37','2024-05-21 09:29:20'),(476,1,539,47,63,0,'2024-05-21 06:33:37','2024-05-21 06:33:37'),(477,1,581,47,41,0,'2024-05-21 06:33:37','2024-05-21 06:33:37'),(478,1,623,47,59,0,'2024-05-21 06:33:37','2024-05-21 06:33:37'),(479,1,868,47,76,0,'2024-05-21 06:33:37','2024-05-21 06:33:37'),(480,1,875,47,62,0,'2024-05-21 06:33:37','2024-05-21 06:33:37'),(481,1,882,47,52,0,'2024-05-21 06:33:37','2024-05-21 06:33:37'),(482,1,916,47,55,0,'2024-05-21 06:33:37','2024-05-21 06:33:37'),(483,1,791,64,15,1,'2024-05-21 09:28:30','2024-05-21 09:33:42'),(484,1,924,64,53,1,'2024-05-21 09:28:30','2024-05-21 09:32:25'),(485,1,1049,64,39,1,'2024-05-21 09:28:30','2024-05-21 09:31:04'),(486,1,1055,64,50,1,'2024-05-21 09:28:30','2024-05-21 09:30:30'),(487,1,2075,221,70,0,'2024-05-21 11:40:14','2024-05-21 11:40:14'),(488,1,37,10,46,0,'2024-05-22 04:05:26','2024-05-22 04:05:26'),(489,1,65,10,30,0,'2024-05-22 04:05:26','2024-05-22 04:05:26'),(490,1,294,10,78,0,'2024-05-22 04:05:26','2024-05-22 04:05:26'),(491,1,336,10,15,0,'2024-05-22 04:05:26','2024-05-22 04:05:26'),(492,1,665,10,20,0,'2024-05-22 04:05:26','2024-05-22 04:05:26'),(493,1,693,10,53,0,'2024-05-22 04:05:26','2024-05-22 04:05:26'),(494,1,1002,10,52,0,'2024-05-22 04:05:26','2024-05-22 04:05:26'),(495,1,1083,10,21,0,'2024-05-22 04:05:26','2024-05-22 04:05:26'),(496,1,1084,10,47,0,'2024-05-22 04:05:26','2024-05-22 04:05:26'),(497,1,791,64,71,0,'2024-05-22 08:25:22','2024-05-22 08:25:22'),(498,1,924,64,2,0,'2024-05-22 08:25:22','2024-05-22 08:25:22'),(499,1,1623,166,60,1,'2024-05-22 10:31:21','2024-05-22 10:31:59'),(500,1,1636,166,23,1,'2024-05-22 10:31:21','2024-05-22 10:31:38'),(501,1,93,12,2,1,'2024-05-22 10:41:14','2024-05-22 10:42:21'),(502,1,100,12,63,1,'2024-05-22 10:41:14','2024-05-22 10:42:06'),(503,1,160,12,65,0,'2024-05-22 10:41:14','2024-05-22 10:41:14'),(504,1,168,12,37,1,'2024-05-22 10:41:14','2024-05-22 10:42:33'),(505,1,175,12,32,1,'2024-05-22 10:41:14','2024-05-22 10:41:41'),(506,1,182,12,49,1,'2024-05-22 10:41:14','2024-05-22 10:41:29'),(507,1,189,12,42,1,'2024-05-22 10:41:14','2024-05-22 10:41:54'),(508,1,602,12,34,1,'2024-05-22 10:41:14','2024-05-22 10:42:46'),(509,1,37,10,1,1,'2024-05-23 03:07:18','2024-05-23 04:51:37'),(510,1,65,10,39,1,'2024-05-23 03:07:18','2024-05-23 04:53:06'),(511,1,294,10,56,1,'2024-05-23 03:07:18','2024-05-23 04:53:34'),(512,1,336,10,46,1,'2024-05-23 03:07:18','2024-05-23 04:51:59'),(513,1,665,10,36,1,'2024-05-23 03:07:18','2024-05-23 08:09:51'),(514,1,693,10,53,1,'2024-05-23 03:07:18','2024-05-23 08:07:54'),(515,1,1002,10,15,1,'2024-05-23 03:07:18','2024-05-23 08:08:57'),(516,1,1083,10,49,0,'2024-05-23 03:07:18','2024-05-23 03:07:18'),(517,1,1084,10,51,0,'2024-05-23 03:07:18','2024-05-23 03:07:18'),(518,1,805,66,18,0,'2024-05-23 10:51:16','2024-05-23 10:51:16'),(519,1,812,66,57,0,'2024-05-23 10:51:16','2024-05-23 10:51:16'),(520,1,791,64,38,0,'2024-05-24 05:41:53','2024-05-24 05:41:53'),(521,1,924,64,73,1,'2024-05-24 05:41:53','2024-05-24 05:48:22'),(522,1,1050,64,23,0,'2024-05-24 05:41:53','2024-05-24 05:41:53'),(523,1,1056,64,47,0,'2024-05-24 05:41:53','2024-05-24 05:41:53'),(524,1,37,10,18,1,'2024-05-24 06:17:57','2024-05-24 09:11:39'),(525,1,65,10,57,1,'2024-05-24 06:17:57','2024-05-24 09:12:40'),(526,1,294,10,35,1,'2024-05-24 06:17:57','2024-05-24 09:14:41'),(527,1,336,10,51,1,'2024-05-24 06:17:57','2024-05-24 09:15:28'),(528,1,665,10,46,1,'2024-05-24 06:17:57','2024-05-24 09:15:10'),(529,1,693,10,29,1,'2024-05-24 06:17:57','2024-05-24 09:12:19'),(530,1,1002,10,59,1,'2024-05-24 06:17:57','2024-05-24 09:13:17'),(531,1,1083,10,63,0,'2024-05-24 06:17:57','2024-05-24 06:17:57'),(532,1,1084,10,72,0,'2024-05-24 06:17:57','2024-05-24 06:17:57'),(533,1,16,7,26,1,'2024-05-24 06:22:15','2024-05-24 06:23:14'),(534,1,79,7,5,1,'2024-05-24 06:22:15','2024-05-24 09:15:16'),(535,1,588,7,32,1,'2024-05-24 06:22:15','2024-05-24 08:29:30'),(536,1,2089,223,55,1,'2024-05-24 07:33:23','2024-05-24 09:21:07'),(537,1,525,47,54,0,'2024-05-24 07:41:02','2024-05-24 07:41:02'),(538,1,539,47,62,0,'2024-05-24 07:41:02','2024-05-24 07:41:02'),(539,1,581,47,64,0,'2024-05-24 07:41:02','2024-05-24 07:41:02'),(540,1,623,47,56,0,'2024-05-24 07:41:02','2024-05-24 07:41:02'),(541,1,868,47,60,0,'2024-05-24 07:41:02','2024-05-24 07:41:02'),(542,1,875,47,32,0,'2024-05-24 07:41:02','2024-05-24 07:41:02'),(543,1,882,47,57,0,'2024-05-24 07:41:02','2024-05-24 07:41:02'),(544,1,916,47,74,0,'2024-05-24 07:41:02','2024-05-24 07:41:02'),(545,1,2103,225,28,0,'2024-05-24 09:03:39','2024-05-24 09:03:39'),(546,1,37,10,66,0,'2024-05-25 04:33:17','2024-05-25 04:33:17'),(547,1,65,10,44,0,'2024-05-25 04:33:17','2024-05-25 04:33:17'),(548,1,294,10,17,0,'2024-05-25 04:33:17','2024-05-25 04:33:17'),(549,1,336,10,45,0,'2024-05-25 04:33:17','2024-05-25 04:33:17'),(550,1,665,10,51,0,'2024-05-25 04:33:17','2024-05-25 04:33:17'),(551,1,693,10,28,0,'2024-05-25 04:33:17','2024-05-25 04:33:17'),(552,1,1002,10,20,0,'2024-05-25 04:33:17','2024-05-25 04:33:17'),(553,1,1083,10,48,0,'2024-05-25 04:33:17','2024-05-25 04:33:17'),(554,1,1084,10,31,0,'2024-05-25 04:33:17','2024-05-25 04:33:17'),(555,1,2090,223,2,1,'2024-05-25 10:59:50','2024-05-25 11:00:47'),(556,1,16,7,32,0,'2024-05-25 11:10:50','2024-05-25 11:10:50'),(557,1,79,7,39,0,'2024-05-25 11:10:50','2024-05-25 11:10:50'),(558,1,588,7,3,0,'2024-05-25 11:10:50','2024-05-25 11:10:50'),(559,1,706,56,23,0,'2024-05-25 13:01:23','2024-05-25 13:01:23'),(560,1,2103,225,59,0,'2024-05-25 17:09:53','2024-05-25 17:09:53'),(561,1,37,10,59,0,'2024-05-26 04:59:50','2024-05-26 04:59:50'),(562,1,65,10,1,0,'2024-05-26 04:59:50','2024-05-26 04:59:50'),(563,1,294,10,47,0,'2024-05-26 04:59:50','2024-05-26 04:59:50'),(564,1,336,10,61,0,'2024-05-26 04:59:50','2024-05-26 04:59:50'),(565,1,665,10,39,0,'2024-05-26 04:59:50','2024-05-26 04:59:50'),(566,1,693,10,3,0,'2024-05-26 04:59:50','2024-05-26 04:59:50'),(567,1,1002,10,73,0,'2024-05-26 04:59:50','2024-05-26 04:59:50'),(568,1,1083,10,48,0,'2024-05-26 04:59:50','2024-05-26 04:59:50'),(569,1,1084,10,30,0,'2024-05-26 04:59:50','2024-05-26 04:59:50'),(570,1,2091,223,29,0,'2024-05-26 06:15:27','2024-05-26 06:15:27'),(571,1,706,56,38,0,'2024-05-26 13:01:09','2024-05-26 13:01:09'),(572,1,2091,223,31,0,'2024-05-27 03:36:01','2024-05-27 03:36:01'),(573,1,2118,223,54,1,'2024-05-27 03:36:01','2024-05-27 06:29:58'),(574,1,93,12,65,0,'2024-05-27 06:37:21','2024-05-27 06:37:21'),(575,1,100,12,41,0,'2024-05-27 06:37:21','2024-05-27 06:37:21'),(576,1,160,12,20,0,'2024-05-27 06:37:21','2024-05-27 06:37:21'),(577,1,168,12,16,0,'2024-05-27 06:37:21','2024-05-27 06:37:21'),(578,1,175,12,60,0,'2024-05-27 06:37:21','2024-05-27 06:37:21'),(579,1,182,12,51,0,'2024-05-27 06:37:21','2024-05-27 06:37:21'),(580,1,189,12,53,0,'2024-05-27 06:37:21','2024-05-27 06:37:21'),(581,1,602,12,37,0,'2024-05-27 06:37:21','2024-05-27 06:37:21'),(582,1,1623,166,74,0,'2024-05-27 06:38:19','2024-05-27 06:38:19'),(583,1,1636,166,28,1,'2024-05-27 06:38:19','2024-05-27 06:46:09'),(584,1,2145,166,16,0,'2024-05-27 06:45:45','2024-05-27 06:45:45'),(585,1,2158,166,43,1,'2024-05-27 06:45:45','2024-05-27 06:47:18'),(586,1,2138,223,75,1,'2024-05-27 06:48:45','2024-05-27 06:51:34'),(587,1,2152,223,69,1,'2024-05-27 06:48:45','2024-05-27 09:12:01'),(588,1,37,10,1,0,'2024-05-27 10:41:40','2024-05-27 10:41:40'),(589,1,65,10,65,0,'2024-05-27 10:41:40','2024-05-27 10:41:40'),(590,1,294,10,5,0,'2024-05-27 10:41:40','2024-05-27 10:41:40'),(591,1,336,10,76,1,'2024-05-27 10:41:40','2024-05-27 17:49:20'),(592,1,665,10,17,0,'2024-05-27 10:41:40','2024-05-27 10:41:40'),(593,1,693,10,16,0,'2024-05-27 10:41:40','2024-05-27 10:41:40'),(594,1,1002,10,70,1,'2024-05-27 10:41:40','2024-05-27 17:49:47'),(595,1,1083,10,36,0,'2024-05-27 10:41:40','2024-05-27 10:41:40'),(596,1,1084,10,50,0,'2024-05-27 10:41:40','2024-05-27 10:41:40'),(597,1,16,7,1,1,'2024-05-27 13:14:52','2024-05-27 13:16:15'),(598,1,79,7,36,0,'2024-05-27 13:14:52','2024-05-27 13:14:52'),(599,1,588,7,48,0,'2024-05-27 13:14:52','2024-05-27 13:14:52'),(600,1,889,70,29,1,'2024-05-27 17:42:33','2024-05-27 17:44:32'),(601,1,1915,70,24,0,'2024-05-27 17:42:33','2024-05-27 17:42:33'),(602,1,37,10,21,0,'2024-05-28 02:54:22','2024-05-28 02:54:22'),(603,1,65,10,19,1,'2024-05-28 02:54:22','2024-05-28 11:11:58'),(604,1,294,10,45,1,'2024-05-28 02:54:22','2024-05-28 12:04:52'),(605,1,336,10,67,0,'2024-05-28 02:54:22','2024-05-28 02:54:22'),(606,1,665,10,4,1,'2024-05-28 02:54:22','2024-05-28 12:04:29'),(607,1,693,10,56,1,'2024-05-28 02:54:22','2024-05-28 13:40:16'),(608,1,1002,10,23,1,'2024-05-28 02:54:22','2024-05-28 13:37:44'),(609,1,1083,10,16,0,'2024-05-28 02:54:22','2024-05-28 02:54:22'),(610,1,1084,10,65,0,'2024-05-28 02:54:22','2024-05-28 02:54:22'),(611,1,16,7,2,1,'2024-05-28 05:32:09','2024-05-28 12:59:10'),(612,1,79,7,39,0,'2024-05-28 05:32:09','2024-05-28 05:32:09'),(613,1,588,7,50,1,'2024-05-28 05:32:09','2024-05-28 11:13:55'),(614,1,2091,223,30,1,'2024-05-28 06:11:43','2024-05-28 12:24:56'),(615,1,2118,223,38,1,'2024-05-28 06:11:43','2024-05-28 06:16:12'),(616,1,2139,223,46,1,'2024-05-28 06:16:17','2024-05-28 10:08:00'),(617,1,2153,223,31,1,'2024-05-28 06:16:17','2024-05-28 06:16:58'),(618,1,805,66,6,0,'2024-05-28 07:10:31','2024-05-28 07:10:31'),(619,1,812,66,27,0,'2024-05-28 07:10:31','2024-05-28 07:10:31'),(620,1,1623,166,34,1,'2024-05-28 10:26:47','2024-05-28 11:14:04'),(621,1,1636,166,15,1,'2024-05-28 10:26:47','2024-05-28 10:29:18'),(622,1,2145,166,22,1,'2024-05-28 10:26:47','2024-05-28 10:27:13'),(623,1,2159,166,71,1,'2024-05-28 10:29:29','2024-05-28 11:13:49'),(624,1,2103,225,40,0,'2024-05-28 11:12:28','2024-05-28 11:12:28'),(625,1,889,70,33,1,'2024-05-28 11:59:39','2024-05-28 12:00:32'),(626,1,1915,70,75,0,'2024-05-28 11:59:39','2024-05-28 11:59:39'),(627,1,2091,223,77,1,'2024-05-29 00:24:35','2024-05-29 10:07:24'),(628,1,2118,223,31,1,'2024-05-29 00:24:35','2024-05-29 12:53:28'),(629,1,2139,223,22,1,'2024-05-29 00:24:35','2024-05-29 10:04:41'),(630,1,2153,223,15,1,'2024-05-29 00:24:35','2024-05-29 01:24:37'),(631,1,37,10,5,0,'2024-05-29 01:59:47','2024-05-29 01:59:47'),(632,1,65,10,31,1,'2024-05-29 01:59:47','2024-05-29 08:54:09'),(633,1,294,10,2,0,'2024-05-29 01:59:47','2024-05-29 01:59:47'),(634,1,336,10,27,0,'2024-05-29 01:59:47','2024-05-29 01:59:47'),(635,1,665,10,1,0,'2024-05-29 01:59:47','2024-05-29 01:59:47'),(636,1,693,10,3,1,'2024-05-29 01:59:47','2024-05-29 08:58:27'),(637,1,1002,10,34,1,'2024-05-29 01:59:47','2024-05-29 08:55:36'),(638,1,1083,10,50,0,'2024-05-29 01:59:47','2024-05-29 01:59:47'),(639,1,1084,10,58,0,'2024-05-29 01:59:47','2024-05-29 01:59:47'),(640,1,2103,225,18,0,'2024-05-29 03:03:47','2024-05-29 03:03:47'),(641,1,525,47,55,0,'2024-05-29 07:10:03','2024-05-29 07:10:03'),(642,1,539,47,67,0,'2024-05-29 07:10:03','2024-05-29 07:10:03'),(643,1,581,47,47,0,'2024-05-29 07:10:03','2024-05-29 07:10:03'),(644,1,623,47,53,0,'2024-05-29 07:10:03','2024-05-29 07:10:03'),(645,1,868,47,2,0,'2024-05-29 07:10:03','2024-05-29 07:10:03'),(646,1,875,47,32,0,'2024-05-29 07:10:03','2024-05-29 07:10:03'),(647,1,882,47,33,0,'2024-05-29 07:10:03','2024-05-29 07:10:03'),(648,1,916,47,74,0,'2024-05-29 07:10:03','2024-05-29 07:10:03'),(649,1,16,7,57,1,'2024-05-29 07:11:31','2024-05-29 10:17:53'),(650,1,79,7,46,1,'2024-05-29 07:11:31','2024-05-29 13:11:47'),(651,1,588,7,3,0,'2024-05-29 07:11:31','2024-05-29 07:11:31'),(652,1,1664,168,32,0,'2024-05-29 11:46:22','2024-05-29 11:46:22'),(653,1,1678,168,72,0,'2024-05-29 11:46:22','2024-05-29 11:46:22'),(654,1,2091,223,45,1,'2024-05-30 02:00:18','2024-05-30 10:03:46'),(655,1,2118,223,37,1,'2024-05-30 02:00:18','2024-05-30 05:05:22'),(656,1,2139,223,29,1,'2024-05-30 02:00:18','2024-05-30 09:39:31'),(657,1,2153,223,21,1,'2024-05-30 02:00:18','2024-05-30 10:12:02'),(658,1,1664,168,74,0,'2024-05-30 06:03:31','2024-05-30 06:03:31'),(659,1,1678,168,35,0,'2024-05-30 06:03:31','2024-05-30 06:03:31'),(660,1,525,47,35,0,'2024-05-30 06:19:22','2024-05-30 06:19:22'),(661,1,539,47,68,0,'2024-05-30 06:19:22','2024-05-30 06:19:22'),(662,1,581,47,31,0,'2024-05-30 06:19:22','2024-05-30 06:19:22'),(663,1,623,47,43,0,'2024-05-30 06:19:22','2024-05-30 06:19:22'),(664,1,868,47,2,0,'2024-05-30 06:19:22','2024-05-30 06:19:22'),(665,1,875,47,62,0,'2024-05-30 06:19:22','2024-05-30 06:19:22'),(666,1,882,47,21,0,'2024-05-30 06:19:22','2024-05-30 06:19:22'),(667,1,916,47,52,0,'2024-05-30 06:19:22','2024-05-30 06:19:22'),(668,1,16,7,59,1,'2024-05-30 06:50:08','2024-05-30 06:50:25'),(669,1,79,7,75,0,'2024-05-30 06:50:08','2024-05-30 06:50:08'),(670,1,588,7,48,0,'2024-05-30 06:50:08','2024-05-30 06:50:08'),(671,1,791,64,76,0,'2024-05-30 06:50:29','2024-05-30 06:50:29'),(672,1,924,64,45,0,'2024-05-30 06:50:29','2024-05-30 06:50:29'),(673,1,1050,64,51,0,'2024-05-30 06:50:29','2024-05-30 06:50:29'),(674,1,1056,64,5,0,'2024-05-30 06:50:29','2024-05-30 06:50:29'),(675,1,2178,231,46,0,'2024-05-30 07:19:01','2024-05-30 07:19:01'),(676,1,2192,233,45,1,'2024-05-30 08:44:10','2024-05-30 08:50:14'),(677,1,1922,197,77,0,'2024-05-30 10:43:01','2024-05-30 10:43:01'),(678,1,1623,166,72,1,'2024-05-30 10:43:36','2024-05-30 10:44:43'),(679,1,1636,166,71,0,'2024-05-30 10:43:36','2024-05-30 10:43:36'),(680,1,2159,166,35,1,'2024-05-30 10:43:36','2024-05-30 10:44:51'),(681,1,2146,166,46,1,'2024-05-30 10:43:52','2024-05-30 10:44:59'),(682,1,37,10,32,0,'2024-05-30 10:58:25','2024-05-30 10:58:25'),(683,1,65,10,6,0,'2024-05-30 10:58:25','2024-05-30 10:58:25'),(684,1,294,10,23,0,'2024-05-30 10:58:25','2024-05-30 10:58:25'),(685,1,336,10,62,0,'2024-05-30 10:58:25','2024-05-30 10:58:25'),(686,1,665,10,65,0,'2024-05-30 10:58:25','2024-05-30 10:58:25'),(687,1,693,10,31,0,'2024-05-30 10:58:25','2024-05-30 10:58:25'),(688,1,1002,10,28,0,'2024-05-30 10:58:25','2024-05-30 10:58:25'),(689,1,1083,10,70,0,'2024-05-30 10:58:25','2024-05-30 10:58:25'),(690,1,1084,10,30,0,'2024-05-30 10:58:25','2024-05-30 10:58:25'),(691,1,2091,223,75,1,'2024-05-31 01:57:57','2024-05-31 11:47:10'),(692,1,2118,223,24,0,'2024-05-31 01:57:57','2024-05-31 01:57:57'),(693,1,2139,223,16,1,'2024-05-31 01:57:57','2024-05-31 11:45:54'),(694,1,2153,223,42,1,'2024-05-31 01:57:57','2024-05-31 11:59:48'),(695,1,37,10,69,0,'2024-05-31 03:59:52','2024-05-31 03:59:52'),(696,1,65,10,21,1,'2024-05-31 03:59:52','2024-05-31 07:30:49'),(697,1,294,10,53,1,'2024-05-31 03:59:52','2024-05-31 07:30:12'),(698,1,336,10,55,0,'2024-05-31 03:59:52','2024-05-31 03:59:52'),(699,1,665,10,38,1,'2024-05-31 03:59:52','2024-05-31 07:30:32'),(700,1,693,10,16,0,'2024-05-31 03:59:52','2024-05-31 03:59:52'),(701,1,1002,10,28,1,'2024-05-31 03:59:52','2024-05-31 06:51:37'),(702,1,1083,10,17,0,'2024-05-31 03:59:52','2024-05-31 03:59:52'),(703,1,1084,10,60,0,'2024-05-31 03:59:52','2024-05-31 03:59:52'),(704,1,889,70,22,1,'2024-05-31 04:44:53','2024-05-31 04:46:19'),(705,1,1915,70,35,1,'2024-05-31 04:44:53','2024-05-31 04:45:17'),(706,1,16,7,24,1,'2024-05-31 06:52:57','2024-05-31 06:56:22'),(707,1,79,7,43,0,'2024-05-31 06:52:57','2024-05-31 06:52:57'),(708,1,588,7,28,0,'2024-05-31 06:52:57','2024-05-31 06:52:57'),(709,1,1623,166,70,0,'2024-05-31 07:58:44','2024-05-31 07:58:44'),(710,1,1636,166,31,1,'2024-05-31 07:58:44','2024-05-31 08:00:01'),(711,1,2146,166,44,1,'2024-05-31 07:58:44','2024-05-31 08:00:19'),(712,1,2159,166,18,1,'2024-05-31 07:58:44','2024-05-31 07:59:11'),(713,1,658,54,30,0,'2024-05-31 12:13:16','2024-05-31 12:13:16'),(714,1,1775,54,79,0,'2024-05-31 12:13:16','2024-05-31 12:13:16'),(715,1,37,10,3,0,'2024-06-01 05:53:56','2024-06-01 05:53:56'),(716,1,65,10,39,0,'2024-06-01 05:53:56','2024-06-01 05:53:56'),(717,1,294,10,53,0,'2024-06-01 05:53:56','2024-06-01 05:53:56'),(718,1,336,10,36,0,'2024-06-01 05:53:56','2024-06-01 05:53:56'),(719,1,665,10,62,0,'2024-06-01 05:53:56','2024-06-01 05:53:56'),(720,1,693,10,73,0,'2024-06-01 05:53:56','2024-06-01 05:53:56'),(721,1,1002,10,19,1,'2024-06-01 05:53:56','2024-06-01 13:17:25'),(722,1,1083,10,49,0,'2024-06-01 05:53:56','2024-06-01 05:53:56'),(723,1,1084,10,44,0,'2024-06-01 05:53:56','2024-06-01 05:53:56'),(724,1,2091,223,1,1,'2024-06-01 06:43:49','2024-06-01 08:08:18'),(725,1,2118,223,70,1,'2024-06-01 06:43:49','2024-06-01 11:06:44'),(726,1,2139,223,77,1,'2024-06-01 06:43:49','2024-06-01 08:11:57'),(727,1,2153,223,63,1,'2024-06-01 06:43:49','2024-06-01 11:15:57'),(728,1,16,7,71,1,'2024-06-01 09:18:59','2024-06-01 09:19:28'),(729,1,79,7,2,0,'2024-06-01 09:18:59','2024-06-01 09:18:59'),(730,1,588,7,19,0,'2024-06-01 09:18:59','2024-06-01 09:18:59'),(731,1,37,10,61,0,'2024-06-02 05:51:44','2024-06-02 05:51:44'),(732,1,65,10,1,0,'2024-06-02 05:51:44','2024-06-02 05:51:44'),(733,1,294,10,76,0,'2024-06-02 05:51:44','2024-06-02 05:51:44'),(734,1,336,10,45,0,'2024-06-02 05:51:44','2024-06-02 05:51:44'),(735,1,665,10,20,0,'2024-06-02 05:51:44','2024-06-02 05:51:44'),(736,1,693,10,68,0,'2024-06-02 05:51:44','2024-06-02 05:51:44'),(737,1,1002,10,49,0,'2024-06-02 05:51:44','2024-06-02 05:51:44'),(738,1,1083,10,62,0,'2024-06-02 05:51:44','2024-06-02 05:51:44'),(739,1,1084,10,74,0,'2024-06-02 05:51:44','2024-06-02 05:51:44'),(740,1,1733,174,63,0,'2024-06-02 07:00:10','2024-06-02 07:00:10'),(741,1,1747,174,70,0,'2024-06-02 07:00:10','2024-06-02 07:00:10'),(742,1,2091,223,20,1,'2024-06-02 10:07:36','2024-06-02 10:18:03'),(743,1,2118,223,24,0,'2024-06-02 10:07:36','2024-06-02 10:07:36'),(744,1,2139,223,31,1,'2024-06-02 10:07:36','2024-06-02 10:16:57'),(745,1,2153,223,49,1,'2024-06-02 10:07:36','2024-06-02 10:17:25'),(746,1,889,70,68,0,'2024-06-02 10:33:36','2024-06-02 10:33:36'),(747,1,1915,70,77,0,'2024-06-02 10:33:36','2024-06-02 10:33:36'),(748,1,2178,231,76,0,'2024-06-02 12:45:52','2024-06-02 12:45:52'),(749,1,2091,223,23,1,'2024-06-03 00:50:02','2024-06-03 10:19:45'),(750,1,2118,223,47,1,'2024-06-03 00:50:02','2024-06-03 00:51:00'),(751,1,2139,223,40,1,'2024-06-03 00:50:02','2024-06-03 13:14:21'),(752,1,2153,223,24,0,'2024-06-03 00:50:02','2024-06-03 00:50:02'),(753,1,37,10,65,0,'2024-06-03 03:04:50','2024-06-03 03:04:50'),(754,1,65,10,1,0,'2024-06-03 03:04:50','2024-06-03 03:04:50'),(755,1,294,10,20,0,'2024-06-03 03:04:50','2024-06-03 03:04:50'),(756,1,336,10,21,0,'2024-06-03 03:04:50','2024-06-03 03:04:50'),(757,1,665,10,35,0,'2024-06-03 03:04:50','2024-06-03 03:04:50'),(758,1,693,10,28,0,'2024-06-03 03:04:50','2024-06-03 03:04:50'),(759,1,1002,10,5,0,'2024-06-03 03:04:50','2024-06-03 03:04:50'),(760,1,1083,10,39,0,'2024-06-03 03:04:50','2024-06-03 03:04:50'),(761,1,1084,10,79,0,'2024-06-03 03:04:50','2024-06-03 03:04:50'),(762,1,1922,197,5,1,'2024-06-03 07:38:24','2024-06-03 15:32:30'),(763,1,16,7,69,1,'2024-06-03 08:16:34','2024-06-03 11:38:58'),(764,1,79,7,3,0,'2024-06-03 08:16:34','2024-06-03 08:16:34'),(765,1,588,7,60,0,'2024-06-03 08:16:34','2024-06-03 08:16:34'),(766,1,889,70,4,0,'2024-06-03 13:39:05','2024-06-03 13:39:05'),(767,1,1915,70,17,0,'2024-06-03 13:39:05','2024-06-03 13:39:05'),(768,1,1623,166,52,0,'2024-06-03 13:58:46','2024-06-03 13:58:46'),(769,1,1636,166,1,0,'2024-06-03 13:58:46','2024-06-03 13:58:46'),(770,1,2146,166,77,0,'2024-06-03 13:58:46','2024-06-03 13:58:46'),(771,1,2159,166,27,0,'2024-06-03 13:58:46','2024-06-03 13:58:46'),(772,1,93,12,75,1,'2024-06-03 14:00:05','2024-06-03 14:00:33'),(773,1,100,12,21,1,'2024-06-03 14:00:05','2024-06-03 14:02:16'),(774,1,160,12,76,0,'2024-06-03 14:00:05','2024-06-03 14:00:05'),(775,1,168,12,16,1,'2024-06-03 14:00:05','2024-06-03 14:02:06'),(776,1,175,12,15,1,'2024-06-03 14:00:05','2024-06-03 14:00:48'),(777,1,182,12,17,1,'2024-06-03 14:00:05','2024-06-03 14:01:23'),(778,1,189,12,32,1,'2024-06-03 14:00:05','2024-06-03 14:01:51'),(779,1,602,12,31,1,'2024-06-03 14:00:05','2024-06-03 14:00:19'),(780,1,2227,197,71,0,'2024-06-03 15:44:06','2024-06-03 15:44:06'),(781,1,2091,223,19,0,'2024-06-04 00:05:12','2024-06-04 00:05:12'),(782,1,2118,223,63,0,'2024-06-04 00:05:12','2024-06-04 00:05:12'),(783,1,2139,223,75,1,'2024-06-04 00:05:12','2024-06-04 09:25:41'),(784,1,2153,223,31,1,'2024-06-04 00:05:12','2024-06-04 06:29:06'),(785,1,37,10,70,0,'2024-06-04 04:28:08','2024-06-04 04:28:08'),(786,1,65,10,19,0,'2024-06-04 04:28:08','2024-06-04 04:28:08'),(787,1,294,10,63,0,'2024-06-04 04:28:08','2024-06-04 04:28:08'),(788,1,336,10,2,0,'2024-06-04 04:28:08','2024-06-04 04:28:08'),(789,1,665,10,65,0,'2024-06-04 04:28:08','2024-06-04 04:28:08'),(790,1,693,10,6,0,'2024-06-04 04:28:08','2024-06-04 04:28:08'),(791,1,1002,10,48,0,'2024-06-04 04:28:08','2024-06-04 04:28:08'),(792,1,1083,10,56,0,'2024-06-04 04:28:08','2024-06-04 04:28:08'),(793,1,1084,10,79,0,'2024-06-04 04:28:08','2024-06-04 04:28:08'),(794,1,791,64,75,1,'2024-06-04 07:06:42','2024-06-04 07:08:05'),(795,1,924,64,51,1,'2024-06-04 07:06:42','2024-06-04 07:16:55'),(796,1,1050,64,21,1,'2024-06-04 07:06:42','2024-06-04 07:16:30'),(797,1,1056,64,6,1,'2024-06-04 07:06:42','2024-06-04 07:17:35'),(798,1,2091,223,43,0,'2024-06-05 04:10:30','2024-06-05 04:10:30'),(799,1,2118,223,66,0,'2024-06-05 04:10:30','2024-06-05 04:10:30'),(800,1,2139,223,23,0,'2024-06-05 04:10:30','2024-06-05 04:10:30'),(801,1,2153,223,68,0,'2024-06-05 04:10:30','2024-06-05 04:10:30'),(802,1,37,10,3,1,'2024-06-05 07:07:24','2024-06-05 09:43:30'),(803,1,65,10,19,0,'2024-06-05 07:07:24','2024-06-05 07:07:24'),(804,1,294,10,66,0,'2024-06-05 07:07:24','2024-06-05 07:07:24'),(805,1,336,10,36,0,'2024-06-05 07:07:24','2024-06-05 07:07:24'),(806,1,665,10,52,0,'2024-06-05 07:07:24','2024-06-05 07:07:24'),(807,1,693,10,57,0,'2024-06-05 07:07:24','2024-06-05 07:07:24'),(808,1,1002,10,38,0,'2024-06-05 07:07:24','2024-06-05 07:07:24'),(809,1,1083,10,16,0,'2024-06-05 07:07:24','2024-06-05 07:07:24'),(810,1,1084,10,27,0,'2024-06-05 07:07:24','2024-06-05 07:07:24'),(811,1,16,7,42,1,'2024-06-05 08:47:39','2024-06-05 08:48:50'),(812,1,79,7,22,1,'2024-06-05 08:47:39','2024-06-05 11:57:02'),(813,1,588,7,47,0,'2024-06-05 08:47:39','2024-06-05 08:47:39'),(814,1,791,64,15,1,'2024-06-05 13:31:28','2024-06-05 13:34:55'),(815,1,924,64,51,1,'2024-06-05 13:31:28','2024-06-05 13:34:14'),(816,1,1050,64,56,1,'2024-06-05 13:31:28','2024-06-05 13:33:46'),(817,1,1056,64,33,1,'2024-06-05 13:31:28','2024-06-05 13:33:10'),(818,1,791,64,67,1,'2024-06-06 04:41:20','2024-06-06 04:42:58'),(819,1,924,64,5,1,'2024-06-06 04:41:20','2024-06-06 04:42:00'),(820,1,1050,64,49,1,'2024-06-06 04:41:20','2024-06-06 04:42:36'),(821,1,1056,64,79,0,'2024-06-06 04:41:20','2024-06-06 04:41:20'),(822,1,2091,223,57,0,'2024-06-06 06:45:32','2024-06-06 06:45:32'),(823,1,2118,223,42,0,'2024-06-06 06:45:32','2024-06-06 06:45:32'),(824,1,2139,223,64,0,'2024-06-06 06:45:32','2024-06-06 06:45:32'),(825,1,2153,223,2,0,'2024-06-06 06:45:33','2024-06-06 06:45:33'),(826,1,37,10,79,1,'2024-06-06 07:21:12','2024-06-06 11:29:47'),(827,1,65,10,23,0,'2024-06-06 07:21:12','2024-06-06 07:21:12'),(828,1,294,10,65,0,'2024-06-06 07:21:12','2024-06-06 07:21:12'),(829,1,336,10,32,1,'2024-06-06 07:21:12','2024-06-06 11:26:34'),(830,1,665,10,53,0,'2024-06-06 07:21:12','2024-06-06 07:21:12'),(831,1,693,10,64,0,'2024-06-06 07:21:12','2024-06-06 07:21:12'),(832,1,1002,10,78,0,'2024-06-06 07:21:12','2024-06-06 07:21:12'),(833,1,1083,10,31,0,'2024-06-06 07:21:12','2024-06-06 07:21:12'),(834,1,1084,10,2,0,'2024-06-06 07:21:12','2024-06-06 07:21:12'),(835,1,16,7,75,0,'2024-06-06 11:25:08','2024-06-06 11:25:08'),(836,1,79,7,53,0,'2024-06-06 11:25:08','2024-06-06 11:25:08'),(837,1,588,7,38,0,'2024-06-06 11:25:08','2024-06-06 11:25:08'),(838,1,2178,231,49,0,'2024-06-06 13:03:24','2024-06-06 13:03:24'),(839,1,2103,225,79,0,'2024-06-06 13:32:49','2024-06-06 13:32:49'),(840,1,37,10,47,0,'2024-06-07 04:59:50','2024-06-07 04:59:50'),(841,1,65,10,22,0,'2024-06-07 04:59:50','2024-06-07 04:59:50'),(842,1,294,10,58,0,'2024-06-07 04:59:50','2024-06-07 04:59:50'),(843,1,336,10,21,0,'2024-06-07 04:59:50','2024-06-07 04:59:50'),(844,1,665,10,36,0,'2024-06-07 04:59:50','2024-06-07 04:59:50'),(845,1,693,10,79,0,'2024-06-07 04:59:50','2024-06-07 04:59:50'),(846,1,1002,10,28,0,'2024-06-07 04:59:50','2024-06-07 04:59:50'),(847,1,1083,10,38,0,'2024-06-07 04:59:50','2024-06-07 04:59:50'),(848,1,1084,10,50,0,'2024-06-07 04:59:50','2024-06-07 04:59:50'),(849,1,2091,223,50,1,'2024-06-07 06:56:25','2024-06-07 09:35:21'),(850,1,2118,223,41,1,'2024-06-07 06:56:25','2024-06-07 06:56:42'),(851,1,2139,223,53,1,'2024-06-07 06:56:25','2024-06-07 13:55:54'),(852,1,2153,223,68,1,'2024-06-07 06:56:25','2024-06-07 09:34:55'),(853,1,2178,231,32,0,'2024-06-07 07:23:08','2024-06-07 07:23:08'),(854,1,2091,223,60,0,'2024-06-08 01:57:11','2024-06-08 01:57:11'),(855,1,2118,223,63,1,'2024-06-08 01:57:11','2024-06-08 01:57:43'),(856,1,2139,223,28,0,'2024-06-08 01:57:11','2024-06-08 01:57:11'),(857,1,2153,223,68,1,'2024-06-08 01:57:11','2024-06-08 02:02:07'),(858,1,37,10,45,1,'2024-06-08 09:37:41','2024-06-08 10:36:28'),(859,1,65,10,15,1,'2024-06-08 09:37:41','2024-06-08 11:45:21'),(860,1,294,10,43,1,'2024-06-08 09:37:41','2024-06-08 11:45:36'),(861,1,336,10,47,1,'2024-06-08 09:37:41','2024-06-08 11:46:05'),(862,1,665,10,62,1,'2024-06-08 09:37:41','2024-06-08 11:46:24'),(863,1,693,10,28,1,'2024-06-08 09:37:41','2024-06-08 11:46:48'),(864,1,1002,10,3,1,'2024-06-08 09:37:41','2024-06-08 11:44:41'),(865,1,1083,10,21,0,'2024-06-08 09:37:41','2024-06-08 09:37:41'),(866,1,1084,10,75,0,'2024-06-08 09:37:41','2024-06-08 09:37:41'),(867,1,37,10,16,0,'2024-06-08 12:00:36','2024-06-08 12:00:36'),(868,1,65,10,6,0,'2024-06-08 12:00:36','2024-06-08 12:00:36'),(869,1,294,10,30,0,'2024-06-08 12:00:36','2024-06-08 12:00:36'),(870,1,336,10,18,0,'2024-06-08 12:00:36','2024-06-08 12:00:36'),(871,1,665,10,46,0,'2024-06-08 12:00:36','2024-06-08 12:00:36'),(872,1,693,10,57,0,'2024-06-08 12:00:36','2024-06-08 12:00:36'),(873,1,1002,10,31,0,'2024-06-08 12:00:36','2024-06-08 12:00:36'),(874,1,1083,10,23,0,'2024-06-08 12:00:36','2024-06-08 12:00:36'),(875,1,1084,10,69,0,'2024-06-08 12:00:36','2024-06-08 12:00:36'),(876,1,37,10,67,0,'2024-06-10 03:30:44','2024-06-10 03:30:44'),(877,1,65,10,34,0,'2024-06-10 03:30:44','2024-06-10 03:30:44'),(878,1,294,10,5,0,'2024-06-10 03:30:44','2024-06-10 03:30:44'),(879,1,336,10,24,0,'2024-06-10 03:30:44','2024-06-10 03:30:44'),(880,1,665,10,66,0,'2024-06-10 03:30:44','2024-06-10 03:30:44'),(881,1,693,10,72,0,'2024-06-10 03:30:44','2024-06-10 03:30:44'),(882,1,1002,10,65,0,'2024-06-10 03:30:44','2024-06-10 03:30:44'),(883,1,1083,10,60,0,'2024-06-10 03:30:44','2024-06-10 03:30:44'),(884,1,1084,10,18,0,'2024-06-10 03:30:44','2024-06-10 03:30:44'),(885,1,1,5,4,0,'2024-06-10 11:03:08','2024-06-10 11:03:08'),(886,1,455,5,43,0,'2024-06-10 11:03:08','2024-06-10 11:03:08'),(887,1,93,12,30,0,'2024-06-10 12:25:40','2024-06-10 12:25:40'),(888,1,100,12,34,0,'2024-06-10 12:25:40','2024-06-10 12:25:40'),(889,1,160,12,18,0,'2024-06-10 12:25:40','2024-06-10 12:25:40'),(890,1,168,12,31,0,'2024-06-10 12:25:40','2024-06-10 12:25:40'),(891,1,175,12,41,0,'2024-06-10 12:25:40','2024-06-10 12:25:40'),(892,1,182,12,49,0,'2024-06-10 12:25:40','2024-06-10 12:25:40'),(893,1,189,12,23,0,'2024-06-10 12:25:40','2024-06-10 12:25:40'),(894,1,602,12,1,0,'2024-06-10 12:25:40','2024-06-10 12:25:40');
/*!40000 ALTER TABLE `todayActiveTasks` ENABLE KEYS */;
UNLOCK TABLES;

--
-- Table structure for table `userChallenges`
--

DROP TABLE IF EXISTS `userChallenges`;
/*!40101 SET @saved_cs_client     = @@character_set_client */;
/*!50503 SET character_set_client = utf8mb4 */;
CREATE TABLE `userChallenges` (
  `id` int NOT NULL AUTO_INCREMENT,
  `challengeStatus` varchar(255) DEFAULT NULL,
  `isTeamChallenge` tinyint(1) DEFAULT NULL,
  `challengeDate` datetime DEFAULT NULL,
  `isShown` tinyint(1) DEFAULT '0',
  `createdAt` datetime NOT NULL,
  `updatedAt` datetime NOT NULL,
  `userId` int DEFAULT NULL,
  `teamId` int DEFAULT NULL,
  `challengeId` int DEFAULT NULL,
  `programId` int DEFAULT NULL,
  `teamRequestId` int DEFAULT NULL,
  PRIMARY KEY (`id`),
  KEY `userId` (`userId`),
  KEY `teamId` (`teamId`),
  KEY `challengeId` (`challengeId`),
  KEY `programId` (`programId`),
  KEY `teamRequestId` (`teamRequestId`),
  CONSTRAINT `userChallenges_ibfk_1` FOREIGN KEY (`userId`) REFERENCES `users` (`id`) ON DELETE SET NULL ON UPDATE CASCADE,
  CONSTRAINT `userChallenges_ibfk_2` FOREIGN KEY (`teamId`) REFERENCES `teams` (`id`) ON DELETE SET NULL ON UPDATE CASCADE,
  CONSTRAINT `userChallenges_ibfk_3` FOREIGN KEY (`challengeId`) REFERENCES `challenges` (`id`) ON DELETE SET NULL ON UPDATE CASCADE,
  CONSTRAINT `userChallenges_ibfk_4` FOREIGN KEY (`programId`) REFERENCES `programs` (`id`) ON DELETE SET NULL ON UPDATE CASCADE,
  CONSTRAINT `userChallenges_ibfk_5` FOREIGN KEY (`teamRequestId`) REFERENCES `teamRequests` (`id`) ON DELETE SET NULL ON UPDATE CASCADE
) ENGINE=InnoDB AUTO_INCREMENT=154 DEFAULT CHARSET=utf8mb4 COLLATE=utf8mb4_0900_ai_ci;
/*!40101 SET character_set_client = @saved_cs_client */;

--
-- Dumping data for table `userChallenges`
--

LOCK TABLES `userChallenges` WRITE;
/*!40000 ALTER TABLE `userChallenges` DISABLE KEYS */;
INSERT INTO `userChallenges` VALUES (1,'disqualified',0,'2024-04-24 12:45:37',1,'2024-04-24 12:45:37','2024-04-29 10:54:39',7,NULL,2,2,NULL),(2,'disqualified',0,'2024-04-25 13:57:42',0,'2024-04-25 13:57:42','2024-04-26 03:08:25',19,NULL,4,11,NULL),(3,'disqualified',0,'2024-04-25 16:37:54',0,'2024-04-25 16:37:54','2024-04-26 03:08:25',20,NULL,2,9,NULL),(4,'disqualified',0,'2024-04-25 16:57:29',0,'2024-04-25 16:57:29','2024-04-26 03:08:26',20,NULL,2,11,NULL),(5,'disqualified',0,'2024-04-26 05:05:38',1,'2024-04-26 05:05:38','2024-04-27 04:26:50',10,NULL,2,2,NULL),(6,'disqualified',0,'2024-04-26 09:38:46',1,'2024-04-26 09:38:46','2024-04-27 04:27:03',10,NULL,2,9,NULL),(7,'disqualified',0,'2024-04-26 09:38:55',1,'2024-04-26 09:38:55','2024-04-27 04:26:25',10,NULL,2,10,NULL),(8,'disqualified',0,'2024-04-26 11:38:32',1,'2024-04-26 11:38:32','2024-04-27 04:26:41',10,NULL,3,1,NULL),(9,'disqualified',0,'2024-04-26 12:41:21',0,'2024-04-26 12:41:21','2024-04-27 04:11:45',23,NULL,2,2,NULL),(10,'disqualified',0,'2024-04-27 05:01:52',1,'2024-04-27 05:01:52','2024-04-30 03:54:56',10,NULL,2,1,NULL),(11,'disqualified',0,'2024-04-28 10:51:58',0,'2024-04-28 10:51:58','2024-04-29 23:50:00',37,NULL,2,2,NULL),(12,'disqualified',0,'2024-04-28 11:07:25',0,'2024-04-28 11:07:25','2024-04-29 23:50:00',37,NULL,2,9,NULL),(13,'disqualified',0,'2024-04-29 10:13:40',1,'2024-04-29 10:13:40','2024-04-30 02:10:18',21,NULL,4,10,NULL),(14,'disqualified',0,'2024-04-30 04:23:55',0,'2024-04-30 04:23:55','2024-05-01 23:50:00',41,NULL,2,3,NULL),(15,'disqualified',0,'2024-04-30 07:13:23',0,'2024-04-30 07:13:23','2024-05-01 23:50:00',42,NULL,2,3,NULL),(16,'disqualified',0,'2024-04-30 12:18:36',1,'2024-04-30 12:18:36','2024-05-01 05:58:04',10,NULL,6,10,NULL),(17,'disqualified',1,'2024-05-01 09:30:00',0,'2024-05-01 09:30:00','2024-05-02 05:23:45',45,15,2,2,3),(18,'disqualified',1,'2024-05-01 09:30:01',1,'2024-05-01 09:30:01','2024-05-02 05:23:59',47,15,2,2,3),(19,'completed',0,'2024-05-01 18:25:52',1,'2024-05-01 18:25:52','2024-05-02 20:05:20',10,NULL,2,2,NULL),(20,'disqualified',0,'2024-05-01 18:26:09',1,'2024-05-01 18:26:09','2024-05-02 09:52:05',10,NULL,2,1,NULL),(21,'disqualified',0,'2024-05-02 08:41:15',1,'2024-05-02 08:41:15','2024-05-07 07:00:56',12,NULL,2,13,NULL),(22,'disqualified',0,'2024-05-02 13:04:34',1,'2024-05-02 13:04:34','2024-05-04 05:12:19',47,NULL,2,9,NULL),(23,'disqualified',0,'2024-05-02 18:33:45',0,'2024-05-02 18:33:45','2024-05-03 23:50:01',48,NULL,7,10,NULL),(24,'disqualified',0,'2024-05-02 18:34:23',0,'2024-05-02 18:34:23','2024-05-03 23:50:01',48,NULL,6,15,NULL),(25,'disqualified',0,'2024-05-03 08:57:58',1,'2024-05-03 08:57:58','2024-05-08 05:07:02',8,NULL,4,9,NULL),(26,'disqualified',0,'2024-05-03 17:51:30',1,'2024-05-03 17:51:30','2024-05-04 06:44:50',10,NULL,2,1,NULL),(27,'disqualified',0,'2024-05-03 17:53:33',1,'2024-05-03 17:53:33','2024-05-05 07:25:31',10,NULL,2,10,NULL),(28,'disqualified',0,'2024-05-04 05:12:32',1,'2024-05-04 05:12:32','2024-05-07 07:49:32',47,NULL,2,9,NULL),(29,'disqualified',0,'2024-05-04 11:27:47',1,'2024-05-04 11:27:47','2024-05-08 07:19:59',46,NULL,3,9,NULL),(30,'disqualified',0,'2024-05-05 14:26:44',1,'2024-05-05 14:26:44','2024-05-07 11:20:12',10,NULL,2,2,NULL),(31,'disqualified',0,'2024-05-05 14:27:34',1,'2024-05-05 14:27:34','2024-05-07 06:05:21',10,NULL,4,9,NULL),(32,'disqualified',0,'2024-05-05 14:27:40',1,'2024-05-05 14:27:40','2024-05-07 11:20:01',10,NULL,5,10,NULL),(33,'disqualified',0,'2024-05-05 14:27:45',1,'2024-05-05 14:27:45','2024-05-07 06:05:12',10,NULL,5,1,NULL),(34,'disqualified',0,'2024-05-06 08:09:07',1,'2024-05-06 08:09:07','2024-05-07 06:55:12',12,NULL,2,9,NULL),(35,'disqualified',0,'2024-05-06 08:10:10',1,'2024-05-06 08:10:10','2024-05-07 06:58:04',12,NULL,3,10,NULL),(36,'disqualified',0,'2024-05-06 08:11:10',1,'2024-05-06 08:11:10','2024-05-07 07:00:45',12,NULL,4,11,NULL),(37,'disqualified',0,'2024-05-06 09:03:17',1,'2024-05-06 09:03:17','2024-05-07 07:01:00',12,NULL,3,13,NULL),(38,'disqualified',1,'2024-05-07 04:00:00',1,'2024-05-07 04:00:00','2024-05-15 02:48:10',7,1,5,2,9),(39,'disqualified',1,'2024-05-07 04:00:00',1,'2024-05-07 04:00:00','2024-05-09 08:38:49',8,1,5,2,9),(40,'disqualified',0,'2024-05-07 06:03:10',1,'2024-05-07 06:03:10','2024-05-11 07:59:07',47,NULL,2,9,NULL),(41,'disqualified',0,'2024-05-07 07:02:06',1,'2024-05-07 07:02:06','2024-05-16 16:54:07',12,NULL,2,14,NULL),(42,'disqualified',0,'2024-05-07 07:04:17',1,'2024-05-07 07:04:17','2024-05-10 08:35:07',12,NULL,2,12,NULL),(43,'disqualified',0,'2024-05-07 09:56:21',1,'2024-05-07 09:56:21','2024-05-08 11:16:24',47,NULL,5,10,NULL),(44,'disqualified',0,'2024-05-07 10:59:36',0,'2024-05-07 10:59:36','2024-05-08 23:50:00',46,NULL,3,9,NULL),(45,'disqualified',0,'2024-05-07 13:24:21',1,'2024-05-07 13:24:21','2024-05-08 11:41:34',47,NULL,2,2,NULL),(46,'disqualified',0,'2024-05-07 13:31:07',1,'2024-05-07 13:31:07','2024-05-09 13:55:33',47,NULL,2,3,NULL),(47,'disqualified',0,'2024-05-08 07:31:15',0,'2024-05-08 07:31:15','2024-05-08 23:50:01',46,NULL,3,12,NULL),(48,'disqualified',0,'2024-05-08 07:31:50',0,'2024-05-08 07:31:50','2024-05-08 23:50:01',46,NULL,4,10,NULL),(49,'disqualified',0,'2024-05-08 09:51:06',1,'2024-05-08 09:51:06','2024-05-11 07:59:11',47,NULL,6,9,NULL),(50,'disqualified',0,'2024-05-08 11:54:15',1,'2024-05-08 11:54:15','2024-05-09 13:08:21',12,NULL,2,13,NULL),(51,'disqualified',0,'2024-05-08 11:55:31',1,'2024-05-08 11:55:31','2024-05-09 12:48:38',12,NULL,3,11,NULL),(52,'disqualified',0,'2024-05-08 13:14:10',0,'2024-05-08 13:14:10','2024-05-08 23:50:01',47,NULL,3,10,NULL),(53,'disqualified',0,'2024-05-08 15:29:44',1,'2024-05-08 15:29:44','2024-05-09 02:36:06',10,NULL,2,12,NULL),(54,'disqualified',0,'2024-05-08 15:29:53',1,'2024-05-08 15:29:53','2024-05-09 02:35:50',10,NULL,2,2,NULL),(55,'disqualified',0,'2024-05-08 16:58:10',1,'2024-05-08 16:58:10','2024-05-09 08:41:05',12,NULL,3,9,NULL),(56,'disqualified',0,'2024-05-08 16:58:35',1,'2024-05-08 16:58:35','2024-05-10 09:19:12',12,NULL,3,10,NULL),(57,'disqualified',0,'2024-05-08 17:47:31',1,'2024-05-08 17:47:31','2024-05-11 03:09:34',10,NULL,4,3,NULL),(58,'disqualified',0,'2024-05-08 18:12:42',1,'2024-05-08 18:12:42','2024-05-09 02:35:58',10,NULL,6,10,NULL),(59,'disqualified',0,'2024-05-08 19:17:33',1,'2024-05-08 19:17:33','2024-05-15 03:11:49',7,NULL,2,9,NULL),(60,'disqualified',0,'2024-05-09 13:03:16',1,'2024-05-09 13:03:16','2024-05-11 07:59:15',47,NULL,7,9,NULL),(61,'disqualified',0,'2024-05-09 14:28:51',0,'2024-05-09 14:28:51','2024-05-09 23:50:01',60,NULL,3,9,NULL),(62,'disqualified',0,'2024-05-09 14:29:53',1,'2024-05-09 14:29:53','2024-05-10 18:55:07',10,NULL,2,2,NULL),(63,'disqualified',0,'2024-05-09 14:30:07',1,'2024-05-09 14:30:07','2024-05-10 18:55:20',10,NULL,7,9,NULL),(64,'disqualified',0,'2024-05-09 15:10:12',0,'2024-05-09 15:10:12','2024-05-09 23:50:02',61,NULL,5,3,NULL),(65,'disqualified',0,'2024-05-09 15:11:39',0,'2024-05-09 15:11:39','2024-05-09 23:50:02',61,NULL,7,10,NULL),(66,'disqualified',0,'2024-05-09 18:47:12',1,'2024-05-09 18:47:12','2024-05-11 10:04:32',10,NULL,7,12,NULL),(67,'disqualified',0,'2024-05-10 08:24:41',0,'2024-05-10 08:24:41','2024-05-11 23:50:01',66,NULL,2,2,NULL),(68,'disqualified',0,'2024-05-10 08:25:01',0,'2024-05-10 08:25:01','2024-05-11 23:50:02',65,NULL,3,2,NULL),(69,'disqualified',0,'2024-05-10 08:35:18',1,'2024-05-10 08:35:18','2024-05-16 16:54:22',12,NULL,2,12,NULL),(70,'disqualified',0,'2024-05-10 08:42:10',0,'2024-05-10 08:42:10','2024-05-11 23:50:02',66,NULL,3,9,NULL),(71,'disqualified',0,'2024-05-10 09:27:29',1,'2024-05-10 09:27:29','2024-05-15 06:10:49',12,NULL,2,10,NULL),(72,'disqualified',0,'2024-05-10 17:52:48',1,'2024-05-10 17:52:48','2024-05-13 03:36:43',10,NULL,7,12,NULL),(73,'disqualified',0,'2024-05-10 18:20:10',1,'2024-05-10 18:20:10','2024-05-11 03:09:24',10,NULL,4,1,NULL),(74,'disqualified',0,'2024-05-11 07:10:07',0,'2024-05-11 07:10:07','2024-05-11 23:50:03',68,NULL,2,9,NULL),(75,'disqualified',0,'2024-05-11 07:59:47',0,'2024-05-11 07:59:47','2024-05-11 23:50:03',47,NULL,3,9,NULL),(76,'disqualified',0,'2024-05-11 08:54:12',0,'2024-05-11 08:54:12','2024-05-11 23:50:03',69,NULL,2,10,NULL),(77,'disqualified',0,'2024-05-11 14:31:55',1,'2024-05-11 14:31:55','2024-05-16 16:54:24',12,NULL,4,12,NULL),(78,'disqualified',1,'2024-05-12 09:00:00',0,'2024-05-12 09:00:00','2024-05-15 23:50:00',68,27,2,2,20),(79,'disqualified',1,'2024-05-12 09:00:00',0,'2024-05-12 09:00:00','2024-05-15 23:50:00',68,27,2,2,20),(80,'disqualified',1,'2024-05-12 09:00:01',0,'2024-05-12 09:00:01','2024-05-15 23:50:00',69,27,2,2,20),(81,'disqualified',1,'2024-05-12 09:00:02',0,'2024-05-12 09:00:02','2024-05-15 23:50:00',69,27,2,2,20),(82,'disqualified',1,'2024-05-12 09:30:00',0,'2024-05-12 09:30:00','2024-05-15 23:50:00',69,29,2,1,22),(83,'disqualified',1,'2024-05-12 09:30:00',0,'2024-05-12 09:30:00','2024-05-15 23:50:00',69,29,2,1,22),(84,'disqualified',1,'2024-05-12 09:30:00',0,'2024-05-12 09:30:00','2024-05-15 23:50:00',47,29,2,1,22),(85,'disqualified',1,'2024-05-12 09:30:01',0,'2024-05-12 09:30:01','2024-05-15 23:50:00',47,29,2,1,22),(86,'disqualified',0,'2024-05-13 08:23:05',0,'2024-05-13 08:23:05','2024-05-14 23:50:00',95,NULL,2,24,NULL),(87,'disqualified',0,'2024-05-13 09:45:51',0,'2024-05-13 09:45:51','2024-05-14 23:50:00',101,NULL,2,18,NULL),(88,'disqualified',0,'2024-05-13 12:07:25',0,'2024-05-13 12:07:25','2024-05-14 23:50:01',99,NULL,2,25,NULL),(89,'disqualified',0,'2024-05-13 12:44:28',1,'2024-05-13 12:44:28','2024-05-17 11:55:10',166,NULL,2,25,NULL),(90,'disqualified',0,'2024-05-13 13:33:30',0,'2024-05-13 13:33:30','2024-05-14 23:50:01',164,NULL,3,9,NULL),(91,'disqualified',0,'2024-05-14 05:45:30',1,'2024-05-14 05:45:30','2024-05-15 06:10:39',12,NULL,2,9,NULL),(92,'disqualified',0,'2024-05-14 05:46:05',1,'2024-05-14 05:46:05','2024-05-15 06:10:51',12,NULL,2,10,NULL),(93,'disqualified',0,'2024-05-14 05:47:08',1,'2024-05-14 05:47:08','2024-05-16 16:53:48',12,NULL,3,11,NULL),(94,'disqualified',0,'2024-05-14 06:11:25',0,'2024-05-14 06:11:25','2024-05-14 23:50:02',168,NULL,2,13,NULL),(95,'disqualified',0,'2024-05-14 11:28:09',0,'2024-05-14 11:28:09','2024-05-14 23:50:02',172,NULL,3,10,NULL),(96,'disqualified',0,'2024-05-14 12:01:49',0,'2024-05-14 12:01:49','2024-05-14 23:50:02',172,NULL,3,25,NULL),(97,'disqualified',0,'2024-05-14 12:26:21',0,'2024-05-14 12:26:21','2024-05-14 23:50:02',174,NULL,5,10,NULL),(98,'disqualified',0,'2024-05-14 12:43:54',0,'2024-05-14 12:43:54','2024-05-14 23:50:02',176,NULL,3,9,NULL),(99,'disqualified',0,'2024-05-14 15:17:38',0,'2024-05-14 15:17:38','2024-05-14 23:50:02',54,NULL,2,13,NULL),(100,'disqualified',0,'2024-05-15 06:10:28',1,'2024-05-15 06:10:28','2024-05-16 16:53:09',12,NULL,2,9,NULL),(101,'disqualified',0,'2024-05-15 06:11:00',1,'2024-05-15 06:11:00','2024-05-16 16:53:14',12,NULL,2,10,NULL),(102,'disqualified',0,'2024-05-16 16:41:54',1,'2024-05-16 16:41:54','2024-05-20 10:31:14',12,NULL,2,2,NULL),(103,'disqualified',0,'2024-05-16 16:41:59',1,'2024-05-16 16:41:59','2024-05-20 10:32:40',12,NULL,2,9,NULL),(104,'disqualified',0,'2024-05-16 16:42:04',1,'2024-05-16 16:42:04','2024-05-20 10:32:45',12,NULL,2,10,NULL),(105,'disqualified',0,'2024-05-16 16:42:11',1,'2024-05-16 16:42:11','2024-05-20 10:32:49',12,NULL,2,11,NULL),(106,'disqualified',0,'2024-05-16 16:42:16',1,'2024-05-16 16:42:16','2024-05-20 10:33:00',12,NULL,2,13,NULL),(107,'disqualified',0,'2024-05-16 16:42:22',1,'2024-05-16 16:42:22','2024-05-20 10:33:05',12,NULL,2,14,NULL),(108,'disqualified',0,'2024-05-16 16:42:29',1,'2024-05-16 16:42:29','2024-05-20 10:33:11',12,NULL,2,12,NULL),(109,'disqualified',0,'2024-05-17 11:55:18',1,'2024-05-17 11:55:18','2024-05-20 10:47:01',166,NULL,2,25,NULL),(110,'disqualified',0,'2024-05-17 13:08:09',1,'2024-05-17 13:08:09','2024-05-23 09:59:28',10,NULL,6,18,NULL),(111,'disqualified',0,'2024-05-17 16:13:20',1,'2024-05-17 16:13:20','2024-05-20 16:24:02',10,NULL,5,2,NULL),(112,'disqualified',0,'2024-05-20 10:30:34',1,'2024-05-20 10:30:34','2024-06-03 14:03:41',12,NULL,2,9,NULL),(113,'disqualified',0,'2024-05-20 10:30:39',1,'2024-05-20 10:30:39','2024-06-03 14:03:53',12,NULL,2,10,NULL),(114,'disqualified',0,'2024-05-20 10:30:45',0,'2024-05-20 10:30:45','2024-05-20 23:50:00',12,NULL,2,11,NULL),(115,'disqualified',0,'2024-05-20 10:30:50',0,'2024-05-20 10:30:50','2024-05-21 23:50:00',12,NULL,2,13,NULL),(116,'disqualified',0,'2024-05-20 10:30:55',0,'2024-05-20 10:30:55','2024-05-21 23:50:00',12,NULL,2,14,NULL),(117,'disqualified',0,'2024-05-20 10:31:01',0,'2024-05-20 10:31:01','2024-05-21 23:50:00',12,NULL,2,12,NULL),(118,'disqualified',0,'2024-05-20 10:47:07',1,'2024-05-20 10:47:07','2024-05-22 10:40:44',166,NULL,3,25,NULL),(119,'disqualified',0,'2024-05-20 10:47:17',1,'2024-05-20 10:47:17','2024-05-22 10:40:34',166,NULL,2,18,NULL),(120,'disqualified',0,'2024-05-21 09:05:11',1,'2024-05-21 09:05:11','2024-05-23 09:59:36',10,NULL,4,2,NULL),(121,'disqualified',0,'2024-05-22 10:40:41',1,'2024-05-22 10:40:41','2024-05-27 06:38:38',166,NULL,2,18,NULL),(122,'disqualified',0,'2024-05-22 10:40:48',1,'2024-05-22 10:40:48','2024-05-27 06:38:28',166,NULL,2,25,NULL),(123,'disqualified',0,'2024-05-22 10:43:08',1,'2024-05-22 10:43:08','2024-06-03 14:03:34',12,NULL,2,2,NULL),(124,'disqualified',0,'2024-05-22 10:43:36',1,'2024-05-22 10:43:36','2024-06-03 14:03:42',12,NULL,2,9,NULL),(125,'disqualified',0,'2024-05-22 10:43:41',1,'2024-05-22 10:43:41','2024-06-03 14:03:57',12,NULL,2,10,NULL),(126,'disqualified',0,'2024-05-22 10:43:45',0,'2024-05-22 10:43:45','2024-05-23 23:50:00',12,NULL,2,11,NULL),(127,'disqualified',0,'2024-05-22 10:43:50',0,'2024-05-22 10:43:50','2024-05-23 23:50:00',12,NULL,2,13,NULL),(128,'disqualified',0,'2024-05-22 10:43:54',0,'2024-05-22 10:43:54','2024-05-23 23:50:00',12,NULL,2,14,NULL),(129,'disqualified',0,'2024-05-22 10:43:59',0,'2024-05-22 10:43:59','2024-05-23 23:50:00',12,NULL,2,12,NULL),(130,'disqualified',0,'2024-05-23 13:37:52',1,'2024-05-23 13:37:52','2024-05-24 09:17:27',10,NULL,2,2,NULL),(131,'disqualified',0,'2024-05-26 06:21:09',0,'2024-05-26 06:21:09','2024-05-28 23:50:00',223,NULL,2,18,NULL),(132,'disqualified',0,'2024-05-27 06:38:34',1,'2024-05-27 06:38:34','2024-05-31 07:59:45',166,NULL,2,25,NULL),(133,'disqualified',0,'2024-05-27 06:38:43',1,'2024-05-27 06:38:43','2024-05-30 10:44:26',166,NULL,2,18,NULL),(134,'disqualified',1,'2024-05-28 07:00:00',0,'2024-05-28 07:00:00','2024-05-30 10:43:48',223,78,2,1,40),(135,'disqualified',1,'2024-05-28 07:00:00',1,'2024-05-28 07:00:00','2024-05-30 10:44:02',166,78,2,1,40),(136,'disqualified',0,'2024-05-29 12:54:12',0,'2024-05-29 12:54:12','2024-05-31 23:50:00',223,NULL,4,12,NULL),(137,'disqualified',0,'2024-05-30 09:13:05',0,'2024-05-30 09:13:05','2024-05-30 23:50:00',233,NULL,2,9,NULL),(138,'disqualified',0,'2024-05-30 09:15:15',0,'2024-05-30 09:15:15','2024-05-30 23:50:00',47,NULL,2,2,NULL),(139,'disqualified',0,'2024-05-30 10:44:30',0,'2024-05-30 10:44:30','2024-05-31 23:50:00',166,NULL,2,18,NULL),(140,'disqualified',0,'2024-05-31 07:59:51',0,'2024-05-31 07:59:51','2024-05-31 23:50:00',166,NULL,2,25,NULL),(141,'disqualified',1,'2024-05-31 11:00:00',0,'2024-05-31 11:00:00','2024-06-05 23:50:00',223,79,3,4,44),(142,'disqualified',1,'2024-05-31 11:00:00',0,'2024-05-31 11:00:00','2024-06-05 23:50:00',223,79,3,4,44),(143,'disqualified',1,'2024-05-31 11:00:01',0,'2024-05-31 11:00:01','2024-06-05 23:50:00',166,79,3,4,44),(144,'disqualified',1,'2024-05-31 11:00:01',0,'2024-05-31 11:00:01','2024-06-05 23:50:00',166,79,3,4,44),(145,'disqualified',0,'2024-05-31 12:15:26',0,'2024-05-31 12:15:26','2024-05-31 23:50:00',54,NULL,4,3,NULL),(146,'disqualified',0,'2024-06-03 14:02:55',0,'2024-06-03 14:02:55','2024-06-04 23:50:00',12,NULL,2,2,NULL),(147,'disqualified',0,'2024-06-03 14:03:00',0,'2024-06-03 14:03:00','2024-06-04 23:50:00',12,NULL,2,9,NULL),(148,'disqualified',0,'2024-06-03 14:03:05',0,'2024-06-03 14:03:05','2024-06-04 23:50:00',12,NULL,2,10,NULL),(149,'disqualified',0,'2024-06-03 14:03:11',0,'2024-06-03 14:03:11','2024-06-04 23:50:00',12,NULL,2,11,NULL),(150,'disqualified',0,'2024-06-03 14:03:17',0,'2024-06-03 14:03:17','2024-06-04 23:50:00',12,NULL,2,13,NULL),(151,'disqualified',0,'2024-06-03 14:03:22',0,'2024-06-03 14:03:22','2024-06-04 23:50:00',12,NULL,2,14,NULL),(152,'disqualified',0,'2024-06-03 14:03:27',0,'2024-06-03 14:03:27','2024-06-04 23:50:00',12,NULL,2,12,NULL),(153,'disqualified',0,'2024-06-05 14:16:20',1,'2024-06-05 14:16:20','2024-06-08 10:37:29',10,NULL,4,3,NULL);
/*!40000 ALTER TABLE `userChallenges` ENABLE KEYS */;
UNLOCK TABLES;

--
-- Table structure for table `userExperiences`
--

DROP TABLE IF EXISTS `userExperiences`;
/*!40101 SET @saved_cs_client     = @@character_set_client */;
/*!50503 SET character_set_client = utf8mb4 */;
CREATE TABLE `userExperiences` (
  `id` int NOT NULL AUTO_INCREMENT,
  `designation` varchar(255) NOT NULL,
  `startDate` datetime NOT NULL,
  `companyName` varchar(255) NOT NULL,
  `endDate` datetime DEFAULT NULL,
  `createdAt` datetime NOT NULL,
  `updatedAt` datetime NOT NULL,
  `userId` int DEFAULT NULL,
  PRIMARY KEY (`id`),
  KEY `userId` (`userId`),
  CONSTRAINT `userExperiences_ibfk_1` FOREIGN KEY (`userId`) REFERENCES `users` (`id`) ON DELETE SET NULL ON UPDATE CASCADE
) ENGINE=InnoDB AUTO_INCREMENT=79 DEFAULT CHARSET=utf8mb4 COLLATE=utf8mb4_0900_ai_ci;
/*!40101 SET character_set_client = @saved_cs_client */;

--
-- Dumping data for table `userExperiences`
--

LOCK TABLES `userExperiences` WRITE;
/*!40000 ALTER TABLE `userExperiences` DISABLE KEYS */;
INSERT INTO `userExperiences` VALUES (1,'Founder','2022-01-01 00:00:00','Spi edge',NULL,'2024-04-22 17:10:21','2024-04-22 17:10:21',4),(2,'Project Manager','2024-02-01 00:00:00','SPI Edge',NULL,'2024-04-23 18:58:21','2024-04-23 18:58:21',5),(3,'Project Manager','2022-04-01 00:00:00','SPI Edge',NULL,'2024-04-23 18:58:21','2024-04-23 18:58:21',6),(4,'Business owner','2019-05-09 00:00:00','SPI Edge',NULL,'2024-04-23 18:58:21','2024-04-23 18:58:21',7),(5,'Project Manager','2023-01-04 00:00:00','SPI Edge',NULL,'2024-04-23 18:58:21','2024-04-23 18:58:21',8),(6,'Product Manager','2019-11-11 00:00:00','SPI Edge',NULL,'2024-04-23 19:00:10','2024-04-23 19:00:10',9),(7,'Job Trainee','2024-01-01 00:00:00','SPI Edge',NULL,'2024-04-23 19:00:10','2024-04-23 19:00:10',10),(8,'Job Trainee','2024-01-01 00:00:00','SPI Edge',NULL,'2024-04-23 19:00:10','2024-04-23 19:00:10',11),(9,'Product Manager','2019-11-11 00:00:00','SPI Edge',NULL,'2024-04-24 07:59:38','2024-04-24 07:59:38',12),(10,'Job Trainee','2024-01-01 00:00:00','SPI Edge',NULL,'2024-04-24 10:54:57','2024-04-24 10:54:57',13),(11,'Project Manager','2019-06-03 00:00:00','SPI Edge',NULL,'2024-04-24 11:02:21','2024-04-24 11:02:21',14),(12,'Sales','2023-04-01 00:00:00','Aspire',NULL,'2024-04-25 05:58:34','2024-04-25 05:58:34',15),(13,'Sales','2023-04-01 00:00:00','Aspire',NULL,'2024-04-25 05:59:41','2024-04-25 05:59:41',16),(14,'Busines Owner','2023-04-01 00:00:00','SPI Edge',NULL,'2024-04-25 11:49:24','2024-04-25 11:49:24',17),(15,'Busines Owner','2023-04-01 00:00:00','SPI Edge',NULL,'2024-04-25 11:50:54','2024-04-25 11:50:54',18),(16,'Project Manager','2022-01-01 00:00:00','SPI Edge',NULL,'2024-04-25 13:04:50','2024-04-25 13:04:50',19),(17,'Project Manager','2022-01-01 00:00:00','SPI Edge',NULL,'2024-04-25 13:06:58','2024-04-25 13:06:58',20),(18,'Founder','2022-01-01 00:00:00','Infinite Engineers',NULL,'2024-04-26 02:04:12','2024-04-26 02:04:12',21),(19,'Consultant','2022-01-01 00:00:00','SPI Edge',NULL,'2024-04-26 02:06:33','2024-04-26 02:06:33',22),(20,'Project Manager','2022-01-01 00:00:00','SPI Edge',NULL,'2024-04-26 10:25:59','2024-04-26 10:25:59',23),(21,'Project Manager','2022-01-01 00:00:00','SPI Edge',NULL,'2024-04-26 10:26:00','2024-04-26 10:26:00',24),(22,'Project Manager','2022-01-01 00:00:00','SPI Edge',NULL,'2024-04-26 11:25:02','2024-04-26 11:25:02',25),(23,'Project Manager','2022-01-01 00:00:00','SPI Edge',NULL,'2024-04-27 04:35:50','2024-04-27 04:35:50',26),(24,'Founder','2022-01-01 00:00:00','HUL',NULL,'2024-04-27 06:31:33','2024-04-27 06:31:33',NULL),(25,'Founder','2022-01-01 00:00:00','HUL',NULL,'2024-04-27 06:33:15','2024-04-27 06:33:15',31),(26,'Founder','2022-01-01 00:00:00','HUL',NULL,'2024-04-27 06:35:07','2024-04-27 06:35:07',32),(27,'Founder','2022-01-01 00:00:00','HUL',NULL,'2024-04-27 06:35:58','2024-04-27 06:35:58',33),(28,'Founder','2022-01-01 00:00:00','HUL',NULL,'2024-04-27 06:37:11','2024-04-27 06:37:11',34),(29,'Founder','2022-01-01 00:00:00','HUL',NULL,'2024-04-27 09:16:14','2024-04-27 09:16:14',35),(30,'Founder','2022-01-01 00:00:00','HUL',NULL,'2024-04-27 09:22:07','2024-04-27 09:22:07',36),(31,'Project Manager','2022-01-01 00:00:00','Naturals',NULL,'2024-04-27 14:32:04','2024-04-27 14:32:04',37),(32,'Project Manager','2022-01-01 00:00:00','Aspire',NULL,'2024-04-29 07:15:08','2024-04-29 07:15:08',38),(33,'Project Manager','2022-01-01 00:00:00','Aspire',NULL,'2024-04-29 07:15:57','2024-04-29 07:15:57',39),(34,'Director','2022-01-01 00:00:00','SPI Edge',NULL,'2024-04-29 14:24:57','2024-04-29 14:24:57',40),(35,'Founder','2022-01-01 00:00:00','Infinitee Engineers',NULL,'2024-04-29 14:28:26','2024-04-29 14:28:26',41),(36,'Project Manager','2022-01-01 00:00:00','SPI Edge',NULL,'2024-04-29 14:29:19','2024-04-29 14:29:19',42),(37,'Product designer','2022-01-01 00:00:00','Big Basker',NULL,'2024-04-29 14:45:10','2024-04-29 14:45:10',43),(38,'Product designer','2022-01-01 00:00:00','Big Basker',NULL,'2024-04-29 14:46:01','2024-04-29 14:46:01',44),(39,'Project Manager','2022-01-01 00:00:00','SPI Edge',NULL,'2024-04-30 07:01:01','2024-04-30 07:01:01',45),(40,'Project Manager','2022-01-01 00:00:00','SPI Edge',NULL,'2024-04-30 07:01:27','2024-04-30 07:01:27',46),(41,'Project Manager','2022-01-01 00:00:00','SPI Edge',NULL,'2024-04-30 07:01:47','2024-04-30 07:01:47',47),(42,'Project Manager','2022-01-01 00:00:00','SPI Edge',NULL,'2024-05-01 13:49:54','2024-05-01 13:49:54',48),(43,'Project Associate','2022-01-01 00:00:00','SPI Edge',NULL,'2024-05-01 13:50:43','2024-05-01 13:50:43',49),(44,'Project Associate','2022-01-01 00:00:00','SPI Edge',NULL,'2024-05-01 13:51:31','2024-05-01 13:51:31',50),(45,'Founder','2022-01-01 00:00:00','SPI Edge',NULL,'2024-05-03 12:01:40','2024-05-03 12:01:40',51),(46,'Found','2022-01-01 00:00:00','SPI Edge',NULL,'2024-05-06 06:23:35','2024-05-06 06:23:35',52),(47,'Founder','2022-04-01 00:00:00','HUL',NULL,'2024-05-06 12:26:22','2024-05-06 12:26:22',53),(48,'Manager','2022-04-01 00:00:00','SPI Edge',NULL,'2024-05-06 12:56:22','2024-05-06 12:56:22',54),(49,'Senior Manager','2022-01-01 00:00:00','SPI Edge',NULL,'2024-05-08 06:44:55','2024-05-08 06:44:55',55),(50,'Founder','2022-01-01 00:00:00','EdEnEm',NULL,'2024-05-08 06:45:59','2024-05-08 06:45:59',56),(51,'Manager','2022-01-01 00:00:00','SPI Edge',NULL,'2024-05-08 09:23:34','2024-05-08 09:23:34',57),(52,'Founder','2022-01-01 00:00:00','Positive Integers',NULL,'2024-05-08 09:24:45','2024-05-08 09:24:45',58),(53,'Founder','2022-01-01 00:00:00','Aspire',NULL,'2024-05-09 07:21:56','2024-05-09 07:21:56',59),(54,'Project Associate','2022-01-01 00:00:00','Aspire',NULL,'2024-05-09 07:22:45','2024-05-09 07:22:45',60),(55,'Project Associate','2022-01-01 00:00:00','Aspire',NULL,'2024-05-09 12:39:44','2024-05-09 12:39:44',61),(56,'Founder','2022-01-01 00:00:00','Smitch',NULL,'2024-05-09 16:36:23','2024-05-09 16:36:23',62),(57,'Founder','2022-01-01 00:00:00','Aspire',NULL,'2024-05-09 16:38:27','2024-05-09 16:38:27',63),(58,'Founder','2022-01-01 00:00:00','Aspire',NULL,'2024-05-10 07:28:57','2024-05-10 07:28:57',64),(59,'Founder','2022-01-01 00:00:00','Aspire',NULL,'2024-05-10 07:29:19','2024-05-10 07:29:19',65),(60,'Founder','2022-01-01 00:00:00','Aspire',NULL,'2024-05-10 07:29:51','2024-05-10 07:29:51',66),(61,'Founder','2022-01-01 00:00:00','SPI',NULL,'2024-05-11 04:37:45','2024-05-11 04:37:45',67),(62,'Founder','2022-01-01 00:00:00','SPI',NULL,'2024-05-11 04:47:52','2024-05-11 04:47:52',68),(63,'Founder','2022-01-01 00:00:00','SPI',NULL,'2024-05-11 05:08:39','2024-05-11 05:08:39',69),(64,'Founder','2022-01-01 00:00:00','SPI',NULL,'2024-05-11 08:34:00','2024-05-11 08:34:00',70),(65,'Founder','2022-01-01 00:00:00','SPI',NULL,'2024-05-11 08:38:49','2024-05-11 08:38:49',71),(66,'Manager','2022-04-01 00:00:00','SPI Edge',NULL,'2024-05-11 13:20:50','2024-05-11 13:20:50',84),(67,'Manager','2022-04-01 00:00:00','SPI Edge',NULL,'2024-05-11 14:38:16','2024-05-11 14:38:16',86),(68,'Founder','2022-01-01 00:00:00','SPI',NULL,'2024-05-12 10:32:01','2024-05-12 10:32:01',87),(69,'Founder','2022-01-01 00:00:00','SPI',NULL,'2024-05-12 10:33:35','2024-05-12 10:33:35',88),(70,'Founder','2022-01-01 00:00:00','SPI',NULL,'2024-05-12 11:08:25','2024-05-12 11:08:25',89),(71,'Founder','2022-01-01 00:00:00','SPI',NULL,'2024-05-12 11:08:55','2024-05-12 11:08:55',90),(72,'Manager','2022-04-01 00:00:00','SPI Edge',NULL,'2024-05-13 08:24:57','2024-05-13 08:24:57',96),(73,'Manager','2022-04-01 00:00:00','SPI Edge',NULL,'2024-05-13 08:31:12','2024-05-13 08:31:12',97),(74,'Founder','2022-01-01 00:00:00','SPI',NULL,'2024-06-04 14:03:19','2024-06-04 14:03:19',237),(75,'Founder','2022-01-01 00:00:00','SPI',NULL,'2024-06-04 14:07:07','2024-06-04 14:07:07',238),(76,'Founder','2022-01-01 00:00:00','SPI',NULL,'2024-06-04 14:27:06','2024-06-04 14:27:06',239),(77,'Founder','2022-01-01 00:00:00','SPI',NULL,'2024-06-04 14:28:14','2024-06-04 14:28:14',240),(78,'Founder','2022-01-01 00:00:00','SPI',NULL,'2024-06-04 14:29:23','2024-06-04 14:29:23',241);
/*!40000 ALTER TABLE `userExperiences` ENABLE KEYS */;
UNLOCK TABLES;

--
-- Table structure for table `userPrograms`
--

DROP TABLE IF EXISTS `userPrograms`;
/*!40101 SET @saved_cs_client     = @@character_set_client */;
/*!50503 SET character_set_client = utf8mb4 */;
CREATE TABLE `userPrograms` (
  `id` int NOT NULL AUTO_INCREMENT,
  `isCompleted` tinyint(1) DEFAULT '0',
  `progressPercentage` int DEFAULT '0',
  `programEarnedPoints` int DEFAULT '0',
  `programEarnedCoins` int DEFAULT '0',
  `programLeaderboard` int DEFAULT '0',
  `userProgramPicture` varchar(255) DEFAULT NULL,
  `isJoined` tinyint(1) DEFAULT '0',
  `programTowerHeight` varchar(255) DEFAULT NULL,
  `isProgramQuestionAnswered` tinyint(1) DEFAULT '0',
  `createdAt` datetime NOT NULL,
  `updatedAt` datetime NOT NULL,
  `userId` int DEFAULT NULL,
  `programId` int DEFAULT NULL,
  `customerId` int DEFAULT NULL,
  PRIMARY KEY (`id`),
  KEY `userId` (`userId`),
  KEY `programId` (`programId`),
  KEY `customerId` (`customerId`),
  CONSTRAINT `userPrograms_ibfk_1` FOREIGN KEY (`userId`) REFERENCES `users` (`id`) ON DELETE SET NULL ON UPDATE CASCADE,
  CONSTRAINT `userPrograms_ibfk_2` FOREIGN KEY (`programId`) REFERENCES `programs` (`id`) ON DELETE SET NULL ON UPDATE CASCADE,
  CONSTRAINT `userPrograms_ibfk_3` FOREIGN KEY (`customerId`) REFERENCES `customers` (`id`) ON DELETE SET NULL ON UPDATE CASCADE
) ENGINE=InnoDB AUTO_INCREMENT=323 DEFAULT CHARSET=utf8mb4 COLLATE=utf8mb4_0900_ai_ci;
/*!40101 SET character_set_client = @saved_cs_client */;

--
-- Dumping data for table `userPrograms`
--

LOCK TABLES `userPrograms` WRITE;
/*!40000 ALTER TABLE `userPrograms` DISABLE KEYS */;
INSERT INTO `userPrograms` VALUES (1,0,0,0,0,6,'https://postactionsbucket.s3.ap-south-1.amazonaws.com/uploads/program-picture/1714393238186_Program_2.png',1,NULL,1,'2024-04-24 06:36:10','2024-06-08 10:36:28',5,2,1),(2,0,0,0,0,7,NULL,0,NULL,0,'2024-04-24 06:36:10','2024-06-08 10:36:28',6,2,1),(3,0,14,170,0,1,'https://postactionsbucket.s3.ap-south-1.amazonaws.com/uploads/program-picture/1713944643958_Program_2.png',1,NULL,1,'2024-04-24 06:36:10','2024-06-08 10:36:28',7,2,1),(4,0,14,80,0,3,'https://postactionsbucket.s3.ap-south-1.amazonaws.com/uploads/program-picture/1713943055384_Program_2.png',1,NULL,1,'2024-04-24 06:36:10','2024-06-08 10:36:28',8,2,1),(5,0,14,10,0,4,'https://postactionsbucket.s3.ap-south-1.amazonaws.com/uploads/program-picture/1713941101147_Program_2.png',1,NULL,1,'2024-04-24 06:36:10','2024-06-08 10:36:28',9,2,1),(6,0,14,150,0,2,'https://postactionsbucket.s3.ap-south-1.amazonaws.com/uploads/program-picture/1713943540509_Program_2.png',1,NULL,1,'2024-04-24 06:36:10','2024-06-08 10:36:28',10,2,1),(7,0,14,10,0,5,'https://postactionsbucket.s3.ap-south-1.amazonaws.com/uploads/program-picture/1713944327285_Program_2.png',1,NULL,1,'2024-04-24 06:36:10','2024-06-08 10:36:28',11,2,1),(8,0,14,0,15,0,NULL,1,NULL,0,'2024-04-24 07:05:07','2024-04-24 07:06:47',9,9,1),(10,0,14,0,225,0,NULL,1,NULL,1,'2024-04-24 07:26:01','2024-06-08 11:45:20',10,9,1),(11,0,14,0,0,0,NULL,1,NULL,1,'2024-04-24 07:51:23','2024-04-24 09:10:50',11,11,1),(12,0,14,0,60,0,NULL,1,NULL,0,'2024-04-24 07:57:20','2024-06-05 11:57:02',7,9,1),(13,0,0,0,0,2,NULL,0,NULL,0,'2024-04-24 08:00:00','2024-06-03 14:00:33',4,2,1),(14,0,14,140,0,1,'https://postactionsbucket.s3.ap-south-1.amazonaws.com/uploads/program-picture/1713947115850_Program_2.png',1,NULL,1,'2024-04-24 08:00:00','2024-06-03 14:00:33',12,2,1),(15,0,7,0,180,0,NULL,1,NULL,1,'2024-04-24 08:50:59','2024-06-03 14:02:16',12,9,1),(16,0,0,0,0,1,'https://postactionsbucket.s3.ap-south-1.amazonaws.com/uploads/program-picture/1713962046105_Program_2.png',1,NULL,1,'2024-04-24 11:04:17','2024-04-24 12:34:21',13,2,1),(17,0,14,10,0,2,'https://postactionsbucket.s3.ap-south-1.amazonaws.com/uploads/program-picture/1713958828560_Program_2.png',1,NULL,1,'2024-04-24 11:04:17','2024-04-24 11:42:37',14,2,1),(18,0,14,0,0,0,NULL,1,NULL,0,'2024-04-24 11:40:49','2024-04-24 11:42:21',14,10,1),(19,0,14,0,135,0,NULL,1,NULL,0,'2024-04-24 12:24:24','2024-05-11 04:29:46',8,9,1),(20,0,0,0,0,0,NULL,1,NULL,0,'2024-04-24 12:35:55','2024-04-24 12:35:55',13,10,1),(21,0,17,10,0,1,'https://postactionsbucket.s3.ap-south-1.amazonaws.com/uploads/program-picture/1714029626079_Program_5.png',1,NULL,1,'2024-04-25 05:59:17','2024-04-25 07:39:50',15,5,1),(22,0,0,0,0,2,'https://postactionsbucket.s3.ap-south-1.amazonaws.com/uploads/program-picture/1714052775737_imagefile.jpg',1,NULL,1,'2024-04-25 05:59:52','2024-04-25 13:47:50',16,5,1),(23,0,14,0,15,0,NULL,1,NULL,0,'2024-04-25 07:20:53','2024-04-25 07:40:05',15,9,1),(24,0,7,0,180,0,NULL,1,NULL,0,'2024-04-25 11:22:26','2024-06-03 14:02:16',12,9,1),(25,0,14,0,225,0,NULL,1,NULL,1,'2024-04-25 11:28:49','2024-06-03 14:02:06',12,10,1),(26,0,14,0,195,0,NULL,1,NULL,0,'2024-04-25 11:29:39','2024-06-03 14:00:48',12,11,1),(27,0,14,0,255,0,NULL,1,NULL,1,'2024-04-25 11:32:45','2024-06-03 14:01:23',12,13,1),(28,0,14,0,210,0,NULL,1,NULL,0,'2024-04-25 11:33:17','2024-06-03 14:01:51',12,14,1),(29,0,0,0,0,0,NULL,0,NULL,0,'2024-04-25 11:49:50','2024-04-25 11:49:50',17,2,1),(30,0,14,10,0,0,'https://postactionsbucket.s3.ap-south-1.amazonaws.com/uploads/program-picture/1714053552150_imagefile.jpg',1,NULL,1,'2024-04-25 11:51:02','2024-04-25 14:04:39',18,2,1),(31,0,14,10,0,1,'https://postactionsbucket.s3.ap-south-1.amazonaws.com/uploads/program-picture/1714052148433_Program_2.png',1,NULL,1,'2024-04-25 13:07:14','2024-04-25 16:10:27',19,2,1),(32,0,14,10,0,2,'https://postactionsbucket.s3.ap-south-1.amazonaws.com/uploads/program-picture/1714060894585_imagefile.jpg',1,NULL,1,'2024-04-25 13:07:14','2024-04-25 16:10:27',20,2,1),(33,0,14,0,15,0,NULL,1,NULL,1,'2024-04-25 13:40:39','2024-04-25 14:02:02',19,11,1),(34,0,0,0,0,0,NULL,1,NULL,0,'2024-04-25 13:48:25','2024-04-25 13:48:25',16,9,1),(35,0,14,0,30,0,NULL,1,NULL,0,'2024-04-25 14:00:44','2024-04-27 09:10:07',18,9,1),(36,0,0,0,0,0,NULL,0,NULL,0,'2024-04-25 14:18:14','2024-04-25 14:18:14',17,2,1),(37,0,0,0,0,0,NULL,0,NULL,0,'2024-04-25 14:18:14','2024-04-25 14:18:14',18,2,1),(38,0,14,0,15,0,NULL,1,NULL,0,'2024-04-25 16:04:23','2024-04-25 16:09:27',20,9,1),(39,0,14,0,15,0,NULL,1,NULL,0,'2024-04-25 16:13:09','2024-04-25 16:14:11',20,14,1),(40,0,14,0,15,0,NULL,1,NULL,0,'2024-04-25 16:15:48','2024-04-25 16:17:00',20,11,1),(41,0,14,0,15,0,NULL,1,NULL,0,'2024-04-25 16:30:56','2024-04-25 16:32:30',20,13,1),(42,0,0,0,0,0,NULL,1,NULL,0,'2024-04-25 16:44:53','2024-04-25 16:44:53',20,9,1),(43,0,14,0,225,0,NULL,1,NULL,1,'2024-04-25 20:01:40','2024-06-08 11:45:36',10,10,1),(45,0,0,0,0,2,NULL,0,NULL,0,'2024-04-26 02:07:10','2024-04-29 10:07:32',22,2,1),(46,0,14,10,0,1,'https://postactionsbucket.s3.ap-south-1.amazonaws.com/uploads/program-picture/1714134638112_Program_2.png',1,NULL,1,'2024-04-26 10:26:55','2024-04-28 10:46:56',23,2,1),(47,0,14,10,0,2,'https://postactionsbucket.s3.ap-south-1.amazonaws.com/uploads/program-picture/1714131110545_Program_2.png',1,NULL,1,'2024-04-26 10:26:55','2024-04-28 10:46:56',24,2,1),(48,0,0,0,0,3,NULL,0,NULL,0,'2024-04-26 11:26:03','2024-06-08 11:46:05',25,1,1),(49,0,14,170,0,1,'https://postactionsbucket.s3.ap-south-1.amazonaws.com/uploads/program-picture/1714131215901_Program_1.png',1,NULL,1,'2024-04-26 11:26:03','2024-06-08 11:46:05',10,1,1),(50,0,14,0,15,0,NULL,1,NULL,0,'2024-04-26 11:34:27','2024-04-26 11:36:59',24,11,1),(51,0,14,0,15,0,NULL,1,NULL,1,'2024-04-26 12:34:35','2024-04-26 12:52:21',23,9,1),(52,0,14,10,0,3,'https://postactionsbucket.s3.ap-south-1.amazonaws.com/uploads/program-picture/1714205248754_Program_2.png',1,NULL,1,'2024-04-27 06:26:11','2024-04-28 10:46:56',26,2,1),(53,0,14,0,15,0,NULL,1,NULL,0,'2024-04-27 08:08:48','2024-04-27 08:11:17',26,11,1),(54,0,14,20,0,1,'https://postactionsbucket.s3.ap-south-1.amazonaws.com/uploads/program-picture/1714209808332_Program_3.png',1,NULL,1,'2024-04-27 09:22:27','2024-04-27 09:26:07',35,3,1),(55,0,0,0,0,2,NULL,0,NULL,0,'2024-04-27 09:22:27','2024-04-27 09:26:07',36,3,1),(56,0,14,0,15,0,NULL,1,NULL,0,'2024-04-27 09:24:37','2024-04-27 09:27:00',35,11,1),(57,0,14,0,15,0,NULL,1,NULL,1,'2024-04-27 09:44:02','2024-04-27 09:45:54',35,10,1),(58,0,14,10,0,2,'https://postactionsbucket.s3.ap-south-1.amazonaws.com/uploads/program-picture/1714213059406_imagefile.jpg',1,NULL,1,'2024-04-27 10:06:19','2024-06-08 11:46:05',36,1,1),(59,0,14,0,15,0,NULL,1,NULL,0,'2024-04-27 10:26:15','2024-04-27 10:32:50',36,11,1),(60,0,14,10,0,4,'https://postactionsbucket.s3.ap-south-1.amazonaws.com/uploads/program-picture/1714300474991_imagefile.jpg',1,NULL,1,'2024-04-27 14:32:53','2024-04-28 10:46:56',37,2,1),(61,0,14,0,15,0,NULL,1,NULL,0,'2024-04-28 10:38:16','2024-04-28 10:46:09',37,9,1),(62,0,0,0,0,0,'https://postactionsbucket.s3.ap-south-1.amazonaws.com/uploads/program-picture/1714380201572_Program_3.png',1,NULL,1,'2024-04-29 07:16:19','2024-04-29 08:43:31',38,3,1),(63,0,0,0,0,0,'https://postactionsbucket.s3.ap-south-1.amazonaws.com/uploads/program-picture/1714394898099_Program_3.png',1,NULL,1,'2024-04-29 07:16:19','2024-04-29 12:54:32',39,3,1),(65,0,14,0,15,0,NULL,1,NULL,1,'2024-04-29 10:12:31','2024-04-30 02:12:52',21,10,1),(66,0,14,0,15,0,NULL,1,NULL,0,'2024-04-29 12:21:33','2024-04-30 10:21:47',5,11,1),(67,0,0,0,0,2,NULL,0,NULL,0,'2024-04-29 14:33:51','2024-04-30 07:05:32',37,3,1),(68,0,0,0,0,3,NULL,0,NULL,0,'2024-04-29 14:33:51','2024-04-30 07:05:32',40,3,1),(69,0,14,20,0,1,'https://postactionsbucket.s3.ap-south-1.amazonaws.com/uploads/program-picture/1714450816040_Program_3.png',1,NULL,1,'2024-04-29 14:33:51','2024-04-30 07:05:32',41,3,1),(70,0,14,20,0,4,'https://postactionsbucket.s3.ap-south-1.amazonaws.com/uploads/program-picture/1714460266319_Program_3.png',1,NULL,1,'2024-04-29 14:33:51','2024-04-30 07:05:32',42,3,1),(71,0,0,0,0,0,NULL,0,NULL,0,'2024-04-29 14:47:15','2024-04-29 14:47:15',43,2,1),(72,0,0,0,0,0,NULL,0,NULL,0,'2024-04-29 14:47:15','2024-04-29 14:47:15',44,2,1),(73,0,14,0,15,0,NULL,1,NULL,0,'2024-04-30 04:25:34','2024-04-30 04:28:51',41,10,1),(74,0,14,10,0,3,'https://postactionsbucket.s3.ap-south-1.amazonaws.com/uploads/program-picture/1714468557467_Program_2.png',1,NULL,1,'2024-04-30 07:02:14','2024-05-21 09:29:19',45,2,1),(75,0,14,30,0,2,'https://postactionsbucket.s3.ap-south-1.amazonaws.com/uploads/program-picture/1714468669236_imagefile.jpg',1,NULL,1,'2024-04-30 07:02:14','2024-05-21 09:29:19',46,2,1),(76,0,14,60,0,1,'https://postactionsbucket.s3.ap-south-1.amazonaws.com/uploads/program-picture/1714466819833_Program_2.png',1,NULL,1,'2024-04-30 07:02:14','2024-05-21 09:29:19',47,2,1),(77,0,14,0,15,0,NULL,1,NULL,0,'2024-04-30 07:02:25','2024-04-30 07:06:05',42,11,1),(78,0,14,0,75,0,NULL,1,NULL,0,'2024-04-30 08:54:28','2024-05-11 07:46:18',47,10,1),(79,0,14,0,15,0,NULL,1,NULL,1,'2024-04-30 09:19:54','2024-04-30 09:37:30',45,9,1),(80,0,14,0,30,0,NULL,1,NULL,0,'2024-04-30 09:21:22','2024-05-07 11:25:06',46,9,1),(81,0,14,10,0,1,'https://postactionsbucket.s3.ap-south-1.amazonaws.com/uploads/program-picture/1714671877945_imagefile.jpg',1,NULL,1,'2024-05-01 13:52:11','2024-05-06 09:50:18',48,15,1),(82,0,0,0,0,2,'https://postactionsbucket.s3.ap-south-1.amazonaws.com/uploads/program-picture/1714636255495_Program_15.png',1,NULL,1,'2024-05-01 13:52:11','2024-05-10 09:20:51',49,15,1),(83,0,14,10,0,3,'https://postactionsbucket.s3.ap-south-1.amazonaws.com/uploads/program-picture/1714670155857_imagefile.jpg',1,NULL,1,'2024-05-01 13:52:11','2024-05-06 09:50:18',50,15,1),(84,0,14,0,60,0,NULL,1,NULL,0,'2024-05-02 12:38:36','2024-05-11 07:45:40',47,9,1),(85,0,14,40,0,1,'https://postactionsbucket.s3.ap-south-1.amazonaws.com/uploads/program-picture/1714839273017_Program_17.png',1,NULL,1,'2024-05-02 14:01:56','2024-05-28 11:13:55',7,17,1),(86,0,0,0,0,2,NULL,0,NULL,0,'2024-05-02 14:01:56','2024-05-28 11:13:55',40,17,1),(87,0,14,0,195,0,NULL,1,NULL,0,'2024-05-02 14:06:11','2024-06-03 14:00:19',12,12,1),(88,0,14,0,15,0,NULL,1,NULL,0,'2024-05-02 17:35:44','2024-05-06 09:49:11',50,9,1),(89,0,14,0,30,0,NULL,1,NULL,0,'2024-05-02 17:59:36','2024-05-03 12:58:03',48,10,1),(90,0,14,60,0,1,'https://postactionsbucket.s3.ap-south-1.amazonaws.com/uploads/program-picture/1714997647067_imagefile.jpg',1,NULL,1,'2024-05-03 12:04:55','2024-05-11 07:45:22',47,3,1),(91,0,14,20,0,2,'https://postactionsbucket.s3.ap-south-1.amazonaws.com/uploads/program-picture/1714739640572_Program_3.png',1,NULL,1,'2024-05-03 12:04:56','2024-05-11 07:45:21',51,3,1),(92,0,14,0,15,0,NULL,1,NULL,0,'2024-05-03 12:38:37','2024-05-03 12:41:20',51,9,1),(93,0,0,0,0,1,NULL,0,NULL,0,'2024-05-06 12:28:18','2024-05-06 13:23:14',52,3,1),(94,0,14,20,0,2,'https://postactionsbucket.s3.ap-south-1.amazonaws.com/uploads/program-picture/1715001463567_Program_3.png',1,NULL,1,'2024-05-06 12:28:18','2024-05-06 13:23:14',53,3,1),(95,0,14,20,0,2,'https://postactionsbucket.s3.ap-south-1.amazonaws.com/uploads/program-picture/1715699487330_imagefile.jpg',1,NULL,1,'2024-05-06 12:57:05','2024-06-08 11:46:23',54,3,1),(96,0,14,240,0,1,'https://postactionsbucket.s3.ap-south-1.amazonaws.com/uploads/program-picture/1715000292114_Program_3.png',1,NULL,1,'2024-05-06 12:57:05','2024-06-08 11:46:24',10,3,1),(97,0,14,0,15,0,NULL,1,NULL,0,'2024-05-06 13:20:10','2024-05-06 13:24:04',53,9,1),(98,0,0,0,0,0,NULL,1,NULL,0,'2024-05-07 12:36:49','2024-05-07 12:36:49',46,10,1),(99,0,14,0,15,0,NULL,1,NULL,0,'2024-05-07 12:43:14','2024-05-08 07:22:39',46,12,1),(100,0,14,0,165,0,NULL,1,NULL,0,'2024-05-07 13:08:07','2024-06-08 11:46:47',10,12,1),(101,0,0,0,0,0,NULL,0,NULL,0,'2024-05-08 06:46:31','2024-05-08 06:46:31',55,2,1),(102,0,0,0,0,0,'https://postactionsbucket.s3.ap-south-1.amazonaws.com/uploads/program-picture/1715938128118_imagefile.jpg',1,NULL,1,'2024-05-08 06:46:31','2024-05-17 09:29:05',56,2,1),(103,0,14,10,0,1,'https://postactionsbucket.s3.ap-south-1.amazonaws.com/uploads/program-picture/1715269244991_Program_2.png',1,NULL,1,'2024-05-08 09:25:17','2024-05-09 15:44:31',57,2,1),(104,0,0,0,0,2,NULL,0,NULL,0,'2024-05-08 09:25:17','2024-05-09 15:44:31',58,2,1),(105,0,0,0,0,1,NULL,0,NULL,0,'2024-05-09 07:23:17','2024-05-09 14:03:50',59,2,1),(106,0,14,10,0,2,'https://postactionsbucket.s3.ap-south-1.amazonaws.com/uploads/program-picture/1715263150279_imagefile.jpg',1,NULL,1,'2024-05-09 07:23:17','2024-05-09 14:03:50',60,2,1),(107,0,14,0,15,0,NULL,1,NULL,0,'2024-05-09 14:24:59','2024-05-09 14:30:50',60,9,1),(108,0,0,0,0,1,NULL,0,NULL,0,'2024-05-09 14:36:16','2024-05-09 15:02:45',60,3,1),(109,0,14,20,0,2,'https://postactionsbucket.s3.ap-south-1.amazonaws.com/uploads/program-picture/1715266687986_Program_3.png',1,NULL,1,'2024-05-09 14:36:16','2024-05-09 15:02:45',61,3,1),(110,0,14,0,15,0,NULL,1,NULL,0,'2024-05-09 15:04:22','2024-05-09 15:06:00',61,10,1),(111,0,0,0,0,0,'https://postactionsbucket.s3.ap-south-1.amazonaws.com/uploads/program-picture/1715273551280_imagefile.jpg',1,NULL,1,'2024-05-09 16:38:53','2024-05-09 16:54:37',62,2,1),(112,0,0,0,0,0,NULL,0,NULL,0,'2024-05-09 16:38:53','2024-05-09 16:38:53',63,2,1),(113,0,0,0,0,0,NULL,1,NULL,1,'2024-05-09 16:57:25','2024-05-09 16:58:58',62,9,1),(114,0,14,50,0,1,'https://postactionsbucket.s3.ap-south-1.amazonaws.com/uploads/program-picture/1715423618505_Program_2.png',1,NULL,1,'2024-05-10 07:30:18','2024-06-06 04:42:58',64,2,1),(115,0,14,10,0,2,'https://postactionsbucket.s3.ap-south-1.amazonaws.com/uploads/program-picture/1715328149738_Program_2.png',1,NULL,1,'2024-05-10 07:30:18','2024-06-06 04:42:58',65,2,1),(116,0,14,10,0,3,'https://postactionsbucket.s3.ap-south-1.amazonaws.com/uploads/program-picture/1715328170184_imagefile.jpg',1,NULL,1,'2024-05-10 07:30:18','2024-06-06 04:42:58',66,2,1),(117,0,14,0,15,0,NULL,1,NULL,0,'2024-05-10 08:36:15','2024-05-10 08:39:06',66,9,1),(118,0,14,0,15,0,NULL,1,NULL,0,'2024-05-10 08:44:53','2024-05-10 08:51:02',65,9,1),(119,0,0,0,0,2,NULL,0,NULL,0,'2024-05-11 05:09:01','2024-05-11 08:30:38',67,2,1),(120,0,14,10,0,1,'https://postactionsbucket.s3.ap-south-1.amazonaws.com/uploads/program-picture/1715410571039_Program_2.png',1,NULL,1,'2024-05-11 05:09:01','2024-05-11 08:30:38',68,2,1),(121,0,14,10,0,3,'https://postactionsbucket.s3.ap-south-1.amazonaws.com/uploads/program-picture/1715416092459_imagefile.jpg',1,NULL,1,'2024-05-11 05:09:01','2024-05-11 08:30:38',69,2,1),(122,0,14,0,15,0,NULL,1,NULL,0,'2024-05-11 07:00:50','2024-05-11 07:02:35',68,10,1),(123,0,14,0,15,0,NULL,1,NULL,0,'2024-05-11 07:08:12','2024-05-11 07:15:16',68,9,1),(124,0,14,0,15,0,NULL,1,NULL,0,'2024-05-11 07:08:19','2024-05-11 07:15:16',68,9,1),(125,0,14,0,15,0,NULL,1,NULL,0,'2024-05-11 08:01:57','2024-05-11 08:05:02',47,11,1),(126,0,14,0,15,0,NULL,1,NULL,0,'2024-05-11 08:07:51','2024-05-11 08:08:51',47,12,1),(127,0,14,0,15,0,NULL,1,NULL,0,'2024-05-11 08:14:09','2024-05-11 08:14:31',47,13,1),(128,0,14,60,0,1,'https://postactionsbucket.s3.ap-south-1.amazonaws.com/uploads/program-picture/1715741850898_Program_2.png',1,NULL,1,'2024-05-11 08:40:09','2024-05-31 04:46:19',70,2,1),(129,0,0,0,0,2,NULL,0,NULL,0,'2024-05-11 08:40:09','2024-05-31 04:46:19',71,2,1),(130,0,0,0,0,0,NULL,1,NULL,0,'2024-05-11 08:49:42','2024-05-11 08:49:42',69,10,1),(131,0,0,0,0,0,'https://postactionsbucket.s3.ap-south-1.amazonaws.com/uploads/program-picture/1715418436669_imagefile.jpg',1,NULL,1,'2024-05-11 09:06:39','2024-05-11 09:07:50',69,1,1),(132,0,0,0,0,0,'https://postactionsbucket.s3.ap-south-1.amazonaws.com/uploads/program-picture/1715418436433_Program_1.png',1,NULL,1,'2024-05-11 09:06:39','2024-05-11 09:07:57',47,1,1),(133,0,14,0,90,0,NULL,1,NULL,0,'2024-05-11 10:38:10','2024-06-06 04:42:00',64,11,1),(134,0,0,0,0,0,NULL,0,NULL,0,'2024-05-11 12:52:28','2024-05-11 12:52:28',80,18,1),(135,0,0,0,0,0,NULL,0,NULL,0,'2024-05-11 12:52:28','2024-05-11 12:52:28',81,18,1),(136,0,0,0,0,0,'https://postactionsbucket.s3.ap-south-1.amazonaws.com/uploads/program-picture/1715432673711_Program_18.png',1,NULL,1,'2024-05-11 12:58:50','2024-05-11 13:04:43',82,18,1),(137,0,0,0,0,0,'https://postactionsbucket.s3.ap-south-1.amazonaws.com/uploads/program-picture/1715432421710_Program_18.png',1,NULL,1,'2024-05-11 12:58:50','2024-05-11 13:00:33',83,18,1),(138,0,14,10,0,2,'https://postactionsbucket.s3.ap-south-1.amazonaws.com/uploads/program-picture/1715437769593_Program_18.png',1,NULL,1,'2024-05-11 13:21:38','2024-05-11 14:30:07',84,18,1),(139,0,0,0,0,1,NULL,0,NULL,0,'2024-05-11 13:21:38','2024-05-11 14:30:07',79,18,1),(140,0,0,0,0,1,NULL,0,NULL,0,'2024-05-11 14:13:37','2024-05-11 14:17:59',68,18,1),(141,0,14,10,0,2,'https://postactionsbucket.s3.ap-south-1.amazonaws.com/uploads/program-picture/1715436970156_imagefile.jpg',1,NULL,1,'2024-05-11 14:13:37','2024-05-11 14:17:59',85,18,1),(142,0,14,0,15,0,NULL,1,NULL,0,'2024-05-11 14:19:08','2024-05-11 14:19:45',85,9,1),(143,0,0,0,0,3,'https://postactionsbucket.s3.ap-south-1.amazonaws.com/uploads/program-picture/1715438619985_Program_18.png',1,NULL,1,'2024-05-11 14:39:14','2024-06-08 11:44:40',86,18,1),(144,0,21,140,0,2,'https://postactionsbucket.s3.ap-south-1.amazonaws.com/uploads/program-picture/1715448193506_Program_18.png',1,NULL,1,'2024-05-11 14:39:14','2024-06-08 11:44:40',10,18,1),(145,0,0,0,0,0,NULL,0,NULL,0,'2024-05-12 10:34:03','2024-05-12 10:34:03',87,2,1),(146,0,0,0,0,0,NULL,0,NULL,0,'2024-05-12 10:34:03','2024-05-12 10:34:03',88,2,1),(147,0,0,0,0,0,NULL,0,NULL,0,'2024-05-12 11:09:12','2024-05-12 11:09:12',89,2,1),(148,0,0,0,0,0,NULL,0,NULL,0,'2024-05-12 11:09:12','2024-05-12 11:09:12',90,2,1),(149,0,0,0,0,0,NULL,0,NULL,0,'2024-05-13 05:28:21','2024-05-13 05:28:21',91,18,1),(150,0,0,0,0,0,NULL,0,NULL,0,'2024-05-13 05:28:21','2024-05-13 05:28:21',59,18,1),(151,0,17,0,80,0,NULL,1,NULL,0,'2024-05-13 06:51:16','2024-06-06 04:42:35',64,21,1),(152,0,17,0,60,0,NULL,1,NULL,0,'2024-05-13 06:57:06','2024-06-05 13:33:10',64,19,1),(153,0,0,0,0,0,NULL,0,NULL,0,'2024-05-13 06:58:55','2024-05-13 06:58:55',92,18,1),(154,0,0,0,0,0,'https://postactionsbucket.s3.ap-south-1.amazonaws.com/uploads/program-picture/1715583618301_Program_18.png',1,NULL,1,'2024-05-13 06:58:55','2024-05-13 07:00:29',93,18,1),(155,0,14,10,0,2,'https://postactionsbucket.s3.ap-south-1.amazonaws.com/uploads/program-picture/1715586012562_Program_18.png',1,NULL,1,'2024-05-13 07:38:17','2024-05-13 07:41:21',94,18,1),(156,0,21,140,0,2,NULL,0,NULL,0,'2024-05-13 07:38:17','2024-06-08 11:44:40',10,18,1),(157,0,14,10,0,2,'https://postactionsbucket.s3.ap-south-1.amazonaws.com/uploads/program-picture/1715587809663_Program_18.png',1,NULL,1,'2024-05-13 08:06:41','2024-05-13 08:12:27',95,18,1),(158,0,0,0,0,1,NULL,0,NULL,0,'2024-05-13 08:06:41','2024-05-13 08:12:27',19,18,1),(159,0,14,0,20,0,NULL,1,NULL,0,'2024-05-13 08:15:48','2024-05-13 08:19:45',95,24,1),(160,0,0,0,0,0,NULL,0,NULL,0,'2024-05-13 08:26:34','2024-05-13 08:26:34',95,17,1),(161,0,0,0,0,0,NULL,0,NULL,0,'2024-05-13 08:26:34','2024-05-13 08:26:34',96,17,1),(162,0,0,0,0,1,NULL,0,NULL,0,'2024-05-13 08:32:16','2024-05-13 08:34:20',96,18,1),(163,0,14,10,0,2,'https://postactionsbucket.s3.ap-south-1.amazonaws.com/uploads/program-picture/1715589232375_Program_18.png',1,NULL,1,'2024-05-13 08:32:16','2024-05-13 08:34:21',97,18,1),(164,0,14,10,0,1,'https://postactionsbucket.s3.ap-south-1.amazonaws.com/uploads/program-picture/1715591498565_Program_18.png',1,NULL,1,'2024-05-13 09:10:17','2024-05-13 09:12:04',99,18,1),(165,0,0,0,0,2,NULL,0,NULL,0,'2024-05-13 09:10:17','2024-05-13 09:12:04',100,18,1),(166,0,14,0,20,0,NULL,1,NULL,0,'2024-05-13 09:12:33','2024-05-13 09:19:29',99,25,1),(167,0,14,10,0,1,'https://postactionsbucket.s3.ap-south-1.amazonaws.com/uploads/program-picture/1715593275818_Program_18.png',1,NULL,1,'2024-05-13 09:39:40','2024-05-13 09:42:29',101,18,1),(168,0,0,0,0,2,NULL,0,NULL,0,'2024-05-13 09:39:40','2024-05-13 09:42:29',102,18,1),(169,0,14,0,15,0,NULL,1,NULL,0,'2024-05-13 09:46:01','2024-05-13 09:46:16',101,10,1),(170,0,0,0,0,0,NULL,0,NULL,0,'2024-05-13 10:24:38','2024-05-13 10:24:38',103,18,1),(171,0,0,0,0,0,NULL,0,NULL,0,'2024-05-13 10:24:38','2024-05-13 10:24:38',104,18,1),(172,0,0,0,0,0,NULL,0,NULL,0,'2024-05-13 10:24:38','2024-05-13 10:24:38',105,18,1),(173,0,0,0,0,0,NULL,0,NULL,0,'2024-05-13 10:24:38','2024-05-13 10:24:38',106,18,1),(174,0,0,0,0,0,NULL,0,NULL,0,'2024-05-13 10:24:38','2024-05-13 10:24:38',107,18,1),(175,0,0,0,0,0,NULL,0,NULL,0,'2024-05-13 10:24:38','2024-05-13 10:24:38',108,18,1),(176,0,0,0,0,0,NULL,0,NULL,0,'2024-05-13 10:24:38','2024-05-13 10:24:38',109,18,1),(177,0,0,0,0,0,NULL,0,NULL,0,'2024-05-13 10:24:38','2024-05-13 10:24:38',110,18,1),(178,0,0,0,0,0,NULL,0,NULL,0,'2024-05-13 10:24:38','2024-05-13 10:24:38',111,18,1),(179,0,0,0,0,0,NULL,0,NULL,0,'2024-05-13 10:24:38','2024-05-13 10:24:38',112,18,1),(180,0,0,0,0,0,NULL,0,NULL,0,'2024-05-13 10:24:38','2024-05-13 10:24:38',113,18,1),(181,0,0,0,0,0,NULL,0,NULL,0,'2024-05-13 10:24:38','2024-05-13 10:24:38',114,18,1),(182,0,0,0,0,0,NULL,0,NULL,0,'2024-05-13 10:24:38','2024-05-13 10:24:38',115,18,1),(183,0,0,0,0,0,NULL,0,NULL,0,'2024-05-13 10:24:38','2024-05-13 10:24:38',116,18,1),(184,0,0,0,0,0,NULL,0,NULL,0,'2024-05-13 10:24:38','2024-05-13 10:24:38',117,18,1),(185,0,0,0,0,0,NULL,0,NULL,0,'2024-05-13 10:24:38','2024-05-13 10:24:38',118,18,1),(186,0,0,0,0,0,NULL,0,NULL,0,'2024-05-13 10:24:38','2024-05-13 10:24:38',119,18,1),(187,0,0,0,0,0,NULL,0,NULL,0,'2024-05-13 10:24:38','2024-05-13 10:24:38',120,18,1),(188,0,0,0,0,0,NULL,0,NULL,0,'2024-05-13 10:24:38','2024-05-13 10:24:38',121,18,1),(189,0,0,0,0,0,NULL,0,NULL,0,'2024-05-13 10:24:38','2024-05-13 10:24:38',122,18,1),(190,0,0,0,0,0,NULL,0,NULL,0,'2024-05-13 10:24:38','2024-05-13 10:24:38',123,18,1),(191,0,0,0,0,0,NULL,0,NULL,0,'2024-05-13 10:24:38','2024-05-13 10:24:38',124,18,1),(192,0,0,0,0,0,NULL,0,NULL,0,'2024-05-13 10:24:38','2024-05-13 10:24:38',125,18,1),(193,0,0,0,0,0,NULL,0,NULL,0,'2024-05-13 10:24:38','2024-05-13 10:24:38',126,18,1),(194,0,0,0,0,0,NULL,0,NULL,0,'2024-05-13 10:24:38','2024-05-13 10:24:38',127,18,1),(195,0,0,0,0,0,NULL,0,NULL,0,'2024-05-13 10:24:38','2024-05-13 10:24:38',128,18,1),(196,0,0,0,0,0,NULL,0,NULL,0,'2024-05-13 10:24:38','2024-05-13 10:24:38',129,18,1),(197,0,0,0,0,0,NULL,0,NULL,0,'2024-05-13 10:24:38','2024-05-13 10:24:38',130,18,1),(198,0,0,0,0,0,NULL,0,NULL,0,'2024-05-13 10:24:38','2024-05-13 10:24:38',131,18,1),(199,0,0,0,0,0,NULL,0,NULL,0,'2024-05-13 10:24:38','2024-05-13 10:24:38',132,18,1),(200,0,0,0,0,0,NULL,0,NULL,0,'2024-05-13 10:24:38','2024-05-13 10:24:38',133,18,1),(201,0,0,0,0,0,NULL,0,NULL,0,'2024-05-13 10:24:38','2024-05-13 10:24:38',134,18,1),(202,0,0,0,0,0,NULL,0,NULL,0,'2024-05-13 10:24:38','2024-05-13 10:24:38',135,18,1),(203,0,0,0,0,0,NULL,0,NULL,0,'2024-05-13 10:24:38','2024-05-13 10:24:38',136,18,1),(204,0,0,0,0,0,NULL,0,NULL,0,'2024-05-13 10:24:38','2024-05-13 10:24:38',137,18,1),(205,0,0,0,0,0,NULL,0,NULL,0,'2024-05-13 10:24:38','2024-05-13 10:24:38',138,18,1),(206,0,0,0,0,0,NULL,0,NULL,0,'2024-05-13 10:24:38','2024-05-13 10:24:38',139,18,1),(207,0,0,0,0,0,NULL,0,NULL,0,'2024-05-13 10:24:38','2024-05-13 10:24:38',140,18,1),(208,0,0,0,0,0,NULL,0,NULL,0,'2024-05-13 10:24:38','2024-05-13 10:24:38',141,18,1),(209,0,0,0,0,0,NULL,0,NULL,0,'2024-05-13 10:24:38','2024-05-13 10:24:38',142,18,1),(210,0,0,0,0,0,NULL,0,NULL,0,'2024-05-13 10:24:38','2024-05-13 10:24:38',143,18,1),(211,0,0,0,0,0,NULL,0,NULL,0,'2024-05-13 10:24:38','2024-05-13 10:24:38',144,18,1),(212,0,0,0,0,0,NULL,0,NULL,0,'2024-05-13 10:24:38','2024-05-13 10:24:38',145,18,1),(213,0,0,0,0,0,NULL,0,NULL,0,'2024-05-13 10:24:38','2024-05-13 10:24:38',146,18,1),(214,0,0,0,0,0,NULL,0,NULL,0,'2024-05-13 10:24:38','2024-05-13 10:24:38',147,18,1),(215,0,0,0,0,0,NULL,0,NULL,0,'2024-05-13 10:24:38','2024-05-13 10:24:38',148,18,1),(216,0,0,0,0,0,NULL,0,NULL,0,'2024-05-13 10:24:38','2024-05-13 10:24:38',149,18,1),(217,0,0,0,0,0,NULL,0,NULL,0,'2024-05-13 10:24:38','2024-05-13 10:24:38',150,18,1),(218,0,0,0,0,0,NULL,0,NULL,0,'2024-05-13 10:24:38','2024-05-13 10:24:38',151,18,1),(219,0,0,0,0,0,NULL,0,NULL,0,'2024-05-13 10:24:38','2024-05-13 10:24:38',152,18,1),(220,0,0,0,0,0,NULL,0,NULL,0,'2024-05-13 10:24:38','2024-05-13 10:24:38',153,18,1),(221,0,0,0,0,0,NULL,0,NULL,0,'2024-05-13 10:24:38','2024-05-13 10:24:38',154,18,1),(222,0,0,0,0,0,NULL,0,NULL,0,'2024-05-13 10:24:38','2024-05-13 10:24:38',155,18,1),(223,0,0,0,0,0,NULL,0,NULL,0,'2024-05-13 10:24:38','2024-05-13 10:24:38',156,18,1),(224,0,0,0,0,0,'https://postactionsbucket.s3.ap-south-1.amazonaws.com/uploads/program-picture/1715936884333_imagefile.jpg',1,NULL,1,'2024-05-13 10:24:38','2024-05-17 09:08:17',157,18,1),(225,0,0,0,0,0,NULL,0,NULL,0,'2024-05-13 10:24:38','2024-05-13 10:24:38',158,18,1),(226,0,0,0,0,0,NULL,0,NULL,0,'2024-05-13 10:24:38','2024-05-13 10:24:38',159,18,1),(227,0,0,0,0,0,NULL,0,NULL,0,'2024-05-13 10:24:38','2024-05-13 10:24:38',160,18,1),(228,0,0,0,0,0,NULL,0,NULL,0,'2024-05-13 10:24:38','2024-05-13 10:24:38',161,18,1),(229,0,0,0,0,0,NULL,0,NULL,0,'2024-05-13 10:24:38','2024-05-13 10:24:38',162,18,1),(230,0,0,0,0,0,NULL,0,NULL,0,'2024-05-13 10:24:38','2024-05-13 10:24:38',163,18,1),(231,0,14,10,0,1,'https://postactionsbucket.s3.ap-south-1.amazonaws.com/uploads/program-picture/1715607021525_Program_18.png',1,NULL,1,'2024-05-13 12:09:03','2024-05-13 13:31:09',164,18,1),(232,0,0,0,0,2,NULL,0,NULL,0,'2024-05-13 12:09:03','2024-05-13 13:31:09',165,18,1),(233,0,29,60,0,1,'https://postactionsbucket.s3.ap-south-1.amazonaws.com/uploads/program-picture/1715603788279_imagefile.jpg',1,NULL,1,'2024-05-13 12:32:37','2024-05-30 10:44:43',166,18,1),(234,0,0,0,0,2,NULL,0,NULL,0,'2024-05-13 12:32:37','2024-05-30 10:44:43',167,18,1),(235,0,14,0,140,0,NULL,1,NULL,0,'2024-05-13 12:40:26','2024-05-31 08:00:01',166,25,1),(236,0,14,0,15,0,NULL,1,NULL,0,'2024-05-13 13:32:59','2024-05-13 13:44:30',164,9,1),(237,0,14,0,15,0,NULL,1,NULL,0,'2024-05-13 13:47:00','2024-05-13 13:50:26',164,10,1),(238,0,14,0,15,0,NULL,1,NULL,0,'2024-05-13 13:47:13','2024-05-13 13:50:49',164,11,1),(239,0,14,10,0,1,'https://postactionsbucket.s3.ap-south-1.amazonaws.com/uploads/program-picture/1715664859592_imagefile.jpg',1,NULL,1,'2024-05-14 05:26:22','2024-05-14 05:37:12',168,18,1),(240,0,0,0,0,2,NULL,0,NULL,0,'2024-05-14 05:26:22','2024-05-14 05:37:12',169,18,1),(241,0,14,0,15,0,NULL,1,NULL,0,'2024-05-14 05:35:24','2024-05-14 05:36:01',168,13,1),(242,0,0,0,0,0,NULL,0,NULL,0,'2024-05-14 10:36:45','2024-05-14 10:36:45',170,18,1),(243,0,0,0,0,0,NULL,0,NULL,0,'2024-05-14 10:36:45','2024-05-14 10:36:45',171,18,1),(244,0,14,10,0,1,'https://postactionsbucket.s3.ap-south-1.amazonaws.com/uploads/program-picture/1715685874178_imagefile.jpg',1,NULL,1,'2024-05-14 11:21:26','2024-05-14 11:26:25',172,18,1),(245,0,0,0,0,2,NULL,0,NULL,0,'2024-05-14 11:21:26','2024-05-14 11:26:25',173,18,1),(246,0,14,0,15,0,NULL,1,NULL,0,'2024-05-14 11:26:47','2024-05-14 11:37:23',172,10,1),(247,0,14,0,20,0,NULL,1,NULL,0,'2024-05-14 11:40:55','2024-05-14 11:41:46',172,25,1),(248,0,17,0,20,0,NULL,1,NULL,0,'2024-05-14 11:41:05','2024-05-14 11:41:59',172,19,1),(249,0,14,10,0,1,'https://postactionsbucket.s3.ap-south-1.amazonaws.com/uploads/program-picture/1715689425591_imagefile.jpg',1,NULL,1,'2024-05-14 12:19:42','2024-05-14 12:24:32',174,18,1),(250,0,0,0,0,2,NULL,0,NULL,0,'2024-05-14 12:19:42','2024-05-14 12:24:32',175,18,1),(251,0,14,0,15,0,NULL,1,NULL,0,'2024-05-14 12:24:24','2024-05-14 12:24:40',174,10,1),(252,0,14,10,0,1,'https://postactionsbucket.s3.ap-south-1.amazonaws.com/uploads/program-picture/1715690452478_Program_18.png',1,NULL,1,'2024-05-14 12:36:22','2024-05-14 12:42:09',176,18,1),(253,0,0,0,0,2,NULL,0,NULL,0,'2024-05-14 12:36:22','2024-05-14 12:42:09',177,18,1),(254,0,14,0,15,0,NULL,1,NULL,0,'2024-05-14 12:42:40','2024-05-14 12:45:05',176,9,1),(255,0,14,0,15,0,NULL,1,NULL,0,'2024-05-14 15:16:07','2024-05-14 15:17:18',54,13,1),(256,0,14,10,0,1,'https://postactionsbucket.s3.ap-south-1.amazonaws.com/uploads/program-picture/1715746766095_Program_18.png',1,NULL,1,'2024-05-15 04:17:05','2024-05-15 07:09:10',178,18,1),(257,0,0,0,0,2,NULL,0,NULL,0,'2024-05-15 04:17:05','2024-05-15 07:09:10',179,18,1),(258,0,0,0,0,0,NULL,0,NULL,0,'2024-05-16 09:52:56','2024-05-16 09:52:56',180,18,1),(259,0,0,0,0,0,NULL,0,NULL,0,'2024-05-16 09:52:56','2024-05-16 09:52:56',181,18,1),(260,0,0,0,0,0,NULL,0,NULL,0,'2024-05-16 09:52:56','2024-05-16 09:52:56',182,18,1),(261,0,0,0,0,0,NULL,0,NULL,0,'2024-05-16 09:52:56','2024-05-16 09:52:56',183,18,1),(262,0,0,0,0,0,NULL,0,NULL,0,'2024-05-16 09:52:56','2024-05-16 09:52:56',184,18,1),(263,0,0,0,0,0,NULL,0,NULL,0,'2024-05-16 09:52:56','2024-05-16 09:52:56',185,18,1),(264,0,0,0,0,0,NULL,0,NULL,0,'2024-05-16 09:52:56','2024-05-16 09:52:56',186,18,1),(265,0,0,0,0,0,NULL,0,NULL,0,'2024-05-16 09:52:56','2024-05-16 09:52:56',187,18,1),(266,0,0,0,0,0,NULL,0,NULL,0,'2024-05-16 09:52:56','2024-05-16 09:52:56',188,18,1),(267,0,0,0,0,0,NULL,0,NULL,0,'2024-05-16 09:52:56','2024-05-16 09:52:56',189,18,1),(268,0,0,0,0,0,NULL,0,NULL,0,'2024-05-16 09:52:56','2024-05-16 09:52:56',190,18,1),(269,0,0,0,0,0,NULL,0,NULL,0,'2024-05-16 09:52:56','2024-05-16 09:52:56',191,18,1),(270,0,0,0,0,0,NULL,0,NULL,0,'2024-05-16 09:52:56','2024-05-16 09:52:56',192,18,1),(271,0,0,0,0,0,NULL,0,NULL,0,'2024-05-16 09:52:57','2024-05-16 09:52:57',193,18,1),(272,0,0,0,0,0,NULL,0,NULL,0,'2024-05-16 09:52:57','2024-05-16 09:52:57',194,18,1),(273,0,0,0,0,0,NULL,0,NULL,0,'2024-05-16 09:52:57','2024-05-16 09:52:57',195,18,1),(274,0,0,0,0,0,NULL,0,NULL,0,'2024-05-16 09:52:57','2024-05-16 09:52:57',196,18,1),(275,0,14,0,30,0,NULL,1,NULL,0,'2024-05-17 04:06:39','2024-05-31 04:45:16',70,10,1),(276,0,29,20,0,1,'https://postactionsbucket.s3.ap-south-1.amazonaws.com/uploads/program-picture/1715953620158_Program_18.png',1,NULL,1,'2024-05-17 06:38:57','2024-06-03 15:32:29',197,18,1),(277,0,0,0,0,2,NULL,0,NULL,0,'2024-05-17 06:38:57','2024-06-03 15:32:29',198,18,1),(278,0,0,0,0,0,'https://postactionsbucket.s3.ap-south-1.amazonaws.com/uploads/program-picture/1715934552410_Program_18.png',1,NULL,1,'2024-05-17 08:23:16','2024-05-17 09:15:58',199,18,1),(279,0,0,0,0,0,NULL,0,NULL,0,'2024-05-17 08:23:16','2024-05-17 08:23:16',200,18,1),(280,0,0,0,0,0,NULL,0,NULL,0,'2024-05-17 09:08:33','2024-05-17 09:08:33',203,18,1),(281,0,0,0,0,0,NULL,0,NULL,0,'2024-05-17 09:08:33','2024-05-17 09:08:33',204,18,1),(282,0,0,0,0,0,NULL,0,NULL,0,'2024-05-17 09:09:43','2024-05-17 09:09:43',205,18,1),(283,0,0,0,0,0,NULL,0,NULL,0,'2024-05-17 09:09:43','2024-05-17 09:09:43',206,18,1),(284,0,0,0,0,0,NULL,0,NULL,0,'2024-05-17 09:10:49','2024-05-17 09:10:49',207,18,1),(285,0,0,0,0,0,NULL,0,NULL,0,'2024-05-17 09:10:49','2024-05-17 09:10:49',208,18,1),(286,0,0,0,0,0,NULL,0,NULL,0,'2024-05-17 09:30:55','2024-05-17 09:30:55',NULL,18,1),(287,0,0,0,0,0,NULL,0,NULL,0,'2024-05-17 09:30:55','2024-05-17 09:30:55',NULL,18,1),(288,0,0,0,0,0,'https://postactionsbucket.s3.ap-south-1.amazonaws.com/uploads/program-picture/1715938548519_Program_18.png',1,NULL,1,'2024-05-17 09:33:11','2024-05-17 09:36:03',NULL,18,1),(289,0,0,0,0,0,NULL,0,NULL,0,'2024-05-17 09:33:11','2024-05-17 09:33:11',NULL,18,1),(290,0,0,0,0,0,NULL,0,NULL,0,'2024-05-17 09:37:21','2024-05-17 09:37:21',NULL,18,1),(291,0,0,0,0,0,NULL,0,NULL,0,'2024-05-17 09:37:21','2024-05-17 09:37:21',NULL,18,1),(292,0,0,0,0,0,'https://postactionsbucket.s3.ap-south-1.amazonaws.com/uploads/program-picture/1715938751411_Program_18.png',1,NULL,1,'2024-05-17 09:38:06','2024-05-17 09:39:24',NULL,18,1),(293,0,0,0,0,0,NULL,0,NULL,0,'2024-05-17 09:38:06','2024-05-17 09:38:06',NULL,18,1),(294,0,0,0,0,0,NULL,0,NULL,0,'2024-05-17 11:39:39','2024-05-17 11:39:39',217,18,1),(295,0,0,0,0,0,NULL,0,NULL,0,'2024-05-17 11:39:39','2024-05-17 11:39:39',218,18,1),(296,0,14,10,0,1,'https://postactionsbucket.s3.ap-south-1.amazonaws.com/uploads/program-picture/1716206129505_Program_18.png',1,NULL,1,'2024-05-20 11:53:34','2024-05-20 11:56:22',219,18,1),(297,0,0,0,0,2,NULL,0,NULL,0,'2024-05-20 11:53:34','2024-05-20 11:56:22',220,18,1),(298,0,0,0,0,0,'https://postactionsbucket.s3.ap-south-1.amazonaws.com/uploads/program-picture/1716285345121_imagefile.jpg',1,NULL,0,'2024-05-21 09:22:08','2024-05-21 09:55:45',221,18,1),(299,0,0,0,0,0,NULL,0,NULL,0,'2024-05-21 09:22:08','2024-05-21 09:22:08',222,18,1),(300,0,29,120,0,1,'https://postactionsbucket.s3.ap-south-1.amazonaws.com/uploads/program-picture/1716535840400_imagefile.jpg',1,NULL,1,'2024-05-24 05:19:19','2024-06-07 09:35:21',223,18,1),(301,0,0,0,0,2,NULL,0,NULL,0,'2024-05-24 05:19:19','2024-06-07 09:35:21',224,18,1),(302,0,0,0,0,0,'https://postactionsbucket.s3.ap-south-1.amazonaws.com/uploads/program-picture/1716541117311_imagefile.jpg',1,NULL,0,'2024-05-24 08:55:25','2024-05-24 08:58:37',225,18,1),(303,0,0,0,0,0,NULL,0,NULL,0,'2024-05-24 08:55:25','2024-05-24 08:55:25',226,18,1),(304,0,14,0,150,0,NULL,1,NULL,0,'2024-05-26 06:17:57','2024-06-08 01:57:43',223,12,1),(305,0,0,0,0,0,NULL,0,NULL,0,'2024-05-26 12:00:14','2024-05-26 12:00:14',227,18,1),(306,0,0,0,0,0,NULL,0,NULL,0,'2024-05-26 12:00:14','2024-05-26 12:00:14',228,18,1),(307,0,14,100,0,1,'https://postactionsbucket.s3.ap-south-1.amazonaws.com/uploads/program-picture/1716792506380_imagefile.jpg',1,NULL,1,'2024-05-27 06:43:59','2024-06-07 13:55:54',223,1,1),(308,0,14,30,0,2,'https://postactionsbucket.s3.ap-south-1.amazonaws.com/uploads/program-picture/1716792305876_Program_1.png',1,NULL,1,'2024-05-27 06:43:59','2024-06-07 13:55:54',166,1,1),(309,0,17,100,0,1,'https://postactionsbucket.s3.ap-south-1.amazonaws.com/uploads/program-picture/1716792523347_imagefile.jpg',1,NULL,1,'2024-05-27 06:44:37','2024-06-08 02:02:07',223,4,1),(310,0,17,40,0,2,'https://postactionsbucket.s3.ap-south-1.amazonaws.com/uploads/program-picture/1716792320562_Program_4.png',1,NULL,1,'2024-05-27 06:44:37','2024-06-08 02:02:07',166,4,1),(311,0,0,0,0,0,NULL,0,NULL,0,'2024-05-28 11:45:03','2024-05-28 11:45:03',229,18,1),(312,0,0,0,0,0,NULL,0,NULL,0,'2024-05-28 11:45:03','2024-05-28 11:45:03',230,18,1),(313,0,0,0,0,0,'https://postactionsbucket.s3.ap-south-1.amazonaws.com/uploads/program-picture/1717053445978_imagefile.jpg',1,NULL,1,'2024-05-30 06:53:28','2024-05-30 07:18:50',231,18,1),(314,0,0,0,0,0,NULL,0,NULL,0,'2024-05-30 06:53:28','2024-05-30 06:53:28',232,18,1),(315,0,14,10,0,1,'https://postactionsbucket.s3.ap-south-1.amazonaws.com/uploads/program-picture/1717058582612_Program_18.png',1,NULL,1,'2024-05-30 08:37:00','2024-05-30 08:50:14',233,18,1),(316,0,0,0,0,2,NULL,0,NULL,0,'2024-05-30 08:37:00','2024-05-30 08:50:14',234,18,1),(317,0,0,0,0,0,NULL,1,NULL,0,'2024-05-30 09:09:35','2024-05-30 09:09:35',233,9,1),(318,0,0,0,0,0,NULL,0,NULL,0,'2024-06-01 17:24:15','2024-06-01 17:24:15',235,18,1),(319,0,0,0,0,0,NULL,0,NULL,0,'2024-06-01 17:24:15','2024-06-01 17:24:15',236,18,1),(320,0,0,0,0,0,NULL,1,NULL,0,'2024-06-03 15:40:50','2024-06-03 15:40:50',197,9,1),(321,0,0,0,0,0,NULL,0,NULL,0,'2024-06-07 09:53:57','2024-06-07 09:53:57',242,18,1),(322,0,0,0,0,0,NULL,0,NULL,0,'2024-06-07 09:53:57','2024-06-07 09:53:57',243,18,1);
/*!40000 ALTER TABLE `userPrograms` ENABLE KEYS */;
UNLOCK TABLES;

--
-- Table structure for table `userSafeZones`
--

DROP TABLE IF EXISTS `userSafeZones`;
/*!40101 SET @saved_cs_client     = @@character_set_client */;
/*!50503 SET character_set_client = utf8mb4 */;
CREATE TABLE `userSafeZones` (
  `id` int NOT NULL AUTO_INCREMENT,
  `createdAt` datetime NOT NULL,
  `updatedAt` datetime NOT NULL,
  `userId` int DEFAULT NULL,
  `safeZoneId` int DEFAULT NULL,
  `customerId` int DEFAULT NULL,
  PRIMARY KEY (`id`),
  KEY `userId` (`userId`),
  KEY `safeZoneId` (`safeZoneId`),
  KEY `customerId` (`customerId`),
  CONSTRAINT `userSafeZones_ibfk_1` FOREIGN KEY (`userId`) REFERENCES `users` (`id`) ON DELETE SET NULL ON UPDATE CASCADE,
  CONSTRAINT `userSafeZones_ibfk_2` FOREIGN KEY (`safeZoneId`) REFERENCES `safeZones` (`id`) ON DELETE SET NULL ON UPDATE CASCADE,
  CONSTRAINT `userSafeZones_ibfk_3` FOREIGN KEY (`customerId`) REFERENCES `customers` (`id`)
) ENGINE=InnoDB AUTO_INCREMENT=36 DEFAULT CHARSET=utf8mb4 COLLATE=utf8mb4_0900_ai_ci;
/*!40101 SET character_set_client = @saved_cs_client */;

--
-- Dumping data for table `userSafeZones`
--

LOCK TABLES `userSafeZones` WRITE;
/*!40000 ALTER TABLE `userSafeZones` DISABLE KEYS */;
INSERT INTO `userSafeZones` VALUES (1,'2024-04-25 11:33:26','2024-04-25 11:33:26',12,2,NULL),(2,'2024-04-26 04:08:32','2024-04-26 04:08:32',10,2,NULL),(3,'2024-04-29 10:55:21','2024-04-29 10:55:21',8,1,NULL),(4,'2024-05-01 14:07:28','2024-05-01 14:07:28',47,1,1),(5,'2024-05-02 16:35:19','2024-05-02 16:35:19',47,2,1),(6,'2024-05-03 05:22:57','2024-05-03 05:22:57',12,3,1),(7,'2024-05-03 07:11:53','2024-05-03 07:11:53',8,2,1),(8,'2024-05-05 07:21:41','2024-05-05 07:21:41',10,3,1),(9,'2024-05-06 09:56:45','2024-05-06 09:56:45',12,4,2),(10,'2024-05-07 11:25:06','2024-05-07 11:25:06',46,1,1),(11,'2024-05-09 11:18:12','2024-05-09 11:18:12',10,4,1),(12,'2024-05-10 08:45:47','2024-05-10 08:45:47',12,5,2),(13,'2024-05-11 08:14:31','2024-05-11 08:14:31',47,3,1),(14,'2024-05-13 13:50:49','2024-05-13 13:50:49',164,1,3),(15,'2024-05-14 11:41:59','2024-05-14 11:41:59',172,1,3),(16,'2024-05-15 02:52:20','2024-05-15 02:52:20',7,1,1),(17,'2024-05-16 16:42:43','2024-05-16 16:42:43',12,6,2),(18,'2024-05-17 04:06:03','2024-05-17 04:06:03',70,1,1),(19,'2024-05-17 09:03:49','2024-05-17 09:03:49',166,1,2),(20,'2024-05-17 09:32:57','2024-05-17 09:32:57',7,2,1),(21,'2024-05-18 04:18:14','2024-05-18 04:18:14',10,5,1),(22,'2024-05-18 18:13:16','2024-05-18 18:13:16',12,7,2),(23,'2024-05-21 09:31:03','2024-05-21 09:31:03',64,1,1),(24,'2024-05-22 10:31:38','2024-05-22 10:31:38',166,2,3),(25,'2024-05-22 10:41:29','2024-05-22 10:41:29',12,8,2),(26,'2024-05-22 10:42:33','2024-05-22 10:42:33',12,9,2),(27,'2024-05-23 04:53:06','2024-05-23 04:53:06',10,6,1),(28,'2024-05-24 09:13:17','2024-05-24 09:13:17',10,7,1),(29,'2024-05-26 06:15:04','2024-05-26 06:15:04',223,1,4),(30,'2024-05-27 17:49:47','2024-05-27 17:49:47',10,8,1),(31,'2024-05-28 13:40:16','2024-05-28 13:40:16',10,9,1),(32,'2024-05-29 01:24:37','2024-05-29 01:24:37',223,3,4),(33,'2024-05-31 04:45:16','2024-05-31 04:45:16',70,2,1),(34,'2024-06-01 08:11:57','2024-06-01 08:11:57',223,4,4),(35,'2024-06-04 07:08:04','2024-06-04 07:08:04',64,2,1);
/*!40000 ALTER TABLE `userSafeZones` ENABLE KEYS */;
UNLOCK TABLES;

--
-- Table structure for table `userTaskConsistencies`
--

DROP TABLE IF EXISTS `userTaskConsistencies`;
/*!40101 SET @saved_cs_client     = @@character_set_client */;
/*!50503 SET character_set_client = utf8mb4 */;
CREATE TABLE `userTaskConsistencies` (
  `id` int NOT NULL AUTO_INCREMENT,
  `consistencyCount` int DEFAULT NULL,
  `isRewardAwarded` tinyint(1) DEFAULT '0',
  `createdAt` datetime NOT NULL,
  `updatedAt` datetime NOT NULL,
  `userId` int DEFAULT NULL,
  PRIMARY KEY (`id`),
  KEY `userId` (`userId`),
  CONSTRAINT `userTaskConsistencies_ibfk_1` FOREIGN KEY (`userId`) REFERENCES `users` (`id`) ON DELETE SET NULL ON UPDATE CASCADE
) ENGINE=InnoDB DEFAULT CHARSET=utf8mb4 COLLATE=utf8mb4_0900_ai_ci;
/*!40101 SET character_set_client = @saved_cs_client */;

--
-- Dumping data for table `userTaskConsistencies`
--

LOCK TABLES `userTaskConsistencies` WRITE;
/*!40000 ALTER TABLE `userTaskConsistencies` DISABLE KEYS */;
/*!40000 ALTER TABLE `userTaskConsistencies` ENABLE KEYS */;
UNLOCK TABLES;

--
-- Table structure for table `userTasks`
--

DROP TABLE IF EXISTS `userTasks`;
/*!40101 SET @saved_cs_client     = @@character_set_client */;
/*!50503 SET character_set_client = utf8mb4 */;
CREATE TABLE `userTasks` (
  `id` int NOT NULL AUTO_INCREMENT,
  `isCompleted` tinyint(1) DEFAULT '0',
  `taskDuration` int NOT NULL,
  `taskUpdatedCount` int DEFAULT '0',
  `extensionTaken` tinyint(1) DEFAULT '0',
  `extensionCount` int DEFAULT '0',
  `isUnlocked` tinyint(1) DEFAULT '0',
  `taskUnlockedDate` datetime DEFAULT NULL,
  `lastUpdatedAt` datetime DEFAULT NULL,
  `extendedTaskUpdateCount` int DEFAULT '0',
  `percentageCompletion` int DEFAULT '0',
  `taskCompletedDate` datetime DEFAULT NULL,
  `extendedDate` datetime DEFAULT NULL,
  `taskEarnedPoints` int DEFAULT '0',
  `taskEarnedCoins` int DEFAULT '0',
  `createdAt` datetime NOT NULL,
  `updatedAt` datetime NOT NULL,
  `userId` int DEFAULT NULL,
  `programId` int DEFAULT NULL,
  `taskId` int DEFAULT NULL,
  `customerId` int DEFAULT NULL,
  PRIMARY KEY (`id`),
  KEY `userId` (`userId`),
  KEY `programId` (`programId`),
  KEY `taskId` (`taskId`),
  KEY `customerId` (`customerId`),
  CONSTRAINT `userTasks_ibfk_1` FOREIGN KEY (`userId`) REFERENCES `users` (`id`) ON DELETE SET NULL ON UPDATE CASCADE,
  CONSTRAINT `userTasks_ibfk_2` FOREIGN KEY (`programId`) REFERENCES `programs` (`id`) ON DELETE SET NULL ON UPDATE CASCADE,
  CONSTRAINT `userTasks_ibfk_3` FOREIGN KEY (`taskId`) REFERENCES `tasks` (`id`) ON DELETE SET NULL ON UPDATE CASCADE,
  CONSTRAINT `userTasks_ibfk_4` FOREIGN KEY (`customerId`) REFERENCES `customers` (`id`) ON DELETE SET NULL ON UPDATE CASCADE
) ENGINE=InnoDB AUTO_INCREMENT=2248 DEFAULT CHARSET=utf8mb4 COLLATE=utf8mb4_0900_ai_ci;
/*!40101 SET character_set_client = @saved_cs_client */;

--
-- Dumping data for table `userTasks`
--

LOCK TABLES `userTasks` WRITE;
/*!40000 ALTER TABLE `userTasks` DISABLE KEYS */;
INSERT INTO `userTasks` VALUES (1,0,1,0,0,0,1,'2024-04-30 10:20:51',NULL,0,0,NULL,NULL,0,0,'2024-04-24 06:36:10','2024-04-30 10:20:51',5,2,8,1),(2,0,18,0,0,0,0,NULL,NULL,0,0,NULL,NULL,0,0,'2024-04-24 06:36:10','2024-04-24 06:36:10',5,2,9,1),(3,0,18,0,0,0,0,NULL,NULL,0,0,NULL,NULL,0,0,'2024-04-24 06:36:10','2024-04-24 06:36:10',5,2,10,1),(4,0,18,0,0,0,0,NULL,NULL,0,0,NULL,NULL,0,0,'2024-04-24 06:36:10','2024-04-24 06:36:10',5,2,11,1),(5,0,18,0,0,0,0,NULL,NULL,0,0,NULL,NULL,0,0,'2024-04-24 06:36:10','2024-04-24 06:36:10',5,2,12,1),(6,0,18,0,0,0,0,NULL,NULL,0,0,NULL,NULL,0,0,'2024-04-24 06:36:10','2024-04-24 06:36:10',5,2,13,1),(7,0,2000,0,0,0,0,NULL,NULL,0,0,NULL,NULL,0,0,'2024-04-24 06:36:10','2024-04-24 06:36:10',5,2,14,1),(8,0,1,0,0,0,0,NULL,NULL,0,0,NULL,NULL,0,0,'2024-04-24 06:36:10','2024-04-24 06:36:10',6,2,8,1),(9,0,18,0,0,0,0,NULL,NULL,0,0,NULL,NULL,0,0,'2024-04-24 06:36:10','2024-04-24 06:36:10',6,2,9,1),(10,0,18,0,0,0,0,NULL,NULL,0,0,NULL,NULL,0,0,'2024-04-24 06:36:10','2024-04-24 06:36:10',6,2,10,1),(11,0,18,0,0,0,0,NULL,NULL,0,0,NULL,NULL,0,0,'2024-04-24 06:36:10','2024-04-24 06:36:10',6,2,11,1),(12,0,18,0,0,0,0,NULL,NULL,0,0,NULL,NULL,0,0,'2024-04-24 06:36:10','2024-04-24 06:36:10',6,2,12,1),(13,0,18,0,0,0,0,NULL,NULL,0,0,NULL,NULL,0,0,'2024-04-24 06:36:10','2024-04-24 06:36:10',6,2,13,1),(14,0,2000,0,0,0,0,NULL,NULL,0,0,NULL,NULL,0,0,'2024-04-24 06:36:10','2024-04-24 06:36:10',6,2,14,1),(15,1,1,1,0,0,1,'2024-04-24 07:56:49','2024-04-24 07:59:55',0,100,'2024-04-24 07:59:55',NULL,10,0,'2024-04-24 06:36:10','2024-04-24 07:59:55',7,2,8,1),(16,0,18,16,0,0,1,'2024-04-29 10:54:38','2024-06-05 08:48:50',0,89,NULL,NULL,160,0,'2024-04-24 06:36:10','2024-06-05 08:48:50',7,2,9,1),(17,0,18,0,0,0,0,NULL,NULL,0,0,NULL,NULL,0,0,'2024-04-24 06:36:10','2024-04-24 06:36:10',7,2,10,1),(18,0,18,0,0,0,0,NULL,NULL,0,0,NULL,NULL,0,0,'2024-04-24 06:36:10','2024-04-24 06:36:10',7,2,11,1),(19,0,18,0,0,0,0,NULL,NULL,0,0,NULL,NULL,0,0,'2024-04-24 06:36:10','2024-04-24 06:36:10',7,2,12,1),(20,0,18,0,0,0,0,NULL,NULL,0,0,NULL,NULL,0,0,'2024-04-24 06:36:10','2024-04-24 06:36:10',7,2,13,1),(21,0,2000,0,0,0,0,NULL,NULL,0,0,NULL,NULL,0,0,'2024-04-24 06:36:10','2024-04-24 06:36:10',7,2,14,1),(22,1,1,1,0,0,1,'2024-04-23 18:55:29','2024-04-24 07:23:21',0,100,'2024-04-24 07:23:21',NULL,10,0,'2024-04-24 06:36:10','2024-04-24 07:23:21',8,2,8,1),(23,0,18,7,0,0,1,'2024-04-26 10:38:51','2024-05-09 05:18:15',0,39,NULL,NULL,70,0,'2024-04-24 06:36:10','2024-05-09 05:18:15',8,2,9,1),(24,0,18,0,0,0,0,NULL,NULL,0,0,NULL,NULL,0,0,'2024-04-24 06:36:10','2024-04-24 06:36:10',8,2,10,1),(25,0,18,0,0,0,0,NULL,NULL,0,0,NULL,NULL,0,0,'2024-04-24 06:36:10','2024-04-24 06:36:10',8,2,11,1),(26,0,18,0,0,0,0,NULL,NULL,0,0,NULL,NULL,0,0,'2024-04-24 06:36:10','2024-04-24 06:36:10',8,2,12,1),(27,0,18,0,0,0,0,NULL,NULL,0,0,NULL,NULL,0,0,'2024-04-24 06:36:10','2024-04-24 06:36:10',8,2,13,1),(28,0,2000,0,0,0,0,NULL,NULL,0,0,NULL,NULL,0,0,'2024-04-24 06:36:10','2024-04-24 06:36:10',8,2,14,1),(29,1,1,1,0,0,1,'2024-04-23 18:55:29','2024-04-24 07:09:30',0,100,'2024-04-24 07:09:30',NULL,10,0,'2024-04-24 06:36:10','2024-04-24 07:09:30',9,2,8,1),(30,0,18,0,0,0,0,NULL,NULL,0,0,NULL,NULL,0,0,'2024-04-24 06:36:10','2024-04-24 06:36:10',9,2,9,1),(31,0,18,0,0,0,0,NULL,NULL,0,0,NULL,NULL,0,0,'2024-04-24 06:36:10','2024-04-24 06:36:10',9,2,10,1),(32,0,18,0,0,0,0,NULL,NULL,0,0,NULL,NULL,0,0,'2024-04-24 06:36:10','2024-04-24 06:36:10',9,2,11,1),(33,0,18,0,0,0,0,NULL,NULL,0,0,NULL,NULL,0,0,'2024-04-24 06:36:10','2024-04-24 06:36:10',9,2,12,1),(34,0,18,0,0,0,0,NULL,NULL,0,0,NULL,NULL,0,0,'2024-04-24 06:36:10','2024-04-24 06:36:10',9,2,13,1),(35,0,2000,0,0,0,0,NULL,NULL,0,0,NULL,NULL,0,0,'2024-04-24 06:36:10','2024-04-24 06:36:10',9,2,14,1),(36,1,1,1,0,0,1,'2024-04-24 07:22:40','2024-04-24 07:32:57',0,100,'2024-04-24 07:32:57',NULL,10,0,'2024-04-24 06:36:10','2024-04-24 07:32:57',10,2,8,1),(37,0,18,14,0,0,1,'2024-04-25 05:16:34','2024-06-08 10:36:27',0,78,NULL,NULL,140,0,'2024-04-24 06:36:10','2024-06-08 10:36:28',10,2,9,1),(38,0,18,0,0,0,0,NULL,NULL,0,0,NULL,NULL,0,0,'2024-04-24 06:36:10','2024-04-24 06:36:10',10,2,10,1),(39,0,18,0,0,0,0,NULL,NULL,0,0,NULL,NULL,0,0,'2024-04-24 06:36:10','2024-04-24 06:36:10',10,2,11,1),(40,0,18,0,0,0,0,NULL,NULL,0,0,NULL,NULL,0,0,'2024-04-24 06:36:10','2024-04-24 06:36:10',10,2,12,1),(41,0,18,0,0,0,0,NULL,NULL,0,0,NULL,NULL,0,0,'2024-04-24 06:36:10','2024-04-24 06:36:10',10,2,13,1),(42,0,2000,0,0,0,0,NULL,NULL,0,0,NULL,NULL,0,0,'2024-04-24 06:36:10','2024-04-24 06:36:10',10,2,14,1),(43,1,1,1,0,0,1,'2024-04-24 07:40:18','2024-04-24 08:09:29',0,100,'2024-04-24 08:09:29',NULL,10,0,'2024-04-24 06:36:10','2024-04-24 08:09:29',11,2,8,1),(44,0,18,0,0,0,0,NULL,NULL,0,0,NULL,NULL,0,0,'2024-04-24 06:36:10','2024-04-24 06:36:10',11,2,9,1),(45,0,18,0,0,0,0,NULL,NULL,0,0,NULL,NULL,0,0,'2024-04-24 06:36:10','2024-04-24 06:36:10',11,2,10,1),(46,0,18,0,0,0,0,NULL,NULL,0,0,NULL,NULL,0,0,'2024-04-24 06:36:10','2024-04-24 06:36:10',11,2,11,1),(47,0,18,0,0,0,0,NULL,NULL,0,0,NULL,NULL,0,0,'2024-04-24 06:36:10','2024-04-24 06:36:10',11,2,12,1),(48,0,18,0,0,0,0,NULL,NULL,0,0,NULL,NULL,0,0,'2024-04-24 06:36:10','2024-04-24 06:36:10',11,2,13,1),(49,0,2000,0,0,0,0,NULL,NULL,0,0,NULL,NULL,0,0,'2024-04-24 06:36:10','2024-04-24 06:36:10',11,2,14,1),(50,1,1,1,0,0,1,'2024-04-23 18:55:29','2024-04-24 07:06:47',0,100,'2024-04-24 07:06:47',NULL,0,15,'2024-04-24 07:05:07','2024-04-24 07:06:47',9,9,53,1),(51,0,18,0,0,0,0,NULL,NULL,0,0,NULL,NULL,0,0,'2024-04-24 07:05:07','2024-04-24 07:05:07',9,9,54,1),(52,0,18,0,0,0,0,NULL,NULL,0,0,NULL,NULL,0,0,'2024-04-24 07:05:07','2024-04-24 07:05:07',9,9,55,1),(53,0,18,0,0,0,0,NULL,NULL,0,0,NULL,NULL,0,0,'2024-04-24 07:05:07','2024-04-24 07:05:07',9,9,56,1),(54,0,18,0,0,0,0,NULL,NULL,0,0,NULL,NULL,0,0,'2024-04-24 07:05:07','2024-04-24 07:05:07',9,9,57,1),(55,0,18,0,0,0,0,NULL,NULL,0,0,NULL,NULL,0,0,'2024-04-24 07:05:07','2024-04-24 07:05:07',9,9,58,1),(56,0,2000,0,0,0,0,NULL,NULL,0,0,NULL,NULL,0,0,'2024-04-24 07:05:07','2024-04-24 07:05:07',9,9,59,1),(57,1,1,1,0,0,1,'2024-04-23 18:55:29','2024-04-24 07:23:48',0,100,'2024-04-24 07:23:48',NULL,0,15,'2024-04-24 07:19:14','2024-04-24 07:23:49',8,9,53,1),(58,0,18,8,0,0,1,'2024-04-29 06:01:55','2024-05-11 04:29:46',0,44,NULL,NULL,0,120,'2024-04-24 07:19:14','2024-05-11 04:29:46',8,9,54,1),(59,0,18,0,0,0,0,NULL,NULL,0,0,NULL,NULL,0,0,'2024-04-24 07:19:14','2024-04-24 07:19:14',8,9,55,1),(60,0,18,0,0,0,0,NULL,NULL,0,0,NULL,NULL,0,0,'2024-04-24 07:19:14','2024-04-24 07:19:14',8,9,56,1),(61,0,18,0,0,0,0,NULL,NULL,0,0,NULL,NULL,0,0,'2024-04-24 07:19:14','2024-04-24 07:19:14',8,9,57,1),(62,0,18,0,0,0,0,NULL,NULL,0,0,NULL,NULL,0,0,'2024-04-24 07:19:14','2024-04-24 07:19:14',8,9,58,1),(63,0,2000,0,0,0,0,NULL,NULL,0,0,NULL,NULL,0,0,'2024-04-24 07:19:14','2024-04-24 07:19:14',8,9,59,1),(64,1,1,1,0,0,1,'2024-04-24 07:22:40','2024-04-24 07:29:26',0,100,'2024-04-24 07:29:26',NULL,0,15,'2024-04-24 07:26:01','2024-04-24 07:29:26',10,9,53,1),(65,0,18,14,0,0,1,'2024-04-25 06:15:43','2024-06-08 11:45:20',0,78,NULL,NULL,0,210,'2024-04-24 07:26:01','2024-06-08 11:45:20',10,9,54,1),(66,0,18,0,0,0,0,NULL,NULL,0,0,NULL,NULL,0,0,'2024-04-24 07:26:01','2024-04-24 07:26:01',10,9,55,1),(67,0,18,0,0,0,0,NULL,NULL,0,0,NULL,NULL,0,0,'2024-04-24 07:26:01','2024-04-24 07:26:01',10,9,56,1),(68,0,18,0,0,0,0,NULL,NULL,0,0,NULL,NULL,0,0,'2024-04-24 07:26:01','2024-04-24 07:26:01',10,9,57,1),(69,0,18,0,0,0,0,NULL,NULL,0,0,NULL,NULL,0,0,'2024-04-24 07:26:01','2024-04-24 07:26:01',10,9,58,1),(70,0,2000,0,0,0,0,NULL,NULL,0,0,NULL,NULL,0,0,'2024-04-24 07:26:01','2024-04-24 07:26:01',10,9,59,1),(71,1,1,1,0,0,1,'2024-04-24 07:40:18','2024-04-24 08:09:42',0,100,'2024-04-24 08:09:42',NULL,0,15,'2024-04-24 07:51:23','2024-04-24 08:09:42',11,11,67,1),(72,0,18,0,0,0,0,NULL,NULL,0,0,NULL,NULL,0,0,'2024-04-24 07:51:23','2024-04-24 07:51:23',11,11,68,1),(73,0,18,0,0,0,0,NULL,NULL,0,0,NULL,NULL,0,0,'2024-04-24 07:51:23','2024-04-24 07:51:23',11,11,69,1),(74,0,18,0,0,0,0,NULL,NULL,0,0,NULL,NULL,0,0,'2024-04-24 07:51:23','2024-04-24 07:51:23',11,11,70,1),(75,0,18,0,0,0,0,NULL,NULL,0,0,NULL,NULL,0,0,'2024-04-24 07:51:23','2024-04-24 07:51:23',11,11,71,1),(76,0,18,0,0,0,0,NULL,NULL,0,0,NULL,NULL,0,0,'2024-04-24 07:51:23','2024-04-24 07:51:23',11,11,72,1),(77,0,2000,0,0,0,0,NULL,NULL,0,0,NULL,NULL,0,0,'2024-04-24 07:51:23','2024-04-24 07:51:23',11,11,73,1),(78,1,1,1,0,0,1,'2024-04-24 07:56:49','2024-04-24 08:00:09',0,100,'2024-04-24 08:00:09',NULL,0,15,'2024-04-24 07:57:20','2024-04-24 08:00:09',7,9,53,1),(79,0,18,4,0,0,1,'2024-04-30 08:50:32','2024-06-05 11:57:02',0,22,NULL,NULL,0,60,'2024-04-24 07:57:20','2024-06-05 11:57:02',7,9,54,1),(80,0,18,0,0,0,0,NULL,NULL,0,0,NULL,NULL,0,0,'2024-04-24 07:57:20','2024-04-24 07:57:20',7,9,55,1),(81,0,18,0,0,0,0,NULL,NULL,0,0,NULL,NULL,0,0,'2024-04-24 07:57:20','2024-04-24 07:57:20',7,9,56,1),(82,0,18,0,0,0,0,NULL,NULL,0,0,NULL,NULL,0,0,'2024-04-24 07:57:20','2024-04-24 07:57:20',7,9,57,1),(83,0,18,0,0,0,0,NULL,NULL,0,0,NULL,NULL,0,0,'2024-04-24 07:57:20','2024-04-24 07:57:20',7,9,58,1),(84,0,2000,0,0,0,0,NULL,NULL,0,0,NULL,NULL,0,0,'2024-04-24 07:57:20','2024-04-24 07:57:20',7,9,59,1),(85,0,1,0,0,0,0,NULL,NULL,0,0,NULL,NULL,0,0,'2024-04-24 08:00:00','2024-04-24 08:00:00',4,2,8,1),(86,0,18,0,0,0,0,NULL,NULL,0,0,NULL,NULL,0,0,'2024-04-24 08:00:00','2024-04-24 08:00:00',4,2,9,1),(87,0,18,0,0,0,0,NULL,NULL,0,0,NULL,NULL,0,0,'2024-04-24 08:00:00','2024-04-24 08:00:00',4,2,10,1),(88,0,18,0,0,0,0,NULL,NULL,0,0,NULL,NULL,0,0,'2024-04-24 08:00:00','2024-04-24 08:00:00',4,2,11,1),(89,0,18,0,0,0,0,NULL,NULL,0,0,NULL,NULL,0,0,'2024-04-24 08:00:00','2024-04-24 08:00:00',4,2,12,1),(90,0,18,0,0,0,0,NULL,NULL,0,0,NULL,NULL,0,0,'2024-04-24 08:00:00','2024-04-24 08:00:00',4,2,13,1),(91,0,2000,0,0,0,0,NULL,NULL,0,0,NULL,NULL,0,0,'2024-04-24 08:00:00','2024-04-24 08:00:00',4,2,14,1),(92,1,1,1,0,0,1,'2024-04-24 07:56:49','2024-04-24 08:54:34',0,100,'2024-04-24 08:54:34',NULL,10,0,'2024-04-24 08:00:00','2024-04-24 08:54:34',12,2,8,1),(93,0,18,13,0,0,1,'2024-04-25 06:15:43','2024-06-03 14:00:33',0,72,NULL,NULL,130,0,'2024-04-24 08:00:00','2024-06-03 14:00:33',12,2,9,1),(94,0,18,0,0,0,0,NULL,NULL,0,0,NULL,NULL,0,0,'2024-04-24 08:00:00','2024-04-24 08:00:00',12,2,10,1),(95,0,18,0,0,0,0,NULL,NULL,0,0,NULL,NULL,0,0,'2024-04-24 08:00:00','2024-04-24 08:00:00',12,2,11,1),(96,0,18,0,0,0,0,NULL,NULL,0,0,NULL,NULL,0,0,'2024-04-24 08:00:00','2024-04-24 08:00:00',12,2,12,1),(97,0,18,0,0,0,0,NULL,NULL,0,0,NULL,NULL,0,0,'2024-04-24 08:00:00','2024-04-24 08:00:00',12,2,13,1),(98,0,2000,0,0,0,0,NULL,NULL,0,0,NULL,NULL,0,0,'2024-04-24 08:00:00','2024-04-24 08:00:00',12,2,14,1),(99,1,1,1,0,0,1,'2024-04-24 07:56:49','2024-04-24 08:53:34',0,100,'2024-04-24 08:53:34',NULL,0,15,'2024-04-24 08:50:59','2024-04-24 08:53:35',12,9,53,1),(100,0,18,12,0,0,1,'2024-04-25 06:15:43','2024-06-03 14:02:16',0,67,NULL,NULL,0,180,'2024-04-24 08:50:59','2024-06-03 14:02:16',12,9,54,1),(101,0,18,0,0,0,0,NULL,NULL,0,0,NULL,NULL,0,0,'2024-04-24 08:50:59','2024-04-24 08:50:59',12,9,55,1),(102,0,18,0,0,0,0,NULL,NULL,0,0,NULL,NULL,0,0,'2024-04-24 08:50:59','2024-04-24 08:50:59',12,9,56,1),(103,0,18,0,0,0,0,NULL,NULL,0,0,NULL,NULL,0,0,'2024-04-24 08:50:59','2024-04-24 08:50:59',12,9,57,1),(104,0,18,0,0,0,0,NULL,NULL,0,0,NULL,NULL,0,0,'2024-04-24 08:50:59','2024-04-24 08:50:59',12,9,58,1),(105,0,2000,0,0,0,0,NULL,NULL,0,0,NULL,NULL,0,0,'2024-04-24 08:50:59','2024-04-24 08:50:59',12,9,59,1),(106,0,1,0,0,0,1,'2024-04-24 12:13:18',NULL,0,0,NULL,NULL,0,0,'2024-04-24 11:04:17','2024-04-24 12:37:11',13,2,8,1),(107,0,18,0,0,0,0,NULL,NULL,0,0,NULL,NULL,0,0,'2024-04-24 11:04:17','2024-04-24 11:04:17',13,2,9,1),(108,0,18,0,0,0,0,NULL,NULL,0,0,NULL,NULL,0,0,'2024-04-24 11:04:17','2024-04-24 11:04:17',13,2,10,1),(109,0,18,0,0,0,0,NULL,NULL,0,0,NULL,NULL,0,0,'2024-04-24 11:04:17','2024-04-24 11:04:17',13,2,11,1),(110,0,18,0,0,0,0,NULL,NULL,0,0,NULL,NULL,0,0,'2024-04-24 11:04:17','2024-04-24 11:04:17',13,2,12,1),(111,0,18,0,0,0,0,NULL,NULL,0,0,NULL,NULL,0,0,'2024-04-24 11:04:17','2024-04-24 11:04:17',13,2,13,1),(112,0,2000,0,0,0,0,NULL,NULL,0,0,NULL,NULL,0,0,'2024-04-24 11:04:17','2024-04-24 11:04:17',13,2,14,1),(113,1,1,1,0,0,1,'2024-04-24 11:38:33','2024-04-24 11:42:37',0,100,'2024-04-24 11:42:37',NULL,10,0,'2024-04-24 11:04:17','2024-04-24 11:42:37',14,2,8,1),(114,0,18,0,0,0,0,NULL,NULL,0,0,NULL,NULL,0,0,'2024-04-24 11:04:17','2024-04-24 11:04:17',14,2,9,1),(115,0,18,0,0,0,0,NULL,NULL,0,0,NULL,NULL,0,0,'2024-04-24 11:04:17','2024-04-24 11:04:17',14,2,10,1),(116,0,18,0,0,0,0,NULL,NULL,0,0,NULL,NULL,0,0,'2024-04-24 11:04:17','2024-04-24 11:04:17',14,2,11,1),(117,0,18,0,0,0,0,NULL,NULL,0,0,NULL,NULL,0,0,'2024-04-24 11:04:17','2024-04-24 11:04:17',14,2,12,1),(118,0,18,0,0,0,0,NULL,NULL,0,0,NULL,NULL,0,0,'2024-04-24 11:04:17','2024-04-24 11:04:17',14,2,13,1),(119,0,2000,0,0,0,0,NULL,NULL,0,0,NULL,NULL,0,0,'2024-04-24 11:04:17','2024-04-24 11:04:17',14,2,14,1),(120,1,1,1,0,0,1,'2024-04-24 11:38:33','2024-04-24 11:42:21',0,100,'2024-04-24 11:42:21',NULL,0,15,'2024-04-24 11:40:49','2024-04-24 11:42:21',14,10,60,1),(121,0,18,0,0,0,0,NULL,NULL,0,0,NULL,NULL,0,0,'2024-04-24 11:40:49','2024-04-24 11:40:49',14,10,61,1),(122,0,18,0,0,0,0,NULL,NULL,0,0,NULL,NULL,0,0,'2024-04-24 11:40:49','2024-04-24 11:40:49',14,10,62,1),(123,0,18,0,0,0,0,NULL,NULL,0,0,NULL,NULL,0,0,'2024-04-24 11:40:49','2024-04-24 11:40:49',14,10,63,1),(124,0,18,0,0,0,0,NULL,NULL,0,0,NULL,NULL,0,0,'2024-04-24 11:40:49','2024-04-24 11:40:49',14,10,64,1),(125,0,18,0,0,0,0,NULL,NULL,0,0,NULL,NULL,0,0,'2024-04-24 11:40:49','2024-04-24 11:40:49',14,10,65,1),(126,0,2000,0,0,0,0,NULL,NULL,0,0,NULL,NULL,0,0,'2024-04-24 11:40:49','2024-04-24 11:40:49',14,10,66,1),(134,0,1,0,0,0,1,'2024-04-24 12:13:18',NULL,0,0,NULL,NULL,0,0,'2024-04-24 12:35:55','2024-04-24 12:37:11',13,10,60,1),(135,0,18,0,0,0,0,NULL,NULL,0,0,NULL,NULL,0,0,'2024-04-24 12:35:55','2024-04-24 12:35:55',13,10,61,1),(136,0,18,0,0,0,0,NULL,NULL,0,0,NULL,NULL,0,0,'2024-04-24 12:35:55','2024-04-24 12:35:55',13,10,62,1),(137,0,18,0,0,0,0,NULL,NULL,0,0,NULL,NULL,0,0,'2024-04-24 12:35:55','2024-04-24 12:35:55',13,10,63,1),(138,0,18,0,0,0,0,NULL,NULL,0,0,NULL,NULL,0,0,'2024-04-24 12:35:55','2024-04-24 12:35:55',13,10,64,1),(139,0,18,0,0,0,0,NULL,NULL,0,0,NULL,NULL,0,0,'2024-04-24 12:35:55','2024-04-24 12:35:55',13,10,65,1),(140,0,2000,0,0,0,0,NULL,NULL,0,0,NULL,NULL,0,0,'2024-04-24 12:35:55','2024-04-24 12:35:55',13,10,66,1),(141,1,1,1,0,0,1,'2024-04-25 06:15:43','2024-04-25 07:39:50',0,100,'2024-04-25 07:39:50',NULL,10,0,'2024-04-25 05:59:17','2024-04-25 07:39:50',15,5,28,1),(142,0,18,0,0,0,0,NULL,NULL,0,0,NULL,NULL,0,0,'2024-04-25 05:59:17','2024-04-25 05:59:17',15,5,29,1),(143,0,18,0,0,0,0,NULL,NULL,0,0,NULL,NULL,0,0,'2024-04-25 05:59:17','2024-04-25 05:59:17',15,5,30,1),(144,0,18,0,0,0,0,NULL,NULL,0,0,NULL,NULL,0,0,'2024-04-25 05:59:17','2024-04-25 05:59:17',15,5,31,1),(145,0,18,0,0,0,0,NULL,NULL,0,0,NULL,NULL,0,0,'2024-04-25 05:59:17','2024-04-25 05:59:17',15,5,32,1),(146,0,2000,0,0,0,0,NULL,NULL,0,0,NULL,NULL,0,0,'2024-04-25 05:59:17','2024-04-25 05:59:17',15,5,33,1),(147,0,1,0,0,0,1,'2024-04-25 06:15:43',NULL,0,0,NULL,NULL,0,0,'2024-04-25 05:59:52','2024-04-25 13:49:31',16,5,28,1),(148,0,18,0,0,0,0,NULL,NULL,0,0,NULL,NULL,0,0,'2024-04-25 05:59:52','2024-04-25 05:59:52',16,5,29,1),(149,0,18,0,0,0,0,NULL,NULL,0,0,NULL,NULL,0,0,'2024-04-25 05:59:52','2024-04-25 05:59:52',16,5,30,1),(150,0,18,0,0,0,0,NULL,NULL,0,0,NULL,NULL,0,0,'2024-04-25 05:59:52','2024-04-25 05:59:52',16,5,31,1),(151,0,18,0,0,0,0,NULL,NULL,0,0,NULL,NULL,0,0,'2024-04-25 05:59:52','2024-04-25 05:59:52',16,5,32,1),(152,0,2000,0,0,0,0,NULL,NULL,0,0,NULL,NULL,0,0,'2024-04-25 05:59:52','2024-04-25 05:59:52',16,5,33,1),(153,1,1,1,0,0,1,'2024-04-25 06:15:43','2024-04-25 07:40:05',0,100,'2024-04-25 07:40:05',NULL,0,15,'2024-04-25 07:20:53','2024-04-25 07:40:05',15,9,53,1),(154,0,18,0,0,0,0,NULL,NULL,0,0,NULL,NULL,0,0,'2024-04-25 07:20:53','2024-04-25 07:20:53',15,9,54,1),(155,0,18,0,0,0,0,NULL,NULL,0,0,NULL,NULL,0,0,'2024-04-25 07:20:53','2024-04-25 07:20:53',15,9,55,1),(156,0,18,0,0,0,0,NULL,NULL,0,0,NULL,NULL,0,0,'2024-04-25 07:20:53','2024-04-25 07:20:53',15,9,56,1),(157,0,18,0,0,0,0,NULL,NULL,0,0,NULL,NULL,0,0,'2024-04-25 07:20:53','2024-04-25 07:20:53',15,9,57,1),(158,0,18,0,0,0,0,NULL,NULL,0,0,NULL,NULL,0,0,'2024-04-25 07:20:54','2024-04-25 07:20:54',15,9,58,1),(159,0,2000,0,0,0,0,NULL,NULL,0,0,NULL,NULL,0,0,'2024-04-25 07:20:54','2024-04-25 07:20:54',15,9,59,1),(160,0,1,0,0,0,1,'2024-04-25 06:15:43',NULL,0,0,NULL,NULL,0,0,'2024-04-25 11:22:26','2024-04-25 11:22:26',12,9,53,1),(161,0,18,12,0,0,0,NULL,'2024-06-03 14:02:16',0,67,NULL,NULL,0,180,'2024-04-25 11:22:26','2024-06-03 14:02:16',12,9,54,1),(162,0,18,0,0,0,0,NULL,NULL,0,0,NULL,NULL,0,0,'2024-04-25 11:22:26','2024-04-25 11:22:26',12,9,55,1),(163,0,18,0,0,0,0,NULL,NULL,0,0,NULL,NULL,0,0,'2024-04-25 11:22:26','2024-04-25 11:22:26',12,9,56,1),(164,0,18,0,0,0,0,NULL,NULL,0,0,NULL,NULL,0,0,'2024-04-25 11:22:26','2024-04-25 11:22:26',12,9,57,1),(165,0,18,0,0,0,0,NULL,NULL,0,0,NULL,NULL,0,0,'2024-04-25 11:22:26','2024-04-25 11:22:26',12,9,58,1),(166,0,2000,0,0,0,0,NULL,NULL,0,0,NULL,NULL,0,0,'2024-04-25 11:22:26','2024-04-25 11:22:26',12,9,59,1),(167,1,1,1,0,0,1,'2024-04-25 06:15:43','2024-04-25 11:29:04',0,100,'2024-04-25 11:29:04',NULL,0,15,'2024-04-25 11:28:49','2024-04-25 11:29:04',12,10,60,1),(168,0,18,14,0,0,1,'2024-04-30 09:38:12','2024-06-03 14:02:06',0,78,NULL,NULL,0,210,'2024-04-25 11:28:49','2024-06-03 14:02:06',12,10,61,1),(169,0,18,0,0,0,0,NULL,NULL,0,0,NULL,NULL,0,0,'2024-04-25 11:28:49','2024-04-25 11:28:49',12,10,62,1),(170,0,18,0,0,0,0,NULL,NULL,0,0,NULL,NULL,0,0,'2024-04-25 11:28:49','2024-04-25 11:28:49',12,10,63,1),(171,0,18,0,0,0,0,NULL,NULL,0,0,NULL,NULL,0,0,'2024-04-25 11:28:49','2024-04-25 11:28:49',12,10,64,1),(172,0,18,0,0,0,0,NULL,NULL,0,0,NULL,NULL,0,0,'2024-04-25 11:28:49','2024-04-25 11:28:49',12,10,65,1),(173,0,2000,0,0,0,0,NULL,NULL,0,0,NULL,NULL,0,0,'2024-04-25 11:28:49','2024-04-25 11:28:49',12,10,66,1),(174,1,1,1,0,0,1,'2024-04-25 06:15:43','2024-04-25 11:29:55',0,100,'2024-04-25 11:29:55',NULL,0,15,'2024-04-25 11:29:39','2024-04-25 11:29:56',12,11,67,1),(175,0,18,12,0,0,1,'2024-05-02 08:40:34','2024-06-03 14:00:48',0,67,NULL,NULL,0,180,'2024-04-25 11:29:39','2024-06-03 14:00:48',12,11,68,1),(176,0,18,0,0,0,0,NULL,NULL,0,0,NULL,NULL,0,0,'2024-04-25 11:29:39','2024-04-25 11:29:39',12,11,69,1),(177,0,18,0,0,0,0,NULL,NULL,0,0,NULL,NULL,0,0,'2024-04-25 11:29:39','2024-04-25 11:29:39',12,11,70,1),(178,0,18,0,0,0,0,NULL,NULL,0,0,NULL,NULL,0,0,'2024-04-25 11:29:39','2024-04-25 11:29:39',12,11,71,1),(179,0,18,0,0,0,0,NULL,NULL,0,0,NULL,NULL,0,0,'2024-04-25 11:29:39','2024-04-25 11:29:39',12,11,72,1),(180,0,2000,0,0,0,0,NULL,NULL,0,0,NULL,NULL,0,0,'2024-04-25 11:29:39','2024-04-25 11:29:39',12,11,73,1),(181,1,1,1,0,0,1,'2024-04-25 06:15:43','2024-04-25 11:32:57',0,100,'2024-04-25 11:32:57',NULL,0,15,'2024-04-25 11:32:45','2024-04-25 11:32:57',12,13,81,1),(182,0,18,16,0,0,1,'2024-04-26 04:11:57','2024-06-03 14:01:23',0,89,NULL,NULL,0,240,'2024-04-25 11:32:45','2024-06-03 14:01:23',12,13,82,1),(183,0,18,0,0,0,0,NULL,NULL,0,0,NULL,NULL,0,0,'2024-04-25 11:32:45','2024-04-25 11:32:45',12,13,83,1),(184,0,18,0,0,0,0,NULL,NULL,0,0,NULL,NULL,0,0,'2024-04-25 11:32:45','2024-04-25 11:32:45',12,13,84,1),(185,0,18,0,0,0,0,NULL,NULL,0,0,NULL,NULL,0,0,'2024-04-25 11:32:45','2024-04-25 11:32:45',12,13,85,1),(186,0,18,0,0,0,0,NULL,NULL,0,0,NULL,NULL,0,0,'2024-04-25 11:32:45','2024-04-25 11:32:45',12,13,86,1),(187,0,2000,0,0,0,0,NULL,NULL,0,0,NULL,NULL,0,0,'2024-04-25 11:32:45','2024-04-25 11:32:45',12,13,87,1),(188,1,1,1,0,0,1,'2024-04-25 06:15:43','2024-04-25 11:33:26',0,100,'2024-04-25 11:33:26',NULL,0,15,'2024-04-25 11:33:17','2024-04-25 11:33:26',12,14,88,1),(189,0,18,13,0,0,1,'2024-05-02 08:40:58','2024-06-03 14:01:51',0,72,NULL,NULL,0,195,'2024-04-25 11:33:17','2024-06-03 14:01:51',12,14,89,1),(190,0,18,0,0,0,0,NULL,NULL,0,0,NULL,NULL,0,0,'2024-04-25 11:33:17','2024-04-25 11:33:17',12,14,90,1),(191,0,18,0,0,0,0,NULL,NULL,0,0,NULL,NULL,0,0,'2024-04-25 11:33:17','2024-04-25 11:33:17',12,14,91,1),(192,0,18,0,0,0,0,NULL,NULL,0,0,NULL,NULL,0,0,'2024-04-25 11:33:17','2024-04-25 11:33:17',12,14,92,1),(193,0,18,0,0,0,0,NULL,NULL,0,0,NULL,NULL,0,0,'2024-04-25 11:33:17','2024-04-25 11:33:17',12,14,93,1),(194,0,2000,0,0,0,0,NULL,NULL,0,0,NULL,NULL,0,0,'2024-04-25 11:33:17','2024-04-25 11:33:17',12,14,94,1),(195,0,1,0,0,0,0,NULL,NULL,0,0,NULL,NULL,0,0,'2024-04-25 11:49:50','2024-04-25 11:49:50',17,2,8,1),(196,0,18,0,0,0,0,NULL,NULL,0,0,NULL,NULL,0,0,'2024-04-25 11:49:50','2024-04-25 11:49:50',17,2,9,1),(197,0,18,0,0,0,0,NULL,NULL,0,0,NULL,NULL,0,0,'2024-04-25 11:49:50','2024-04-25 11:49:50',17,2,10,1),(198,0,18,0,0,0,0,NULL,NULL,0,0,NULL,NULL,0,0,'2024-04-25 11:49:50','2024-04-25 11:49:50',17,2,11,1),(199,0,18,0,0,0,0,NULL,NULL,0,0,NULL,NULL,0,0,'2024-04-25 11:49:50','2024-04-25 11:49:50',17,2,12,1),(200,0,18,0,0,0,0,NULL,NULL,0,0,NULL,NULL,0,0,'2024-04-25 11:49:50','2024-04-25 11:49:50',17,2,13,1),(201,0,2000,0,0,0,0,NULL,NULL,0,0,NULL,NULL,0,0,'2024-04-25 11:49:50','2024-04-25 11:49:50',17,2,14,1),(202,1,1,1,0,0,1,'2024-04-25 06:15:43','2024-04-25 14:04:38',0,100,'2024-04-25 14:04:38',NULL,10,0,'2024-04-25 11:51:02','2024-04-25 14:04:39',18,2,8,1),(203,0,18,0,0,0,0,NULL,NULL,0,0,NULL,NULL,0,0,'2024-04-25 11:51:02','2024-04-25 11:51:02',18,2,9,1),(204,0,18,0,0,0,0,NULL,NULL,0,0,NULL,NULL,0,0,'2024-04-25 11:51:02','2024-04-25 11:51:02',18,2,10,1),(205,0,18,0,0,0,0,NULL,NULL,0,0,NULL,NULL,0,0,'2024-04-25 11:51:02','2024-04-25 11:51:02',18,2,11,1),(206,0,18,0,0,0,0,NULL,NULL,0,0,NULL,NULL,0,0,'2024-04-25 11:51:02','2024-04-25 11:51:02',18,2,12,1),(207,0,18,0,0,0,0,NULL,NULL,0,0,NULL,NULL,0,0,'2024-04-25 11:51:02','2024-04-25 11:51:02',18,2,13,1),(208,0,2000,0,0,0,0,NULL,NULL,0,0,NULL,NULL,0,0,'2024-04-25 11:51:02','2024-04-25 11:51:02',18,2,14,1),(209,1,1,1,0,0,1,'2024-04-25 06:15:43','2024-04-25 13:50:01',0,100,'2024-04-25 13:50:01',NULL,10,0,'2024-04-25 13:07:14','2024-04-25 13:50:01',19,2,8,1),(210,0,18,0,0,0,0,NULL,NULL,0,0,NULL,NULL,0,0,'2024-04-25 13:07:14','2024-04-25 13:07:14',19,2,9,1),(211,0,18,0,0,0,0,NULL,NULL,0,0,NULL,NULL,0,0,'2024-04-25 13:07:14','2024-04-25 13:07:14',19,2,10,1),(212,0,18,0,0,0,0,NULL,NULL,0,0,NULL,NULL,0,0,'2024-04-25 13:07:14','2024-04-25 13:07:14',19,2,11,1),(213,0,18,0,0,0,0,NULL,NULL,0,0,NULL,NULL,0,0,'2024-04-25 13:07:14','2024-04-25 13:07:14',19,2,12,1),(214,0,18,0,0,0,0,NULL,NULL,0,0,NULL,NULL,0,0,'2024-04-25 13:07:14','2024-04-25 13:07:14',19,2,13,1),(215,0,2000,0,0,0,0,NULL,NULL,0,0,NULL,NULL,0,0,'2024-04-25 13:07:14','2024-04-25 13:07:14',19,2,14,1),(216,1,1,1,0,0,1,'2024-04-25 06:15:43','2024-04-25 16:10:27',0,100,'2024-04-25 16:10:27',NULL,10,0,'2024-04-25 13:07:14','2024-04-25 16:10:27',20,2,8,1),(217,0,18,0,0,0,0,NULL,NULL,0,0,NULL,NULL,0,0,'2024-04-25 13:07:14','2024-04-25 13:07:14',20,2,9,1),(218,0,18,0,0,0,0,NULL,NULL,0,0,NULL,NULL,0,0,'2024-04-25 13:07:14','2024-04-25 13:07:14',20,2,10,1),(219,0,18,0,0,0,0,NULL,NULL,0,0,NULL,NULL,0,0,'2024-04-25 13:07:14','2024-04-25 13:07:14',20,2,11,1),(220,0,18,0,0,0,0,NULL,NULL,0,0,NULL,NULL,0,0,'2024-04-25 13:07:14','2024-04-25 13:07:14',20,2,12,1),(221,0,18,0,0,0,0,NULL,NULL,0,0,NULL,NULL,0,0,'2024-04-25 13:07:14','2024-04-25 13:07:14',20,2,13,1),(222,0,2000,0,0,0,0,NULL,NULL,0,0,NULL,NULL,0,0,'2024-04-25 13:07:14','2024-04-25 13:07:14',20,2,14,1),(223,1,1,1,0,0,1,'2024-04-25 06:15:43','2024-04-25 13:48:53',0,100,'2024-04-25 13:48:53',NULL,0,15,'2024-04-25 13:40:39','2024-04-25 13:48:53',19,11,67,1),(224,0,18,0,0,0,0,NULL,NULL,0,0,NULL,NULL,0,0,'2024-04-25 13:40:39','2024-04-25 13:40:39',19,11,68,1),(225,0,18,0,0,0,0,NULL,NULL,0,0,NULL,NULL,0,0,'2024-04-25 13:40:39','2024-04-25 13:40:39',19,11,69,1),(226,0,18,0,0,0,0,NULL,NULL,0,0,NULL,NULL,0,0,'2024-04-25 13:40:39','2024-04-25 13:40:39',19,11,70,1),(227,0,18,0,0,0,0,NULL,NULL,0,0,NULL,NULL,0,0,'2024-04-25 13:40:39','2024-04-25 13:40:39',19,11,71,1),(228,0,18,0,0,0,0,NULL,NULL,0,0,NULL,NULL,0,0,'2024-04-25 13:40:39','2024-04-25 13:40:39',19,11,72,1),(229,0,2000,0,0,0,0,NULL,NULL,0,0,NULL,NULL,0,0,'2024-04-25 13:40:39','2024-04-25 13:40:39',19,11,73,1),(230,0,1,0,0,0,1,'2024-04-25 06:15:43',NULL,0,0,NULL,NULL,0,0,'2024-04-25 13:48:25','2024-04-25 13:49:31',16,9,53,1),(231,0,18,0,0,0,0,NULL,NULL,0,0,NULL,NULL,0,0,'2024-04-25 13:48:25','2024-04-25 13:48:25',16,9,54,1),(232,0,18,0,0,0,0,NULL,NULL,0,0,NULL,NULL,0,0,'2024-04-25 13:48:25','2024-04-25 13:48:25',16,9,55,1),(233,0,18,0,0,0,0,NULL,NULL,0,0,NULL,NULL,0,0,'2024-04-25 13:48:25','2024-04-25 13:48:25',16,9,56,1),(234,0,18,0,0,0,0,NULL,NULL,0,0,NULL,NULL,0,0,'2024-04-25 13:48:25','2024-04-25 13:48:25',16,9,57,1),(235,0,18,0,0,0,0,NULL,NULL,0,0,NULL,NULL,0,0,'2024-04-25 13:48:25','2024-04-25 13:48:25',16,9,58,1),(236,0,2000,0,0,0,0,NULL,NULL,0,0,NULL,NULL,0,0,'2024-04-25 13:48:25','2024-04-25 13:48:25',16,9,59,1),(237,1,1,1,0,0,1,'2024-04-25 06:15:43','2024-04-25 14:05:06',0,100,'2024-04-25 14:05:06',NULL,0,15,'2024-04-25 14:00:44','2024-04-25 14:05:06',18,9,53,1),(238,0,18,1,0,0,1,'2024-04-27 05:01:59','2024-04-27 09:10:07',0,6,NULL,NULL,0,15,'2024-04-25 14:00:44','2024-04-27 09:10:07',18,9,54,1),(239,0,18,0,0,0,0,NULL,NULL,0,0,NULL,NULL,0,0,'2024-04-25 14:00:44','2024-04-25 14:00:44',18,9,55,1),(240,0,18,0,0,0,0,NULL,NULL,0,0,NULL,NULL,0,0,'2024-04-25 14:00:44','2024-04-25 14:00:44',18,9,56,1),(241,0,18,0,0,0,0,NULL,NULL,0,0,NULL,NULL,0,0,'2024-04-25 14:00:44','2024-04-25 14:00:44',18,9,57,1),(242,0,18,0,0,0,0,NULL,NULL,0,0,NULL,NULL,0,0,'2024-04-25 14:00:44','2024-04-25 14:00:44',18,9,58,1),(243,0,2000,0,0,0,0,NULL,NULL,0,0,NULL,NULL,0,0,'2024-04-25 14:00:44','2024-04-25 14:00:44',18,9,59,1),(244,0,1,0,0,0,0,NULL,NULL,0,0,NULL,NULL,0,0,'2024-04-25 14:18:14','2024-04-25 14:18:14',17,2,8,1),(245,0,18,0,0,0,0,NULL,NULL,0,0,NULL,NULL,0,0,'2024-04-25 14:18:14','2024-04-25 14:18:14',17,2,9,1),(246,0,18,0,0,0,0,NULL,NULL,0,0,NULL,NULL,0,0,'2024-04-25 14:18:14','2024-04-25 14:18:14',17,2,10,1),(247,0,18,0,0,0,0,NULL,NULL,0,0,NULL,NULL,0,0,'2024-04-25 14:18:14','2024-04-25 14:18:14',17,2,11,1),(248,0,18,0,0,0,0,NULL,NULL,0,0,NULL,NULL,0,0,'2024-04-25 14:18:14','2024-04-25 14:18:14',17,2,12,1),(249,0,18,0,0,0,0,NULL,NULL,0,0,NULL,NULL,0,0,'2024-04-25 14:18:14','2024-04-25 14:18:14',17,2,13,1),(250,0,2000,0,0,0,0,NULL,NULL,0,0,NULL,NULL,0,0,'2024-04-25 14:18:14','2024-04-25 14:18:14',17,2,14,1),(251,0,1,0,0,0,0,NULL,NULL,0,0,NULL,NULL,0,0,'2024-04-25 14:18:14','2024-04-25 14:18:14',18,2,8,1),(252,0,18,0,0,0,0,NULL,NULL,0,0,NULL,NULL,0,0,'2024-04-25 14:18:14','2024-04-25 14:18:14',18,2,9,1),(253,0,18,0,0,0,0,NULL,NULL,0,0,NULL,NULL,0,0,'2024-04-25 14:18:14','2024-04-25 14:18:14',18,2,10,1),(254,0,18,0,0,0,0,NULL,NULL,0,0,NULL,NULL,0,0,'2024-04-25 14:18:14','2024-04-25 14:18:14',18,2,11,1),(255,0,18,0,0,0,0,NULL,NULL,0,0,NULL,NULL,0,0,'2024-04-25 14:18:14','2024-04-25 14:18:14',18,2,12,1),(256,0,18,0,0,0,0,NULL,NULL,0,0,NULL,NULL,0,0,'2024-04-25 14:18:14','2024-04-25 14:18:14',18,2,13,1),(257,0,2000,0,0,0,0,NULL,NULL,0,0,NULL,NULL,0,0,'2024-04-25 14:18:14','2024-04-25 14:18:14',18,2,14,1),(258,1,1,1,0,0,1,'2024-04-25 06:15:43','2024-04-25 16:09:27',0,100,'2024-04-25 16:09:27',NULL,0,15,'2024-04-25 16:04:23','2024-04-25 16:09:27',20,9,53,1),(259,0,18,0,0,0,0,NULL,NULL,0,0,NULL,NULL,0,0,'2024-04-25 16:04:23','2024-04-25 16:04:23',20,9,54,1),(260,0,18,0,0,0,0,NULL,NULL,0,0,NULL,NULL,0,0,'2024-04-25 16:04:23','2024-04-25 16:04:23',20,9,55,1),(261,0,18,0,0,0,0,NULL,NULL,0,0,NULL,NULL,0,0,'2024-04-25 16:04:23','2024-04-25 16:04:23',20,9,56,1),(262,0,18,0,0,0,0,NULL,NULL,0,0,NULL,NULL,0,0,'2024-04-25 16:04:23','2024-04-25 16:04:23',20,9,57,1),(263,0,18,0,0,0,0,NULL,NULL,0,0,NULL,NULL,0,0,'2024-04-25 16:04:23','2024-04-25 16:04:23',20,9,58,1),(264,0,2000,0,0,0,0,NULL,NULL,0,0,NULL,NULL,0,0,'2024-04-25 16:04:23','2024-04-25 16:04:23',20,9,59,1),(265,1,1,1,0,0,1,'2024-04-25 06:15:43','2024-04-25 16:14:11',0,100,'2024-04-25 16:14:11',NULL,0,15,'2024-04-25 16:13:10','2024-04-25 16:14:11',20,14,88,1),(266,0,18,0,0,0,0,NULL,NULL,0,0,NULL,NULL,0,0,'2024-04-25 16:13:10','2024-04-25 16:13:10',20,14,89,1),(267,0,18,0,0,0,0,NULL,NULL,0,0,NULL,NULL,0,0,'2024-04-25 16:13:10','2024-04-25 16:13:10',20,14,90,1),(268,0,18,0,0,0,0,NULL,NULL,0,0,NULL,NULL,0,0,'2024-04-25 16:13:10','2024-04-25 16:13:10',20,14,91,1),(269,0,18,0,0,0,0,NULL,NULL,0,0,NULL,NULL,0,0,'2024-04-25 16:13:10','2024-04-25 16:13:10',20,14,92,1),(270,0,18,0,0,0,0,NULL,NULL,0,0,NULL,NULL,0,0,'2024-04-25 16:13:10','2024-04-25 16:13:10',20,14,93,1),(271,0,2000,0,0,0,0,NULL,NULL,0,0,NULL,NULL,0,0,'2024-04-25 16:13:10','2024-04-25 16:13:10',20,14,94,1),(272,1,1,1,0,0,1,'2024-04-25 06:15:43','2024-04-25 16:17:00',0,100,'2024-04-25 16:17:00',NULL,0,15,'2024-04-25 16:15:48','2024-04-25 16:17:00',20,11,67,1),(273,0,18,0,0,0,0,NULL,NULL,0,0,NULL,NULL,0,0,'2024-04-25 16:15:48','2024-04-25 16:15:48',20,11,68,1),(274,0,18,0,0,0,0,NULL,NULL,0,0,NULL,NULL,0,0,'2024-04-25 16:15:48','2024-04-25 16:15:48',20,11,69,1),(275,0,18,0,0,0,0,NULL,NULL,0,0,NULL,NULL,0,0,'2024-04-25 16:15:48','2024-04-25 16:15:48',20,11,70,1),(276,0,18,0,0,0,0,NULL,NULL,0,0,NULL,NULL,0,0,'2024-04-25 16:15:48','2024-04-25 16:15:48',20,11,71,1),(277,0,18,0,0,0,0,NULL,NULL,0,0,NULL,NULL,0,0,'2024-04-25 16:15:48','2024-04-25 16:15:48',20,11,72,1),(278,0,2000,0,0,0,0,NULL,NULL,0,0,NULL,NULL,0,0,'2024-04-25 16:15:48','2024-04-25 16:15:48',20,11,73,1),(279,1,1,1,0,0,1,'2024-04-25 06:15:43','2024-04-25 16:32:30',0,100,'2024-04-25 16:32:30',NULL,0,15,'2024-04-25 16:30:56','2024-04-25 16:32:30',20,13,81,1),(280,0,18,0,0,0,0,NULL,NULL,0,0,NULL,NULL,0,0,'2024-04-25 16:30:56','2024-04-25 16:30:56',20,13,82,1),(281,0,18,0,0,0,0,NULL,NULL,0,0,NULL,NULL,0,0,'2024-04-25 16:30:56','2024-04-25 16:30:56',20,13,83,1),(282,0,18,0,0,0,0,NULL,NULL,0,0,NULL,NULL,0,0,'2024-04-25 16:30:56','2024-04-25 16:30:56',20,13,84,1),(283,0,18,0,0,0,0,NULL,NULL,0,0,NULL,NULL,0,0,'2024-04-25 16:30:56','2024-04-25 16:30:56',20,13,85,1),(284,0,18,0,0,0,0,NULL,NULL,0,0,NULL,NULL,0,0,'2024-04-25 16:30:56','2024-04-25 16:30:56',20,13,86,1),(285,0,2000,0,0,0,0,NULL,NULL,0,0,NULL,NULL,0,0,'2024-04-25 16:30:56','2024-04-25 16:30:56',20,13,87,1),(286,0,1,0,0,0,1,'2024-04-25 06:15:43',NULL,0,0,NULL,NULL,0,0,'2024-04-25 16:44:53','2024-04-25 16:44:53',20,9,53,1),(287,0,18,0,0,0,0,NULL,NULL,0,0,NULL,NULL,0,0,'2024-04-25 16:44:53','2024-04-25 16:44:53',20,9,54,1),(288,0,18,0,0,0,0,NULL,NULL,0,0,NULL,NULL,0,0,'2024-04-25 16:44:53','2024-04-25 16:44:53',20,9,55,1),(289,0,18,0,0,0,0,NULL,NULL,0,0,NULL,NULL,0,0,'2024-04-25 16:44:53','2024-04-25 16:44:53',20,9,56,1),(290,0,18,0,0,0,0,NULL,NULL,0,0,NULL,NULL,0,0,'2024-04-25 16:44:53','2024-04-25 16:44:53',20,9,57,1),(291,0,18,0,0,0,0,NULL,NULL,0,0,NULL,NULL,0,0,'2024-04-25 16:44:53','2024-04-25 16:44:53',20,9,58,1),(292,0,2000,0,0,0,0,NULL,NULL,0,0,NULL,NULL,0,0,'2024-04-25 16:44:53','2024-04-25 16:44:53',20,9,59,1),(293,1,1,1,0,0,1,'2024-04-25 17:17:30','2024-04-25 20:03:05',0,100,'2024-04-25 20:03:05',NULL,0,15,'2024-04-25 20:01:40','2024-04-25 20:03:05',10,10,60,1),(294,0,18,14,0,0,1,'2024-04-26 03:13:24','2024-06-08 11:45:36',0,78,NULL,NULL,0,210,'2024-04-25 20:01:40','2024-06-08 11:45:36',10,10,61,1),(295,0,18,0,0,0,0,NULL,NULL,0,0,NULL,NULL,0,0,'2024-04-25 20:01:40','2024-04-25 20:01:40',10,10,62,1),(296,0,18,0,0,0,0,NULL,NULL,0,0,NULL,NULL,0,0,'2024-04-25 20:01:40','2024-04-25 20:01:40',10,10,63,1),(297,0,18,0,0,0,0,NULL,NULL,0,0,NULL,NULL,0,0,'2024-04-25 20:01:40','2024-04-25 20:01:40',10,10,64,1),(298,0,18,0,0,0,0,NULL,NULL,0,0,NULL,NULL,0,0,'2024-04-25 20:01:40','2024-04-25 20:01:40',10,10,65,1),(299,0,2000,0,0,0,0,NULL,NULL,0,0,NULL,NULL,0,0,'2024-04-25 20:01:40','2024-04-25 20:01:40',10,10,66,1),(307,0,1,0,0,0,0,NULL,NULL,0,0,NULL,NULL,0,0,'2024-04-26 02:07:10','2024-04-26 02:07:10',22,2,8,1),(308,0,18,0,0,0,0,NULL,NULL,0,0,NULL,NULL,0,0,'2024-04-26 02:07:10','2024-04-26 02:07:10',22,2,9,1),(309,0,18,0,0,0,0,NULL,NULL,0,0,NULL,NULL,0,0,'2024-04-26 02:07:10','2024-04-26 02:07:10',22,2,10,1),(310,0,18,0,0,0,0,NULL,NULL,0,0,NULL,NULL,0,0,'2024-04-26 02:07:10','2024-04-26 02:07:10',22,2,11,1),(311,0,18,0,0,0,0,NULL,NULL,0,0,NULL,NULL,0,0,'2024-04-26 02:07:10','2024-04-26 02:07:10',22,2,12,1),(312,0,18,0,0,0,0,NULL,NULL,0,0,NULL,NULL,0,0,'2024-04-26 02:07:10','2024-04-26 02:07:10',22,2,13,1),(313,0,2000,0,0,0,0,NULL,NULL,0,0,NULL,NULL,0,0,'2024-04-26 02:07:10','2024-04-26 02:07:10',22,2,14,1),(314,1,1,1,0,0,1,'2024-04-26 10:38:51','2024-04-26 12:37:43',0,100,'2024-04-26 12:37:43',NULL,10,0,'2024-04-26 10:26:55','2024-04-26 12:37:43',23,2,8,1),(315,0,18,0,0,0,0,NULL,NULL,0,0,NULL,NULL,0,0,'2024-04-26 10:26:55','2024-04-26 10:26:55',23,2,9,1),(316,0,18,0,0,0,0,NULL,NULL,0,0,NULL,NULL,0,0,'2024-04-26 10:26:55','2024-04-26 10:26:55',23,2,10,1),(317,0,18,0,0,0,0,NULL,NULL,0,0,NULL,NULL,0,0,'2024-04-26 10:26:55','2024-04-26 10:26:55',23,2,11,1),(318,0,18,0,0,0,0,NULL,NULL,0,0,NULL,NULL,0,0,'2024-04-26 10:26:55','2024-04-26 10:26:55',23,2,12,1),(319,0,18,0,0,0,0,NULL,NULL,0,0,NULL,NULL,0,0,'2024-04-26 10:26:55','2024-04-26 10:26:55',23,2,13,1),(320,0,2000,0,0,0,0,NULL,NULL,0,0,NULL,NULL,0,0,'2024-04-26 10:26:55','2024-04-26 10:26:55',23,2,14,1),(321,1,1,1,0,0,1,'2024-04-26 10:38:51','2024-04-26 11:36:41',0,100,'2024-04-26 11:36:41',NULL,10,0,'2024-04-26 10:26:55','2024-04-26 11:36:41',24,2,8,1),(322,0,18,0,0,0,0,NULL,NULL,0,0,NULL,NULL,0,0,'2024-04-26 10:26:55','2024-04-26 10:26:55',24,2,9,1),(323,0,18,0,0,0,0,NULL,NULL,0,0,NULL,NULL,0,0,'2024-04-26 10:26:55','2024-04-26 10:26:55',24,2,10,1),(324,0,18,0,0,0,0,NULL,NULL,0,0,NULL,NULL,0,0,'2024-04-26 10:26:55','2024-04-26 10:26:55',24,2,11,1),(325,0,18,0,0,0,0,NULL,NULL,0,0,NULL,NULL,0,0,'2024-04-26 10:26:55','2024-04-26 10:26:55',24,2,12,1),(326,0,18,0,0,0,0,NULL,NULL,0,0,NULL,NULL,0,0,'2024-04-26 10:26:55','2024-04-26 10:26:55',24,2,13,1),(327,0,2000,0,0,0,0,NULL,NULL,0,0,NULL,NULL,0,0,'2024-04-26 10:26:55','2024-04-26 10:26:55',24,2,14,1),(328,0,1,0,0,0,0,NULL,NULL,0,0,NULL,NULL,0,0,'2024-04-26 11:26:03','2024-04-26 11:26:03',25,1,1,1),(329,0,18,0,0,0,0,NULL,NULL,0,0,NULL,NULL,0,0,'2024-04-26 11:26:03','2024-04-26 11:26:03',25,1,2,1),(330,0,18,0,0,0,0,NULL,NULL,0,0,NULL,NULL,0,0,'2024-04-26 11:26:03','2024-04-26 11:26:03',25,1,3,1),(331,0,18,0,0,0,0,NULL,NULL,0,0,NULL,NULL,0,0,'2024-04-26 11:26:03','2024-04-26 11:26:03',25,1,4,1),(332,0,18,0,0,0,0,NULL,NULL,0,0,NULL,NULL,0,0,'2024-04-26 11:26:03','2024-04-26 11:26:03',25,1,5,1),(333,0,18,0,0,0,0,NULL,NULL,0,0,NULL,NULL,0,0,'2024-04-26 11:26:03','2024-04-26 11:26:03',25,1,6,1),(334,0,2000,0,0,0,0,NULL,NULL,0,0,NULL,NULL,0,0,'2024-04-26 11:26:03','2024-04-26 11:26:03',25,1,7,1),(335,1,1,1,0,0,1,'2024-04-26 10:38:51','2024-04-26 11:34:39',0,100,'2024-04-26 11:34:39',NULL,10,0,'2024-04-26 11:26:03','2024-04-26 11:34:39',10,1,1,1),(336,0,18,16,0,0,1,'2024-04-27 04:16:07','2024-06-08 11:46:04',0,89,NULL,NULL,160,0,'2024-04-26 11:26:03','2024-06-08 11:46:05',10,1,2,1),(337,0,18,0,0,0,0,NULL,NULL,0,0,NULL,NULL,0,0,'2024-04-26 11:26:03','2024-04-26 11:26:03',10,1,3,1),(338,0,18,0,0,0,0,NULL,NULL,0,0,NULL,NULL,0,0,'2024-04-26 11:26:03','2024-04-26 11:26:03',10,1,4,1),(339,0,18,0,0,0,0,NULL,NULL,0,0,NULL,NULL,0,0,'2024-04-26 11:26:03','2024-04-26 11:26:03',10,1,5,1),(340,0,18,0,0,0,0,NULL,NULL,0,0,NULL,NULL,0,0,'2024-04-26 11:26:03','2024-04-26 11:26:03',10,1,6,1),(341,0,2000,0,0,0,0,NULL,NULL,0,0,NULL,NULL,0,0,'2024-04-26 11:26:03','2024-04-26 11:26:03',10,1,7,1),(342,1,1,1,0,0,1,'2024-04-26 10:38:51','2024-04-26 11:36:59',0,100,'2024-04-26 11:36:59',NULL,0,15,'2024-04-26 11:34:27','2024-04-26 11:36:59',24,11,67,1),(343,0,18,0,0,0,0,NULL,NULL,0,0,NULL,NULL,0,0,'2024-04-26 11:34:27','2024-04-26 11:34:27',24,11,68,1),(344,0,18,0,0,0,0,NULL,NULL,0,0,NULL,NULL,0,0,'2024-04-26 11:34:27','2024-04-26 11:34:27',24,11,69,1),(345,0,18,0,0,0,0,NULL,NULL,0,0,NULL,NULL,0,0,'2024-04-26 11:34:27','2024-04-26 11:34:27',24,11,70,1),(346,0,18,0,0,0,0,NULL,NULL,0,0,NULL,NULL,0,0,'2024-04-26 11:34:27','2024-04-26 11:34:27',24,11,71,1),(347,0,18,0,0,0,0,NULL,NULL,0,0,NULL,NULL,0,0,'2024-04-26 11:34:27','2024-04-26 11:34:27',24,11,72,1),(348,0,2000,0,0,0,0,NULL,NULL,0,0,NULL,NULL,0,0,'2024-04-26 11:34:27','2024-04-26 11:34:27',24,11,73,1),(349,1,1,1,0,0,1,'2024-04-26 10:38:51','2024-04-26 12:36:22',0,100,'2024-04-26 12:36:22',NULL,0,15,'2024-04-26 12:34:35','2024-04-26 12:36:22',23,9,53,1),(350,0,18,0,0,0,0,NULL,NULL,0,0,NULL,NULL,0,0,'2024-04-26 12:34:35','2024-04-26 12:34:35',23,9,54,1),(351,0,18,0,0,0,0,NULL,NULL,0,0,NULL,NULL,0,0,'2024-04-26 12:34:35','2024-04-26 12:34:35',23,9,55,1),(352,0,18,0,0,0,0,NULL,NULL,0,0,NULL,NULL,0,0,'2024-04-26 12:34:35','2024-04-26 12:34:35',23,9,56,1),(353,0,18,0,0,0,0,NULL,NULL,0,0,NULL,NULL,0,0,'2024-04-26 12:34:35','2024-04-26 12:34:35',23,9,57,1),(354,0,18,0,0,0,0,NULL,NULL,0,0,NULL,NULL,0,0,'2024-04-26 12:34:35','2024-04-26 12:34:35',23,9,58,1),(355,0,2000,0,0,0,0,NULL,NULL,0,0,NULL,NULL,0,0,'2024-04-26 12:34:35','2024-04-26 12:34:35',23,9,59,1),(356,1,1,1,0,0,1,'2024-04-27 05:01:59','2024-04-27 08:12:02',0,100,'2024-04-27 08:12:02',NULL,10,0,'2024-04-27 06:26:11','2024-04-27 08:12:02',26,2,8,1),(357,0,18,0,0,0,0,NULL,NULL,0,0,NULL,NULL,0,0,'2024-04-27 06:26:11','2024-04-27 06:26:11',26,2,9,1),(358,0,18,0,0,0,0,NULL,NULL,0,0,NULL,NULL,0,0,'2024-04-27 06:26:11','2024-04-27 06:26:11',26,2,10,1),(359,0,18,0,0,0,0,NULL,NULL,0,0,NULL,NULL,0,0,'2024-04-27 06:26:11','2024-04-27 06:26:11',26,2,11,1),(360,0,18,0,0,0,0,NULL,NULL,0,0,NULL,NULL,0,0,'2024-04-27 06:26:11','2024-04-27 06:26:11',26,2,12,1),(361,0,18,0,0,0,0,NULL,NULL,0,0,NULL,NULL,0,0,'2024-04-27 06:26:11','2024-04-27 06:26:11',26,2,13,1),(362,0,2000,0,0,0,0,NULL,NULL,0,0,NULL,NULL,0,0,'2024-04-27 06:26:11','2024-04-27 06:26:11',26,2,14,1),(363,1,1,1,0,0,1,'2024-04-27 05:01:59','2024-04-27 08:11:17',0,100,'2024-04-27 08:11:17',NULL,0,15,'2024-04-27 08:08:48','2024-04-27 08:11:17',26,11,67,1),(364,0,18,0,0,0,0,NULL,NULL,0,0,NULL,NULL,0,0,'2024-04-27 08:08:48','2024-04-27 08:08:48',26,11,68,1),(365,0,18,0,0,0,0,NULL,NULL,0,0,NULL,NULL,0,0,'2024-04-27 08:08:48','2024-04-27 08:08:48',26,11,69,1),(366,0,18,0,0,0,0,NULL,NULL,0,0,NULL,NULL,0,0,'2024-04-27 08:08:48','2024-04-27 08:08:48',26,11,70,1),(367,0,18,0,0,0,0,NULL,NULL,0,0,NULL,NULL,0,0,'2024-04-27 08:08:48','2024-04-27 08:08:48',26,11,71,1),(368,0,18,0,0,0,0,NULL,NULL,0,0,NULL,NULL,0,0,'2024-04-27 08:08:48','2024-04-27 08:08:48',26,11,72,1),(369,0,2000,0,0,0,0,NULL,NULL,0,0,NULL,NULL,0,0,'2024-04-27 08:08:48','2024-04-27 08:08:48',26,11,73,1),(370,1,1,1,0,0,1,'2024-04-27 05:01:59','2024-04-27 09:26:07',0,100,'2024-04-27 09:26:07',NULL,20,0,'2024-04-27 09:22:27','2024-04-27 09:26:07',35,3,15,1),(371,0,18,0,0,0,0,NULL,NULL,0,0,NULL,NULL,0,0,'2024-04-27 09:22:27','2024-04-27 09:22:27',35,3,16,1),(372,0,18,0,0,0,0,NULL,NULL,0,0,NULL,NULL,0,0,'2024-04-27 09:22:27','2024-04-27 09:22:27',35,3,17,1),(373,0,18,0,0,0,0,NULL,NULL,0,0,NULL,NULL,0,0,'2024-04-27 09:22:27','2024-04-27 09:22:27',35,3,18,1),(374,0,18,0,0,0,0,NULL,NULL,0,0,NULL,NULL,0,0,'2024-04-27 09:22:27','2024-04-27 09:22:27',35,3,19,1),(375,0,18,0,0,0,0,NULL,NULL,0,0,NULL,NULL,0,0,'2024-04-27 09:22:27','2024-04-27 09:22:27',35,3,20,1),(376,0,2000,0,0,0,0,NULL,NULL,0,0,NULL,NULL,0,0,'2024-04-27 09:22:27','2024-04-27 09:22:27',35,3,21,1),(377,0,1,0,0,0,0,NULL,NULL,0,0,NULL,NULL,0,0,'2024-04-27 09:22:27','2024-04-27 09:22:27',36,3,15,1),(378,0,18,0,0,0,0,NULL,NULL,0,0,NULL,NULL,0,0,'2024-04-27 09:22:27','2024-04-27 09:22:27',36,3,16,1),(379,0,18,0,0,0,0,NULL,NULL,0,0,NULL,NULL,0,0,'2024-04-27 09:22:27','2024-04-27 09:22:27',36,3,17,1),(380,0,18,0,0,0,0,NULL,NULL,0,0,NULL,NULL,0,0,'2024-04-27 09:22:27','2024-04-27 09:22:27',36,3,18,1),(381,0,18,0,0,0,0,NULL,NULL,0,0,NULL,NULL,0,0,'2024-04-27 09:22:27','2024-04-27 09:22:27',36,3,19,1),(382,0,18,0,0,0,0,NULL,NULL,0,0,NULL,NULL,0,0,'2024-04-27 09:22:27','2024-04-27 09:22:27',36,3,20,1),(383,0,2000,0,0,0,0,NULL,NULL,0,0,NULL,NULL,0,0,'2024-04-27 09:22:27','2024-04-27 09:22:27',36,3,21,1),(384,1,1,1,0,0,1,'2024-04-27 05:01:59','2024-04-27 09:27:00',0,100,'2024-04-27 09:27:00',NULL,0,15,'2024-04-27 09:24:37','2024-04-27 09:27:00',35,11,67,1),(385,0,18,0,0,0,1,'2024-04-29 07:30:02',NULL,0,0,NULL,NULL,0,0,'2024-04-27 09:24:37','2024-04-29 07:30:02',35,11,68,1),(386,0,18,0,0,0,0,NULL,NULL,0,0,NULL,NULL,0,0,'2024-04-27 09:24:37','2024-04-27 09:24:37',35,11,69,1),(387,0,18,0,0,0,0,NULL,NULL,0,0,NULL,NULL,0,0,'2024-04-27 09:24:37','2024-04-27 09:24:37',35,11,70,1),(388,0,18,0,0,0,0,NULL,NULL,0,0,NULL,NULL,0,0,'2024-04-27 09:24:37','2024-04-27 09:24:37',35,11,71,1),(389,0,18,0,0,0,0,NULL,NULL,0,0,NULL,NULL,0,0,'2024-04-27 09:24:37','2024-04-27 09:24:37',35,11,72,1),(390,0,2000,0,0,0,0,NULL,NULL,0,0,NULL,NULL,0,0,'2024-04-27 09:24:37','2024-04-27 09:24:37',35,11,73,1),(391,1,1,1,0,0,1,'2024-04-27 05:01:59','2024-04-27 09:45:54',0,100,'2024-04-27 09:45:54',NULL,0,15,'2024-04-27 09:44:02','2024-04-27 09:45:54',35,10,60,1),(392,0,18,0,0,0,1,'2024-04-29 07:34:25',NULL,0,0,NULL,NULL,0,0,'2024-04-27 09:44:02','2024-04-29 07:34:25',35,10,61,1),(393,0,18,0,0,0,0,NULL,NULL,0,0,NULL,NULL,0,0,'2024-04-27 09:44:02','2024-04-27 09:44:02',35,10,62,1),(394,0,18,0,0,0,0,NULL,NULL,0,0,NULL,NULL,0,0,'2024-04-27 09:44:02','2024-04-27 09:44:02',35,10,63,1),(395,0,18,0,0,0,0,NULL,NULL,0,0,NULL,NULL,0,0,'2024-04-27 09:44:02','2024-04-27 09:44:02',35,10,64,1),(396,0,18,0,0,0,0,NULL,NULL,0,0,NULL,NULL,0,0,'2024-04-27 09:44:02','2024-04-27 09:44:02',35,10,65,1),(397,0,2000,0,0,0,0,NULL,NULL,0,0,NULL,NULL,0,0,'2024-04-27 09:44:02','2024-04-27 09:44:02',35,10,66,1),(398,1,1,1,0,0,1,'2024-04-27 05:01:59','2024-04-27 10:32:11',0,100,'2024-04-27 10:32:11',NULL,10,0,'2024-04-27 10:06:19','2024-04-27 10:32:11',36,1,1,1),(399,0,18,0,0,0,0,NULL,NULL,0,0,NULL,NULL,0,0,'2024-04-27 10:06:19','2024-04-27 10:06:19',36,1,2,1),(400,0,18,0,0,0,0,NULL,NULL,0,0,NULL,NULL,0,0,'2024-04-27 10:06:19','2024-04-27 10:06:19',36,1,3,1),(401,0,18,0,0,0,0,NULL,NULL,0,0,NULL,NULL,0,0,'2024-04-27 10:06:19','2024-04-27 10:06:19',36,1,4,1),(402,0,18,0,0,0,0,NULL,NULL,0,0,NULL,NULL,0,0,'2024-04-27 10:06:19','2024-04-27 10:06:19',36,1,5,1),(403,0,18,0,0,0,0,NULL,NULL,0,0,NULL,NULL,0,0,'2024-04-27 10:06:19','2024-04-27 10:06:19',36,1,6,1),(404,0,2000,0,0,0,0,NULL,NULL,0,0,NULL,NULL,0,0,'2024-04-27 10:06:19','2024-04-27 10:06:19',36,1,7,1),(405,1,1,1,0,0,1,'2024-04-27 05:01:59','2024-04-27 10:32:50',0,100,'2024-04-27 10:32:50',NULL,0,15,'2024-04-27 10:26:15','2024-04-27 10:32:50',36,11,67,1),(406,0,18,0,0,0,0,NULL,NULL,0,0,NULL,NULL,0,0,'2024-04-27 10:26:15','2024-04-27 10:26:15',36,11,68,1),(407,0,18,0,0,0,0,NULL,NULL,0,0,NULL,NULL,0,0,'2024-04-27 10:26:15','2024-04-27 10:26:15',36,11,69,1),(408,0,18,0,0,0,0,NULL,NULL,0,0,NULL,NULL,0,0,'2024-04-27 10:26:15','2024-04-27 10:26:15',36,11,70,1),(409,0,18,0,0,0,0,NULL,NULL,0,0,NULL,NULL,0,0,'2024-04-27 10:26:15','2024-04-27 10:26:15',36,11,71,1),(410,0,18,0,0,0,0,NULL,NULL,0,0,NULL,NULL,0,0,'2024-04-27 10:26:15','2024-04-27 10:26:15',36,11,72,1),(411,0,2000,0,0,0,0,NULL,NULL,0,0,NULL,NULL,0,0,'2024-04-27 10:26:15','2024-04-27 10:26:15',36,11,73,1),(412,1,1,1,0,0,1,'2024-04-28 07:55:55','2024-04-28 10:46:56',0,100,'2024-04-28 10:46:56',NULL,10,0,'2024-04-27 14:32:53','2024-04-28 10:46:56',37,2,8,1),(413,0,18,0,0,0,0,NULL,NULL,0,0,NULL,NULL,0,0,'2024-04-27 14:32:53','2024-04-27 14:32:53',37,2,9,1),(414,0,18,0,0,0,0,NULL,NULL,0,0,NULL,NULL,0,0,'2024-04-27 14:32:53','2024-04-27 14:32:53',37,2,10,1),(415,0,18,0,0,0,0,NULL,NULL,0,0,NULL,NULL,0,0,'2024-04-27 14:32:53','2024-04-27 14:32:53',37,2,11,1),(416,0,18,0,0,0,0,NULL,NULL,0,0,NULL,NULL,0,0,'2024-04-27 14:32:53','2024-04-27 14:32:53',37,2,12,1),(417,0,18,0,0,0,0,NULL,NULL,0,0,NULL,NULL,0,0,'2024-04-27 14:32:53','2024-04-27 14:32:53',37,2,13,1),(418,0,2000,0,0,0,0,NULL,NULL,0,0,NULL,NULL,0,0,'2024-04-27 14:32:53','2024-04-27 14:32:53',37,2,14,1),(419,1,1,1,0,0,1,'2024-04-28 07:55:55','2024-04-28 10:46:08',0,100,'2024-04-28 10:46:08',NULL,0,15,'2024-04-28 10:38:16','2024-04-28 10:46:08',37,9,53,1),(420,0,18,0,0,0,0,NULL,NULL,0,0,NULL,NULL,0,0,'2024-04-28 10:38:16','2024-04-28 10:38:16',37,9,54,1),(421,0,18,0,0,0,0,NULL,NULL,0,0,NULL,NULL,0,0,'2024-04-28 10:38:16','2024-04-28 10:38:16',37,9,55,1),(422,0,18,0,0,0,0,NULL,NULL,0,0,NULL,NULL,0,0,'2024-04-28 10:38:16','2024-04-28 10:38:16',37,9,56,1),(423,0,18,0,0,0,0,NULL,NULL,0,0,NULL,NULL,0,0,'2024-04-28 10:38:16','2024-04-28 10:38:16',37,9,57,1),(424,0,18,0,0,0,0,NULL,NULL,0,0,NULL,NULL,0,0,'2024-04-28 10:38:16','2024-04-28 10:38:16',37,9,58,1),(425,0,2000,0,0,0,0,NULL,NULL,0,0,NULL,NULL,0,0,'2024-04-28 10:38:16','2024-04-28 10:38:16',37,9,59,1),(426,0,1,0,0,0,1,'2024-05-14 08:47:31',NULL,0,0,NULL,NULL,0,0,'2024-04-29 07:16:19','2024-05-14 08:47:31',38,3,15,1),(427,0,18,0,0,0,0,NULL,NULL,0,0,NULL,NULL,0,0,'2024-04-29 07:16:19','2024-04-29 07:16:19',38,3,16,1),(428,0,18,0,0,0,0,NULL,NULL,0,0,NULL,NULL,0,0,'2024-04-29 07:16:19','2024-04-29 07:16:19',38,3,17,1),(429,0,18,0,0,0,0,NULL,NULL,0,0,NULL,NULL,0,0,'2024-04-29 07:16:19','2024-04-29 07:16:19',38,3,18,1),(430,0,18,0,0,0,0,NULL,NULL,0,0,NULL,NULL,0,0,'2024-04-29 07:16:19','2024-04-29 07:16:19',38,3,19,1),(431,0,18,0,0,0,0,NULL,NULL,0,0,NULL,NULL,0,0,'2024-04-29 07:16:19','2024-04-29 07:16:19',38,3,20,1),(432,0,2000,0,0,0,0,NULL,NULL,0,0,NULL,NULL,0,0,'2024-04-29 07:16:19','2024-04-29 07:16:19',38,3,21,1),(433,0,1,0,0,0,0,NULL,NULL,0,0,NULL,NULL,0,0,'2024-04-29 07:16:19','2024-04-29 07:16:19',39,3,15,1),(434,0,18,0,0,0,0,NULL,NULL,0,0,NULL,NULL,0,0,'2024-04-29 07:16:19','2024-04-29 07:16:19',39,3,16,1),(435,0,18,0,0,0,0,NULL,NULL,0,0,NULL,NULL,0,0,'2024-04-29 07:16:19','2024-04-29 07:16:19',39,3,17,1),(436,0,18,0,0,0,0,NULL,NULL,0,0,NULL,NULL,0,0,'2024-04-29 07:16:19','2024-04-29 07:16:19',39,3,18,1),(437,0,18,0,0,0,0,NULL,NULL,0,0,NULL,NULL,0,0,'2024-04-29 07:16:19','2024-04-29 07:16:19',39,3,19,1),(438,0,18,0,0,0,0,NULL,NULL,0,0,NULL,NULL,0,0,'2024-04-29 07:16:19','2024-04-29 07:16:19',39,3,20,1),(439,0,2000,0,0,0,0,NULL,NULL,0,0,NULL,NULL,0,0,'2024-04-29 07:16:19','2024-04-29 07:16:19',39,3,21,1),(447,1,1,1,0,0,1,'2024-04-29 10:12:31','2024-04-30 02:12:52',0,100,'2024-04-30 02:12:52',NULL,0,15,'2024-04-29 10:12:31','2024-04-30 02:12:52',21,10,60,1),(448,0,18,0,0,0,1,'2024-05-03 06:47:20',NULL,0,0,NULL,NULL,0,0,'2024-04-29 10:12:31','2024-05-03 06:47:20',21,10,61,1),(449,0,18,0,0,0,0,NULL,NULL,0,0,NULL,NULL,0,0,'2024-04-29 10:12:31','2024-04-29 10:12:31',21,10,62,1),(450,0,18,0,0,0,0,NULL,NULL,0,0,NULL,NULL,0,0,'2024-04-29 10:12:31','2024-04-29 10:12:31',21,10,63,1),(451,0,18,0,0,0,0,NULL,NULL,0,0,NULL,NULL,0,0,'2024-04-29 10:12:31','2024-04-29 10:12:31',21,10,64,1),(452,0,18,0,0,0,0,NULL,NULL,0,0,NULL,NULL,0,0,'2024-04-29 10:12:31','2024-04-29 10:12:31',21,10,65,1),(453,0,2000,0,0,0,0,NULL,NULL,0,0,NULL,NULL,0,0,'2024-04-29 10:12:31','2024-04-29 10:12:31',21,10,66,1),(454,1,1,1,0,0,1,'2024-04-30 10:20:51','2024-04-30 10:21:47',0,100,'2024-04-30 10:21:47',NULL,0,15,'2024-04-29 12:21:33','2024-04-30 10:21:47',5,11,67,1),(455,0,18,0,0,0,1,'2024-05-06 04:19:50',NULL,0,0,NULL,NULL,0,0,'2024-04-29 12:21:33','2024-05-06 04:19:50',5,11,68,1),(456,0,18,0,0,0,0,NULL,NULL,0,0,NULL,NULL,0,0,'2024-04-29 12:21:33','2024-04-29 12:21:33',5,11,69,1),(457,0,18,0,0,0,0,NULL,NULL,0,0,NULL,NULL,0,0,'2024-04-29 12:21:33','2024-04-29 12:21:33',5,11,70,1),(458,0,18,0,0,0,0,NULL,NULL,0,0,NULL,NULL,0,0,'2024-04-29 12:21:33','2024-04-29 12:21:33',5,11,71,1),(459,0,18,0,0,0,0,NULL,NULL,0,0,NULL,NULL,0,0,'2024-04-29 12:21:33','2024-04-29 12:21:33',5,11,72,1),(460,0,2000,0,0,0,0,NULL,NULL,0,0,NULL,NULL,0,0,'2024-04-29 12:21:33','2024-04-29 12:21:33',5,11,73,1),(461,0,1,0,0,0,0,NULL,NULL,0,0,NULL,NULL,0,0,'2024-04-29 14:33:51','2024-04-29 14:33:51',37,3,15,1),(462,0,18,0,0,0,0,NULL,NULL,0,0,NULL,NULL,0,0,'2024-04-29 14:33:51','2024-04-29 14:33:51',37,3,16,1),(463,0,18,0,0,0,0,NULL,NULL,0,0,NULL,NULL,0,0,'2024-04-29 14:33:51','2024-04-29 14:33:51',37,3,17,1),(464,0,18,0,0,0,0,NULL,NULL,0,0,NULL,NULL,0,0,'2024-04-29 14:33:51','2024-04-29 14:33:51',37,3,18,1),(465,0,18,0,0,0,0,NULL,NULL,0,0,NULL,NULL,0,0,'2024-04-29 14:33:51','2024-04-29 14:33:51',37,3,19,1),(466,0,18,0,0,0,0,NULL,NULL,0,0,NULL,NULL,0,0,'2024-04-29 14:33:51','2024-04-29 14:33:51',37,3,20,1),(467,0,2000,0,0,0,0,NULL,NULL,0,0,NULL,NULL,0,0,'2024-04-29 14:33:51','2024-04-29 14:33:51',37,3,21,1),(468,0,1,0,0,0,0,NULL,NULL,0,0,NULL,NULL,0,0,'2024-04-29 14:33:51','2024-04-29 14:33:51',40,3,15,1),(469,0,18,0,0,0,0,NULL,NULL,0,0,NULL,NULL,0,0,'2024-04-29 14:33:51','2024-04-29 14:33:51',40,3,16,1),(470,0,18,0,0,0,0,NULL,NULL,0,0,NULL,NULL,0,0,'2024-04-29 14:33:51','2024-04-29 14:33:51',40,3,17,1),(471,0,18,0,0,0,0,NULL,NULL,0,0,NULL,NULL,0,0,'2024-04-29 14:33:51','2024-04-29 14:33:51',40,3,18,1),(472,0,18,0,0,0,0,NULL,NULL,0,0,NULL,NULL,0,0,'2024-04-29 14:33:51','2024-04-29 14:33:51',40,3,19,1),(473,0,18,0,0,0,0,NULL,NULL,0,0,NULL,NULL,0,0,'2024-04-29 14:33:51','2024-04-29 14:33:51',40,3,20,1),(474,0,2000,0,0,0,0,NULL,NULL,0,0,NULL,NULL,0,0,'2024-04-29 14:33:51','2024-04-29 14:33:51',40,3,21,1),(475,1,1,1,0,0,1,'2024-04-30 04:26:50','2024-04-30 04:29:58',0,100,'2024-04-30 04:29:58',NULL,20,0,'2024-04-29 14:33:51','2024-04-30 04:29:58',41,3,15,1),(476,0,18,0,0,0,0,NULL,NULL,0,0,NULL,NULL,0,0,'2024-04-29 14:33:51','2024-04-29 14:33:51',41,3,16,1),(477,0,18,0,0,0,0,NULL,NULL,0,0,NULL,NULL,0,0,'2024-04-29 14:33:51','2024-04-29 14:33:51',41,3,17,1),(478,0,18,0,0,0,0,NULL,NULL,0,0,NULL,NULL,0,0,'2024-04-29 14:33:51','2024-04-29 14:33:51',41,3,18,1),(479,0,18,0,0,0,0,NULL,NULL,0,0,NULL,NULL,0,0,'2024-04-29 14:33:51','2024-04-29 14:33:51',41,3,19,1),(480,0,18,0,0,0,0,NULL,NULL,0,0,NULL,NULL,0,0,'2024-04-29 14:33:51','2024-04-29 14:33:51',41,3,20,1),(481,0,2000,0,0,0,0,NULL,NULL,0,0,NULL,NULL,0,0,'2024-04-29 14:33:51','2024-04-29 14:33:51',41,3,21,1),(482,1,1,1,0,0,1,'2024-04-30 07:03:35','2024-04-30 07:05:32',0,100,'2024-04-30 07:05:32',NULL,20,0,'2024-04-29 14:33:51','2024-04-30 07:05:32',42,3,15,1),(483,0,18,0,0,0,0,NULL,NULL,0,0,NULL,NULL,0,0,'2024-04-29 14:33:51','2024-04-29 14:33:51',42,3,16,1),(484,0,18,0,0,0,0,NULL,NULL,0,0,NULL,NULL,0,0,'2024-04-29 14:33:51','2024-04-29 14:33:51',42,3,17,1),(485,0,18,0,0,0,0,NULL,NULL,0,0,NULL,NULL,0,0,'2024-04-29 14:33:51','2024-04-29 14:33:51',42,3,18,1),(486,0,18,0,0,0,0,NULL,NULL,0,0,NULL,NULL,0,0,'2024-04-29 14:33:51','2024-04-29 14:33:51',42,3,19,1),(487,0,18,0,0,0,0,NULL,NULL,0,0,NULL,NULL,0,0,'2024-04-29 14:33:51','2024-04-29 14:33:51',42,3,20,1),(488,0,2000,0,0,0,0,NULL,NULL,0,0,NULL,NULL,0,0,'2024-04-29 14:33:51','2024-04-29 14:33:51',42,3,21,1),(489,0,1,0,0,0,0,NULL,NULL,0,0,NULL,NULL,0,0,'2024-04-29 14:47:15','2024-04-29 14:47:15',43,2,8,1),(490,0,18,0,0,0,0,NULL,NULL,0,0,NULL,NULL,0,0,'2024-04-29 14:47:15','2024-04-29 14:47:15',43,2,9,1),(491,0,18,0,0,0,0,NULL,NULL,0,0,NULL,NULL,0,0,'2024-04-29 14:47:15','2024-04-29 14:47:15',43,2,10,1),(492,0,18,0,0,0,0,NULL,NULL,0,0,NULL,NULL,0,0,'2024-04-29 14:47:15','2024-04-29 14:47:15',43,2,11,1),(493,0,18,0,0,0,0,NULL,NULL,0,0,NULL,NULL,0,0,'2024-04-29 14:47:15','2024-04-29 14:47:15',43,2,12,1),(494,0,18,0,0,0,0,NULL,NULL,0,0,NULL,NULL,0,0,'2024-04-29 14:47:15','2024-04-29 14:47:15',43,2,13,1),(495,0,2000,0,0,0,0,NULL,NULL,0,0,NULL,NULL,0,0,'2024-04-29 14:47:15','2024-04-29 14:47:15',43,2,14,1),(496,0,1,0,0,0,0,NULL,NULL,0,0,NULL,NULL,0,0,'2024-04-29 14:47:15','2024-04-29 14:47:15',44,2,8,1),(497,0,18,0,0,0,0,NULL,NULL,0,0,NULL,NULL,0,0,'2024-04-29 14:47:15','2024-04-29 14:47:15',44,2,9,1),(498,0,18,0,0,0,0,NULL,NULL,0,0,NULL,NULL,0,0,'2024-04-29 14:47:15','2024-04-29 14:47:15',44,2,10,1),(499,0,18,0,0,0,0,NULL,NULL,0,0,NULL,NULL,0,0,'2024-04-29 14:47:15','2024-04-29 14:47:15',44,2,11,1),(500,0,18,0,0,0,0,NULL,NULL,0,0,NULL,NULL,0,0,'2024-04-29 14:47:15','2024-04-29 14:47:15',44,2,12,1),(501,0,18,0,0,0,0,NULL,NULL,0,0,NULL,NULL,0,0,'2024-04-29 14:47:15','2024-04-29 14:47:15',44,2,13,1),(502,0,2000,0,0,0,0,NULL,NULL,0,0,NULL,NULL,0,0,'2024-04-29 14:47:15','2024-04-29 14:47:15',44,2,14,1),(503,1,1,1,0,0,1,'2024-04-30 04:26:50','2024-04-30 04:28:51',0,100,'2024-04-30 04:28:51',NULL,0,15,'2024-04-30 04:25:34','2024-04-30 04:28:51',41,10,60,1),(504,0,18,0,0,0,0,NULL,NULL,0,0,NULL,NULL,0,0,'2024-04-30 04:25:34','2024-04-30 04:25:34',41,10,61,1),(505,0,18,0,0,0,0,NULL,NULL,0,0,NULL,NULL,0,0,'2024-04-30 04:25:34','2024-04-30 04:25:34',41,10,62,1),(506,0,18,0,0,0,0,NULL,NULL,0,0,NULL,NULL,0,0,'2024-04-30 04:25:34','2024-04-30 04:25:34',41,10,63,1),(507,0,18,0,0,0,0,NULL,NULL,0,0,NULL,NULL,0,0,'2024-04-30 04:25:34','2024-04-30 04:25:34',41,10,64,1),(508,0,18,0,0,0,0,NULL,NULL,0,0,NULL,NULL,0,0,'2024-04-30 04:25:34','2024-04-30 04:25:34',41,10,65,1),(509,0,2000,0,0,0,0,NULL,NULL,0,0,NULL,NULL,0,0,'2024-04-30 04:25:34','2024-04-30 04:25:34',41,10,66,1),(510,1,1,1,0,0,1,'2024-04-30 09:20:59','2024-04-30 09:22:30',0,100,'2024-04-30 09:22:30',NULL,10,0,'2024-04-30 07:02:14','2024-04-30 09:22:30',45,2,8,1),(511,0,18,0,0,0,0,NULL,NULL,0,0,NULL,NULL,0,0,'2024-04-30 07:02:14','2024-04-30 07:02:14',45,2,9,1),(512,0,18,0,0,0,0,NULL,NULL,0,0,NULL,NULL,0,0,'2024-04-30 07:02:14','2024-04-30 07:02:14',45,2,10,1),(513,0,18,0,0,0,0,NULL,NULL,0,0,NULL,NULL,0,0,'2024-04-30 07:02:14','2024-04-30 07:02:14',45,2,11,1),(514,0,18,0,0,0,0,NULL,NULL,0,0,NULL,NULL,0,0,'2024-04-30 07:02:14','2024-04-30 07:02:14',45,2,12,1),(515,0,18,0,0,0,0,NULL,NULL,0,0,NULL,NULL,0,0,'2024-04-30 07:02:14','2024-04-30 07:02:14',45,2,13,1),(516,0,2000,0,0,0,0,NULL,NULL,0,0,NULL,NULL,0,0,'2024-04-30 07:02:14','2024-04-30 07:02:14',45,2,14,1),(517,1,1,1,0,0,1,'2024-04-30 09:23:32','2024-04-30 09:28:03',0,100,'2024-04-30 09:28:03',NULL,10,0,'2024-04-30 07:02:14','2024-04-30 09:28:03',46,2,8,1),(518,0,18,2,0,0,1,'2024-05-02 11:14:49','2024-05-07 11:30:30',0,11,NULL,NULL,20,0,'2024-04-30 07:02:14','2024-05-07 11:30:30',46,2,9,1),(519,0,18,0,0,0,0,NULL,NULL,0,0,NULL,NULL,0,0,'2024-04-30 07:02:14','2024-04-30 07:02:14',46,2,10,1),(520,0,18,0,0,0,0,NULL,NULL,0,0,NULL,NULL,0,0,'2024-04-30 07:02:14','2024-04-30 07:02:14',46,2,11,1),(521,0,18,0,0,0,0,NULL,NULL,0,0,NULL,NULL,0,0,'2024-04-30 07:02:14','2024-04-30 07:02:14',46,2,12,1),(522,0,18,0,0,0,0,NULL,NULL,0,0,NULL,NULL,0,0,'2024-04-30 07:02:14','2024-04-30 07:02:14',46,2,13,1),(523,0,2000,0,0,0,0,NULL,NULL,0,0,NULL,NULL,0,0,'2024-04-30 07:02:14','2024-04-30 07:02:14',46,2,14,1),(524,1,1,1,0,0,1,'2024-04-30 08:55:38','2024-04-30 08:57:18',0,100,'2024-04-30 08:57:18',NULL,10,0,'2024-04-30 07:02:14','2024-04-30 08:57:18',47,2,8,1),(525,0,18,5,0,0,1,'2024-05-01 14:04:44','2024-05-21 09:29:19',0,28,NULL,NULL,50,0,'2024-04-30 07:02:14','2024-05-21 09:29:19',47,2,9,1),(526,0,18,0,0,0,0,NULL,NULL,0,0,NULL,NULL,0,0,'2024-04-30 07:02:14','2024-04-30 07:02:14',47,2,10,1),(527,0,18,0,0,0,0,NULL,NULL,0,0,NULL,NULL,0,0,'2024-04-30 07:02:14','2024-04-30 07:02:14',47,2,11,1),(528,0,18,0,0,0,0,NULL,NULL,0,0,NULL,NULL,0,0,'2024-04-30 07:02:14','2024-04-30 07:02:14',47,2,12,1),(529,0,18,0,0,0,0,NULL,NULL,0,0,NULL,NULL,0,0,'2024-04-30 07:02:14','2024-04-30 07:02:14',47,2,13,1),(530,0,2000,0,0,0,0,NULL,NULL,0,0,NULL,NULL,0,0,'2024-04-30 07:02:14','2024-04-30 07:02:14',47,2,14,1),(531,1,1,1,0,0,1,'2024-04-30 07:03:35','2024-04-30 07:06:05',0,100,'2024-04-30 07:06:05',NULL,0,15,'2024-04-30 07:02:25','2024-04-30 07:06:05',42,11,67,1),(532,0,18,0,0,0,0,NULL,NULL,0,0,NULL,NULL,0,0,'2024-04-30 07:02:25','2024-04-30 07:02:25',42,11,68,1),(533,0,18,0,0,0,0,NULL,NULL,0,0,NULL,NULL,0,0,'2024-04-30 07:02:25','2024-04-30 07:02:25',42,11,69,1),(534,0,18,0,0,0,0,NULL,NULL,0,0,NULL,NULL,0,0,'2024-04-30 07:02:25','2024-04-30 07:02:25',42,11,70,1),(535,0,18,0,0,0,0,NULL,NULL,0,0,NULL,NULL,0,0,'2024-04-30 07:02:25','2024-04-30 07:02:25',42,11,71,1),(536,0,18,0,0,0,0,NULL,NULL,0,0,NULL,NULL,0,0,'2024-04-30 07:02:25','2024-04-30 07:02:25',42,11,72,1),(537,0,2000,0,0,0,0,NULL,NULL,0,0,NULL,NULL,0,0,'2024-04-30 07:02:25','2024-04-30 07:02:25',42,11,73,1),(538,1,1,1,0,0,1,'2024-04-30 08:55:38','2024-04-30 08:57:54',0,100,'2024-04-30 08:57:54',NULL,0,15,'2024-04-30 08:54:28','2024-04-30 08:57:54',47,10,60,1),(539,0,18,4,0,0,1,'2024-05-01 14:05:00','2024-05-11 07:46:18',0,22,NULL,NULL,0,60,'2024-04-30 08:54:28','2024-05-11 07:46:18',47,10,61,1),(540,0,18,0,0,0,0,NULL,NULL,0,0,NULL,NULL,0,0,'2024-04-30 08:54:28','2024-04-30 08:54:28',47,10,62,1),(541,0,18,0,0,0,0,NULL,NULL,0,0,NULL,NULL,0,0,'2024-04-30 08:54:28','2024-04-30 08:54:28',47,10,63,1),(542,0,18,0,0,0,0,NULL,NULL,0,0,NULL,NULL,0,0,'2024-04-30 08:54:28','2024-04-30 08:54:28',47,10,64,1),(543,0,18,0,0,0,0,NULL,NULL,0,0,NULL,NULL,0,0,'2024-04-30 08:54:28','2024-04-30 08:54:28',47,10,65,1),(544,0,2000,0,0,0,0,NULL,NULL,0,0,NULL,NULL,0,0,'2024-04-30 08:54:28','2024-04-30 08:54:28',47,10,66,1),(545,1,1,1,0,0,1,'2024-04-30 09:20:59','2024-04-30 09:22:55',0,100,'2024-04-30 09:22:55',NULL,0,15,'2024-04-30 09:19:54','2024-04-30 09:22:55',45,9,53,1),(546,0,18,0,0,0,0,NULL,NULL,0,0,NULL,NULL,0,0,'2024-04-30 09:19:54','2024-04-30 09:19:54',45,9,54,1),(547,0,18,0,0,0,0,NULL,NULL,0,0,NULL,NULL,0,0,'2024-04-30 09:19:54','2024-04-30 09:19:54',45,9,55,1),(548,0,18,0,0,0,0,NULL,NULL,0,0,NULL,NULL,0,0,'2024-04-30 09:19:54','2024-04-30 09:19:54',45,9,56,1),(549,0,18,0,0,0,0,NULL,NULL,0,0,NULL,NULL,0,0,'2024-04-30 09:19:54','2024-04-30 09:19:54',45,9,57,1),(550,0,18,0,0,0,0,NULL,NULL,0,0,NULL,NULL,0,0,'2024-04-30 09:19:54','2024-04-30 09:19:54',45,9,58,1),(551,0,2000,0,0,0,0,NULL,NULL,0,0,NULL,NULL,0,0,'2024-04-30 09:19:54','2024-04-30 09:19:54',45,9,59,1),(552,1,1,1,0,0,1,'2024-04-30 09:23:32','2024-04-30 09:27:33',0,100,'2024-04-30 09:27:33',NULL,0,15,'2024-04-30 09:21:22','2024-04-30 09:27:33',46,9,53,1),(553,0,18,1,0,0,1,'2024-05-04 11:22:48','2024-05-07 11:25:06',0,6,NULL,NULL,0,15,'2024-04-30 09:21:22','2024-05-07 11:25:06',46,9,54,1),(554,0,18,0,0,0,0,NULL,NULL,0,0,NULL,NULL,0,0,'2024-04-30 09:21:22','2024-04-30 09:21:22',46,9,55,1),(555,0,18,0,0,0,0,NULL,NULL,0,0,NULL,NULL,0,0,'2024-04-30 09:21:22','2024-04-30 09:21:22',46,9,56,1),(556,0,18,0,0,0,0,NULL,NULL,0,0,NULL,NULL,0,0,'2024-04-30 09:21:22','2024-04-30 09:21:22',46,9,57,1),(557,0,18,0,0,0,0,NULL,NULL,0,0,NULL,NULL,0,0,'2024-04-30 09:21:22','2024-04-30 09:21:22',46,9,58,1),(558,0,2000,0,0,0,0,NULL,NULL,0,0,NULL,NULL,0,0,'2024-04-30 09:21:22','2024-04-30 09:21:22',46,9,59,1),(559,1,1,1,0,0,1,'2024-05-02 18:00:48','2024-05-02 18:07:52',0,100,'2024-05-02 18:07:52',NULL,10,0,'2024-05-01 13:52:11','2024-05-02 18:07:52',48,15,95,1),(560,0,18,0,0,0,1,'2024-05-03 08:54:49',NULL,0,0,NULL,NULL,0,0,'2024-05-01 13:52:11','2024-05-03 08:54:49',48,15,96,1),(561,0,18,0,0,0,0,NULL,NULL,0,0,NULL,NULL,0,0,'2024-05-01 13:52:11','2024-05-01 13:52:11',48,15,97,1),(562,0,18,0,0,0,0,NULL,NULL,0,0,NULL,NULL,0,0,'2024-05-01 13:52:11','2024-05-01 13:52:11',48,15,98,1),(563,0,18,0,0,0,0,NULL,NULL,0,0,NULL,NULL,0,0,'2024-05-01 13:52:11','2024-05-01 13:52:11',48,15,99,1),(564,0,18,0,0,0,0,NULL,NULL,0,0,NULL,NULL,0,0,'2024-05-01 13:52:11','2024-05-01 13:52:11',48,15,100,1),(565,0,2000,0,0,0,0,NULL,NULL,0,0,NULL,NULL,0,0,'2024-05-01 13:52:11','2024-05-01 13:52:11',48,15,101,1),(566,0,1,0,0,0,0,NULL,NULL,0,0,NULL,NULL,0,0,'2024-05-01 13:52:11','2024-05-01 13:52:11',49,15,95,1),(567,0,18,0,0,0,0,NULL,NULL,0,0,NULL,NULL,0,0,'2024-05-01 13:52:11','2024-05-01 13:52:11',49,15,96,1),(568,0,18,0,0,0,0,NULL,NULL,0,0,NULL,NULL,0,0,'2024-05-01 13:52:11','2024-05-01 13:52:11',49,15,97,1),(569,0,18,0,0,0,0,NULL,NULL,0,0,NULL,NULL,0,0,'2024-05-01 13:52:11','2024-05-01 13:52:11',49,15,98,1),(570,0,18,0,0,0,0,NULL,NULL,0,0,NULL,NULL,0,0,'2024-05-01 13:52:11','2024-05-01 13:52:11',49,15,99,1),(571,0,18,0,0,0,0,NULL,NULL,0,0,NULL,NULL,0,0,'2024-05-01 13:52:11','2024-05-01 13:52:11',49,15,100,1),(572,0,2000,0,0,0,0,NULL,NULL,0,0,NULL,NULL,0,0,'2024-05-01 13:52:11','2024-05-01 13:52:11',49,15,101,1),(573,1,1,1,0,0,1,'2024-05-02 17:37:09','2024-05-06 09:50:17',0,100,'2024-05-06 09:50:17',NULL,10,0,'2024-05-01 13:52:11','2024-05-06 09:50:18',50,15,95,1),(574,0,18,0,0,0,1,'2024-05-07 05:54:44',NULL,0,0,NULL,NULL,0,0,'2024-05-01 13:52:11','2024-05-07 05:54:44',50,15,96,1),(575,0,18,0,0,0,0,NULL,NULL,0,0,NULL,NULL,0,0,'2024-05-01 13:52:11','2024-05-01 13:52:11',50,15,97,1),(576,0,18,0,0,0,0,NULL,NULL,0,0,NULL,NULL,0,0,'2024-05-01 13:52:11','2024-05-01 13:52:11',50,15,98,1),(577,0,18,0,0,0,0,NULL,NULL,0,0,NULL,NULL,0,0,'2024-05-01 13:52:11','2024-05-01 13:52:11',50,15,99,1),(578,0,18,0,0,0,0,NULL,NULL,0,0,NULL,NULL,0,0,'2024-05-01 13:52:11','2024-05-01 13:52:11',50,15,100,1),(579,0,2000,0,0,0,0,NULL,NULL,0,0,NULL,NULL,0,0,'2024-05-01 13:52:11','2024-05-01 13:52:11',50,15,101,1),(580,1,1,1,0,0,1,'2024-05-02 12:38:36','2024-05-02 16:35:19',0,100,'2024-05-02 16:35:19',NULL,0,15,'2024-05-02 12:38:36','2024-05-02 16:35:19',47,9,53,1),(581,0,18,3,0,0,1,'2024-05-03 10:32:10','2024-05-11 07:45:39',0,17,NULL,NULL,0,45,'2024-05-02 12:38:36','2024-05-11 07:45:39',47,9,54,1),(582,0,18,0,0,0,0,NULL,NULL,0,0,NULL,NULL,0,0,'2024-05-02 12:38:36','2024-05-02 12:38:36',47,9,55,1),(583,0,18,0,0,0,0,NULL,NULL,0,0,NULL,NULL,0,0,'2024-05-02 12:38:36','2024-05-02 12:38:36',47,9,56,1),(584,0,18,0,0,0,0,NULL,NULL,0,0,NULL,NULL,0,0,'2024-05-02 12:38:36','2024-05-02 12:38:36',47,9,57,1),(585,0,18,0,0,0,0,NULL,NULL,0,0,NULL,NULL,0,0,'2024-05-02 12:38:36','2024-05-02 12:38:36',47,9,58,1),(586,0,2000,0,0,0,0,NULL,NULL,0,0,NULL,NULL,0,0,'2024-05-02 12:38:36','2024-05-02 12:38:36',47,9,59,1),(587,1,1,1,0,0,1,'2024-05-04 16:14:32','2024-05-15 02:52:20',0,100,'2024-05-15 02:52:20',NULL,10,0,'2024-05-02 14:01:56','2024-05-15 02:52:20',7,17,109,1),(588,0,18,3,0,0,1,'2024-05-16 11:53:17','2024-05-28 11:13:54',0,17,NULL,NULL,30,0,'2024-05-02 14:01:56','2024-05-28 11:13:55',7,17,110,1),(589,0,18,0,0,0,0,NULL,NULL,0,0,NULL,NULL,0,0,'2024-05-02 14:01:56','2024-05-02 14:01:56',7,17,111,1),(590,0,18,0,0,0,0,NULL,NULL,0,0,NULL,NULL,0,0,'2024-05-02 14:01:56','2024-05-02 14:01:56',7,17,112,1),(591,0,18,0,0,0,0,NULL,NULL,0,0,NULL,NULL,0,0,'2024-05-02 14:01:56','2024-05-02 14:01:56',7,17,113,1),(592,0,18,0,0,0,0,NULL,NULL,0,0,NULL,NULL,0,0,'2024-05-02 14:01:56','2024-05-02 14:01:56',7,17,114,1),(593,0,2000,0,0,0,0,NULL,NULL,0,0,NULL,NULL,0,0,'2024-05-02 14:01:56','2024-05-02 14:01:56',7,17,115,1),(594,0,1,0,0,0,0,NULL,NULL,0,0,NULL,NULL,0,0,'2024-05-02 14:01:56','2024-05-02 14:01:56',40,17,109,1),(595,0,18,0,0,0,0,NULL,NULL,0,0,NULL,NULL,0,0,'2024-05-02 14:01:56','2024-05-02 14:01:56',40,17,110,1),(596,0,18,0,0,0,0,NULL,NULL,0,0,NULL,NULL,0,0,'2024-05-02 14:01:56','2024-05-02 14:01:56',40,17,111,1),(597,0,18,0,0,0,0,NULL,NULL,0,0,NULL,NULL,0,0,'2024-05-02 14:01:56','2024-05-02 14:01:56',40,17,112,1),(598,0,18,0,0,0,0,NULL,NULL,0,0,NULL,NULL,0,0,'2024-05-02 14:01:56','2024-05-02 14:01:56',40,17,113,1),(599,0,18,0,0,0,0,NULL,NULL,0,0,NULL,NULL,0,0,'2024-05-02 14:01:56','2024-05-02 14:01:56',40,17,114,1),(600,0,2000,0,0,0,0,NULL,NULL,0,0,NULL,NULL,0,0,'2024-05-02 14:01:56','2024-05-02 14:01:56',40,17,115,1),(601,1,1,1,0,0,1,'2024-05-02 14:06:11','2024-05-02 14:50:34',0,100,'2024-05-02 14:50:34',NULL,0,15,'2024-05-02 14:06:11','2024-05-02 14:50:35',12,12,74,1),(602,0,18,12,0,0,1,'2024-05-03 13:42:43','2024-06-03 14:00:19',0,67,NULL,NULL,0,180,'2024-05-02 14:06:11','2024-06-03 14:00:19',12,12,75,1),(603,0,18,0,0,0,0,NULL,NULL,0,0,NULL,NULL,0,0,'2024-05-02 14:06:11','2024-05-02 14:06:11',12,12,76,1),(604,0,18,0,0,0,0,NULL,NULL,0,0,NULL,NULL,0,0,'2024-05-02 14:06:11','2024-05-02 14:06:11',12,12,77,1),(605,0,18,0,0,0,0,NULL,NULL,0,0,NULL,NULL,0,0,'2024-05-02 14:06:11','2024-05-02 14:06:11',12,12,78,1),(606,0,18,0,0,0,0,NULL,NULL,0,0,NULL,NULL,0,0,'2024-05-02 14:06:11','2024-05-02 14:06:11',12,12,79,1),(607,0,2000,0,0,0,0,NULL,NULL,0,0,NULL,NULL,0,0,'2024-05-02 14:06:11','2024-05-02 14:06:11',12,12,80,1),(608,1,1,1,0,0,1,'2024-05-02 17:37:09','2024-05-06 09:49:11',0,100,'2024-05-06 09:49:11',NULL,0,15,'2024-05-02 17:35:44','2024-05-06 09:49:11',50,9,53,1),(609,0,18,0,0,0,1,'2024-05-07 05:54:44',NULL,0,0,NULL,NULL,0,0,'2024-05-02 17:35:44','2024-05-07 05:54:44',50,9,54,1),(610,0,18,0,0,0,0,NULL,NULL,0,0,NULL,NULL,0,0,'2024-05-02 17:35:44','2024-05-02 17:35:44',50,9,55,1),(611,0,18,0,0,0,0,NULL,NULL,0,0,NULL,NULL,0,0,'2024-05-02 17:35:44','2024-05-02 17:35:44',50,9,56,1),(612,0,18,0,0,0,0,NULL,NULL,0,0,NULL,NULL,0,0,'2024-05-02 17:35:44','2024-05-02 17:35:44',50,9,57,1),(613,0,18,0,0,0,0,NULL,NULL,0,0,NULL,NULL,0,0,'2024-05-02 17:35:44','2024-05-02 17:35:44',50,9,58,1),(614,0,2000,0,0,0,0,NULL,NULL,0,0,NULL,NULL,0,0,'2024-05-02 17:35:44','2024-05-02 17:35:44',50,9,59,1),(615,1,1,1,0,0,1,'2024-05-02 18:00:48','2024-05-02 18:02:35',0,100,'2024-05-02 18:02:35',NULL,0,15,'2024-05-02 17:59:36','2024-05-02 18:02:35',48,10,60,1),(616,0,18,1,0,0,1,'2024-05-03 12:38:56','2024-05-03 12:58:03',0,6,NULL,NULL,0,15,'2024-05-02 17:59:37','2024-05-03 12:58:03',48,10,61,1),(617,0,18,0,0,0,0,NULL,NULL,0,0,NULL,NULL,0,0,'2024-05-02 17:59:37','2024-05-02 17:59:37',48,10,62,1),(618,0,18,0,0,0,0,NULL,NULL,0,0,NULL,NULL,0,0,'2024-05-02 17:59:37','2024-05-02 17:59:37',48,10,63,1),(619,0,18,0,0,0,0,NULL,NULL,0,0,NULL,NULL,0,0,'2024-05-02 17:59:37','2024-05-02 17:59:37',48,10,64,1),(620,0,18,0,0,0,0,NULL,NULL,0,0,NULL,NULL,0,0,'2024-05-02 17:59:37','2024-05-02 17:59:37',48,10,65,1),(621,0,2000,0,0,0,0,NULL,NULL,0,0,NULL,NULL,0,0,'2024-05-02 17:59:37','2024-05-02 17:59:37',48,10,66,1),(622,1,1,1,0,0,1,'2024-05-06 12:14:07','2024-05-07 08:05:23',0,100,'2024-05-07 08:05:23',NULL,20,0,'2024-05-03 12:04:56','2024-05-07 08:05:23',47,3,15,1),(623,0,18,2,0,0,1,'2024-05-08 08:50:54','2024-05-11 07:45:21',0,11,NULL,NULL,40,0,'2024-05-03 12:04:56','2024-05-11 07:45:21',47,3,16,1),(624,0,18,0,0,0,0,NULL,NULL,0,0,NULL,NULL,0,0,'2024-05-03 12:04:56','2024-05-03 12:04:56',47,3,17,1),(625,0,18,0,0,0,0,NULL,NULL,0,0,NULL,NULL,0,0,'2024-05-03 12:04:56','2024-05-03 12:04:56',47,3,18,1),(626,0,18,0,0,0,0,NULL,NULL,0,0,NULL,NULL,0,0,'2024-05-03 12:04:56','2024-05-03 12:04:56',47,3,19,1),(627,0,18,0,0,0,0,NULL,NULL,0,0,NULL,NULL,0,0,'2024-05-03 12:04:56','2024-05-03 12:04:56',47,3,20,1),(628,0,2000,0,0,0,0,NULL,NULL,0,0,NULL,NULL,0,0,'2024-05-03 12:04:56','2024-05-03 12:04:56',47,3,21,1),(629,1,1,1,0,0,1,'2024-05-03 12:39:42','2024-05-03 12:40:31',0,100,'2024-05-03 12:40:31',NULL,20,0,'2024-05-03 12:04:56','2024-05-03 12:40:31',51,3,15,1),(630,0,18,0,0,0,0,NULL,NULL,0,0,NULL,NULL,0,0,'2024-05-03 12:04:56','2024-05-03 12:04:56',51,3,16,1),(631,0,18,0,0,0,0,NULL,NULL,0,0,NULL,NULL,0,0,'2024-05-03 12:04:56','2024-05-03 12:04:56',51,3,17,1),(632,0,18,0,0,0,0,NULL,NULL,0,0,NULL,NULL,0,0,'2024-05-03 12:04:56','2024-05-03 12:04:56',51,3,18,1),(633,0,18,0,0,0,0,NULL,NULL,0,0,NULL,NULL,0,0,'2024-05-03 12:04:56','2024-05-03 12:04:56',51,3,19,1),(634,0,18,0,0,0,0,NULL,NULL,0,0,NULL,NULL,0,0,'2024-05-03 12:04:56','2024-05-03 12:04:56',51,3,20,1),(635,0,2000,0,0,0,0,NULL,NULL,0,0,NULL,NULL,0,0,'2024-05-03 12:04:56','2024-05-03 12:04:56',51,3,21,1),(636,1,1,1,0,0,1,'2024-05-03 12:39:42','2024-05-03 12:41:20',0,100,'2024-05-03 12:41:20',NULL,0,15,'2024-05-03 12:38:37','2024-05-03 12:41:20',51,9,53,1),(637,0,18,0,0,0,0,NULL,NULL,0,0,NULL,NULL,0,0,'2024-05-03 12:38:37','2024-05-03 12:38:37',51,9,54,1),(638,0,18,0,0,0,0,NULL,NULL,0,0,NULL,NULL,0,0,'2024-05-03 12:38:37','2024-05-03 12:38:37',51,9,55,1),(639,0,18,0,0,0,0,NULL,NULL,0,0,NULL,NULL,0,0,'2024-05-03 12:38:37','2024-05-03 12:38:37',51,9,56,1),(640,0,18,0,0,0,0,NULL,NULL,0,0,NULL,NULL,0,0,'2024-05-03 12:38:37','2024-05-03 12:38:37',51,9,57,1),(641,0,18,0,0,0,0,NULL,NULL,0,0,NULL,NULL,0,0,'2024-05-03 12:38:37','2024-05-03 12:38:37',51,9,58,1),(642,0,2000,0,0,0,0,NULL,NULL,0,0,NULL,NULL,0,0,'2024-05-03 12:38:37','2024-05-03 12:38:37',51,9,59,1),(643,0,1,0,0,0,0,NULL,NULL,0,0,NULL,NULL,0,0,'2024-05-06 12:28:18','2024-05-06 12:28:18',52,3,15,1),(644,0,18,0,0,0,0,NULL,NULL,0,0,NULL,NULL,0,0,'2024-05-06 12:28:18','2024-05-06 12:28:18',52,3,16,1),(645,0,18,0,0,0,0,NULL,NULL,0,0,NULL,NULL,0,0,'2024-05-06 12:28:18','2024-05-06 12:28:18',52,3,17,1),(646,0,18,0,0,0,0,NULL,NULL,0,0,NULL,NULL,0,0,'2024-05-06 12:28:18','2024-05-06 12:28:18',52,3,18,1),(647,0,18,0,0,0,0,NULL,NULL,0,0,NULL,NULL,0,0,'2024-05-06 12:28:18','2024-05-06 12:28:18',52,3,19,1),(648,0,18,0,0,0,0,NULL,NULL,0,0,NULL,NULL,0,0,'2024-05-06 12:28:18','2024-05-06 12:28:18',52,3,20,1),(649,0,2000,0,0,0,0,NULL,NULL,0,0,NULL,NULL,0,0,'2024-05-06 12:28:18','2024-05-06 12:28:18',52,3,21,1),(650,1,1,1,0,0,1,'2024-05-06 13:21:17','2024-05-06 13:23:14',0,100,'2024-05-06 13:23:14',NULL,20,0,'2024-05-06 12:28:18','2024-05-06 13:23:14',53,3,15,1),(651,0,18,0,0,0,1,'2024-05-07 05:35:19',NULL,0,0,NULL,NULL,0,0,'2024-05-06 12:28:18','2024-05-07 05:35:19',53,3,16,1),(652,0,18,0,0,0,0,NULL,NULL,0,0,NULL,NULL,0,0,'2024-05-06 12:28:18','2024-05-06 12:28:18',53,3,17,1),(653,0,18,0,0,0,0,NULL,NULL,0,0,NULL,NULL,0,0,'2024-05-06 12:28:18','2024-05-06 12:28:18',53,3,18,1),(654,0,18,0,0,0,0,NULL,NULL,0,0,NULL,NULL,0,0,'2024-05-06 12:28:18','2024-05-06 12:28:18',53,3,19,1),(655,0,18,0,0,0,0,NULL,NULL,0,0,NULL,NULL,0,0,'2024-05-06 12:28:18','2024-05-06 12:28:18',53,3,20,1),(656,0,2000,0,0,0,0,NULL,NULL,0,0,NULL,NULL,0,0,'2024-05-06 12:28:18','2024-05-06 12:28:18',53,3,21,1),(657,1,1,1,0,0,1,'2024-05-14 15:13:14','2024-05-14 15:14:16',0,100,'2024-05-14 15:14:16',NULL,20,0,'2024-05-06 12:57:05','2024-05-14 15:14:16',54,3,15,1),(658,0,18,0,0,0,1,'2024-05-15 07:12:34',NULL,0,0,NULL,NULL,0,0,'2024-05-06 12:57:05','2024-05-15 07:12:34',54,3,16,1),(659,0,18,0,0,0,0,NULL,NULL,0,0,NULL,NULL,0,0,'2024-05-06 12:57:05','2024-05-06 12:57:05',54,3,17,1),(660,0,18,0,0,0,0,NULL,NULL,0,0,NULL,NULL,0,0,'2024-05-06 12:57:05','2024-05-06 12:57:05',54,3,18,1),(661,0,18,0,0,0,0,NULL,NULL,0,0,NULL,NULL,0,0,'2024-05-06 12:57:05','2024-05-06 12:57:05',54,3,19,1),(662,0,18,0,0,0,0,NULL,NULL,0,0,NULL,NULL,0,0,'2024-05-06 12:57:05','2024-05-06 12:57:05',54,3,20,1),(663,0,2000,0,0,0,0,NULL,NULL,0,0,NULL,NULL,0,0,'2024-05-06 12:57:05','2024-05-06 12:57:05',54,3,21,1),(664,1,1,1,0,0,1,'2024-05-06 12:58:12','2024-05-07 06:07:36',0,100,'2024-05-07 06:07:36',NULL,20,0,'2024-05-06 12:57:05','2024-05-07 06:07:36',10,3,15,1),(665,0,18,11,0,0,1,'2024-05-08 02:49:07','2024-06-08 11:46:23',0,61,NULL,NULL,220,0,'2024-05-06 12:57:05','2024-06-08 11:46:24',10,3,16,1),(666,0,18,0,0,0,0,NULL,NULL,0,0,NULL,NULL,0,0,'2024-05-06 12:57:05','2024-05-06 12:57:05',10,3,17,1),(667,0,18,0,0,0,0,NULL,NULL,0,0,NULL,NULL,0,0,'2024-05-06 12:57:05','2024-05-06 12:57:05',10,3,18,1),(668,0,18,0,0,0,0,NULL,NULL,0,0,NULL,NULL,0,0,'2024-05-06 12:57:05','2024-05-06 12:57:05',10,3,19,1),(669,0,18,0,0,0,0,NULL,NULL,0,0,NULL,NULL,0,0,'2024-05-06 12:57:05','2024-05-06 12:57:05',10,3,20,1),(670,0,2000,0,0,0,0,NULL,NULL,0,0,NULL,NULL,0,0,'2024-05-06 12:57:05','2024-05-06 12:57:05',10,3,21,1),(671,1,1,1,0,0,1,'2024-05-06 13:21:17','2024-05-06 13:24:04',0,100,'2024-05-06 13:24:04',NULL,0,15,'2024-05-06 13:20:10','2024-05-06 13:24:04',53,9,53,1),(672,0,18,0,0,0,1,'2024-05-07 05:35:19',NULL,0,0,NULL,NULL,0,0,'2024-05-06 13:20:10','2024-05-07 05:35:19',53,9,54,1),(673,0,18,0,0,0,0,NULL,NULL,0,0,NULL,NULL,0,0,'2024-05-06 13:20:10','2024-05-06 13:20:10',53,9,55,1),(674,0,18,0,0,0,0,NULL,NULL,0,0,NULL,NULL,0,0,'2024-05-06 13:20:10','2024-05-06 13:20:10',53,9,56,1),(675,0,18,0,0,0,0,NULL,NULL,0,0,NULL,NULL,0,0,'2024-05-06 13:20:10','2024-05-06 13:20:10',53,9,57,1),(676,0,18,0,0,0,0,NULL,NULL,0,0,NULL,NULL,0,0,'2024-05-06 13:20:10','2024-05-06 13:20:10',53,9,58,1),(677,0,2000,0,0,0,0,NULL,NULL,0,0,NULL,NULL,0,0,'2024-05-06 13:20:10','2024-05-06 13:20:10',53,9,59,1),(678,0,1,0,0,0,1,'2024-05-07 12:36:49',NULL,0,0,NULL,NULL,0,0,'2024-05-07 12:36:49','2024-05-07 12:36:49',46,10,60,1),(679,0,18,0,0,0,0,NULL,NULL,0,0,NULL,NULL,0,0,'2024-05-07 12:36:49','2024-05-07 12:36:49',46,10,61,1),(680,0,18,0,0,0,0,NULL,NULL,0,0,NULL,NULL,0,0,'2024-05-07 12:36:49','2024-05-07 12:36:49',46,10,62,1),(681,0,18,0,0,0,0,NULL,NULL,0,0,NULL,NULL,0,0,'2024-05-07 12:36:49','2024-05-07 12:36:49',46,10,63,1),(682,0,18,0,0,0,0,NULL,NULL,0,0,NULL,NULL,0,0,'2024-05-07 12:36:49','2024-05-07 12:36:49',46,10,64,1),(683,0,18,0,0,0,0,NULL,NULL,0,0,NULL,NULL,0,0,'2024-05-07 12:36:49','2024-05-07 12:36:49',46,10,65,1),(684,0,2000,0,0,0,0,NULL,NULL,0,0,NULL,NULL,0,0,'2024-05-07 12:36:49','2024-05-07 12:36:49',46,10,66,1),(685,1,1,1,0,0,1,'2024-05-07 12:43:14','2024-05-08 07:22:39',0,100,'2024-05-08 07:22:39',NULL,0,15,'2024-05-07 12:43:14','2024-05-08 07:22:39',46,12,74,1),(686,0,18,0,0,0,0,NULL,NULL,0,0,NULL,NULL,0,0,'2024-05-07 12:43:14','2024-05-07 12:43:14',46,12,75,1),(687,0,18,0,0,0,0,NULL,NULL,0,0,NULL,NULL,0,0,'2024-05-07 12:43:14','2024-05-07 12:43:14',46,12,76,1),(688,0,18,0,0,0,0,NULL,NULL,0,0,NULL,NULL,0,0,'2024-05-07 12:43:14','2024-05-07 12:43:14',46,12,77,1),(689,0,18,0,0,0,0,NULL,NULL,0,0,NULL,NULL,0,0,'2024-05-07 12:43:14','2024-05-07 12:43:14',46,12,78,1),(690,0,18,0,0,0,0,NULL,NULL,0,0,NULL,NULL,0,0,'2024-05-07 12:43:14','2024-05-07 12:43:14',46,12,79,1),(691,0,2000,0,0,0,0,NULL,NULL,0,0,NULL,NULL,0,0,'2024-05-07 12:43:14','2024-05-07 12:43:14',46,12,80,1),(692,1,1,1,0,0,1,'2024-05-07 13:08:07','2024-05-07 14:11:48',0,100,'2024-05-07 14:11:48',NULL,0,15,'2024-05-07 13:08:07','2024-05-07 14:11:48',10,12,74,1),(693,0,18,10,0,0,1,'2024-05-08 02:49:07','2024-06-08 11:46:47',0,56,NULL,NULL,0,150,'2024-05-07 13:08:07','2024-06-08 11:46:47',10,12,75,1),(694,0,18,0,0,0,0,NULL,NULL,0,0,NULL,NULL,0,0,'2024-05-07 13:08:07','2024-05-07 13:08:07',10,12,76,1),(695,0,18,0,0,0,0,NULL,NULL,0,0,NULL,NULL,0,0,'2024-05-07 13:08:07','2024-05-07 13:08:07',10,12,77,1),(696,0,18,0,0,0,0,NULL,NULL,0,0,NULL,NULL,0,0,'2024-05-07 13:08:07','2024-05-07 13:08:07',10,12,78,1),(697,0,18,0,0,0,0,NULL,NULL,0,0,NULL,NULL,0,0,'2024-05-07 13:08:07','2024-05-07 13:08:07',10,12,79,1),(698,0,2000,0,0,0,0,NULL,NULL,0,0,NULL,NULL,0,0,'2024-05-07 13:08:07','2024-05-07 13:08:07',10,12,80,1),(699,0,1,0,0,0,0,NULL,NULL,0,0,NULL,NULL,0,0,'2024-05-08 06:46:31','2024-05-08 06:46:31',55,2,8,1),(700,0,18,0,0,0,0,NULL,NULL,0,0,NULL,NULL,0,0,'2024-05-08 06:46:31','2024-05-08 06:46:31',55,2,9,1),(701,0,18,0,0,0,0,NULL,NULL,0,0,NULL,NULL,0,0,'2024-05-08 06:46:31','2024-05-08 06:46:31',55,2,10,1),(702,0,18,0,0,0,0,NULL,NULL,0,0,NULL,NULL,0,0,'2024-05-08 06:46:31','2024-05-08 06:46:31',55,2,11,1),(703,0,18,0,0,0,0,NULL,NULL,0,0,NULL,NULL,0,0,'2024-05-08 06:46:31','2024-05-08 06:46:31',55,2,12,1),(704,0,18,0,0,0,0,NULL,NULL,0,0,NULL,NULL,0,0,'2024-05-08 06:46:31','2024-05-08 06:46:31',55,2,13,1),(705,0,2000,0,0,0,0,NULL,NULL,0,0,NULL,NULL,0,0,'2024-05-08 06:46:31','2024-05-08 06:46:31',55,2,14,1),(706,0,1,0,0,0,1,'2024-05-17 09:29:16',NULL,0,0,NULL,NULL,0,0,'2024-05-08 06:46:31','2024-05-17 09:29:16',56,2,8,1),(707,0,18,0,0,0,0,NULL,NULL,0,0,NULL,NULL,0,0,'2024-05-08 06:46:31','2024-05-08 06:46:31',56,2,9,1),(708,0,18,0,0,0,0,NULL,NULL,0,0,NULL,NULL,0,0,'2024-05-08 06:46:31','2024-05-08 06:46:31',56,2,10,1),(709,0,18,0,0,0,0,NULL,NULL,0,0,NULL,NULL,0,0,'2024-05-08 06:46:31','2024-05-08 06:46:31',56,2,11,1),(710,0,18,0,0,0,0,NULL,NULL,0,0,NULL,NULL,0,0,'2024-05-08 06:46:31','2024-05-08 06:46:31',56,2,12,1),(711,0,18,0,0,0,0,NULL,NULL,0,0,NULL,NULL,0,0,'2024-05-08 06:46:31','2024-05-08 06:46:31',56,2,13,1),(712,0,2000,0,0,0,0,NULL,NULL,0,0,NULL,NULL,0,0,'2024-05-08 06:46:31','2024-05-08 06:46:31',56,2,14,1),(713,1,1,1,0,0,1,'2024-05-09 15:42:29','2024-05-09 15:44:31',0,100,'2024-05-09 15:44:31',NULL,10,0,'2024-05-08 09:25:17','2024-05-09 15:44:31',57,2,8,1),(714,0,18,0,0,0,0,NULL,NULL,0,0,NULL,NULL,0,0,'2024-05-08 09:25:17','2024-05-08 09:25:17',57,2,9,1),(715,0,18,0,0,0,0,NULL,NULL,0,0,NULL,NULL,0,0,'2024-05-08 09:25:17','2024-05-08 09:25:17',57,2,10,1),(716,0,18,0,0,0,0,NULL,NULL,0,0,NULL,NULL,0,0,'2024-05-08 09:25:17','2024-05-08 09:25:17',57,2,11,1),(717,0,18,0,0,0,0,NULL,NULL,0,0,NULL,NULL,0,0,'2024-05-08 09:25:17','2024-05-08 09:25:17',57,2,12,1),(718,0,18,0,0,0,0,NULL,NULL,0,0,NULL,NULL,0,0,'2024-05-08 09:25:17','2024-05-08 09:25:17',57,2,13,1),(719,0,2000,0,0,0,0,NULL,NULL,0,0,NULL,NULL,0,0,'2024-05-08 09:25:17','2024-05-08 09:25:17',57,2,14,1),(720,0,1,0,0,0,0,NULL,NULL,0,0,NULL,NULL,0,0,'2024-05-08 09:25:17','2024-05-08 09:25:17',58,2,8,1),(721,0,18,0,0,0,0,NULL,NULL,0,0,NULL,NULL,0,0,'2024-05-08 09:25:17','2024-05-08 09:25:17',58,2,9,1),(722,0,18,0,0,0,0,NULL,NULL,0,0,NULL,NULL,0,0,'2024-05-08 09:25:17','2024-05-08 09:25:17',58,2,10,1),(723,0,18,0,0,0,0,NULL,NULL,0,0,NULL,NULL,0,0,'2024-05-08 09:25:17','2024-05-08 09:25:17',58,2,11,1),(724,0,18,0,0,0,0,NULL,NULL,0,0,NULL,NULL,0,0,'2024-05-08 09:25:17','2024-05-08 09:25:17',58,2,12,1),(725,0,18,0,0,0,0,NULL,NULL,0,0,NULL,NULL,0,0,'2024-05-08 09:25:17','2024-05-08 09:25:17',58,2,13,1),(726,0,2000,0,0,0,0,NULL,NULL,0,0,NULL,NULL,0,0,'2024-05-08 09:25:17','2024-05-08 09:25:17',58,2,14,1),(727,0,1,0,0,0,0,NULL,NULL,0,0,NULL,NULL,0,0,'2024-05-09 07:23:18','2024-05-09 07:23:18',59,2,8,1),(728,0,18,0,0,0,0,NULL,NULL,0,0,NULL,NULL,0,0,'2024-05-09 07:23:18','2024-05-09 07:23:18',59,2,9,1),(729,0,18,0,0,0,0,NULL,NULL,0,0,NULL,NULL,0,0,'2024-05-09 07:23:18','2024-05-09 07:23:18',59,2,10,1),(730,0,18,0,0,0,0,NULL,NULL,0,0,NULL,NULL,0,0,'2024-05-09 07:23:18','2024-05-09 07:23:18',59,2,11,1),(731,0,18,0,0,0,0,NULL,NULL,0,0,NULL,NULL,0,0,'2024-05-09 07:23:18','2024-05-09 07:23:18',59,2,12,1),(732,0,18,0,0,0,0,NULL,NULL,0,0,NULL,NULL,0,0,'2024-05-09 07:23:18','2024-05-09 07:23:18',59,2,13,1),(733,0,2000,0,0,0,0,NULL,NULL,0,0,NULL,NULL,0,0,'2024-05-09 07:23:18','2024-05-09 07:23:18',59,2,14,1),(734,1,1,1,0,0,1,'2024-05-09 14:00:36','2024-05-09 14:03:50',0,100,'2024-05-09 14:03:50',NULL,10,0,'2024-05-09 07:23:18','2024-05-09 14:03:50',60,2,8,1),(735,0,18,0,0,0,1,'2024-05-11 07:46:46',NULL,0,0,NULL,NULL,0,0,'2024-05-09 07:23:18','2024-05-11 07:46:46',60,2,9,1),(736,0,18,0,0,0,0,NULL,NULL,0,0,NULL,NULL,0,0,'2024-05-09 07:23:18','2024-05-09 07:23:18',60,2,10,1),(737,0,18,0,0,0,0,NULL,NULL,0,0,NULL,NULL,0,0,'2024-05-09 07:23:18','2024-05-09 07:23:18',60,2,11,1),(738,0,18,0,0,0,0,NULL,NULL,0,0,NULL,NULL,0,0,'2024-05-09 07:23:18','2024-05-09 07:23:18',60,2,12,1),(739,0,18,0,0,0,0,NULL,NULL,0,0,NULL,NULL,0,0,'2024-05-09 07:23:18','2024-05-09 07:23:18',60,2,13,1),(740,0,2000,0,0,0,0,NULL,NULL,0,0,NULL,NULL,0,0,'2024-05-09 07:23:18','2024-05-09 07:23:18',60,2,14,1),(741,1,1,1,0,0,1,'2024-05-09 14:24:59','2024-05-09 14:30:50',0,100,'2024-05-09 14:30:50',NULL,0,15,'2024-05-09 14:24:59','2024-05-09 14:30:50',60,9,53,1),(742,0,18,0,0,0,1,'2024-05-11 07:46:46',NULL,0,0,NULL,NULL,0,0,'2024-05-09 14:24:59','2024-05-11 07:46:46',60,9,54,1),(743,0,18,0,0,0,0,NULL,NULL,0,0,NULL,NULL,0,0,'2024-05-09 14:24:59','2024-05-09 14:24:59',60,9,55,1),(744,0,18,0,0,0,0,NULL,NULL,0,0,NULL,NULL,0,0,'2024-05-09 14:24:59','2024-05-09 14:24:59',60,9,56,1),(745,0,18,0,0,0,0,NULL,NULL,0,0,NULL,NULL,0,0,'2024-05-09 14:24:59','2024-05-09 14:24:59',60,9,57,1),(746,0,18,0,0,0,0,NULL,NULL,0,0,NULL,NULL,0,0,'2024-05-09 14:24:59','2024-05-09 14:24:59',60,9,58,1),(747,0,2000,0,0,0,0,NULL,NULL,0,0,NULL,NULL,0,0,'2024-05-09 14:24:59','2024-05-09 14:24:59',60,9,59,1),(748,0,1,0,0,0,0,NULL,NULL,0,0,NULL,NULL,0,0,'2024-05-09 14:36:16','2024-05-09 14:36:16',60,3,15,1),(749,0,18,0,0,0,0,NULL,NULL,0,0,NULL,NULL,0,0,'2024-05-09 14:36:16','2024-05-09 14:36:16',60,3,16,1),(750,0,18,0,0,0,0,NULL,NULL,0,0,NULL,NULL,0,0,'2024-05-09 14:36:16','2024-05-09 14:36:16',60,3,17,1),(751,0,18,0,0,0,0,NULL,NULL,0,0,NULL,NULL,0,0,'2024-05-09 14:36:16','2024-05-09 14:36:16',60,3,18,1),(752,0,18,0,0,0,0,NULL,NULL,0,0,NULL,NULL,0,0,'2024-05-09 14:36:16','2024-05-09 14:36:16',60,3,19,1),(753,0,18,0,0,0,0,NULL,NULL,0,0,NULL,NULL,0,0,'2024-05-09 14:36:16','2024-05-09 14:36:16',60,3,20,1),(754,0,2000,0,0,0,0,NULL,NULL,0,0,NULL,NULL,0,0,'2024-05-09 14:36:16','2024-05-09 14:36:16',60,3,21,1),(755,1,1,1,0,0,1,'2024-05-09 15:00:25','2024-05-09 15:02:45',0,100,'2024-05-09 15:02:45',NULL,20,0,'2024-05-09 14:36:16','2024-05-09 15:02:45',61,3,15,1),(756,0,18,0,0,0,1,'2024-05-10 04:16:54',NULL,0,0,NULL,NULL,0,0,'2024-05-09 14:36:16','2024-05-10 04:16:54',61,3,16,1),(757,0,18,0,0,0,0,NULL,NULL,0,0,NULL,NULL,0,0,'2024-05-09 14:36:16','2024-05-09 14:36:16',61,3,17,1),(758,0,18,0,0,0,0,NULL,NULL,0,0,NULL,NULL,0,0,'2024-05-09 14:36:16','2024-05-09 14:36:16',61,3,18,1),(759,0,18,0,0,0,0,NULL,NULL,0,0,NULL,NULL,0,0,'2024-05-09 14:36:16','2024-05-09 14:36:16',61,3,19,1),(760,0,18,0,0,0,0,NULL,NULL,0,0,NULL,NULL,0,0,'2024-05-09 14:36:16','2024-05-09 14:36:16',61,3,20,1),(761,0,2000,0,0,0,0,NULL,NULL,0,0,NULL,NULL,0,0,'2024-05-09 14:36:16','2024-05-09 14:36:16',61,3,21,1),(762,1,1,1,0,0,1,'2024-05-09 15:04:22','2024-05-09 15:06:00',0,100,'2024-05-09 15:06:00',NULL,0,15,'2024-05-09 15:04:22','2024-05-09 15:06:00',61,10,60,1),(763,0,18,0,0,0,1,'2024-05-10 04:16:54',NULL,0,0,NULL,NULL,0,0,'2024-05-09 15:04:22','2024-05-10 04:16:54',61,10,61,1),(764,0,18,0,0,0,0,NULL,NULL,0,0,NULL,NULL,0,0,'2024-05-09 15:04:22','2024-05-09 15:04:22',61,10,62,1),(765,0,18,0,0,0,0,NULL,NULL,0,0,NULL,NULL,0,0,'2024-05-09 15:04:22','2024-05-09 15:04:22',61,10,63,1),(766,0,18,0,0,0,0,NULL,NULL,0,0,NULL,NULL,0,0,'2024-05-09 15:04:22','2024-05-09 15:04:22',61,10,64,1),(767,0,18,0,0,0,0,NULL,NULL,0,0,NULL,NULL,0,0,'2024-05-09 15:04:22','2024-05-09 15:04:22',61,10,65,1),(768,0,2000,0,0,0,0,NULL,NULL,0,0,NULL,NULL,0,0,'2024-05-09 15:04:22','2024-05-09 15:04:22',61,10,66,1),(769,0,1,0,0,0,0,NULL,NULL,0,0,NULL,NULL,0,0,'2024-05-09 16:38:53','2024-05-09 16:38:53',62,2,8,1),(770,0,18,0,0,0,0,NULL,NULL,0,0,NULL,NULL,0,0,'2024-05-09 16:38:53','2024-05-09 16:38:53',62,2,9,1),(771,0,18,0,0,0,0,NULL,NULL,0,0,NULL,NULL,0,0,'2024-05-09 16:38:53','2024-05-09 16:38:53',62,2,10,1),(772,0,18,0,0,0,0,NULL,NULL,0,0,NULL,NULL,0,0,'2024-05-09 16:38:53','2024-05-09 16:38:53',62,2,11,1),(773,0,18,0,0,0,0,NULL,NULL,0,0,NULL,NULL,0,0,'2024-05-09 16:38:53','2024-05-09 16:38:53',62,2,12,1),(774,0,18,0,0,0,0,NULL,NULL,0,0,NULL,NULL,0,0,'2024-05-09 16:38:53','2024-05-09 16:38:53',62,2,13,1),(775,0,2000,0,0,0,0,NULL,NULL,0,0,NULL,NULL,0,0,'2024-05-09 16:38:53','2024-05-09 16:38:53',62,2,14,1),(776,0,1,0,0,0,0,NULL,NULL,0,0,NULL,NULL,0,0,'2024-05-09 16:38:53','2024-05-09 16:38:53',63,2,8,1),(777,0,18,0,0,0,0,NULL,NULL,0,0,NULL,NULL,0,0,'2024-05-09 16:38:53','2024-05-09 16:38:53',63,2,9,1),(778,0,18,0,0,0,0,NULL,NULL,0,0,NULL,NULL,0,0,'2024-05-09 16:38:53','2024-05-09 16:38:53',63,2,10,1),(779,0,18,0,0,0,0,NULL,NULL,0,0,NULL,NULL,0,0,'2024-05-09 16:38:53','2024-05-09 16:38:53',63,2,11,1),(780,0,18,0,0,0,0,NULL,NULL,0,0,NULL,NULL,0,0,'2024-05-09 16:38:53','2024-05-09 16:38:53',63,2,12,1),(781,0,18,0,0,0,0,NULL,NULL,0,0,NULL,NULL,0,0,'2024-05-09 16:38:53','2024-05-09 16:38:53',63,2,13,1),(782,0,2000,0,0,0,0,NULL,NULL,0,0,NULL,NULL,0,0,'2024-05-09 16:38:53','2024-05-09 16:38:53',63,2,14,1),(783,0,1,0,0,0,1,'2024-05-09 16:57:25',NULL,0,0,NULL,NULL,0,0,'2024-05-09 16:57:25','2024-05-09 16:57:25',62,9,53,1),(784,0,18,0,0,0,0,NULL,NULL,0,0,NULL,NULL,0,0,'2024-05-09 16:57:25','2024-05-09 16:57:25',62,9,54,1),(785,0,18,0,0,0,0,NULL,NULL,0,0,NULL,NULL,0,0,'2024-05-09 16:57:25','2024-05-09 16:57:25',62,9,55,1),(786,0,18,0,0,0,0,NULL,NULL,0,0,NULL,NULL,0,0,'2024-05-09 16:57:25','2024-05-09 16:57:25',62,9,56,1),(787,0,18,0,0,0,0,NULL,NULL,0,0,NULL,NULL,0,0,'2024-05-09 16:57:25','2024-05-09 16:57:25',62,9,57,1),(788,0,18,0,0,0,0,NULL,NULL,0,0,NULL,NULL,0,0,'2024-05-09 16:57:25','2024-05-09 16:57:25',62,9,58,1),(789,0,2000,0,0,0,0,NULL,NULL,0,0,NULL,NULL,0,0,'2024-05-09 16:57:25','2024-05-09 16:57:25',62,9,59,1),(790,1,1,1,0,0,1,'2024-05-11 10:35:49','2024-05-11 10:36:29',0,100,'2024-05-11 10:36:29',NULL,10,0,'2024-05-10 07:30:18','2024-05-11 10:36:30',64,2,8,1),(791,0,18,4,0,0,1,'2024-05-13 06:20:38','2024-06-06 04:42:58',0,22,NULL,NULL,40,0,'2024-05-10 07:30:18','2024-06-06 04:42:58',64,2,9,1),(792,0,18,0,0,0,0,NULL,NULL,0,0,NULL,NULL,0,0,'2024-05-10 07:30:18','2024-05-10 07:30:18',64,2,10,1),(793,0,18,0,0,0,0,NULL,NULL,0,0,NULL,NULL,0,0,'2024-05-10 07:30:18','2024-05-10 07:30:18',64,2,11,1),(794,0,18,0,0,0,0,NULL,NULL,0,0,NULL,NULL,0,0,'2024-05-10 07:30:18','2024-05-10 07:30:18',64,2,12,1),(795,0,18,0,0,0,0,NULL,NULL,0,0,NULL,NULL,0,0,'2024-05-10 07:30:18','2024-05-10 07:30:18',64,2,13,1),(796,0,2000,0,0,0,0,NULL,NULL,0,0,NULL,NULL,0,0,'2024-05-10 07:30:18','2024-05-10 07:30:18',64,2,14,1),(797,1,1,1,0,0,1,'2024-05-10 08:06:32','2024-05-10 08:10:48',0,100,'2024-05-10 08:10:48',NULL,10,0,'2024-05-10 07:30:18','2024-05-10 08:10:48',65,2,8,1),(798,0,18,0,0,0,0,NULL,NULL,0,0,NULL,NULL,0,0,'2024-05-10 07:30:18','2024-05-10 07:30:18',65,2,9,1),(799,0,18,0,0,0,0,NULL,NULL,0,0,NULL,NULL,0,0,'2024-05-10 07:30:18','2024-05-10 07:30:18',65,2,10,1),(800,0,18,0,0,0,0,NULL,NULL,0,0,NULL,NULL,0,0,'2024-05-10 07:30:18','2024-05-10 07:30:18',65,2,11,1),(801,0,18,0,0,0,0,NULL,NULL,0,0,NULL,NULL,0,0,'2024-05-10 07:30:18','2024-05-10 07:30:18',65,2,12,1),(802,0,18,0,0,0,0,NULL,NULL,0,0,NULL,NULL,0,0,'2024-05-10 07:30:18','2024-05-10 07:30:18',65,2,13,1),(803,0,2000,0,0,0,0,NULL,NULL,0,0,NULL,NULL,0,0,'2024-05-10 07:30:18','2024-05-10 07:30:18',65,2,14,1),(804,1,1,1,0,0,1,'2024-05-10 08:07:59','2024-05-10 08:11:11',0,100,'2024-05-10 08:11:11',NULL,10,0,'2024-05-10 07:30:18','2024-05-10 08:11:11',66,2,8,1),(805,0,18,0,0,0,1,'2024-05-23 10:51:16',NULL,0,0,NULL,NULL,0,0,'2024-05-10 07:30:18','2024-05-23 10:51:16',66,2,9,1),(806,0,18,0,0,0,0,NULL,NULL,0,0,NULL,NULL,0,0,'2024-05-10 07:30:18','2024-05-10 07:30:18',66,2,10,1),(807,0,18,0,0,0,0,NULL,NULL,0,0,NULL,NULL,0,0,'2024-05-10 07:30:18','2024-05-10 07:30:18',66,2,11,1),(808,0,18,0,0,0,0,NULL,NULL,0,0,NULL,NULL,0,0,'2024-05-10 07:30:18','2024-05-10 07:30:18',66,2,12,1),(809,0,18,0,0,0,0,NULL,NULL,0,0,NULL,NULL,0,0,'2024-05-10 07:30:18','2024-05-10 07:30:18',66,2,13,1),(810,0,2000,0,0,0,0,NULL,NULL,0,0,NULL,NULL,0,0,'2024-05-10 07:30:18','2024-05-10 07:30:18',66,2,14,1),(811,1,1,1,0,0,1,'2024-05-10 08:36:15','2024-05-10 08:39:06',0,100,'2024-05-10 08:39:06',NULL,0,15,'2024-05-10 08:36:15','2024-05-10 08:39:06',66,9,53,1),(812,0,18,0,0,0,1,'2024-05-23 10:51:16',NULL,0,0,NULL,NULL,0,0,'2024-05-10 08:36:15','2024-05-23 10:51:16',66,9,54,1),(813,0,18,0,0,0,0,NULL,NULL,0,0,NULL,NULL,0,0,'2024-05-10 08:36:15','2024-05-10 08:36:15',66,9,55,1),(814,0,18,0,0,0,0,NULL,NULL,0,0,NULL,NULL,0,0,'2024-05-10 08:36:15','2024-05-10 08:36:15',66,9,56,1),(815,0,18,0,0,0,0,NULL,NULL,0,0,NULL,NULL,0,0,'2024-05-10 08:36:15','2024-05-10 08:36:15',66,9,57,1),(816,0,18,0,0,0,0,NULL,NULL,0,0,NULL,NULL,0,0,'2024-05-10 08:36:15','2024-05-10 08:36:15',66,9,58,1),(817,0,2000,0,0,0,0,NULL,NULL,0,0,NULL,NULL,0,0,'2024-05-10 08:36:15','2024-05-10 08:36:15',66,9,59,1),(818,1,1,1,0,0,1,'2024-05-10 08:44:53','2024-05-10 08:51:02',0,100,'2024-05-10 08:51:02',NULL,0,15,'2024-05-10 08:44:53','2024-05-10 08:51:02',65,9,53,1),(819,0,18,0,0,0,0,NULL,NULL,0,0,NULL,NULL,0,0,'2024-05-10 08:44:53','2024-05-10 08:44:53',65,9,54,1),(820,0,18,0,0,0,0,NULL,NULL,0,0,NULL,NULL,0,0,'2024-05-10 08:44:53','2024-05-10 08:44:53',65,9,55,1),(821,0,18,0,0,0,0,NULL,NULL,0,0,NULL,NULL,0,0,'2024-05-10 08:44:53','2024-05-10 08:44:53',65,9,56,1),(822,0,18,0,0,0,0,NULL,NULL,0,0,NULL,NULL,0,0,'2024-05-10 08:44:53','2024-05-10 08:44:53',65,9,57,1),(823,0,18,0,0,0,0,NULL,NULL,0,0,NULL,NULL,0,0,'2024-05-10 08:44:53','2024-05-10 08:44:53',65,9,58,1),(824,0,2000,0,0,0,0,NULL,NULL,0,0,NULL,NULL,0,0,'2024-05-10 08:44:53','2024-05-10 08:44:53',65,9,59,1),(825,0,1,0,0,0,0,NULL,NULL,0,0,NULL,NULL,0,0,'2024-05-11 05:09:01','2024-05-11 05:09:01',67,2,8,1),(826,0,18,0,0,0,0,NULL,NULL,0,0,NULL,NULL,0,0,'2024-05-11 05:09:01','2024-05-11 05:09:01',67,2,9,1),(827,0,18,0,0,0,0,NULL,NULL,0,0,NULL,NULL,0,0,'2024-05-11 05:09:01','2024-05-11 05:09:01',67,2,10,1),(828,0,18,0,0,0,0,NULL,NULL,0,0,NULL,NULL,0,0,'2024-05-11 05:09:01','2024-05-11 05:09:01',67,2,11,1),(829,0,18,0,0,0,0,NULL,NULL,0,0,NULL,NULL,0,0,'2024-05-11 05:09:01','2024-05-11 05:09:01',67,2,12,1),(830,0,18,0,0,0,0,NULL,NULL,0,0,NULL,NULL,0,0,'2024-05-11 05:09:01','2024-05-11 05:09:01',67,2,13,1),(831,0,2000,0,0,0,0,NULL,NULL,0,0,NULL,NULL,0,0,'2024-05-11 05:09:01','2024-05-11 05:09:01',67,2,14,1),(832,1,1,1,0,0,1,'2024-05-11 06:57:38','2024-05-11 06:58:48',0,100,'2024-05-11 06:58:48',NULL,10,0,'2024-05-11 05:09:01','2024-05-11 06:58:48',68,2,8,1),(833,0,18,0,0,0,0,NULL,NULL,0,0,NULL,NULL,0,0,'2024-05-11 05:09:01','2024-05-11 05:09:01',68,2,9,1),(834,0,18,0,0,0,0,NULL,NULL,0,0,NULL,NULL,0,0,'2024-05-11 05:09:01','2024-05-11 05:09:01',68,2,10,1),(835,0,18,0,0,0,0,NULL,NULL,0,0,NULL,NULL,0,0,'2024-05-11 05:09:01','2024-05-11 05:09:01',68,2,11,1),(836,0,18,0,0,0,0,NULL,NULL,0,0,NULL,NULL,0,0,'2024-05-11 05:09:01','2024-05-11 05:09:01',68,2,12,1),(837,0,18,0,0,0,0,NULL,NULL,0,0,NULL,NULL,0,0,'2024-05-11 05:09:01','2024-05-11 05:09:01',68,2,13,1),(838,0,2000,0,0,0,0,NULL,NULL,0,0,NULL,NULL,0,0,'2024-05-11 05:09:01','2024-05-11 05:09:01',68,2,14,1),(839,1,1,1,0,0,1,'2024-05-11 08:29:57','2024-05-11 08:30:38',0,100,'2024-05-11 08:30:38',NULL,10,0,'2024-05-11 05:09:01','2024-05-11 08:30:38',69,2,8,1),(840,0,18,0,0,0,0,NULL,NULL,0,0,NULL,NULL,0,0,'2024-05-11 05:09:01','2024-05-11 05:09:01',69,2,9,1),(841,0,18,0,0,0,0,NULL,NULL,0,0,NULL,NULL,0,0,'2024-05-11 05:09:01','2024-05-11 05:09:01',69,2,10,1),(842,0,18,0,0,0,0,NULL,NULL,0,0,NULL,NULL,0,0,'2024-05-11 05:09:01','2024-05-11 05:09:01',69,2,11,1),(843,0,18,0,0,0,0,NULL,NULL,0,0,NULL,NULL,0,0,'2024-05-11 05:09:01','2024-05-11 05:09:01',69,2,12,1),(844,0,18,0,0,0,0,NULL,NULL,0,0,NULL,NULL,0,0,'2024-05-11 05:09:01','2024-05-11 05:09:01',69,2,13,1),(845,0,2000,0,0,0,0,NULL,NULL,0,0,NULL,NULL,0,0,'2024-05-11 05:09:01','2024-05-11 05:09:01',69,2,14,1),(846,1,1,1,0,0,1,'2024-05-11 07:00:50','2024-05-11 07:02:35',0,100,'2024-05-11 07:02:35',NULL,0,15,'2024-05-11 07:00:50','2024-05-11 07:02:35',68,10,60,1),(847,0,18,0,0,0,0,NULL,NULL,0,0,NULL,NULL,0,0,'2024-05-11 07:00:51','2024-05-11 07:00:51',68,10,61,1),(848,0,18,0,0,0,0,NULL,NULL,0,0,NULL,NULL,0,0,'2024-05-11 07:00:51','2024-05-11 07:00:51',68,10,62,1),(849,0,18,0,0,0,0,NULL,NULL,0,0,NULL,NULL,0,0,'2024-05-11 07:00:51','2024-05-11 07:00:51',68,10,63,1),(850,0,18,0,0,0,0,NULL,NULL,0,0,NULL,NULL,0,0,'2024-05-11 07:00:51','2024-05-11 07:00:51',68,10,64,1),(851,0,18,0,0,0,0,NULL,NULL,0,0,NULL,NULL,0,0,'2024-05-11 07:00:51','2024-05-11 07:00:51',68,10,65,1),(852,0,2000,0,0,0,0,NULL,NULL,0,0,NULL,NULL,0,0,'2024-05-11 07:00:51','2024-05-11 07:00:51',68,10,66,1),(853,1,1,1,0,0,1,'2024-05-11 07:08:12','2024-05-11 07:15:16',0,100,'2024-05-11 07:15:16',NULL,0,15,'2024-05-11 07:08:12','2024-05-11 07:15:16',68,9,53,1),(854,0,18,0,0,0,0,NULL,NULL,0,0,NULL,NULL,0,0,'2024-05-11 07:08:12','2024-05-11 07:08:12',68,9,54,1),(855,0,18,0,0,0,0,NULL,NULL,0,0,NULL,NULL,0,0,'2024-05-11 07:08:12','2024-05-11 07:08:12',68,9,55,1),(856,0,18,0,0,0,0,NULL,NULL,0,0,NULL,NULL,0,0,'2024-05-11 07:08:12','2024-05-11 07:08:12',68,9,56,1),(857,0,18,0,0,0,0,NULL,NULL,0,0,NULL,NULL,0,0,'2024-05-11 07:08:12','2024-05-11 07:08:12',68,9,57,1),(858,0,18,0,0,0,0,NULL,NULL,0,0,NULL,NULL,0,0,'2024-05-11 07:08:12','2024-05-11 07:08:12',68,9,58,1),(859,0,2000,0,0,0,0,NULL,NULL,0,0,NULL,NULL,0,0,'2024-05-11 07:08:12','2024-05-11 07:08:12',68,9,59,1),(860,1,1,1,0,0,1,'2024-05-11 07:08:19','2024-05-11 07:15:16',0,100,'2024-05-11 07:15:16',NULL,0,15,'2024-05-11 07:08:19','2024-05-11 07:15:16',68,9,53,1),(861,0,18,0,0,0,0,NULL,NULL,0,0,NULL,NULL,0,0,'2024-05-11 07:08:19','2024-05-11 07:08:19',68,9,54,1),(862,0,18,0,0,0,0,NULL,NULL,0,0,NULL,NULL,0,0,'2024-05-11 07:08:19','2024-05-11 07:08:19',68,9,55,1),(863,0,18,0,0,0,0,NULL,NULL,0,0,NULL,NULL,0,0,'2024-05-11 07:08:19','2024-05-11 07:08:19',68,9,56,1),(864,0,18,0,0,0,0,NULL,NULL,0,0,NULL,NULL,0,0,'2024-05-11 07:08:19','2024-05-11 07:08:19',68,9,57,1),(865,0,18,0,0,0,0,NULL,NULL,0,0,NULL,NULL,0,0,'2024-05-11 07:08:19','2024-05-11 07:08:19',68,9,58,1),(866,0,2000,0,0,0,0,NULL,NULL,0,0,NULL,NULL,0,0,'2024-05-11 07:08:19','2024-05-11 07:08:19',68,9,59,1),(867,1,1,1,0,0,1,'2024-05-11 08:01:57','2024-05-11 08:05:02',0,100,'2024-05-11 08:05:02',NULL,0,15,'2024-05-11 08:01:57','2024-05-11 08:05:02',47,11,67,1),(868,0,18,0,0,0,1,'2024-05-13 03:36:24',NULL,0,0,NULL,NULL,0,0,'2024-05-11 08:01:57','2024-05-13 03:36:24',47,11,68,1),(869,0,18,0,0,0,0,NULL,NULL,0,0,NULL,NULL,0,0,'2024-05-11 08:01:57','2024-05-11 08:01:57',47,11,69,1),(870,0,18,0,0,0,0,NULL,NULL,0,0,NULL,NULL,0,0,'2024-05-11 08:01:57','2024-05-11 08:01:57',47,11,70,1),(871,0,18,0,0,0,0,NULL,NULL,0,0,NULL,NULL,0,0,'2024-05-11 08:01:57','2024-05-11 08:01:57',47,11,71,1),(872,0,18,0,0,0,0,NULL,NULL,0,0,NULL,NULL,0,0,'2024-05-11 08:01:57','2024-05-11 08:01:57',47,11,72,1),(873,0,2000,0,0,0,0,NULL,NULL,0,0,NULL,NULL,0,0,'2024-05-11 08:01:57','2024-05-11 08:01:57',47,11,73,1),(874,1,1,1,0,0,1,'2024-05-11 08:07:51','2024-05-11 08:08:51',0,100,'2024-05-11 08:08:51',NULL,0,15,'2024-05-11 08:07:51','2024-05-11 08:08:51',47,12,74,1),(875,0,18,0,0,0,1,'2024-05-13 03:36:24',NULL,0,0,NULL,NULL,0,0,'2024-05-11 08:07:51','2024-05-13 03:36:24',47,12,75,1),(876,0,18,0,0,0,0,NULL,NULL,0,0,NULL,NULL,0,0,'2024-05-11 08:07:51','2024-05-11 08:07:51',47,12,76,1),(877,0,18,0,0,0,0,NULL,NULL,0,0,NULL,NULL,0,0,'2024-05-11 08:07:51','2024-05-11 08:07:51',47,12,77,1),(878,0,18,0,0,0,0,NULL,NULL,0,0,NULL,NULL,0,0,'2024-05-11 08:07:51','2024-05-11 08:07:51',47,12,78,1),(879,0,18,0,0,0,0,NULL,NULL,0,0,NULL,NULL,0,0,'2024-05-11 08:07:51','2024-05-11 08:07:51',47,12,79,1),(880,0,2000,0,0,0,0,NULL,NULL,0,0,NULL,NULL,0,0,'2024-05-11 08:07:51','2024-05-11 08:07:51',47,12,80,1),(881,1,1,1,0,0,1,'2024-05-11 08:14:09','2024-05-11 08:14:31',0,100,'2024-05-11 08:14:31',NULL,0,15,'2024-05-11 08:14:09','2024-05-11 08:14:31',47,13,81,1),(882,0,18,0,0,0,1,'2024-05-13 03:36:25',NULL,0,0,NULL,NULL,0,0,'2024-05-11 08:14:09','2024-05-13 03:36:25',47,13,82,1),(883,0,18,0,0,0,0,NULL,NULL,0,0,NULL,NULL,0,0,'2024-05-11 08:14:09','2024-05-11 08:14:09',47,13,83,1),(884,0,18,0,0,0,0,NULL,NULL,0,0,NULL,NULL,0,0,'2024-05-11 08:14:09','2024-05-11 08:14:09',47,13,84,1),(885,0,18,0,0,0,0,NULL,NULL,0,0,NULL,NULL,0,0,'2024-05-11 08:14:09','2024-05-11 08:14:09',47,13,85,1),(886,0,18,0,0,0,0,NULL,NULL,0,0,NULL,NULL,0,0,'2024-05-11 08:14:09','2024-05-11 08:14:09',47,13,86,1),(887,0,2000,0,0,0,0,NULL,NULL,0,0,NULL,NULL,0,0,'2024-05-11 08:14:09','2024-05-11 08:14:09',47,13,87,1),(888,1,1,1,0,0,1,'2024-05-15 02:57:53','2024-05-15 03:05:37',0,100,'2024-05-15 03:05:37',NULL,10,0,'2024-05-11 08:40:09','2024-05-15 03:05:37',70,2,8,1),(889,0,18,5,0,0,1,'2024-05-16 11:38:47','2024-05-31 04:46:19',0,28,NULL,NULL,50,0,'2024-05-11 08:40:09','2024-05-31 04:46:19',70,2,9,1),(890,0,18,0,0,0,0,NULL,NULL,0,0,NULL,NULL,0,0,'2024-05-11 08:40:09','2024-05-11 08:40:09',70,2,10,1),(891,0,18,0,0,0,0,NULL,NULL,0,0,NULL,NULL,0,0,'2024-05-11 08:40:09','2024-05-11 08:40:09',70,2,11,1),(892,0,18,0,0,0,0,NULL,NULL,0,0,NULL,NULL,0,0,'2024-05-11 08:40:09','2024-05-11 08:40:09',70,2,12,1),(893,0,18,0,0,0,0,NULL,NULL,0,0,NULL,NULL,0,0,'2024-05-11 08:40:09','2024-05-11 08:40:09',70,2,13,1),(894,0,2000,0,0,0,0,NULL,NULL,0,0,NULL,NULL,0,0,'2024-05-11 08:40:09','2024-05-11 08:40:09',70,2,14,1),(895,0,1,0,0,0,0,NULL,NULL,0,0,NULL,NULL,0,0,'2024-05-11 08:40:09','2024-05-11 08:40:09',71,2,8,1),(896,0,18,0,0,0,0,NULL,NULL,0,0,NULL,NULL,0,0,'2024-05-11 08:40:09','2024-05-11 08:40:09',71,2,9,1),(897,0,18,0,0,0,0,NULL,NULL,0,0,NULL,NULL,0,0,'2024-05-11 08:40:09','2024-05-11 08:40:09',71,2,10,1),(898,0,18,0,0,0,0,NULL,NULL,0,0,NULL,NULL,0,0,'2024-05-11 08:40:09','2024-05-11 08:40:09',71,2,11,1),(899,0,18,0,0,0,0,NULL,NULL,0,0,NULL,NULL,0,0,'2024-05-11 08:40:09','2024-05-11 08:40:09',71,2,12,1),(900,0,18,0,0,0,0,NULL,NULL,0,0,NULL,NULL,0,0,'2024-05-11 08:40:09','2024-05-11 08:40:09',71,2,13,1),(901,0,2000,0,0,0,0,NULL,NULL,0,0,NULL,NULL,0,0,'2024-05-11 08:40:09','2024-05-11 08:40:09',71,2,14,1),(902,0,1,0,0,0,1,'2024-05-11 08:49:42',NULL,0,0,NULL,NULL,0,0,'2024-05-11 08:49:42','2024-05-11 08:49:42',69,10,60,1),(903,0,18,0,0,0,0,NULL,NULL,0,0,NULL,NULL,0,0,'2024-05-11 08:49:42','2024-05-11 08:49:42',69,10,61,1),(904,0,18,0,0,0,0,NULL,NULL,0,0,NULL,NULL,0,0,'2024-05-11 08:49:42','2024-05-11 08:49:42',69,10,62,1),(905,0,18,0,0,0,0,NULL,NULL,0,0,NULL,NULL,0,0,'2024-05-11 08:49:42','2024-05-11 08:49:42',69,10,63,1),(906,0,18,0,0,0,0,NULL,NULL,0,0,NULL,NULL,0,0,'2024-05-11 08:49:42','2024-05-11 08:49:42',69,10,64,1),(907,0,18,0,0,0,0,NULL,NULL,0,0,NULL,NULL,0,0,'2024-05-11 08:49:42','2024-05-11 08:49:42',69,10,65,1),(908,0,2000,0,0,0,0,NULL,NULL,0,0,NULL,NULL,0,0,'2024-05-11 08:49:42','2024-05-11 08:49:42',69,10,66,1),(909,0,1,0,0,0,1,'2024-05-11 09:07:16',NULL,0,0,NULL,NULL,0,0,'2024-05-11 09:06:39','2024-05-11 09:07:16',69,1,1,1),(910,0,18,0,0,0,0,NULL,NULL,0,0,NULL,NULL,0,0,'2024-05-11 09:06:39','2024-05-11 09:06:39',69,1,2,1),(911,0,18,0,0,0,0,NULL,NULL,0,0,NULL,NULL,0,0,'2024-05-11 09:06:39','2024-05-11 09:06:39',69,1,3,1),(912,0,18,0,0,0,0,NULL,NULL,0,0,NULL,NULL,0,0,'2024-05-11 09:06:39','2024-05-11 09:06:39',69,1,4,1),(913,0,18,0,0,0,0,NULL,NULL,0,0,NULL,NULL,0,0,'2024-05-11 09:06:39','2024-05-11 09:06:39',69,1,5,1),(914,0,18,0,0,0,0,NULL,NULL,0,0,NULL,NULL,0,0,'2024-05-11 09:06:39','2024-05-11 09:06:39',69,1,6,1),(915,0,2000,0,0,0,0,NULL,NULL,0,0,NULL,NULL,0,0,'2024-05-11 09:06:39','2024-05-11 09:06:39',69,1,7,1),(916,0,1,0,0,0,1,'2024-05-11 09:07:16',NULL,0,0,NULL,NULL,0,0,'2024-05-11 09:06:39','2024-05-11 09:07:16',47,1,1,1),(917,0,18,0,0,0,0,NULL,NULL,0,0,NULL,NULL,0,0,'2024-05-11 09:06:39','2024-05-11 09:06:39',47,1,2,1),(918,0,18,0,0,0,0,NULL,NULL,0,0,NULL,NULL,0,0,'2024-05-11 09:06:39','2024-05-11 09:06:39',47,1,3,1),(919,0,18,0,0,0,0,NULL,NULL,0,0,NULL,NULL,0,0,'2024-05-11 09:06:39','2024-05-11 09:06:39',47,1,4,1),(920,0,18,0,0,0,0,NULL,NULL,0,0,NULL,NULL,0,0,'2024-05-11 09:06:39','2024-05-11 09:06:39',47,1,5,1),(921,0,18,0,0,0,0,NULL,NULL,0,0,NULL,NULL,0,0,'2024-05-11 09:06:39','2024-05-11 09:06:39',47,1,6,1),(922,0,2000,0,0,0,0,NULL,NULL,0,0,NULL,NULL,0,0,'2024-05-11 09:06:39','2024-05-11 09:06:39',47,1,7,1),(923,1,1,1,0,0,1,'2024-05-11 10:38:10','2024-05-11 10:38:41',0,100,'2024-05-11 10:38:41',NULL,0,15,'2024-05-11 10:38:10','2024-05-11 10:38:41',64,11,67,1),(924,0,18,5,0,0,1,'2024-05-13 06:20:38','2024-06-06 04:42:00',0,28,NULL,NULL,0,75,'2024-05-11 10:38:10','2024-06-06 04:42:00',64,11,68,1),(925,0,18,0,0,0,0,NULL,NULL,0,0,NULL,NULL,0,0,'2024-05-11 10:38:10','2024-05-11 10:38:10',64,11,69,1),(926,0,18,0,0,0,0,NULL,NULL,0,0,NULL,NULL,0,0,'2024-05-11 10:38:10','2024-05-11 10:38:10',64,11,70,1),(927,0,18,0,0,0,0,NULL,NULL,0,0,NULL,NULL,0,0,'2024-05-11 10:38:10','2024-05-11 10:38:10',64,11,71,1),(928,0,18,0,0,0,0,NULL,NULL,0,0,NULL,NULL,0,0,'2024-05-11 10:38:10','2024-05-11 10:38:10',64,11,72,1),(929,0,2000,0,0,0,0,NULL,NULL,0,0,NULL,NULL,0,0,'2024-05-11 10:38:10','2024-05-11 10:38:10',64,11,73,1),(930,0,1,0,0,0,0,NULL,NULL,0,0,NULL,NULL,0,0,'2024-05-11 12:52:28','2024-05-11 12:52:28',80,18,116,1),(931,0,1,0,0,0,0,NULL,NULL,0,0,NULL,NULL,0,0,'2024-05-11 12:52:28','2024-05-11 12:52:28',80,18,117,1),(932,0,18,0,0,0,0,NULL,NULL,0,0,NULL,NULL,0,0,'2024-05-11 12:52:28','2024-05-11 12:52:28',80,18,118,1),(933,0,18,0,0,0,0,NULL,NULL,0,0,NULL,NULL,0,0,'2024-05-11 12:52:28','2024-05-11 12:52:28',80,18,119,1),(934,0,18,0,0,0,0,NULL,NULL,0,0,NULL,NULL,0,0,'2024-05-11 12:52:28','2024-05-11 12:52:28',80,18,120,1),(935,0,18,0,0,0,0,NULL,NULL,0,0,NULL,NULL,0,0,'2024-05-11 12:52:28','2024-05-11 12:52:28',80,18,121,1),(936,0,2000,0,0,0,0,NULL,NULL,0,0,NULL,NULL,0,0,'2024-05-11 12:52:28','2024-05-11 12:52:28',80,18,122,1),(937,0,1,0,0,0,0,NULL,NULL,0,0,NULL,NULL,0,0,'2024-05-11 12:52:28','2024-05-11 12:52:28',81,18,116,1),(938,0,1,0,0,0,0,NULL,NULL,0,0,NULL,NULL,0,0,'2024-05-11 12:52:28','2024-05-11 12:52:28',81,18,117,1),(939,0,18,0,0,0,0,NULL,NULL,0,0,NULL,NULL,0,0,'2024-05-11 12:52:28','2024-05-11 12:52:28',81,18,118,1),(940,0,18,0,0,0,0,NULL,NULL,0,0,NULL,NULL,0,0,'2024-05-11 12:52:28','2024-05-11 12:52:28',81,18,119,1),(941,0,18,0,0,0,0,NULL,NULL,0,0,NULL,NULL,0,0,'2024-05-11 12:52:28','2024-05-11 12:52:28',81,18,120,1),(942,0,18,0,0,0,0,NULL,NULL,0,0,NULL,NULL,0,0,'2024-05-11 12:52:28','2024-05-11 12:52:28',81,18,121,1),(943,0,2000,0,0,0,0,NULL,NULL,0,0,NULL,NULL,0,0,'2024-05-11 12:52:28','2024-05-11 12:52:28',81,18,122,1),(944,0,1,0,0,0,0,NULL,NULL,0,0,NULL,NULL,0,0,'2024-05-11 12:58:50','2024-05-11 12:58:50',82,18,116,1),(945,0,1,0,0,0,0,NULL,NULL,0,0,NULL,NULL,0,0,'2024-05-11 12:58:50','2024-05-11 12:58:50',82,18,117,1),(946,0,18,0,0,0,0,NULL,NULL,0,0,NULL,NULL,0,0,'2024-05-11 12:58:50','2024-05-11 12:58:50',82,18,118,1),(947,0,18,0,0,0,0,NULL,NULL,0,0,NULL,NULL,0,0,'2024-05-11 12:58:50','2024-05-11 12:58:50',82,18,119,1),(948,0,18,0,0,0,0,NULL,NULL,0,0,NULL,NULL,0,0,'2024-05-11 12:58:50','2024-05-11 12:58:50',82,18,120,1),(949,0,18,0,0,0,0,NULL,NULL,0,0,NULL,NULL,0,0,'2024-05-11 12:58:50','2024-05-11 12:58:50',82,18,121,1),(950,0,2000,0,0,0,0,NULL,NULL,0,0,NULL,NULL,0,0,'2024-05-11 12:58:50','2024-05-11 12:58:50',82,18,122,1),(951,0,1,0,0,0,0,NULL,NULL,0,0,NULL,NULL,0,0,'2024-05-11 12:58:50','2024-05-11 12:58:50',83,18,116,1),(952,0,1,0,0,0,0,NULL,NULL,0,0,NULL,NULL,0,0,'2024-05-11 12:58:50','2024-05-11 12:58:50',83,18,117,1),(953,0,18,0,0,0,0,NULL,NULL,0,0,NULL,NULL,0,0,'2024-05-11 12:58:50','2024-05-11 12:58:50',83,18,118,1),(954,0,18,0,0,0,0,NULL,NULL,0,0,NULL,NULL,0,0,'2024-05-11 12:58:50','2024-05-11 12:58:50',83,18,119,1),(955,0,18,0,0,0,0,NULL,NULL,0,0,NULL,NULL,0,0,'2024-05-11 12:58:50','2024-05-11 12:58:50',83,18,120,1),(956,0,18,0,0,0,0,NULL,NULL,0,0,NULL,NULL,0,0,'2024-05-11 12:58:50','2024-05-11 12:58:50',83,18,121,1),(957,0,2000,0,0,0,0,NULL,NULL,0,0,NULL,NULL,0,0,'2024-05-11 12:58:50','2024-05-11 12:58:50',83,18,122,1),(958,1,1,1,0,0,1,'2024-05-11 14:29:51','2024-05-11 14:30:07',0,100,'2024-05-11 14:30:07',NULL,10,0,'2024-05-11 13:21:38','2024-05-11 14:30:07',84,18,116,1),(959,0,1,0,0,0,0,NULL,NULL,0,0,NULL,NULL,0,0,'2024-05-11 13:21:38','2024-05-11 13:21:38',84,18,117,1),(960,0,18,0,0,0,0,NULL,NULL,0,0,NULL,NULL,0,0,'2024-05-11 13:21:38','2024-05-11 13:21:38',84,18,118,1),(961,0,18,0,0,0,0,NULL,NULL,0,0,NULL,NULL,0,0,'2024-05-11 13:21:38','2024-05-11 13:21:38',84,18,119,1),(962,0,18,0,0,0,0,NULL,NULL,0,0,NULL,NULL,0,0,'2024-05-11 13:21:38','2024-05-11 13:21:38',84,18,120,1),(963,0,18,0,0,0,0,NULL,NULL,0,0,NULL,NULL,0,0,'2024-05-11 13:21:38','2024-05-11 13:21:38',84,18,121,1),(964,0,2000,0,0,0,0,NULL,NULL,0,0,NULL,NULL,0,0,'2024-05-11 13:21:38','2024-05-11 13:21:38',84,18,122,1),(965,0,1,0,0,0,0,NULL,NULL,0,0,NULL,NULL,0,0,'2024-05-11 13:21:38','2024-05-11 13:21:38',79,18,116,1),(966,0,1,0,0,0,0,NULL,NULL,0,0,NULL,NULL,0,0,'2024-05-11 13:21:38','2024-05-11 13:21:38',79,18,117,1),(967,0,18,0,0,0,0,NULL,NULL,0,0,NULL,NULL,0,0,'2024-05-11 13:21:38','2024-05-11 13:21:38',79,18,118,1),(968,0,18,0,0,0,0,NULL,NULL,0,0,NULL,NULL,0,0,'2024-05-11 13:21:38','2024-05-11 13:21:38',79,18,119,1),(969,0,18,0,0,0,0,NULL,NULL,0,0,NULL,NULL,0,0,'2024-05-11 13:21:38','2024-05-11 13:21:38',79,18,120,1),(970,0,18,0,0,0,0,NULL,NULL,0,0,NULL,NULL,0,0,'2024-05-11 13:21:38','2024-05-11 13:21:38',79,18,121,1),(971,0,2000,0,0,0,0,NULL,NULL,0,0,NULL,NULL,0,0,'2024-05-11 13:21:38','2024-05-11 13:21:38',79,18,122,1),(972,0,1,0,0,0,0,NULL,NULL,0,0,NULL,NULL,0,0,'2024-05-11 14:13:37','2024-05-11 14:13:37',68,18,116,1),(973,0,1,0,0,0,0,NULL,NULL,0,0,NULL,NULL,0,0,'2024-05-11 14:13:37','2024-05-11 14:13:37',68,18,117,1),(974,0,18,0,0,0,0,NULL,NULL,0,0,NULL,NULL,0,0,'2024-05-11 14:13:37','2024-05-11 14:13:37',68,18,118,1),(975,0,18,0,0,0,0,NULL,NULL,0,0,NULL,NULL,0,0,'2024-05-11 14:13:37','2024-05-11 14:13:37',68,18,119,1),(976,0,18,0,0,0,0,NULL,NULL,0,0,NULL,NULL,0,0,'2024-05-11 14:13:37','2024-05-11 14:13:37',68,18,120,1),(977,0,18,0,0,0,0,NULL,NULL,0,0,NULL,NULL,0,0,'2024-05-11 14:13:37','2024-05-11 14:13:37',68,18,121,1),(978,0,2000,0,0,0,0,NULL,NULL,0,0,NULL,NULL,0,0,'2024-05-11 14:13:37','2024-05-11 14:13:37',68,18,122,1),(979,1,1,1,0,0,1,'2024-05-11 14:17:34','2024-05-11 14:17:59',0,100,'2024-05-11 14:17:59',NULL,10,0,'2024-05-11 14:13:37','2024-05-11 14:17:59',85,18,116,1),(980,0,1,0,0,0,1,'2024-05-13 06:15:42',NULL,0,0,NULL,NULL,0,0,'2024-05-11 14:13:37','2024-05-13 06:15:42',85,18,117,1),(981,0,18,0,0,0,0,NULL,NULL,0,0,NULL,NULL,0,0,'2024-05-11 14:13:37','2024-05-11 14:13:37',85,18,118,1),(982,0,18,0,0,0,0,NULL,NULL,0,0,NULL,NULL,0,0,'2024-05-11 14:13:37','2024-05-11 14:13:37',85,18,119,1),(983,0,18,0,0,0,0,NULL,NULL,0,0,NULL,NULL,0,0,'2024-05-11 14:13:37','2024-05-11 14:13:37',85,18,120,1),(984,0,18,0,0,0,0,NULL,NULL,0,0,NULL,NULL,0,0,'2024-05-11 14:13:37','2024-05-11 14:13:37',85,18,121,1),(985,0,2000,0,0,0,0,NULL,NULL,0,0,NULL,NULL,0,0,'2024-05-11 14:13:37','2024-05-11 14:13:37',85,18,122,1),(986,1,1,1,0,0,1,'2024-05-11 14:19:08','2024-05-11 14:19:45',0,100,'2024-05-11 14:19:45',NULL,0,15,'2024-05-11 14:19:08','2024-05-11 14:19:45',85,9,53,3),(987,0,18,0,0,0,1,'2024-05-13 06:15:42',NULL,0,0,NULL,NULL,0,0,'2024-05-11 14:19:08','2024-05-13 06:15:42',85,9,54,3),(988,0,18,0,0,0,0,NULL,NULL,0,0,NULL,NULL,0,0,'2024-05-11 14:19:08','2024-05-11 14:19:08',85,9,55,3),(989,0,18,0,0,0,0,NULL,NULL,0,0,NULL,NULL,0,0,'2024-05-11 14:19:08','2024-05-11 14:19:08',85,9,56,3),(990,0,18,0,0,0,0,NULL,NULL,0,0,NULL,NULL,0,0,'2024-05-11 14:19:08','2024-05-11 14:19:08',85,9,57,3),(991,0,18,0,0,0,0,NULL,NULL,0,0,NULL,NULL,0,0,'2024-05-11 14:19:08','2024-05-11 14:19:08',85,9,58,3),(992,0,2000,0,0,0,0,NULL,NULL,0,0,NULL,NULL,0,0,'2024-05-11 14:19:08','2024-05-11 14:19:08',85,9,59,3),(993,0,1,0,0,0,0,NULL,NULL,0,0,NULL,NULL,0,0,'2024-05-11 14:39:14','2024-05-11 14:39:14',86,18,116,1),(994,0,1,0,0,0,0,NULL,NULL,0,0,NULL,NULL,0,0,'2024-05-11 14:39:14','2024-05-11 14:39:14',86,18,117,1),(995,0,18,0,0,0,0,NULL,NULL,0,0,NULL,NULL,0,0,'2024-05-11 14:39:14','2024-05-11 14:39:14',86,18,118,1),(996,0,18,0,0,0,0,NULL,NULL,0,0,NULL,NULL,0,0,'2024-05-11 14:39:14','2024-05-11 14:39:14',86,18,119,1),(997,0,18,0,0,0,0,NULL,NULL,0,0,NULL,NULL,0,0,'2024-05-11 14:39:14','2024-05-11 14:39:14',86,18,120,1),(998,0,18,0,0,0,0,NULL,NULL,0,0,NULL,NULL,0,0,'2024-05-11 14:39:14','2024-05-11 14:39:14',86,18,121,1),(999,0,2000,0,0,0,0,NULL,NULL,0,0,NULL,NULL,0,0,'2024-05-11 14:39:14','2024-05-11 14:39:14',86,18,122,1),(1000,1,1,1,0,0,1,'2024-05-11 17:23:13','2024-05-13 08:48:04',0,100,'2024-05-13 08:48:04',NULL,10,0,'2024-05-11 14:39:14','2024-05-13 08:48:04',10,18,116,1),(1001,1,1,1,0,0,1,'2024-05-14 01:53:39','2024-05-12 06:59:09',0,100,'2024-05-12 06:59:09',NULL,10,0,'2024-05-11 14:39:14','2024-05-14 01:53:39',10,18,117,1),(1002,0,18,12,0,0,1,'2024-05-14 01:53:39','2024-06-08 11:44:40',0,67,NULL,NULL,120,0,'2024-05-11 14:39:14','2024-06-08 11:44:40',10,18,118,1),(1003,0,18,0,0,0,0,NULL,NULL,0,0,NULL,NULL,0,0,'2024-05-11 14:39:14','2024-05-11 14:39:14',10,18,119,1),(1004,0,18,0,0,0,0,NULL,NULL,0,0,NULL,NULL,0,0,'2024-05-11 14:39:14','2024-05-11 14:39:14',10,18,120,1),(1005,0,18,0,0,0,0,NULL,NULL,0,0,NULL,NULL,0,0,'2024-05-11 14:39:14','2024-05-11 14:39:14',10,18,121,1),(1006,0,2000,0,0,0,0,NULL,NULL,0,0,NULL,NULL,0,0,'2024-05-11 14:39:14','2024-05-11 14:39:14',10,18,122,1),(1007,0,1,0,0,0,0,NULL,NULL,0,0,NULL,NULL,0,0,'2024-05-12 10:34:03','2024-05-12 10:34:03',87,2,8,1),(1008,0,18,0,0,0,0,NULL,NULL,0,0,NULL,NULL,0,0,'2024-05-12 10:34:03','2024-05-12 10:34:03',87,2,9,1),(1009,0,18,0,0,0,0,NULL,NULL,0,0,NULL,NULL,0,0,'2024-05-12 10:34:03','2024-05-12 10:34:03',87,2,10,1),(1010,0,18,0,0,0,0,NULL,NULL,0,0,NULL,NULL,0,0,'2024-05-12 10:34:03','2024-05-12 10:34:03',87,2,11,1),(1011,0,18,0,0,0,0,NULL,NULL,0,0,NULL,NULL,0,0,'2024-05-12 10:34:03','2024-05-12 10:34:03',87,2,12,1),(1012,0,18,0,0,0,0,NULL,NULL,0,0,NULL,NULL,0,0,'2024-05-12 10:34:03','2024-05-12 10:34:03',87,2,13,1),(1013,0,2000,0,0,0,0,NULL,NULL,0,0,NULL,NULL,0,0,'2024-05-12 10:34:03','2024-05-12 10:34:03',87,2,14,1),(1014,0,1,0,0,0,0,NULL,NULL,0,0,NULL,NULL,0,0,'2024-05-12 10:34:03','2024-05-12 10:34:03',88,2,8,1),(1015,0,18,0,0,0,0,NULL,NULL,0,0,NULL,NULL,0,0,'2024-05-12 10:34:03','2024-05-12 10:34:03',88,2,9,1),(1016,0,18,0,0,0,0,NULL,NULL,0,0,NULL,NULL,0,0,'2024-05-12 10:34:03','2024-05-12 10:34:03',88,2,10,1),(1017,0,18,0,0,0,0,NULL,NULL,0,0,NULL,NULL,0,0,'2024-05-12 10:34:03','2024-05-12 10:34:03',88,2,11,1),(1018,0,18,0,0,0,0,NULL,NULL,0,0,NULL,NULL,0,0,'2024-05-12 10:34:03','2024-05-12 10:34:03',88,2,12,1),(1019,0,18,0,0,0,0,NULL,NULL,0,0,NULL,NULL,0,0,'2024-05-12 10:34:03','2024-05-12 10:34:03',88,2,13,1),(1020,0,2000,0,0,0,0,NULL,NULL,0,0,NULL,NULL,0,0,'2024-05-12 10:34:03','2024-05-12 10:34:03',88,2,14,1),(1021,0,1,0,0,0,0,NULL,NULL,0,0,NULL,NULL,0,0,'2024-05-12 11:09:12','2024-05-12 11:09:12',89,2,8,1),(1022,0,18,0,0,0,0,NULL,NULL,0,0,NULL,NULL,0,0,'2024-05-12 11:09:12','2024-05-12 11:09:12',89,2,9,1),(1023,0,18,0,0,0,0,NULL,NULL,0,0,NULL,NULL,0,0,'2024-05-12 11:09:12','2024-05-12 11:09:12',89,2,10,1),(1024,0,18,0,0,0,0,NULL,NULL,0,0,NULL,NULL,0,0,'2024-05-12 11:09:12','2024-05-12 11:09:12',89,2,11,1),(1025,0,18,0,0,0,0,NULL,NULL,0,0,NULL,NULL,0,0,'2024-05-12 11:09:12','2024-05-12 11:09:12',89,2,12,1),(1026,0,18,0,0,0,0,NULL,NULL,0,0,NULL,NULL,0,0,'2024-05-12 11:09:12','2024-05-12 11:09:12',89,2,13,1),(1027,0,2000,0,0,0,0,NULL,NULL,0,0,NULL,NULL,0,0,'2024-05-12 11:09:12','2024-05-12 11:09:12',89,2,14,1),(1028,0,1,0,0,0,0,NULL,NULL,0,0,NULL,NULL,0,0,'2024-05-12 11:09:12','2024-05-12 11:09:12',90,2,8,1),(1029,0,18,0,0,0,0,NULL,NULL,0,0,NULL,NULL,0,0,'2024-05-12 11:09:12','2024-05-12 11:09:12',90,2,9,1),(1030,0,18,0,0,0,0,NULL,NULL,0,0,NULL,NULL,0,0,'2024-05-12 11:09:12','2024-05-12 11:09:12',90,2,10,1),(1031,0,18,0,0,0,0,NULL,NULL,0,0,NULL,NULL,0,0,'2024-05-12 11:09:12','2024-05-12 11:09:12',90,2,11,1),(1032,0,18,0,0,0,0,NULL,NULL,0,0,NULL,NULL,0,0,'2024-05-12 11:09:12','2024-05-12 11:09:12',90,2,12,1),(1033,0,18,0,0,0,0,NULL,NULL,0,0,NULL,NULL,0,0,'2024-05-12 11:09:12','2024-05-12 11:09:12',90,2,13,1),(1034,0,2000,0,0,0,0,NULL,NULL,0,0,NULL,NULL,0,0,'2024-05-12 11:09:12','2024-05-12 11:09:12',90,2,14,1),(1035,0,1,0,0,0,0,NULL,NULL,0,0,NULL,NULL,0,0,'2024-05-13 05:28:21','2024-05-13 05:28:21',91,18,116,1),(1036,0,1,0,0,0,0,NULL,NULL,0,0,NULL,NULL,0,0,'2024-05-13 05:28:21','2024-05-13 05:28:21',91,18,117,1),(1037,0,18,0,0,0,0,NULL,NULL,0,0,NULL,NULL,0,0,'2024-05-13 05:28:21','2024-05-13 05:28:21',91,18,118,1),(1038,0,18,0,0,0,0,NULL,NULL,0,0,NULL,NULL,0,0,'2024-05-13 05:28:21','2024-05-13 05:28:21',91,18,119,1),(1039,0,18,0,0,0,0,NULL,NULL,0,0,NULL,NULL,0,0,'2024-05-13 05:28:21','2024-05-13 05:28:21',91,18,120,1),(1040,0,18,0,0,0,0,NULL,NULL,0,0,NULL,NULL,0,0,'2024-05-13 05:28:21','2024-05-13 05:28:21',91,18,121,1),(1041,0,2000,0,0,0,0,NULL,NULL,0,0,NULL,NULL,0,0,'2024-05-13 05:28:21','2024-05-13 05:28:21',91,18,122,1),(1042,0,1,0,0,0,0,NULL,NULL,0,0,NULL,NULL,0,0,'2024-05-13 05:28:21','2024-05-13 05:28:21',59,18,116,1),(1043,0,1,0,0,0,0,NULL,NULL,0,0,NULL,NULL,0,0,'2024-05-13 05:28:21','2024-05-13 05:28:21',59,18,117,1),(1044,0,18,0,0,0,0,NULL,NULL,0,0,NULL,NULL,0,0,'2024-05-13 05:28:21','2024-05-13 05:28:21',59,18,118,1),(1045,0,18,0,0,0,0,NULL,NULL,0,0,NULL,NULL,0,0,'2024-05-13 05:28:21','2024-05-13 05:28:21',59,18,119,1),(1046,0,18,0,0,0,0,NULL,NULL,0,0,NULL,NULL,0,0,'2024-05-13 05:28:21','2024-05-13 05:28:21',59,18,120,1),(1047,0,18,0,0,0,0,NULL,NULL,0,0,NULL,NULL,0,0,'2024-05-13 05:28:21','2024-05-13 05:28:21',59,18,121,1),(1048,0,2000,0,0,0,0,NULL,NULL,0,0,NULL,NULL,0,0,'2024-05-13 05:28:21','2024-05-13 05:28:21',59,18,122,1),(1049,1,1,1,0,0,1,'2024-05-13 06:51:16','2024-05-21 09:31:03',0,100,'2024-05-21 09:31:03',NULL,0,20,'2024-05-13 06:51:16','2024-05-21 09:31:03',64,21,135,1),(1050,0,18,3,0,0,1,'2024-05-22 08:25:28','2024-06-06 04:42:35',0,17,NULL,NULL,0,60,'2024-05-13 06:51:16','2024-06-06 04:42:35',64,21,136,1),(1051,0,18,0,0,0,0,NULL,NULL,0,0,NULL,NULL,0,0,'2024-05-13 06:51:16','2024-05-13 06:51:16',64,21,137,1),(1052,0,18,0,0,0,0,NULL,NULL,0,0,NULL,NULL,0,0,'2024-05-13 06:51:16','2024-05-13 06:51:16',64,21,138,1),(1053,0,18,0,0,0,0,NULL,NULL,0,0,NULL,NULL,0,0,'2024-05-13 06:51:16','2024-05-13 06:51:16',64,21,139,1),(1054,0,18,0,0,0,0,NULL,NULL,0,0,NULL,NULL,0,0,'2024-05-13 06:51:16','2024-05-13 06:51:16',64,21,140,1),(1055,1,1,1,0,0,1,'2024-05-13 06:57:06','2024-05-21 09:30:30',0,100,'2024-05-21 09:30:30',NULL,0,20,'2024-05-13 06:57:06','2024-05-21 09:30:30',64,19,123,1),(1056,0,18,2,0,0,1,'2024-05-22 08:25:28','2024-06-05 13:33:10',0,11,NULL,NULL,0,40,'2024-05-13 06:57:06','2024-06-05 13:33:10',64,19,124,1),(1057,0,18,0,0,0,0,NULL,NULL,0,0,NULL,NULL,0,0,'2024-05-13 06:57:06','2024-05-13 06:57:06',64,19,125,1),(1058,0,18,0,0,0,0,NULL,NULL,0,0,NULL,NULL,0,0,'2024-05-13 06:57:06','2024-05-13 06:57:06',64,19,126,1),(1059,0,18,0,0,0,0,NULL,NULL,0,0,NULL,NULL,0,0,'2024-05-13 06:57:06','2024-05-13 06:57:06',64,19,127,1),(1060,0,18,0,0,0,0,NULL,NULL,0,0,NULL,NULL,0,0,'2024-05-13 06:57:06','2024-05-13 06:57:06',64,19,128,1),(1061,0,1,0,0,0,0,NULL,NULL,0,0,NULL,NULL,0,0,'2024-05-13 06:58:55','2024-05-13 06:58:55',92,18,116,1),(1062,0,1,0,0,0,0,NULL,NULL,0,0,NULL,NULL,0,0,'2024-05-13 06:58:55','2024-05-13 06:58:55',92,18,117,1),(1063,0,18,0,0,0,0,NULL,NULL,0,0,NULL,NULL,0,0,'2024-05-13 06:58:55','2024-05-13 06:58:55',92,18,118,1),(1064,0,18,0,0,0,0,NULL,NULL,0,0,NULL,NULL,0,0,'2024-05-13 06:58:55','2024-05-13 06:58:55',92,18,119,1),(1065,0,18,0,0,0,0,NULL,NULL,0,0,NULL,NULL,0,0,'2024-05-13 06:58:55','2024-05-13 06:58:55',92,18,120,1),(1066,0,18,0,0,0,0,NULL,NULL,0,0,NULL,NULL,0,0,'2024-05-13 06:58:55','2024-05-13 06:58:55',92,18,121,1),(1067,0,2000,0,0,0,0,NULL,NULL,0,0,NULL,NULL,0,0,'2024-05-13 06:58:55','2024-05-13 06:58:55',92,18,122,1),(1068,0,1,0,0,0,1,'2024-05-13 07:00:44',NULL,0,0,NULL,NULL,0,0,'2024-05-13 06:58:55','2024-05-13 07:00:44',93,18,116,1),(1069,0,1,0,0,0,0,NULL,NULL,0,0,NULL,NULL,0,0,'2024-05-13 06:58:55','2024-05-13 06:58:55',93,18,117,1),(1070,0,18,0,0,0,0,NULL,NULL,0,0,NULL,NULL,0,0,'2024-05-13 06:58:55','2024-05-13 06:58:55',93,18,118,1),(1071,0,18,0,0,0,0,NULL,NULL,0,0,NULL,NULL,0,0,'2024-05-13 06:58:55','2024-05-13 06:58:55',93,18,119,1),(1072,0,18,0,0,0,0,NULL,NULL,0,0,NULL,NULL,0,0,'2024-05-13 06:58:55','2024-05-13 06:58:55',93,18,120,1),(1073,0,18,0,0,0,0,NULL,NULL,0,0,NULL,NULL,0,0,'2024-05-13 06:58:55','2024-05-13 06:58:55',93,18,121,1),(1074,0,2000,0,0,0,0,NULL,NULL,0,0,NULL,NULL,0,0,'2024-05-13 06:58:55','2024-05-13 06:58:55',93,18,122,1),(1075,1,1,1,0,0,1,'2024-05-13 07:40:33','2024-05-13 07:41:21',0,100,'2024-05-13 07:41:21',NULL,10,0,'2024-05-13 07:38:17','2024-05-13 07:41:21',94,18,116,1),(1076,0,1,0,0,0,0,NULL,NULL,0,0,NULL,NULL,0,0,'2024-05-13 07:38:17','2024-05-13 07:38:17',94,18,117,1),(1077,0,18,0,0,0,0,NULL,NULL,0,0,NULL,NULL,0,0,'2024-05-13 07:38:17','2024-05-13 07:38:17',94,18,118,1),(1078,0,18,0,0,0,0,NULL,NULL,0,0,NULL,NULL,0,0,'2024-05-13 07:38:17','2024-05-13 07:38:17',94,18,119,1),(1079,0,18,0,0,0,0,NULL,NULL,0,0,NULL,NULL,0,0,'2024-05-13 07:38:17','2024-05-13 07:38:17',94,18,120,1),(1080,0,18,0,0,0,0,NULL,NULL,0,0,NULL,NULL,0,0,'2024-05-13 07:38:17','2024-05-13 07:38:17',94,18,121,1),(1081,0,2000,0,0,0,0,NULL,NULL,0,0,NULL,NULL,0,0,'2024-05-13 07:38:17','2024-05-13 07:38:17',94,18,122,1),(1082,1,1,1,0,0,0,NULL,'2024-05-13 08:48:04',0,100,'2024-05-13 08:48:04',NULL,10,0,'2024-05-13 07:38:17','2024-05-13 08:48:04',10,18,116,1),(1083,0,1,0,0,0,1,'2024-05-14 01:53:39',NULL,0,0,NULL,NULL,0,0,'2024-05-13 07:38:17','2024-05-14 01:53:39',10,18,117,1),(1084,0,18,12,0,0,1,'2024-05-14 01:53:39','2024-06-08 11:44:40',0,67,NULL,NULL,120,0,'2024-05-13 07:38:17','2024-06-08 11:44:40',10,18,118,1),(1085,0,18,0,0,0,0,NULL,NULL,0,0,NULL,NULL,0,0,'2024-05-13 07:38:17','2024-05-13 07:38:17',10,18,119,1),(1086,0,18,0,0,0,0,NULL,NULL,0,0,NULL,NULL,0,0,'2024-05-13 07:38:17','2024-05-13 07:38:17',10,18,120,1),(1087,0,18,0,0,0,0,NULL,NULL,0,0,NULL,NULL,0,0,'2024-05-13 07:38:17','2024-05-13 07:38:17',10,18,121,1),(1088,0,2000,0,0,0,0,NULL,NULL,0,0,NULL,NULL,0,0,'2024-05-13 07:38:17','2024-05-13 07:38:17',10,18,122,1),(1089,1,1,1,0,0,1,'2024-05-13 08:10:45','2024-05-13 08:12:27',0,100,'2024-05-13 08:12:27',NULL,10,0,'2024-05-13 08:06:41','2024-05-13 08:12:27',95,18,116,1),(1090,0,1,0,0,0,0,NULL,NULL,0,0,NULL,NULL,0,0,'2024-05-13 08:06:41','2024-05-13 08:06:41',95,18,117,1),(1091,0,18,0,0,0,0,NULL,NULL,0,0,NULL,NULL,0,0,'2024-05-13 08:06:41','2024-05-13 08:06:41',95,18,118,1),(1092,0,18,0,0,0,0,NULL,NULL,0,0,NULL,NULL,0,0,'2024-05-13 08:06:41','2024-05-13 08:06:41',95,18,119,1),(1093,0,18,0,0,0,0,NULL,NULL,0,0,NULL,NULL,0,0,'2024-05-13 08:06:41','2024-05-13 08:06:41',95,18,120,1),(1094,0,18,0,0,0,0,NULL,NULL,0,0,NULL,NULL,0,0,'2024-05-13 08:06:41','2024-05-13 08:06:41',95,18,121,1),(1095,0,2000,0,0,0,0,NULL,NULL,0,0,NULL,NULL,0,0,'2024-05-13 08:06:41','2024-05-13 08:06:41',95,18,122,1),(1096,0,1,0,0,0,0,NULL,NULL,0,0,NULL,NULL,0,0,'2024-05-13 08:06:41','2024-05-13 08:06:41',19,18,116,1),(1097,0,1,0,0,0,0,NULL,NULL,0,0,NULL,NULL,0,0,'2024-05-13 08:06:41','2024-05-13 08:06:41',19,18,117,1),(1098,0,18,0,0,0,0,NULL,NULL,0,0,NULL,NULL,0,0,'2024-05-13 08:06:41','2024-05-13 08:06:41',19,18,118,1),(1099,0,18,0,0,0,0,NULL,NULL,0,0,NULL,NULL,0,0,'2024-05-13 08:06:41','2024-05-13 08:06:41',19,18,119,1),(1100,0,18,0,0,0,0,NULL,NULL,0,0,NULL,NULL,0,0,'2024-05-13 08:06:41','2024-05-13 08:06:41',19,18,120,1),(1101,0,18,0,0,0,0,NULL,NULL,0,0,NULL,NULL,0,0,'2024-05-13 08:06:41','2024-05-13 08:06:41',19,18,121,1),(1102,0,2000,0,0,0,0,NULL,NULL,0,0,NULL,NULL,0,0,'2024-05-13 08:06:41','2024-05-13 08:06:41',19,18,122,1),(1103,1,1,1,0,0,1,'2024-05-13 08:15:48','2024-05-13 08:19:44',0,100,'2024-05-13 08:19:44',NULL,0,20,'2024-05-13 08:15:48','2024-05-13 08:19:44',95,24,155,3),(1104,0,18,0,0,0,0,NULL,NULL,0,0,NULL,NULL,0,0,'2024-05-13 08:15:48','2024-05-13 08:15:48',95,24,156,3),(1105,0,18,0,0,0,0,NULL,NULL,0,0,NULL,NULL,0,0,'2024-05-13 08:15:48','2024-05-13 08:15:48',95,24,157,3),(1106,0,18,0,0,0,0,NULL,NULL,0,0,NULL,NULL,0,0,'2024-05-13 08:15:48','2024-05-13 08:15:48',95,24,158,3),(1107,0,18,0,0,0,0,NULL,NULL,0,0,NULL,NULL,0,0,'2024-05-13 08:15:48','2024-05-13 08:15:48',95,24,159,3),(1108,0,18,0,0,0,0,NULL,NULL,0,0,NULL,NULL,0,0,'2024-05-13 08:15:48','2024-05-13 08:15:48',95,24,160,3),(1109,0,18,0,0,0,0,NULL,NULL,0,0,NULL,NULL,0,0,'2024-05-13 08:15:48','2024-05-13 08:15:48',95,24,161,3),(1110,0,1,0,0,0,0,NULL,NULL,0,0,NULL,NULL,0,0,'2024-05-13 08:26:34','2024-05-13 08:26:34',95,17,109,1),(1111,0,18,0,0,0,0,NULL,NULL,0,0,NULL,NULL,0,0,'2024-05-13 08:26:34','2024-05-13 08:26:34',95,17,110,1),(1112,0,18,0,0,0,0,NULL,NULL,0,0,NULL,NULL,0,0,'2024-05-13 08:26:34','2024-05-13 08:26:34',95,17,111,1),(1113,0,18,0,0,0,0,NULL,NULL,0,0,NULL,NULL,0,0,'2024-05-13 08:26:34','2024-05-13 08:26:34',95,17,112,1),(1114,0,18,0,0,0,0,NULL,NULL,0,0,NULL,NULL,0,0,'2024-05-13 08:26:34','2024-05-13 08:26:34',95,17,113,1),(1115,0,18,0,0,0,0,NULL,NULL,0,0,NULL,NULL,0,0,'2024-05-13 08:26:34','2024-05-13 08:26:34',95,17,114,1),(1116,0,2000,0,0,0,0,NULL,NULL,0,0,NULL,NULL,0,0,'2024-05-13 08:26:34','2024-05-13 08:26:34',95,17,115,1),(1117,0,1,0,0,0,0,NULL,NULL,0,0,NULL,NULL,0,0,'2024-05-13 08:26:34','2024-05-13 08:26:34',96,17,109,1),(1118,0,18,0,0,0,0,NULL,NULL,0,0,NULL,NULL,0,0,'2024-05-13 08:26:34','2024-05-13 08:26:34',96,17,110,1),(1119,0,18,0,0,0,0,NULL,NULL,0,0,NULL,NULL,0,0,'2024-05-13 08:26:34','2024-05-13 08:26:34',96,17,111,1),(1120,0,18,0,0,0,0,NULL,NULL,0,0,NULL,NULL,0,0,'2024-05-13 08:26:34','2024-05-13 08:26:34',96,17,112,1),(1121,0,18,0,0,0,0,NULL,NULL,0,0,NULL,NULL,0,0,'2024-05-13 08:26:34','2024-05-13 08:26:34',96,17,113,1),(1122,0,18,0,0,0,0,NULL,NULL,0,0,NULL,NULL,0,0,'2024-05-13 08:26:34','2024-05-13 08:26:34',96,17,114,1),(1123,0,2000,0,0,0,0,NULL,NULL,0,0,NULL,NULL,0,0,'2024-05-13 08:26:34','2024-05-13 08:26:34',96,17,115,1),(1124,0,1,0,0,0,0,NULL,NULL,0,0,NULL,NULL,0,0,'2024-05-13 08:32:16','2024-05-13 08:32:16',96,18,116,1),(1125,0,1,0,0,0,0,NULL,NULL,0,0,NULL,NULL,0,0,'2024-05-13 08:32:16','2024-05-13 08:32:16',96,18,117,1),(1126,0,18,0,0,0,0,NULL,NULL,0,0,NULL,NULL,0,0,'2024-05-13 08:32:16','2024-05-13 08:32:16',96,18,118,1),(1127,0,18,0,0,0,0,NULL,NULL,0,0,NULL,NULL,0,0,'2024-05-13 08:32:16','2024-05-13 08:32:16',96,18,119,1),(1128,0,18,0,0,0,0,NULL,NULL,0,0,NULL,NULL,0,0,'2024-05-13 08:32:16','2024-05-13 08:32:16',96,18,120,1),(1129,0,18,0,0,0,0,NULL,NULL,0,0,NULL,NULL,0,0,'2024-05-13 08:32:16','2024-05-13 08:32:16',96,18,121,1),(1130,0,2000,0,0,0,0,NULL,NULL,0,0,NULL,NULL,0,0,'2024-05-13 08:32:16','2024-05-13 08:32:16',96,18,122,1),(1131,1,1,1,0,0,1,'2024-05-13 08:34:10','2024-05-13 08:34:20',0,100,'2024-05-13 08:34:20',NULL,10,0,'2024-05-13 08:32:16','2024-05-13 08:34:21',97,18,116,1),(1132,0,1,0,0,0,0,NULL,NULL,0,0,NULL,NULL,0,0,'2024-05-13 08:32:16','2024-05-13 08:32:16',97,18,117,1),(1133,0,18,0,0,0,0,NULL,NULL,0,0,NULL,NULL,0,0,'2024-05-13 08:32:16','2024-05-13 08:32:16',97,18,118,1),(1134,0,18,0,0,0,0,NULL,NULL,0,0,NULL,NULL,0,0,'2024-05-13 08:32:16','2024-05-13 08:32:16',97,18,119,1),(1135,0,18,0,0,0,0,NULL,NULL,0,0,NULL,NULL,0,0,'2024-05-13 08:32:16','2024-05-13 08:32:16',97,18,120,1),(1136,0,18,0,0,0,0,NULL,NULL,0,0,NULL,NULL,0,0,'2024-05-13 08:32:16','2024-05-13 08:32:16',97,18,121,1),(1137,0,2000,0,0,0,0,NULL,NULL,0,0,NULL,NULL,0,0,'2024-05-13 08:32:16','2024-05-13 08:32:16',97,18,122,1),(1138,1,1,1,0,0,1,'2024-05-13 09:11:55','2024-05-13 09:12:04',0,100,'2024-05-13 09:12:04',NULL,10,0,'2024-05-13 09:10:18','2024-05-13 09:12:04',99,18,116,1),(1139,0,1,0,0,0,0,NULL,NULL,0,0,NULL,NULL,0,0,'2024-05-13 09:10:18','2024-05-13 09:10:18',99,18,117,1),(1140,0,18,0,0,0,0,NULL,NULL,0,0,NULL,NULL,0,0,'2024-05-13 09:10:18','2024-05-13 09:10:18',99,18,118,1),(1141,0,18,0,0,0,0,NULL,NULL,0,0,NULL,NULL,0,0,'2024-05-13 09:10:18','2024-05-13 09:10:18',99,18,119,1),(1142,0,18,0,0,0,0,NULL,NULL,0,0,NULL,NULL,0,0,'2024-05-13 09:10:18','2024-05-13 09:10:18',99,18,120,1),(1143,0,18,0,0,0,0,NULL,NULL,0,0,NULL,NULL,0,0,'2024-05-13 09:10:18','2024-05-13 09:10:18',99,18,121,1),(1144,0,2000,0,0,0,0,NULL,NULL,0,0,NULL,NULL,0,0,'2024-05-13 09:10:18','2024-05-13 09:10:18',99,18,122,1),(1145,0,1,0,0,0,0,NULL,NULL,0,0,NULL,NULL,0,0,'2024-05-13 09:10:18','2024-05-13 09:10:18',100,18,116,1),(1146,0,1,0,0,0,0,NULL,NULL,0,0,NULL,NULL,0,0,'2024-05-13 09:10:18','2024-05-13 09:10:18',100,18,117,1),(1147,0,18,0,0,0,0,NULL,NULL,0,0,NULL,NULL,0,0,'2024-05-13 09:10:18','2024-05-13 09:10:18',100,18,118,1),(1148,0,18,0,0,0,0,NULL,NULL,0,0,NULL,NULL,0,0,'2024-05-13 09:10:18','2024-05-13 09:10:18',100,18,119,1),(1149,0,18,0,0,0,0,NULL,NULL,0,0,NULL,NULL,0,0,'2024-05-13 09:10:18','2024-05-13 09:10:18',100,18,120,1),(1150,0,18,0,0,0,0,NULL,NULL,0,0,NULL,NULL,0,0,'2024-05-13 09:10:18','2024-05-13 09:10:18',100,18,121,1),(1151,0,2000,0,0,0,0,NULL,NULL,0,0,NULL,NULL,0,0,'2024-05-13 09:10:18','2024-05-13 09:10:18',100,18,122,1),(1152,1,1,1,0,0,1,'2024-05-13 09:12:33','2024-05-13 09:19:29',0,100,'2024-05-13 09:19:29',NULL,0,20,'2024-05-13 09:12:33','2024-05-13 09:19:29',99,25,162,3),(1153,0,18,0,0,0,0,NULL,NULL,0,0,NULL,NULL,0,0,'2024-05-13 09:12:33','2024-05-13 09:12:33',99,25,163,3),(1154,0,18,0,0,0,0,NULL,NULL,0,0,NULL,NULL,0,0,'2024-05-13 09:12:33','2024-05-13 09:12:33',99,25,164,3),(1155,0,18,0,0,0,0,NULL,NULL,0,0,NULL,NULL,0,0,'2024-05-13 09:12:33','2024-05-13 09:12:33',99,25,165,3),(1156,0,18,0,0,0,0,NULL,NULL,0,0,NULL,NULL,0,0,'2024-05-13 09:12:33','2024-05-13 09:12:33',99,25,166,3),(1157,0,18,0,0,0,0,NULL,NULL,0,0,NULL,NULL,0,0,'2024-05-13 09:12:33','2024-05-13 09:12:33',99,25,167,3),(1158,0,18,0,0,0,0,NULL,NULL,0,0,NULL,NULL,0,0,'2024-05-13 09:12:33','2024-05-13 09:12:33',99,25,168,3),(1159,1,1,1,0,0,1,'2024-05-13 09:41:34','2024-05-13 09:42:29',0,100,'2024-05-13 09:42:29',NULL,10,0,'2024-05-13 09:39:40','2024-05-13 09:42:29',101,18,116,1),(1160,0,1,0,0,0,0,NULL,NULL,0,0,NULL,NULL,0,0,'2024-05-13 09:39:40','2024-05-13 09:39:40',101,18,117,1),(1161,0,18,0,0,0,0,NULL,NULL,0,0,NULL,NULL,0,0,'2024-05-13 09:39:40','2024-05-13 09:39:40',101,18,118,1),(1162,0,18,0,0,0,0,NULL,NULL,0,0,NULL,NULL,0,0,'2024-05-13 09:39:40','2024-05-13 09:39:40',101,18,119,1),(1163,0,18,0,0,0,0,NULL,NULL,0,0,NULL,NULL,0,0,'2024-05-13 09:39:40','2024-05-13 09:39:40',101,18,120,1),(1164,0,18,0,0,0,0,NULL,NULL,0,0,NULL,NULL,0,0,'2024-05-13 09:39:40','2024-05-13 09:39:40',101,18,121,1),(1165,0,2000,0,0,0,0,NULL,NULL,0,0,NULL,NULL,0,0,'2024-05-13 09:39:40','2024-05-13 09:39:40',101,18,122,1),(1166,0,1,0,0,0,0,NULL,NULL,0,0,NULL,NULL,0,0,'2024-05-13 09:39:40','2024-05-13 09:39:40',102,18,116,1),(1167,0,1,0,0,0,0,NULL,NULL,0,0,NULL,NULL,0,0,'2024-05-13 09:39:40','2024-05-13 09:39:40',102,18,117,1),(1168,0,18,0,0,0,0,NULL,NULL,0,0,NULL,NULL,0,0,'2024-05-13 09:39:40','2024-05-13 09:39:40',102,18,118,1),(1169,0,18,0,0,0,0,NULL,NULL,0,0,NULL,NULL,0,0,'2024-05-13 09:39:40','2024-05-13 09:39:40',102,18,119,1),(1170,0,18,0,0,0,0,NULL,NULL,0,0,NULL,NULL,0,0,'2024-05-13 09:39:40','2024-05-13 09:39:40',102,18,120,1),(1171,0,18,0,0,0,0,NULL,NULL,0,0,NULL,NULL,0,0,'2024-05-13 09:39:40','2024-05-13 09:39:40',102,18,121,1),(1172,0,2000,0,0,0,0,NULL,NULL,0,0,NULL,NULL,0,0,'2024-05-13 09:39:40','2024-05-13 09:39:40',102,18,122,1),(1173,1,1,1,0,0,1,'2024-05-13 09:46:01','2024-05-13 09:46:16',0,100,'2024-05-13 09:46:16',NULL,0,15,'2024-05-13 09:46:01','2024-05-13 09:46:16',101,10,60,3),(1174,0,18,0,0,0,0,NULL,NULL,0,0,NULL,NULL,0,0,'2024-05-13 09:46:01','2024-05-13 09:46:01',101,10,61,3),(1175,0,18,0,0,0,0,NULL,NULL,0,0,NULL,NULL,0,0,'2024-05-13 09:46:01','2024-05-13 09:46:01',101,10,62,3),(1176,0,18,0,0,0,0,NULL,NULL,0,0,NULL,NULL,0,0,'2024-05-13 09:46:01','2024-05-13 09:46:01',101,10,63,3),(1177,0,18,0,0,0,0,NULL,NULL,0,0,NULL,NULL,0,0,'2024-05-13 09:46:01','2024-05-13 09:46:01',101,10,64,3),(1178,0,18,0,0,0,0,NULL,NULL,0,0,NULL,NULL,0,0,'2024-05-13 09:46:01','2024-05-13 09:46:01',101,10,65,3),(1179,0,2000,0,0,0,0,NULL,NULL,0,0,NULL,NULL,0,0,'2024-05-13 09:46:01','2024-05-13 09:46:01',101,10,66,3),(1180,0,1,0,0,0,0,NULL,NULL,0,0,NULL,NULL,0,0,'2024-05-13 10:24:38','2024-05-13 10:24:38',103,18,116,1),(1181,0,1,0,0,0,0,NULL,NULL,0,0,NULL,NULL,0,0,'2024-05-13 10:24:38','2024-05-13 10:24:38',103,18,117,1),(1182,0,18,0,0,0,0,NULL,NULL,0,0,NULL,NULL,0,0,'2024-05-13 10:24:38','2024-05-13 10:24:38',103,18,118,1),(1183,0,18,0,0,0,0,NULL,NULL,0,0,NULL,NULL,0,0,'2024-05-13 10:24:38','2024-05-13 10:24:38',103,18,119,1),(1184,0,18,0,0,0,0,NULL,NULL,0,0,NULL,NULL,0,0,'2024-05-13 10:24:38','2024-05-13 10:24:38',103,18,120,1),(1185,0,18,0,0,0,0,NULL,NULL,0,0,NULL,NULL,0,0,'2024-05-13 10:24:38','2024-05-13 10:24:38',103,18,121,1),(1186,0,2000,0,0,0,0,NULL,NULL,0,0,NULL,NULL,0,0,'2024-05-13 10:24:38','2024-05-13 10:24:38',103,18,122,1),(1187,0,1,0,0,0,0,NULL,NULL,0,0,NULL,NULL,0,0,'2024-05-13 10:24:38','2024-05-13 10:24:38',104,18,116,1),(1188,0,1,0,0,0,0,NULL,NULL,0,0,NULL,NULL,0,0,'2024-05-13 10:24:38','2024-05-13 10:24:38',104,18,117,1),(1189,0,18,0,0,0,0,NULL,NULL,0,0,NULL,NULL,0,0,'2024-05-13 10:24:38','2024-05-13 10:24:38',104,18,118,1),(1190,0,18,0,0,0,0,NULL,NULL,0,0,NULL,NULL,0,0,'2024-05-13 10:24:38','2024-05-13 10:24:38',104,18,119,1),(1191,0,18,0,0,0,0,NULL,NULL,0,0,NULL,NULL,0,0,'2024-05-13 10:24:38','2024-05-13 10:24:38',104,18,120,1),(1192,0,18,0,0,0,0,NULL,NULL,0,0,NULL,NULL,0,0,'2024-05-13 10:24:38','2024-05-13 10:24:38',104,18,121,1),(1193,0,2000,0,0,0,0,NULL,NULL,0,0,NULL,NULL,0,0,'2024-05-13 10:24:38','2024-05-13 10:24:38',104,18,122,1),(1194,0,1,0,0,0,0,NULL,NULL,0,0,NULL,NULL,0,0,'2024-05-13 10:24:38','2024-05-13 10:24:38',105,18,116,1),(1195,0,1,0,0,0,0,NULL,NULL,0,0,NULL,NULL,0,0,'2024-05-13 10:24:38','2024-05-13 10:24:38',105,18,117,1),(1196,0,18,0,0,0,0,NULL,NULL,0,0,NULL,NULL,0,0,'2024-05-13 10:24:38','2024-05-13 10:24:38',105,18,118,1),(1197,0,18,0,0,0,0,NULL,NULL,0,0,NULL,NULL,0,0,'2024-05-13 10:24:38','2024-05-13 10:24:38',105,18,119,1),(1198,0,18,0,0,0,0,NULL,NULL,0,0,NULL,NULL,0,0,'2024-05-13 10:24:38','2024-05-13 10:24:38',105,18,120,1),(1199,0,18,0,0,0,0,NULL,NULL,0,0,NULL,NULL,0,0,'2024-05-13 10:24:38','2024-05-13 10:24:38',105,18,121,1),(1200,0,2000,0,0,0,0,NULL,NULL,0,0,NULL,NULL,0,0,'2024-05-13 10:24:38','2024-05-13 10:24:38',105,18,122,1),(1201,0,1,0,0,0,0,NULL,NULL,0,0,NULL,NULL,0,0,'2024-05-13 10:24:38','2024-05-13 10:24:38',106,18,116,1),(1202,0,1,0,0,0,0,NULL,NULL,0,0,NULL,NULL,0,0,'2024-05-13 10:24:38','2024-05-13 10:24:38',106,18,117,1),(1203,0,18,0,0,0,0,NULL,NULL,0,0,NULL,NULL,0,0,'2024-05-13 10:24:38','2024-05-13 10:24:38',106,18,118,1),(1204,0,18,0,0,0,0,NULL,NULL,0,0,NULL,NULL,0,0,'2024-05-13 10:24:38','2024-05-13 10:24:38',106,18,119,1),(1205,0,18,0,0,0,0,NULL,NULL,0,0,NULL,NULL,0,0,'2024-05-13 10:24:38','2024-05-13 10:24:38',106,18,120,1),(1206,0,18,0,0,0,0,NULL,NULL,0,0,NULL,NULL,0,0,'2024-05-13 10:24:38','2024-05-13 10:24:38',106,18,121,1),(1207,0,2000,0,0,0,0,NULL,NULL,0,0,NULL,NULL,0,0,'2024-05-13 10:24:38','2024-05-13 10:24:38',106,18,122,1),(1208,0,1,0,0,0,0,NULL,NULL,0,0,NULL,NULL,0,0,'2024-05-13 10:24:38','2024-05-13 10:24:38',107,18,116,1),(1209,0,1,0,0,0,0,NULL,NULL,0,0,NULL,NULL,0,0,'2024-05-13 10:24:38','2024-05-13 10:24:38',107,18,117,1),(1210,0,18,0,0,0,0,NULL,NULL,0,0,NULL,NULL,0,0,'2024-05-13 10:24:38','2024-05-13 10:24:38',107,18,118,1),(1211,0,18,0,0,0,0,NULL,NULL,0,0,NULL,NULL,0,0,'2024-05-13 10:24:38','2024-05-13 10:24:38',107,18,119,1),(1212,0,18,0,0,0,0,NULL,NULL,0,0,NULL,NULL,0,0,'2024-05-13 10:24:38','2024-05-13 10:24:38',107,18,120,1),(1213,0,18,0,0,0,0,NULL,NULL,0,0,NULL,NULL,0,0,'2024-05-13 10:24:38','2024-05-13 10:24:38',107,18,121,1),(1214,0,2000,0,0,0,0,NULL,NULL,0,0,NULL,NULL,0,0,'2024-05-13 10:24:38','2024-05-13 10:24:38',107,18,122,1),(1215,0,1,0,0,0,0,NULL,NULL,0,0,NULL,NULL,0,0,'2024-05-13 10:24:38','2024-05-13 10:24:38',108,18,116,1),(1216,0,1,0,0,0,0,NULL,NULL,0,0,NULL,NULL,0,0,'2024-05-13 10:24:38','2024-05-13 10:24:38',108,18,117,1),(1217,0,18,0,0,0,0,NULL,NULL,0,0,NULL,NULL,0,0,'2024-05-13 10:24:38','2024-05-13 10:24:38',108,18,118,1),(1218,0,18,0,0,0,0,NULL,NULL,0,0,NULL,NULL,0,0,'2024-05-13 10:24:38','2024-05-13 10:24:38',108,18,119,1),(1219,0,18,0,0,0,0,NULL,NULL,0,0,NULL,NULL,0,0,'2024-05-13 10:24:38','2024-05-13 10:24:38',108,18,120,1),(1220,0,18,0,0,0,0,NULL,NULL,0,0,NULL,NULL,0,0,'2024-05-13 10:24:38','2024-05-13 10:24:38',108,18,121,1),(1221,0,2000,0,0,0,0,NULL,NULL,0,0,NULL,NULL,0,0,'2024-05-13 10:24:38','2024-05-13 10:24:38',108,18,122,1),(1222,0,1,0,0,0,0,NULL,NULL,0,0,NULL,NULL,0,0,'2024-05-13 10:24:38','2024-05-13 10:24:38',109,18,116,1),(1223,0,1,0,0,0,0,NULL,NULL,0,0,NULL,NULL,0,0,'2024-05-13 10:24:38','2024-05-13 10:24:38',109,18,117,1),(1224,0,18,0,0,0,0,NULL,NULL,0,0,NULL,NULL,0,0,'2024-05-13 10:24:38','2024-05-13 10:24:38',109,18,118,1),(1225,0,18,0,0,0,0,NULL,NULL,0,0,NULL,NULL,0,0,'2024-05-13 10:24:38','2024-05-13 10:24:38',109,18,119,1),(1226,0,18,0,0,0,0,NULL,NULL,0,0,NULL,NULL,0,0,'2024-05-13 10:24:38','2024-05-13 10:24:38',109,18,120,1),(1227,0,18,0,0,0,0,NULL,NULL,0,0,NULL,NULL,0,0,'2024-05-13 10:24:38','2024-05-13 10:24:38',109,18,121,1),(1228,0,2000,0,0,0,0,NULL,NULL,0,0,NULL,NULL,0,0,'2024-05-13 10:24:38','2024-05-13 10:24:38',109,18,122,1),(1229,0,1,0,0,0,0,NULL,NULL,0,0,NULL,NULL,0,0,'2024-05-13 10:24:38','2024-05-13 10:24:38',110,18,116,1),(1230,0,1,0,0,0,0,NULL,NULL,0,0,NULL,NULL,0,0,'2024-05-13 10:24:38','2024-05-13 10:24:38',110,18,117,1),(1231,0,18,0,0,0,0,NULL,NULL,0,0,NULL,NULL,0,0,'2024-05-13 10:24:38','2024-05-13 10:24:38',110,18,118,1),(1232,0,18,0,0,0,0,NULL,NULL,0,0,NULL,NULL,0,0,'2024-05-13 10:24:38','2024-05-13 10:24:38',110,18,119,1),(1233,0,18,0,0,0,0,NULL,NULL,0,0,NULL,NULL,0,0,'2024-05-13 10:24:38','2024-05-13 10:24:38',110,18,120,1),(1234,0,18,0,0,0,0,NULL,NULL,0,0,NULL,NULL,0,0,'2024-05-13 10:24:38','2024-05-13 10:24:38',110,18,121,1),(1235,0,2000,0,0,0,0,NULL,NULL,0,0,NULL,NULL,0,0,'2024-05-13 10:24:38','2024-05-13 10:24:38',110,18,122,1),(1236,0,1,0,0,0,0,NULL,NULL,0,0,NULL,NULL,0,0,'2024-05-13 10:24:38','2024-05-13 10:24:38',111,18,116,1),(1237,0,1,0,0,0,0,NULL,NULL,0,0,NULL,NULL,0,0,'2024-05-13 10:24:38','2024-05-13 10:24:38',111,18,117,1),(1238,0,18,0,0,0,0,NULL,NULL,0,0,NULL,NULL,0,0,'2024-05-13 10:24:38','2024-05-13 10:24:38',111,18,118,1),(1239,0,18,0,0,0,0,NULL,NULL,0,0,NULL,NULL,0,0,'2024-05-13 10:24:38','2024-05-13 10:24:38',111,18,119,1),(1240,0,18,0,0,0,0,NULL,NULL,0,0,NULL,NULL,0,0,'2024-05-13 10:24:38','2024-05-13 10:24:38',111,18,120,1),(1241,0,18,0,0,0,0,NULL,NULL,0,0,NULL,NULL,0,0,'2024-05-13 10:24:38','2024-05-13 10:24:38',111,18,121,1),(1242,0,2000,0,0,0,0,NULL,NULL,0,0,NULL,NULL,0,0,'2024-05-13 10:24:38','2024-05-13 10:24:38',111,18,122,1),(1243,0,1,0,0,0,0,NULL,NULL,0,0,NULL,NULL,0,0,'2024-05-13 10:24:38','2024-05-13 10:24:38',112,18,116,1),(1244,0,1,0,0,0,0,NULL,NULL,0,0,NULL,NULL,0,0,'2024-05-13 10:24:38','2024-05-13 10:24:38',112,18,117,1),(1245,0,18,0,0,0,0,NULL,NULL,0,0,NULL,NULL,0,0,'2024-05-13 10:24:38','2024-05-13 10:24:38',112,18,118,1),(1246,0,18,0,0,0,0,NULL,NULL,0,0,NULL,NULL,0,0,'2024-05-13 10:24:38','2024-05-13 10:24:38',112,18,119,1),(1247,0,18,0,0,0,0,NULL,NULL,0,0,NULL,NULL,0,0,'2024-05-13 10:24:38','2024-05-13 10:24:38',112,18,120,1),(1248,0,18,0,0,0,0,NULL,NULL,0,0,NULL,NULL,0,0,'2024-05-13 10:24:38','2024-05-13 10:24:38',112,18,121,1),(1249,0,2000,0,0,0,0,NULL,NULL,0,0,NULL,NULL,0,0,'2024-05-13 10:24:38','2024-05-13 10:24:38',112,18,122,1),(1250,0,1,0,0,0,0,NULL,NULL,0,0,NULL,NULL,0,0,'2024-05-13 10:24:38','2024-05-13 10:24:38',113,18,116,1),(1251,0,1,0,0,0,0,NULL,NULL,0,0,NULL,NULL,0,0,'2024-05-13 10:24:38','2024-05-13 10:24:38',113,18,117,1),(1252,0,18,0,0,0,0,NULL,NULL,0,0,NULL,NULL,0,0,'2024-05-13 10:24:38','2024-05-13 10:24:38',113,18,118,1),(1253,0,18,0,0,0,0,NULL,NULL,0,0,NULL,NULL,0,0,'2024-05-13 10:24:38','2024-05-13 10:24:38',113,18,119,1),(1254,0,18,0,0,0,0,NULL,NULL,0,0,NULL,NULL,0,0,'2024-05-13 10:24:38','2024-05-13 10:24:38',113,18,120,1),(1255,0,18,0,0,0,0,NULL,NULL,0,0,NULL,NULL,0,0,'2024-05-13 10:24:38','2024-05-13 10:24:38',113,18,121,1),(1256,0,2000,0,0,0,0,NULL,NULL,0,0,NULL,NULL,0,0,'2024-05-13 10:24:38','2024-05-13 10:24:38',113,18,122,1),(1257,0,1,0,0,0,0,NULL,NULL,0,0,NULL,NULL,0,0,'2024-05-13 10:24:38','2024-05-13 10:24:38',114,18,116,1),(1258,0,1,0,0,0,0,NULL,NULL,0,0,NULL,NULL,0,0,'2024-05-13 10:24:38','2024-05-13 10:24:38',114,18,117,1),(1259,0,18,0,0,0,0,NULL,NULL,0,0,NULL,NULL,0,0,'2024-05-13 10:24:38','2024-05-13 10:24:38',114,18,118,1),(1260,0,18,0,0,0,0,NULL,NULL,0,0,NULL,NULL,0,0,'2024-05-13 10:24:38','2024-05-13 10:24:38',114,18,119,1),(1261,0,18,0,0,0,0,NULL,NULL,0,0,NULL,NULL,0,0,'2024-05-13 10:24:38','2024-05-13 10:24:38',114,18,120,1),(1262,0,18,0,0,0,0,NULL,NULL,0,0,NULL,NULL,0,0,'2024-05-13 10:24:38','2024-05-13 10:24:38',114,18,121,1),(1263,0,2000,0,0,0,0,NULL,NULL,0,0,NULL,NULL,0,0,'2024-05-13 10:24:38','2024-05-13 10:24:38',114,18,122,1),(1264,0,1,0,0,0,0,NULL,NULL,0,0,NULL,NULL,0,0,'2024-05-13 10:24:38','2024-05-13 10:24:38',115,18,116,1),(1265,0,1,0,0,0,0,NULL,NULL,0,0,NULL,NULL,0,0,'2024-05-13 10:24:38','2024-05-13 10:24:38',115,18,117,1),(1266,0,18,0,0,0,0,NULL,NULL,0,0,NULL,NULL,0,0,'2024-05-13 10:24:38','2024-05-13 10:24:38',115,18,118,1),(1267,0,18,0,0,0,0,NULL,NULL,0,0,NULL,NULL,0,0,'2024-05-13 10:24:38','2024-05-13 10:24:38',115,18,119,1),(1268,0,18,0,0,0,0,NULL,NULL,0,0,NULL,NULL,0,0,'2024-05-13 10:24:38','2024-05-13 10:24:38',115,18,120,1),(1269,0,18,0,0,0,0,NULL,NULL,0,0,NULL,NULL,0,0,'2024-05-13 10:24:38','2024-05-13 10:24:38',115,18,121,1),(1270,0,2000,0,0,0,0,NULL,NULL,0,0,NULL,NULL,0,0,'2024-05-13 10:24:38','2024-05-13 10:24:38',115,18,122,1),(1271,0,1,0,0,0,0,NULL,NULL,0,0,NULL,NULL,0,0,'2024-05-13 10:24:38','2024-05-13 10:24:38',116,18,116,1),(1272,0,1,0,0,0,0,NULL,NULL,0,0,NULL,NULL,0,0,'2024-05-13 10:24:38','2024-05-13 10:24:38',116,18,117,1),(1273,0,18,0,0,0,0,NULL,NULL,0,0,NULL,NULL,0,0,'2024-05-13 10:24:38','2024-05-13 10:24:38',116,18,118,1),(1274,0,18,0,0,0,0,NULL,NULL,0,0,NULL,NULL,0,0,'2024-05-13 10:24:38','2024-05-13 10:24:38',116,18,119,1),(1275,0,18,0,0,0,0,NULL,NULL,0,0,NULL,NULL,0,0,'2024-05-13 10:24:38','2024-05-13 10:24:38',116,18,120,1),(1276,0,18,0,0,0,0,NULL,NULL,0,0,NULL,NULL,0,0,'2024-05-13 10:24:38','2024-05-13 10:24:38',116,18,121,1),(1277,0,2000,0,0,0,0,NULL,NULL,0,0,NULL,NULL,0,0,'2024-05-13 10:24:38','2024-05-13 10:24:38',116,18,122,1),(1278,0,1,0,0,0,0,NULL,NULL,0,0,NULL,NULL,0,0,'2024-05-13 10:24:38','2024-05-13 10:24:38',117,18,116,1),(1279,0,1,0,0,0,0,NULL,NULL,0,0,NULL,NULL,0,0,'2024-05-13 10:24:38','2024-05-13 10:24:38',117,18,117,1),(1280,0,18,0,0,0,0,NULL,NULL,0,0,NULL,NULL,0,0,'2024-05-13 10:24:38','2024-05-13 10:24:38',117,18,118,1),(1281,0,18,0,0,0,0,NULL,NULL,0,0,NULL,NULL,0,0,'2024-05-13 10:24:38','2024-05-13 10:24:38',117,18,119,1),(1282,0,18,0,0,0,0,NULL,NULL,0,0,NULL,NULL,0,0,'2024-05-13 10:24:38','2024-05-13 10:24:38',117,18,120,1),(1283,0,18,0,0,0,0,NULL,NULL,0,0,NULL,NULL,0,0,'2024-05-13 10:24:38','2024-05-13 10:24:38',117,18,121,1),(1284,0,2000,0,0,0,0,NULL,NULL,0,0,NULL,NULL,0,0,'2024-05-13 10:24:38','2024-05-13 10:24:38',117,18,122,1),(1285,0,1,0,0,0,0,NULL,NULL,0,0,NULL,NULL,0,0,'2024-05-13 10:24:38','2024-05-13 10:24:38',118,18,116,1),(1286,0,1,0,0,0,0,NULL,NULL,0,0,NULL,NULL,0,0,'2024-05-13 10:24:38','2024-05-13 10:24:38',118,18,117,1),(1287,0,18,0,0,0,0,NULL,NULL,0,0,NULL,NULL,0,0,'2024-05-13 10:24:38','2024-05-13 10:24:38',118,18,118,1),(1288,0,18,0,0,0,0,NULL,NULL,0,0,NULL,NULL,0,0,'2024-05-13 10:24:38','2024-05-13 10:24:38',118,18,119,1),(1289,0,18,0,0,0,0,NULL,NULL,0,0,NULL,NULL,0,0,'2024-05-13 10:24:38','2024-05-13 10:24:38',118,18,120,1),(1290,0,18,0,0,0,0,NULL,NULL,0,0,NULL,NULL,0,0,'2024-05-13 10:24:38','2024-05-13 10:24:38',118,18,121,1),(1291,0,2000,0,0,0,0,NULL,NULL,0,0,NULL,NULL,0,0,'2024-05-13 10:24:38','2024-05-13 10:24:38',118,18,122,1),(1292,0,1,0,0,0,0,NULL,NULL,0,0,NULL,NULL,0,0,'2024-05-13 10:24:38','2024-05-13 10:24:38',119,18,116,1),(1293,0,1,0,0,0,0,NULL,NULL,0,0,NULL,NULL,0,0,'2024-05-13 10:24:38','2024-05-13 10:24:38',119,18,117,1),(1294,0,18,0,0,0,0,NULL,NULL,0,0,NULL,NULL,0,0,'2024-05-13 10:24:38','2024-05-13 10:24:38',119,18,118,1),(1295,0,18,0,0,0,0,NULL,NULL,0,0,NULL,NULL,0,0,'2024-05-13 10:24:38','2024-05-13 10:24:38',119,18,119,1),(1296,0,18,0,0,0,0,NULL,NULL,0,0,NULL,NULL,0,0,'2024-05-13 10:24:38','2024-05-13 10:24:38',119,18,120,1),(1297,0,18,0,0,0,0,NULL,NULL,0,0,NULL,NULL,0,0,'2024-05-13 10:24:38','2024-05-13 10:24:38',119,18,121,1),(1298,0,2000,0,0,0,0,NULL,NULL,0,0,NULL,NULL,0,0,'2024-05-13 10:24:38','2024-05-13 10:24:38',119,18,122,1),(1299,0,1,0,0,0,0,NULL,NULL,0,0,NULL,NULL,0,0,'2024-05-13 10:24:38','2024-05-13 10:24:38',120,18,116,1),(1300,0,1,0,0,0,0,NULL,NULL,0,0,NULL,NULL,0,0,'2024-05-13 10:24:38','2024-05-13 10:24:38',120,18,117,1),(1301,0,18,0,0,0,0,NULL,NULL,0,0,NULL,NULL,0,0,'2024-05-13 10:24:38','2024-05-13 10:24:38',120,18,118,1),(1302,0,18,0,0,0,0,NULL,NULL,0,0,NULL,NULL,0,0,'2024-05-13 10:24:38','2024-05-13 10:24:38',120,18,119,1),(1303,0,18,0,0,0,0,NULL,NULL,0,0,NULL,NULL,0,0,'2024-05-13 10:24:38','2024-05-13 10:24:38',120,18,120,1),(1304,0,18,0,0,0,0,NULL,NULL,0,0,NULL,NULL,0,0,'2024-05-13 10:24:38','2024-05-13 10:24:38',120,18,121,1),(1305,0,2000,0,0,0,0,NULL,NULL,0,0,NULL,NULL,0,0,'2024-05-13 10:24:38','2024-05-13 10:24:38',120,18,122,1),(1306,0,1,0,0,0,0,NULL,NULL,0,0,NULL,NULL,0,0,'2024-05-13 10:24:38','2024-05-13 10:24:38',121,18,116,1),(1307,0,1,0,0,0,0,NULL,NULL,0,0,NULL,NULL,0,0,'2024-05-13 10:24:38','2024-05-13 10:24:38',121,18,117,1),(1308,0,18,0,0,0,0,NULL,NULL,0,0,NULL,NULL,0,0,'2024-05-13 10:24:38','2024-05-13 10:24:38',121,18,118,1),(1309,0,18,0,0,0,0,NULL,NULL,0,0,NULL,NULL,0,0,'2024-05-13 10:24:38','2024-05-13 10:24:38',121,18,119,1),(1310,0,18,0,0,0,0,NULL,NULL,0,0,NULL,NULL,0,0,'2024-05-13 10:24:38','2024-05-13 10:24:38',121,18,120,1),(1311,0,18,0,0,0,0,NULL,NULL,0,0,NULL,NULL,0,0,'2024-05-13 10:24:38','2024-05-13 10:24:38',121,18,121,1),(1312,0,2000,0,0,0,0,NULL,NULL,0,0,NULL,NULL,0,0,'2024-05-13 10:24:38','2024-05-13 10:24:38',121,18,122,1),(1313,0,1,0,0,0,0,NULL,NULL,0,0,NULL,NULL,0,0,'2024-05-13 10:24:38','2024-05-13 10:24:38',122,18,116,1),(1314,0,1,0,0,0,0,NULL,NULL,0,0,NULL,NULL,0,0,'2024-05-13 10:24:38','2024-05-13 10:24:38',122,18,117,1),(1315,0,18,0,0,0,0,NULL,NULL,0,0,NULL,NULL,0,0,'2024-05-13 10:24:38','2024-05-13 10:24:38',122,18,118,1),(1316,0,18,0,0,0,0,NULL,NULL,0,0,NULL,NULL,0,0,'2024-05-13 10:24:38','2024-05-13 10:24:38',122,18,119,1),(1317,0,18,0,0,0,0,NULL,NULL,0,0,NULL,NULL,0,0,'2024-05-13 10:24:38','2024-05-13 10:24:38',122,18,120,1),(1318,0,18,0,0,0,0,NULL,NULL,0,0,NULL,NULL,0,0,'2024-05-13 10:24:38','2024-05-13 10:24:38',122,18,121,1),(1319,0,2000,0,0,0,0,NULL,NULL,0,0,NULL,NULL,0,0,'2024-05-13 10:24:38','2024-05-13 10:24:38',122,18,122,1),(1320,0,1,0,0,0,0,NULL,NULL,0,0,NULL,NULL,0,0,'2024-05-13 10:24:38','2024-05-13 10:24:38',123,18,116,1),(1321,0,1,0,0,0,0,NULL,NULL,0,0,NULL,NULL,0,0,'2024-05-13 10:24:38','2024-05-13 10:24:38',123,18,117,1),(1322,0,18,0,0,0,0,NULL,NULL,0,0,NULL,NULL,0,0,'2024-05-13 10:24:38','2024-05-13 10:24:38',123,18,118,1),(1323,0,18,0,0,0,0,NULL,NULL,0,0,NULL,NULL,0,0,'2024-05-13 10:24:38','2024-05-13 10:24:38',123,18,119,1),(1324,0,18,0,0,0,0,NULL,NULL,0,0,NULL,NULL,0,0,'2024-05-13 10:24:38','2024-05-13 10:24:38',123,18,120,1),(1325,0,18,0,0,0,0,NULL,NULL,0,0,NULL,NULL,0,0,'2024-05-13 10:24:38','2024-05-13 10:24:38',123,18,121,1),(1326,0,2000,0,0,0,0,NULL,NULL,0,0,NULL,NULL,0,0,'2024-05-13 10:24:38','2024-05-13 10:24:38',123,18,122,1),(1327,0,1,0,0,0,0,NULL,NULL,0,0,NULL,NULL,0,0,'2024-05-13 10:24:38','2024-05-13 10:24:38',124,18,116,1),(1328,0,1,0,0,0,0,NULL,NULL,0,0,NULL,NULL,0,0,'2024-05-13 10:24:38','2024-05-13 10:24:38',124,18,117,1),(1329,0,18,0,0,0,0,NULL,NULL,0,0,NULL,NULL,0,0,'2024-05-13 10:24:38','2024-05-13 10:24:38',124,18,118,1),(1330,0,18,0,0,0,0,NULL,NULL,0,0,NULL,NULL,0,0,'2024-05-13 10:24:38','2024-05-13 10:24:38',124,18,119,1),(1331,0,18,0,0,0,0,NULL,NULL,0,0,NULL,NULL,0,0,'2024-05-13 10:24:38','2024-05-13 10:24:38',124,18,120,1),(1332,0,18,0,0,0,0,NULL,NULL,0,0,NULL,NULL,0,0,'2024-05-13 10:24:38','2024-05-13 10:24:38',124,18,121,1),(1333,0,2000,0,0,0,0,NULL,NULL,0,0,NULL,NULL,0,0,'2024-05-13 10:24:38','2024-05-13 10:24:38',124,18,122,1),(1334,0,1,0,0,0,0,NULL,NULL,0,0,NULL,NULL,0,0,'2024-05-13 10:24:38','2024-05-13 10:24:38',125,18,116,1),(1335,0,1,0,0,0,0,NULL,NULL,0,0,NULL,NULL,0,0,'2024-05-13 10:24:38','2024-05-13 10:24:38',125,18,117,1),(1336,0,18,0,0,0,0,NULL,NULL,0,0,NULL,NULL,0,0,'2024-05-13 10:24:38','2024-05-13 10:24:38',125,18,118,1),(1337,0,18,0,0,0,0,NULL,NULL,0,0,NULL,NULL,0,0,'2024-05-13 10:24:38','2024-05-13 10:24:38',125,18,119,1),(1338,0,18,0,0,0,0,NULL,NULL,0,0,NULL,NULL,0,0,'2024-05-13 10:24:38','2024-05-13 10:24:38',125,18,120,1),(1339,0,18,0,0,0,0,NULL,NULL,0,0,NULL,NULL,0,0,'2024-05-13 10:24:38','2024-05-13 10:24:38',125,18,121,1),(1340,0,2000,0,0,0,0,NULL,NULL,0,0,NULL,NULL,0,0,'2024-05-13 10:24:38','2024-05-13 10:24:38',125,18,122,1),(1341,0,1,0,0,0,0,NULL,NULL,0,0,NULL,NULL,0,0,'2024-05-13 10:24:38','2024-05-13 10:24:38',126,18,116,1),(1342,0,1,0,0,0,0,NULL,NULL,0,0,NULL,NULL,0,0,'2024-05-13 10:24:38','2024-05-13 10:24:38',126,18,117,1),(1343,0,18,0,0,0,0,NULL,NULL,0,0,NULL,NULL,0,0,'2024-05-13 10:24:38','2024-05-13 10:24:38',126,18,118,1),(1344,0,18,0,0,0,0,NULL,NULL,0,0,NULL,NULL,0,0,'2024-05-13 10:24:38','2024-05-13 10:24:38',126,18,119,1),(1345,0,18,0,0,0,0,NULL,NULL,0,0,NULL,NULL,0,0,'2024-05-13 10:24:38','2024-05-13 10:24:38',126,18,120,1),(1346,0,18,0,0,0,0,NULL,NULL,0,0,NULL,NULL,0,0,'2024-05-13 10:24:38','2024-05-13 10:24:38',126,18,121,1),(1347,0,2000,0,0,0,0,NULL,NULL,0,0,NULL,NULL,0,0,'2024-05-13 10:24:38','2024-05-13 10:24:38',126,18,122,1),(1348,0,1,0,0,0,0,NULL,NULL,0,0,NULL,NULL,0,0,'2024-05-13 10:24:38','2024-05-13 10:24:38',127,18,116,1),(1349,0,1,0,0,0,0,NULL,NULL,0,0,NULL,NULL,0,0,'2024-05-13 10:24:38','2024-05-13 10:24:38',127,18,117,1),(1350,0,18,0,0,0,0,NULL,NULL,0,0,NULL,NULL,0,0,'2024-05-13 10:24:38','2024-05-13 10:24:38',127,18,118,1),(1351,0,18,0,0,0,0,NULL,NULL,0,0,NULL,NULL,0,0,'2024-05-13 10:24:38','2024-05-13 10:24:38',127,18,119,1),(1352,0,18,0,0,0,0,NULL,NULL,0,0,NULL,NULL,0,0,'2024-05-13 10:24:38','2024-05-13 10:24:38',127,18,120,1),(1353,0,18,0,0,0,0,NULL,NULL,0,0,NULL,NULL,0,0,'2024-05-13 10:24:38','2024-05-13 10:24:38',127,18,121,1),(1354,0,2000,0,0,0,0,NULL,NULL,0,0,NULL,NULL,0,0,'2024-05-13 10:24:38','2024-05-13 10:24:38',127,18,122,1),(1355,0,1,0,0,0,0,NULL,NULL,0,0,NULL,NULL,0,0,'2024-05-13 10:24:38','2024-05-13 10:24:38',128,18,116,1),(1356,0,1,0,0,0,0,NULL,NULL,0,0,NULL,NULL,0,0,'2024-05-13 10:24:38','2024-05-13 10:24:38',128,18,117,1),(1357,0,18,0,0,0,0,NULL,NULL,0,0,NULL,NULL,0,0,'2024-05-13 10:24:38','2024-05-13 10:24:38',128,18,118,1),(1358,0,18,0,0,0,0,NULL,NULL,0,0,NULL,NULL,0,0,'2024-05-13 10:24:38','2024-05-13 10:24:38',128,18,119,1),(1359,0,18,0,0,0,0,NULL,NULL,0,0,NULL,NULL,0,0,'2024-05-13 10:24:38','2024-05-13 10:24:38',128,18,120,1),(1360,0,18,0,0,0,0,NULL,NULL,0,0,NULL,NULL,0,0,'2024-05-13 10:24:38','2024-05-13 10:24:38',128,18,121,1),(1361,0,2000,0,0,0,0,NULL,NULL,0,0,NULL,NULL,0,0,'2024-05-13 10:24:38','2024-05-13 10:24:38',128,18,122,1),(1362,0,1,0,0,0,0,NULL,NULL,0,0,NULL,NULL,0,0,'2024-05-13 10:24:38','2024-05-13 10:24:38',129,18,116,1),(1363,0,1,0,0,0,0,NULL,NULL,0,0,NULL,NULL,0,0,'2024-05-13 10:24:38','2024-05-13 10:24:38',129,18,117,1),(1364,0,18,0,0,0,0,NULL,NULL,0,0,NULL,NULL,0,0,'2024-05-13 10:24:38','2024-05-13 10:24:38',129,18,118,1),(1365,0,18,0,0,0,0,NULL,NULL,0,0,NULL,NULL,0,0,'2024-05-13 10:24:38','2024-05-13 10:24:38',129,18,119,1),(1366,0,18,0,0,0,0,NULL,NULL,0,0,NULL,NULL,0,0,'2024-05-13 10:24:38','2024-05-13 10:24:38',129,18,120,1),(1367,0,18,0,0,0,0,NULL,NULL,0,0,NULL,NULL,0,0,'2024-05-13 10:24:38','2024-05-13 10:24:38',129,18,121,1),(1368,0,2000,0,0,0,0,NULL,NULL,0,0,NULL,NULL,0,0,'2024-05-13 10:24:38','2024-05-13 10:24:38',129,18,122,1),(1369,0,1,0,0,0,0,NULL,NULL,0,0,NULL,NULL,0,0,'2024-05-13 10:24:38','2024-05-13 10:24:38',130,18,116,1),(1370,0,1,0,0,0,0,NULL,NULL,0,0,NULL,NULL,0,0,'2024-05-13 10:24:38','2024-05-13 10:24:38',130,18,117,1),(1371,0,18,0,0,0,0,NULL,NULL,0,0,NULL,NULL,0,0,'2024-05-13 10:24:38','2024-05-13 10:24:38',130,18,118,1),(1372,0,18,0,0,0,0,NULL,NULL,0,0,NULL,NULL,0,0,'2024-05-13 10:24:38','2024-05-13 10:24:38',130,18,119,1),(1373,0,18,0,0,0,0,NULL,NULL,0,0,NULL,NULL,0,0,'2024-05-13 10:24:38','2024-05-13 10:24:38',130,18,120,1),(1374,0,18,0,0,0,0,NULL,NULL,0,0,NULL,NULL,0,0,'2024-05-13 10:24:38','2024-05-13 10:24:38',130,18,121,1),(1375,0,2000,0,0,0,0,NULL,NULL,0,0,NULL,NULL,0,0,'2024-05-13 10:24:38','2024-05-13 10:24:38',130,18,122,1),(1376,0,1,0,0,0,0,NULL,NULL,0,0,NULL,NULL,0,0,'2024-05-13 10:24:38','2024-05-13 10:24:38',131,18,116,1),(1377,0,1,0,0,0,0,NULL,NULL,0,0,NULL,NULL,0,0,'2024-05-13 10:24:38','2024-05-13 10:24:38',131,18,117,1),(1378,0,18,0,0,0,0,NULL,NULL,0,0,NULL,NULL,0,0,'2024-05-13 10:24:38','2024-05-13 10:24:38',131,18,118,1),(1379,0,18,0,0,0,0,NULL,NULL,0,0,NULL,NULL,0,0,'2024-05-13 10:24:38','2024-05-13 10:24:38',131,18,119,1),(1380,0,18,0,0,0,0,NULL,NULL,0,0,NULL,NULL,0,0,'2024-05-13 10:24:38','2024-05-13 10:24:38',131,18,120,1),(1381,0,18,0,0,0,0,NULL,NULL,0,0,NULL,NULL,0,0,'2024-05-13 10:24:38','2024-05-13 10:24:38',131,18,121,1),(1382,0,2000,0,0,0,0,NULL,NULL,0,0,NULL,NULL,0,0,'2024-05-13 10:24:38','2024-05-13 10:24:38',131,18,122,1),(1383,0,1,0,0,0,0,NULL,NULL,0,0,NULL,NULL,0,0,'2024-05-13 10:24:38','2024-05-13 10:24:38',132,18,116,1),(1384,0,1,0,0,0,0,NULL,NULL,0,0,NULL,NULL,0,0,'2024-05-13 10:24:38','2024-05-13 10:24:38',132,18,117,1),(1385,0,18,0,0,0,0,NULL,NULL,0,0,NULL,NULL,0,0,'2024-05-13 10:24:38','2024-05-13 10:24:38',132,18,118,1),(1386,0,18,0,0,0,0,NULL,NULL,0,0,NULL,NULL,0,0,'2024-05-13 10:24:38','2024-05-13 10:24:38',132,18,119,1),(1387,0,18,0,0,0,0,NULL,NULL,0,0,NULL,NULL,0,0,'2024-05-13 10:24:38','2024-05-13 10:24:38',132,18,120,1),(1388,0,18,0,0,0,0,NULL,NULL,0,0,NULL,NULL,0,0,'2024-05-13 10:24:38','2024-05-13 10:24:38',132,18,121,1),(1389,0,2000,0,0,0,0,NULL,NULL,0,0,NULL,NULL,0,0,'2024-05-13 10:24:38','2024-05-13 10:24:38',132,18,122,1),(1390,0,1,0,0,0,0,NULL,NULL,0,0,NULL,NULL,0,0,'2024-05-13 10:24:38','2024-05-13 10:24:38',133,18,116,1),(1391,0,1,0,0,0,0,NULL,NULL,0,0,NULL,NULL,0,0,'2024-05-13 10:24:38','2024-05-13 10:24:38',133,18,117,1),(1392,0,18,0,0,0,0,NULL,NULL,0,0,NULL,NULL,0,0,'2024-05-13 10:24:38','2024-05-13 10:24:38',133,18,118,1),(1393,0,18,0,0,0,0,NULL,NULL,0,0,NULL,NULL,0,0,'2024-05-13 10:24:38','2024-05-13 10:24:38',133,18,119,1),(1394,0,18,0,0,0,0,NULL,NULL,0,0,NULL,NULL,0,0,'2024-05-13 10:24:38','2024-05-13 10:24:38',133,18,120,1),(1395,0,18,0,0,0,0,NULL,NULL,0,0,NULL,NULL,0,0,'2024-05-13 10:24:38','2024-05-13 10:24:38',133,18,121,1),(1396,0,2000,0,0,0,0,NULL,NULL,0,0,NULL,NULL,0,0,'2024-05-13 10:24:38','2024-05-13 10:24:38',133,18,122,1),(1397,0,1,0,0,0,0,NULL,NULL,0,0,NULL,NULL,0,0,'2024-05-13 10:24:38','2024-05-13 10:24:38',134,18,116,1),(1398,0,1,0,0,0,0,NULL,NULL,0,0,NULL,NULL,0,0,'2024-05-13 10:24:38','2024-05-13 10:24:38',134,18,117,1),(1399,0,18,0,0,0,0,NULL,NULL,0,0,NULL,NULL,0,0,'2024-05-13 10:24:38','2024-05-13 10:24:38',134,18,118,1),(1400,0,18,0,0,0,0,NULL,NULL,0,0,NULL,NULL,0,0,'2024-05-13 10:24:38','2024-05-13 10:24:38',134,18,119,1),(1401,0,18,0,0,0,0,NULL,NULL,0,0,NULL,NULL,0,0,'2024-05-13 10:24:38','2024-05-13 10:24:38',134,18,120,1),(1402,0,18,0,0,0,0,NULL,NULL,0,0,NULL,NULL,0,0,'2024-05-13 10:24:38','2024-05-13 10:24:38',134,18,121,1),(1403,0,2000,0,0,0,0,NULL,NULL,0,0,NULL,NULL,0,0,'2024-05-13 10:24:38','2024-05-13 10:24:38',134,18,122,1),(1404,0,1,0,0,0,0,NULL,NULL,0,0,NULL,NULL,0,0,'2024-05-13 10:24:38','2024-05-13 10:24:38',135,18,116,1),(1405,0,1,0,0,0,0,NULL,NULL,0,0,NULL,NULL,0,0,'2024-05-13 10:24:38','2024-05-13 10:24:38',135,18,117,1),(1406,0,18,0,0,0,0,NULL,NULL,0,0,NULL,NULL,0,0,'2024-05-13 10:24:38','2024-05-13 10:24:38',135,18,118,1),(1407,0,18,0,0,0,0,NULL,NULL,0,0,NULL,NULL,0,0,'2024-05-13 10:24:38','2024-05-13 10:24:38',135,18,119,1),(1408,0,18,0,0,0,0,NULL,NULL,0,0,NULL,NULL,0,0,'2024-05-13 10:24:38','2024-05-13 10:24:38',135,18,120,1),(1409,0,18,0,0,0,0,NULL,NULL,0,0,NULL,NULL,0,0,'2024-05-13 10:24:38','2024-05-13 10:24:38',135,18,121,1),(1410,0,2000,0,0,0,0,NULL,NULL,0,0,NULL,NULL,0,0,'2024-05-13 10:24:38','2024-05-13 10:24:38',135,18,122,1),(1411,0,1,0,0,0,0,NULL,NULL,0,0,NULL,NULL,0,0,'2024-05-13 10:24:38','2024-05-13 10:24:38',136,18,116,1),(1412,0,1,0,0,0,0,NULL,NULL,0,0,NULL,NULL,0,0,'2024-05-13 10:24:38','2024-05-13 10:24:38',136,18,117,1),(1413,0,18,0,0,0,0,NULL,NULL,0,0,NULL,NULL,0,0,'2024-05-13 10:24:38','2024-05-13 10:24:38',136,18,118,1),(1414,0,18,0,0,0,0,NULL,NULL,0,0,NULL,NULL,0,0,'2024-05-13 10:24:38','2024-05-13 10:24:38',136,18,119,1),(1415,0,18,0,0,0,0,NULL,NULL,0,0,NULL,NULL,0,0,'2024-05-13 10:24:38','2024-05-13 10:24:38',136,18,120,1),(1416,0,18,0,0,0,0,NULL,NULL,0,0,NULL,NULL,0,0,'2024-05-13 10:24:38','2024-05-13 10:24:38',136,18,121,1),(1417,0,2000,0,0,0,0,NULL,NULL,0,0,NULL,NULL,0,0,'2024-05-13 10:24:38','2024-05-13 10:24:38',136,18,122,1),(1418,0,1,0,0,0,0,NULL,NULL,0,0,NULL,NULL,0,0,'2024-05-13 10:24:38','2024-05-13 10:24:38',137,18,116,1),(1419,0,1,0,0,0,0,NULL,NULL,0,0,NULL,NULL,0,0,'2024-05-13 10:24:38','2024-05-13 10:24:38',137,18,117,1),(1420,0,18,0,0,0,0,NULL,NULL,0,0,NULL,NULL,0,0,'2024-05-13 10:24:38','2024-05-13 10:24:38',137,18,118,1),(1421,0,18,0,0,0,0,NULL,NULL,0,0,NULL,NULL,0,0,'2024-05-13 10:24:38','2024-05-13 10:24:38',137,18,119,1),(1422,0,18,0,0,0,0,NULL,NULL,0,0,NULL,NULL,0,0,'2024-05-13 10:24:38','2024-05-13 10:24:38',137,18,120,1),(1423,0,18,0,0,0,0,NULL,NULL,0,0,NULL,NULL,0,0,'2024-05-13 10:24:38','2024-05-13 10:24:38',137,18,121,1),(1424,0,2000,0,0,0,0,NULL,NULL,0,0,NULL,NULL,0,0,'2024-05-13 10:24:38','2024-05-13 10:24:38',137,18,122,1),(1425,0,1,0,0,0,0,NULL,NULL,0,0,NULL,NULL,0,0,'2024-05-13 10:24:38','2024-05-13 10:24:38',138,18,116,1),(1426,0,1,0,0,0,0,NULL,NULL,0,0,NULL,NULL,0,0,'2024-05-13 10:24:38','2024-05-13 10:24:38',138,18,117,1),(1427,0,18,0,0,0,0,NULL,NULL,0,0,NULL,NULL,0,0,'2024-05-13 10:24:38','2024-05-13 10:24:38',138,18,118,1),(1428,0,18,0,0,0,0,NULL,NULL,0,0,NULL,NULL,0,0,'2024-05-13 10:24:38','2024-05-13 10:24:38',138,18,119,1),(1429,0,18,0,0,0,0,NULL,NULL,0,0,NULL,NULL,0,0,'2024-05-13 10:24:38','2024-05-13 10:24:38',138,18,120,1),(1430,0,18,0,0,0,0,NULL,NULL,0,0,NULL,NULL,0,0,'2024-05-13 10:24:38','2024-05-13 10:24:38',138,18,121,1),(1431,0,2000,0,0,0,0,NULL,NULL,0,0,NULL,NULL,0,0,'2024-05-13 10:24:38','2024-05-13 10:24:38',138,18,122,1),(1432,0,1,0,0,0,0,NULL,NULL,0,0,NULL,NULL,0,0,'2024-05-13 10:24:38','2024-05-13 10:24:38',139,18,116,1),(1433,0,1,0,0,0,0,NULL,NULL,0,0,NULL,NULL,0,0,'2024-05-13 10:24:38','2024-05-13 10:24:38',139,18,117,1),(1434,0,18,0,0,0,0,NULL,NULL,0,0,NULL,NULL,0,0,'2024-05-13 10:24:38','2024-05-13 10:24:38',139,18,118,1),(1435,0,18,0,0,0,0,NULL,NULL,0,0,NULL,NULL,0,0,'2024-05-13 10:24:38','2024-05-13 10:24:38',139,18,119,1),(1436,0,18,0,0,0,0,NULL,NULL,0,0,NULL,NULL,0,0,'2024-05-13 10:24:38','2024-05-13 10:24:38',139,18,120,1),(1437,0,18,0,0,0,0,NULL,NULL,0,0,NULL,NULL,0,0,'2024-05-13 10:24:38','2024-05-13 10:24:38',139,18,121,1),(1438,0,2000,0,0,0,0,NULL,NULL,0,0,NULL,NULL,0,0,'2024-05-13 10:24:38','2024-05-13 10:24:38',139,18,122,1),(1439,0,1,0,0,0,0,NULL,NULL,0,0,NULL,NULL,0,0,'2024-05-13 10:24:38','2024-05-13 10:24:38',140,18,116,1),(1440,0,1,0,0,0,0,NULL,NULL,0,0,NULL,NULL,0,0,'2024-05-13 10:24:38','2024-05-13 10:24:38',140,18,117,1),(1441,0,18,0,0,0,0,NULL,NULL,0,0,NULL,NULL,0,0,'2024-05-13 10:24:38','2024-05-13 10:24:38',140,18,118,1),(1442,0,18,0,0,0,0,NULL,NULL,0,0,NULL,NULL,0,0,'2024-05-13 10:24:38','2024-05-13 10:24:38',140,18,119,1),(1443,0,18,0,0,0,0,NULL,NULL,0,0,NULL,NULL,0,0,'2024-05-13 10:24:38','2024-05-13 10:24:38',140,18,120,1),(1444,0,18,0,0,0,0,NULL,NULL,0,0,NULL,NULL,0,0,'2024-05-13 10:24:38','2024-05-13 10:24:38',140,18,121,1),(1445,0,2000,0,0,0,0,NULL,NULL,0,0,NULL,NULL,0,0,'2024-05-13 10:24:38','2024-05-13 10:24:38',140,18,122,1),(1446,0,1,0,0,0,0,NULL,NULL,0,0,NULL,NULL,0,0,'2024-05-13 10:24:38','2024-05-13 10:24:38',141,18,116,1),(1447,0,1,0,0,0,0,NULL,NULL,0,0,NULL,NULL,0,0,'2024-05-13 10:24:38','2024-05-13 10:24:38',141,18,117,1),(1448,0,18,0,0,0,0,NULL,NULL,0,0,NULL,NULL,0,0,'2024-05-13 10:24:38','2024-05-13 10:24:38',141,18,118,1),(1449,0,18,0,0,0,0,NULL,NULL,0,0,NULL,NULL,0,0,'2024-05-13 10:24:38','2024-05-13 10:24:38',141,18,119,1),(1450,0,18,0,0,0,0,NULL,NULL,0,0,NULL,NULL,0,0,'2024-05-13 10:24:38','2024-05-13 10:24:38',141,18,120,1),(1451,0,18,0,0,0,0,NULL,NULL,0,0,NULL,NULL,0,0,'2024-05-13 10:24:38','2024-05-13 10:24:38',141,18,121,1),(1452,0,2000,0,0,0,0,NULL,NULL,0,0,NULL,NULL,0,0,'2024-05-13 10:24:38','2024-05-13 10:24:38',141,18,122,1),(1453,0,1,0,0,0,0,NULL,NULL,0,0,NULL,NULL,0,0,'2024-05-13 10:24:38','2024-05-13 10:24:38',142,18,116,1),(1454,0,1,0,0,0,0,NULL,NULL,0,0,NULL,NULL,0,0,'2024-05-13 10:24:38','2024-05-13 10:24:38',142,18,117,1),(1455,0,18,0,0,0,0,NULL,NULL,0,0,NULL,NULL,0,0,'2024-05-13 10:24:38','2024-05-13 10:24:38',142,18,118,1),(1456,0,18,0,0,0,0,NULL,NULL,0,0,NULL,NULL,0,0,'2024-05-13 10:24:38','2024-05-13 10:24:38',142,18,119,1),(1457,0,18,0,0,0,0,NULL,NULL,0,0,NULL,NULL,0,0,'2024-05-13 10:24:38','2024-05-13 10:24:38',142,18,120,1),(1458,0,18,0,0,0,0,NULL,NULL,0,0,NULL,NULL,0,0,'2024-05-13 10:24:38','2024-05-13 10:24:38',142,18,121,1),(1459,0,2000,0,0,0,0,NULL,NULL,0,0,NULL,NULL,0,0,'2024-05-13 10:24:38','2024-05-13 10:24:38',142,18,122,1),(1460,0,1,0,0,0,0,NULL,NULL,0,0,NULL,NULL,0,0,'2024-05-13 10:24:38','2024-05-13 10:24:38',143,18,116,1),(1461,0,1,0,0,0,0,NULL,NULL,0,0,NULL,NULL,0,0,'2024-05-13 10:24:38','2024-05-13 10:24:38',143,18,117,1),(1462,0,18,0,0,0,0,NULL,NULL,0,0,NULL,NULL,0,0,'2024-05-13 10:24:38','2024-05-13 10:24:38',143,18,118,1),(1463,0,18,0,0,0,0,NULL,NULL,0,0,NULL,NULL,0,0,'2024-05-13 10:24:38','2024-05-13 10:24:38',143,18,119,1),(1464,0,18,0,0,0,0,NULL,NULL,0,0,NULL,NULL,0,0,'2024-05-13 10:24:38','2024-05-13 10:24:38',143,18,120,1),(1465,0,18,0,0,0,0,NULL,NULL,0,0,NULL,NULL,0,0,'2024-05-13 10:24:38','2024-05-13 10:24:38',143,18,121,1),(1466,0,2000,0,0,0,0,NULL,NULL,0,0,NULL,NULL,0,0,'2024-05-13 10:24:38','2024-05-13 10:24:38',143,18,122,1),(1467,0,1,0,0,0,0,NULL,NULL,0,0,NULL,NULL,0,0,'2024-05-13 10:24:38','2024-05-13 10:24:38',144,18,116,1),(1468,0,1,0,0,0,0,NULL,NULL,0,0,NULL,NULL,0,0,'2024-05-13 10:24:38','2024-05-13 10:24:38',144,18,117,1),(1469,0,18,0,0,0,0,NULL,NULL,0,0,NULL,NULL,0,0,'2024-05-13 10:24:38','2024-05-13 10:24:38',144,18,118,1),(1470,0,18,0,0,0,0,NULL,NULL,0,0,NULL,NULL,0,0,'2024-05-13 10:24:38','2024-05-13 10:24:38',144,18,119,1),(1471,0,18,0,0,0,0,NULL,NULL,0,0,NULL,NULL,0,0,'2024-05-13 10:24:38','2024-05-13 10:24:38',144,18,120,1),(1472,0,18,0,0,0,0,NULL,NULL,0,0,NULL,NULL,0,0,'2024-05-13 10:24:38','2024-05-13 10:24:38',144,18,121,1),(1473,0,2000,0,0,0,0,NULL,NULL,0,0,NULL,NULL,0,0,'2024-05-13 10:24:38','2024-05-13 10:24:38',144,18,122,1),(1474,0,1,0,0,0,0,NULL,NULL,0,0,NULL,NULL,0,0,'2024-05-13 10:24:38','2024-05-13 10:24:38',145,18,116,1),(1475,0,1,0,0,0,0,NULL,NULL,0,0,NULL,NULL,0,0,'2024-05-13 10:24:38','2024-05-13 10:24:38',145,18,117,1),(1476,0,18,0,0,0,0,NULL,NULL,0,0,NULL,NULL,0,0,'2024-05-13 10:24:38','2024-05-13 10:24:38',145,18,118,1),(1477,0,18,0,0,0,0,NULL,NULL,0,0,NULL,NULL,0,0,'2024-05-13 10:24:38','2024-05-13 10:24:38',145,18,119,1),(1478,0,18,0,0,0,0,NULL,NULL,0,0,NULL,NULL,0,0,'2024-05-13 10:24:38','2024-05-13 10:24:38',145,18,120,1),(1479,0,18,0,0,0,0,NULL,NULL,0,0,NULL,NULL,0,0,'2024-05-13 10:24:38','2024-05-13 10:24:38',145,18,121,1),(1480,0,2000,0,0,0,0,NULL,NULL,0,0,NULL,NULL,0,0,'2024-05-13 10:24:38','2024-05-13 10:24:38',145,18,122,1),(1481,0,1,0,0,0,0,NULL,NULL,0,0,NULL,NULL,0,0,'2024-05-13 10:24:38','2024-05-13 10:24:38',146,18,116,1),(1482,0,1,0,0,0,0,NULL,NULL,0,0,NULL,NULL,0,0,'2024-05-13 10:24:38','2024-05-13 10:24:38',146,18,117,1),(1483,0,18,0,0,0,0,NULL,NULL,0,0,NULL,NULL,0,0,'2024-05-13 10:24:38','2024-05-13 10:24:38',146,18,118,1),(1484,0,18,0,0,0,0,NULL,NULL,0,0,NULL,NULL,0,0,'2024-05-13 10:24:38','2024-05-13 10:24:38',146,18,119,1),(1485,0,18,0,0,0,0,NULL,NULL,0,0,NULL,NULL,0,0,'2024-05-13 10:24:38','2024-05-13 10:24:38',146,18,120,1),(1486,0,18,0,0,0,0,NULL,NULL,0,0,NULL,NULL,0,0,'2024-05-13 10:24:38','2024-05-13 10:24:38',146,18,121,1),(1487,0,2000,0,0,0,0,NULL,NULL,0,0,NULL,NULL,0,0,'2024-05-13 10:24:38','2024-05-13 10:24:38',146,18,122,1),(1488,0,1,0,0,0,0,NULL,NULL,0,0,NULL,NULL,0,0,'2024-05-13 10:24:38','2024-05-13 10:24:38',147,18,116,1),(1489,0,1,0,0,0,0,NULL,NULL,0,0,NULL,NULL,0,0,'2024-05-13 10:24:38','2024-05-13 10:24:38',147,18,117,1),(1490,0,18,0,0,0,0,NULL,NULL,0,0,NULL,NULL,0,0,'2024-05-13 10:24:38','2024-05-13 10:24:38',147,18,118,1),(1491,0,18,0,0,0,0,NULL,NULL,0,0,NULL,NULL,0,0,'2024-05-13 10:24:38','2024-05-13 10:24:38',147,18,119,1),(1492,0,18,0,0,0,0,NULL,NULL,0,0,NULL,NULL,0,0,'2024-05-13 10:24:38','2024-05-13 10:24:38',147,18,120,1),(1493,0,18,0,0,0,0,NULL,NULL,0,0,NULL,NULL,0,0,'2024-05-13 10:24:38','2024-05-13 10:24:38',147,18,121,1),(1494,0,2000,0,0,0,0,NULL,NULL,0,0,NULL,NULL,0,0,'2024-05-13 10:24:38','2024-05-13 10:24:38',147,18,122,1),(1495,0,1,0,0,0,0,NULL,NULL,0,0,NULL,NULL,0,0,'2024-05-13 10:24:38','2024-05-13 10:24:38',148,18,116,1),(1496,0,1,0,0,0,0,NULL,NULL,0,0,NULL,NULL,0,0,'2024-05-13 10:24:38','2024-05-13 10:24:38',148,18,117,1),(1497,0,18,0,0,0,0,NULL,NULL,0,0,NULL,NULL,0,0,'2024-05-13 10:24:38','2024-05-13 10:24:38',148,18,118,1),(1498,0,18,0,0,0,0,NULL,NULL,0,0,NULL,NULL,0,0,'2024-05-13 10:24:38','2024-05-13 10:24:38',148,18,119,1),(1499,0,18,0,0,0,0,NULL,NULL,0,0,NULL,NULL,0,0,'2024-05-13 10:24:38','2024-05-13 10:24:38',148,18,120,1),(1500,0,18,0,0,0,0,NULL,NULL,0,0,NULL,NULL,0,0,'2024-05-13 10:24:38','2024-05-13 10:24:38',148,18,121,1),(1501,0,2000,0,0,0,0,NULL,NULL,0,0,NULL,NULL,0,0,'2024-05-13 10:24:38','2024-05-13 10:24:38',148,18,122,1),(1502,0,1,0,0,0,0,NULL,NULL,0,0,NULL,NULL,0,0,'2024-05-13 10:24:38','2024-05-13 10:24:38',149,18,116,1),(1503,0,1,0,0,0,0,NULL,NULL,0,0,NULL,NULL,0,0,'2024-05-13 10:24:38','2024-05-13 10:24:38',149,18,117,1),(1504,0,18,0,0,0,0,NULL,NULL,0,0,NULL,NULL,0,0,'2024-05-13 10:24:38','2024-05-13 10:24:38',149,18,118,1),(1505,0,18,0,0,0,0,NULL,NULL,0,0,NULL,NULL,0,0,'2024-05-13 10:24:38','2024-05-13 10:24:38',149,18,119,1),(1506,0,18,0,0,0,0,NULL,NULL,0,0,NULL,NULL,0,0,'2024-05-13 10:24:38','2024-05-13 10:24:38',149,18,120,1),(1507,0,18,0,0,0,0,NULL,NULL,0,0,NULL,NULL,0,0,'2024-05-13 10:24:38','2024-05-13 10:24:38',149,18,121,1),(1508,0,2000,0,0,0,0,NULL,NULL,0,0,NULL,NULL,0,0,'2024-05-13 10:24:38','2024-05-13 10:24:38',149,18,122,1),(1509,0,1,0,0,0,0,NULL,NULL,0,0,NULL,NULL,0,0,'2024-05-13 10:24:38','2024-05-13 10:24:38',150,18,116,1),(1510,0,1,0,0,0,0,NULL,NULL,0,0,NULL,NULL,0,0,'2024-05-13 10:24:38','2024-05-13 10:24:38',150,18,117,1),(1511,0,18,0,0,0,0,NULL,NULL,0,0,NULL,NULL,0,0,'2024-05-13 10:24:38','2024-05-13 10:24:38',150,18,118,1),(1512,0,18,0,0,0,0,NULL,NULL,0,0,NULL,NULL,0,0,'2024-05-13 10:24:38','2024-05-13 10:24:38',150,18,119,1),(1513,0,18,0,0,0,0,NULL,NULL,0,0,NULL,NULL,0,0,'2024-05-13 10:24:38','2024-05-13 10:24:38',150,18,120,1),(1514,0,18,0,0,0,0,NULL,NULL,0,0,NULL,NULL,0,0,'2024-05-13 10:24:38','2024-05-13 10:24:38',150,18,121,1),(1515,0,2000,0,0,0,0,NULL,NULL,0,0,NULL,NULL,0,0,'2024-05-13 10:24:38','2024-05-13 10:24:38',150,18,122,1),(1516,0,1,0,0,0,0,NULL,NULL,0,0,NULL,NULL,0,0,'2024-05-13 10:24:38','2024-05-13 10:24:38',151,18,116,1),(1517,0,1,0,0,0,0,NULL,NULL,0,0,NULL,NULL,0,0,'2024-05-13 10:24:38','2024-05-13 10:24:38',151,18,117,1),(1518,0,18,0,0,0,0,NULL,NULL,0,0,NULL,NULL,0,0,'2024-05-13 10:24:38','2024-05-13 10:24:38',151,18,118,1),(1519,0,18,0,0,0,0,NULL,NULL,0,0,NULL,NULL,0,0,'2024-05-13 10:24:38','2024-05-13 10:24:38',151,18,119,1),(1520,0,18,0,0,0,0,NULL,NULL,0,0,NULL,NULL,0,0,'2024-05-13 10:24:38','2024-05-13 10:24:38',151,18,120,1),(1521,0,18,0,0,0,0,NULL,NULL,0,0,NULL,NULL,0,0,'2024-05-13 10:24:38','2024-05-13 10:24:38',151,18,121,1),(1522,0,2000,0,0,0,0,NULL,NULL,0,0,NULL,NULL,0,0,'2024-05-13 10:24:38','2024-05-13 10:24:38',151,18,122,1),(1523,0,1,0,0,0,0,NULL,NULL,0,0,NULL,NULL,0,0,'2024-05-13 10:24:38','2024-05-13 10:24:38',152,18,116,1),(1524,0,1,0,0,0,0,NULL,NULL,0,0,NULL,NULL,0,0,'2024-05-13 10:24:38','2024-05-13 10:24:38',152,18,117,1),(1525,0,18,0,0,0,0,NULL,NULL,0,0,NULL,NULL,0,0,'2024-05-13 10:24:38','2024-05-13 10:24:38',152,18,118,1),(1526,0,18,0,0,0,0,NULL,NULL,0,0,NULL,NULL,0,0,'2024-05-13 10:24:38','2024-05-13 10:24:38',152,18,119,1),(1527,0,18,0,0,0,0,NULL,NULL,0,0,NULL,NULL,0,0,'2024-05-13 10:24:38','2024-05-13 10:24:38',152,18,120,1),(1528,0,18,0,0,0,0,NULL,NULL,0,0,NULL,NULL,0,0,'2024-05-13 10:24:38','2024-05-13 10:24:38',152,18,121,1),(1529,0,2000,0,0,0,0,NULL,NULL,0,0,NULL,NULL,0,0,'2024-05-13 10:24:38','2024-05-13 10:24:38',152,18,122,1),(1530,0,1,0,0,0,0,NULL,NULL,0,0,NULL,NULL,0,0,'2024-05-13 10:24:38','2024-05-13 10:24:38',153,18,116,1),(1531,0,1,0,0,0,0,NULL,NULL,0,0,NULL,NULL,0,0,'2024-05-13 10:24:38','2024-05-13 10:24:38',153,18,117,1),(1532,0,18,0,0,0,0,NULL,NULL,0,0,NULL,NULL,0,0,'2024-05-13 10:24:38','2024-05-13 10:24:38',153,18,118,1),(1533,0,18,0,0,0,0,NULL,NULL,0,0,NULL,NULL,0,0,'2024-05-13 10:24:38','2024-05-13 10:24:38',153,18,119,1),(1534,0,18,0,0,0,0,NULL,NULL,0,0,NULL,NULL,0,0,'2024-05-13 10:24:38','2024-05-13 10:24:38',153,18,120,1),(1535,0,18,0,0,0,0,NULL,NULL,0,0,NULL,NULL,0,0,'2024-05-13 10:24:38','2024-05-13 10:24:38',153,18,121,1),(1536,0,2000,0,0,0,0,NULL,NULL,0,0,NULL,NULL,0,0,'2024-05-13 10:24:38','2024-05-13 10:24:38',153,18,122,1),(1537,0,1,0,0,0,0,NULL,NULL,0,0,NULL,NULL,0,0,'2024-05-13 10:24:38','2024-05-13 10:24:38',154,18,116,1),(1538,0,1,0,0,0,0,NULL,NULL,0,0,NULL,NULL,0,0,'2024-05-13 10:24:38','2024-05-13 10:24:38',154,18,117,1),(1539,0,18,0,0,0,0,NULL,NULL,0,0,NULL,NULL,0,0,'2024-05-13 10:24:38','2024-05-13 10:24:38',154,18,118,1),(1540,0,18,0,0,0,0,NULL,NULL,0,0,NULL,NULL,0,0,'2024-05-13 10:24:38','2024-05-13 10:24:38',154,18,119,1),(1541,0,18,0,0,0,0,NULL,NULL,0,0,NULL,NULL,0,0,'2024-05-13 10:24:38','2024-05-13 10:24:38',154,18,120,1),(1542,0,18,0,0,0,0,NULL,NULL,0,0,NULL,NULL,0,0,'2024-05-13 10:24:38','2024-05-13 10:24:38',154,18,121,1),(1543,0,2000,0,0,0,0,NULL,NULL,0,0,NULL,NULL,0,0,'2024-05-13 10:24:38','2024-05-13 10:24:38',154,18,122,1),(1544,0,1,0,0,0,0,NULL,NULL,0,0,NULL,NULL,0,0,'2024-05-13 10:24:38','2024-05-13 10:24:38',155,18,116,1),(1545,0,1,0,0,0,0,NULL,NULL,0,0,NULL,NULL,0,0,'2024-05-13 10:24:38','2024-05-13 10:24:38',155,18,117,1),(1546,0,18,0,0,0,0,NULL,NULL,0,0,NULL,NULL,0,0,'2024-05-13 10:24:38','2024-05-13 10:24:38',155,18,118,1),(1547,0,18,0,0,0,0,NULL,NULL,0,0,NULL,NULL,0,0,'2024-05-13 10:24:38','2024-05-13 10:24:38',155,18,119,1),(1548,0,18,0,0,0,0,NULL,NULL,0,0,NULL,NULL,0,0,'2024-05-13 10:24:38','2024-05-13 10:24:38',155,18,120,1),(1549,0,18,0,0,0,0,NULL,NULL,0,0,NULL,NULL,0,0,'2024-05-13 10:24:38','2024-05-13 10:24:38',155,18,121,1),(1550,0,2000,0,0,0,0,NULL,NULL,0,0,NULL,NULL,0,0,'2024-05-13 10:24:38','2024-05-13 10:24:38',155,18,122,1),(1551,0,1,0,0,0,0,NULL,NULL,0,0,NULL,NULL,0,0,'2024-05-13 10:24:38','2024-05-13 10:24:38',156,18,116,1),(1552,0,1,0,0,0,0,NULL,NULL,0,0,NULL,NULL,0,0,'2024-05-13 10:24:38','2024-05-13 10:24:38',156,18,117,1),(1553,0,18,0,0,0,0,NULL,NULL,0,0,NULL,NULL,0,0,'2024-05-13 10:24:38','2024-05-13 10:24:38',156,18,118,1),(1554,0,18,0,0,0,0,NULL,NULL,0,0,NULL,NULL,0,0,'2024-05-13 10:24:38','2024-05-13 10:24:38',156,18,119,1),(1555,0,18,0,0,0,0,NULL,NULL,0,0,NULL,NULL,0,0,'2024-05-13 10:24:38','2024-05-13 10:24:38',156,18,120,1),(1556,0,18,0,0,0,0,NULL,NULL,0,0,NULL,NULL,0,0,'2024-05-13 10:24:38','2024-05-13 10:24:38',156,18,121,1),(1557,0,2000,0,0,0,0,NULL,NULL,0,0,NULL,NULL,0,0,'2024-05-13 10:24:38','2024-05-13 10:24:38',156,18,122,1),(1558,0,1,0,0,0,1,'2024-05-17 09:08:43',NULL,0,0,NULL,NULL,0,0,'2024-05-13 10:24:38','2024-05-17 09:08:43',157,18,116,1),(1559,0,1,0,0,0,0,NULL,NULL,0,0,NULL,NULL,0,0,'2024-05-13 10:24:38','2024-05-13 10:24:38',157,18,117,1),(1560,0,18,0,0,0,0,NULL,NULL,0,0,NULL,NULL,0,0,'2024-05-13 10:24:38','2024-05-13 10:24:38',157,18,118,1),(1561,0,18,0,0,0,0,NULL,NULL,0,0,NULL,NULL,0,0,'2024-05-13 10:24:38','2024-05-13 10:24:38',157,18,119,1),(1562,0,18,0,0,0,0,NULL,NULL,0,0,NULL,NULL,0,0,'2024-05-13 10:24:38','2024-05-13 10:24:38',157,18,120,1),(1563,0,18,0,0,0,0,NULL,NULL,0,0,NULL,NULL,0,0,'2024-05-13 10:24:38','2024-05-13 10:24:38',157,18,121,1),(1564,0,2000,0,0,0,0,NULL,NULL,0,0,NULL,NULL,0,0,'2024-05-13 10:24:38','2024-05-13 10:24:38',157,18,122,1),(1565,0,1,0,0,0,0,NULL,NULL,0,0,NULL,NULL,0,0,'2024-05-13 10:24:38','2024-05-13 10:24:38',158,18,116,1),(1566,0,1,0,0,0,0,NULL,NULL,0,0,NULL,NULL,0,0,'2024-05-13 10:24:38','2024-05-13 10:24:38',158,18,117,1),(1567,0,18,0,0,0,0,NULL,NULL,0,0,NULL,NULL,0,0,'2024-05-13 10:24:38','2024-05-13 10:24:38',158,18,118,1),(1568,0,18,0,0,0,0,NULL,NULL,0,0,NULL,NULL,0,0,'2024-05-13 10:24:38','2024-05-13 10:24:38',158,18,119,1),(1569,0,18,0,0,0,0,NULL,NULL,0,0,NULL,NULL,0,0,'2024-05-13 10:24:38','2024-05-13 10:24:38',158,18,120,1),(1570,0,18,0,0,0,0,NULL,NULL,0,0,NULL,NULL,0,0,'2024-05-13 10:24:38','2024-05-13 10:24:38',158,18,121,1),(1571,0,2000,0,0,0,0,NULL,NULL,0,0,NULL,NULL,0,0,'2024-05-13 10:24:38','2024-05-13 10:24:38',158,18,122,1),(1572,0,1,0,0,0,0,NULL,NULL,0,0,NULL,NULL,0,0,'2024-05-13 10:24:38','2024-05-13 10:24:38',159,18,116,1),(1573,0,1,0,0,0,0,NULL,NULL,0,0,NULL,NULL,0,0,'2024-05-13 10:24:38','2024-05-13 10:24:38',159,18,117,1),(1574,0,18,0,0,0,0,NULL,NULL,0,0,NULL,NULL,0,0,'2024-05-13 10:24:38','2024-05-13 10:24:38',159,18,118,1),(1575,0,18,0,0,0,0,NULL,NULL,0,0,NULL,NULL,0,0,'2024-05-13 10:24:38','2024-05-13 10:24:38',159,18,119,1),(1576,0,18,0,0,0,0,NULL,NULL,0,0,NULL,NULL,0,0,'2024-05-13 10:24:38','2024-05-13 10:24:38',159,18,120,1),(1577,0,18,0,0,0,0,NULL,NULL,0,0,NULL,NULL,0,0,'2024-05-13 10:24:38','2024-05-13 10:24:38',159,18,121,1),(1578,0,2000,0,0,0,0,NULL,NULL,0,0,NULL,NULL,0,0,'2024-05-13 10:24:38','2024-05-13 10:24:38',159,18,122,1),(1579,0,1,0,0,0,0,NULL,NULL,0,0,NULL,NULL,0,0,'2024-05-13 10:24:38','2024-05-13 10:24:38',160,18,116,1),(1580,0,1,0,0,0,0,NULL,NULL,0,0,NULL,NULL,0,0,'2024-05-13 10:24:38','2024-05-13 10:24:38',160,18,117,1),(1581,0,18,0,0,0,0,NULL,NULL,0,0,NULL,NULL,0,0,'2024-05-13 10:24:38','2024-05-13 10:24:38',160,18,118,1),(1582,0,18,0,0,0,0,NULL,NULL,0,0,NULL,NULL,0,0,'2024-05-13 10:24:38','2024-05-13 10:24:38',160,18,119,1),(1583,0,18,0,0,0,0,NULL,NULL,0,0,NULL,NULL,0,0,'2024-05-13 10:24:38','2024-05-13 10:24:38',160,18,120,1),(1584,0,18,0,0,0,0,NULL,NULL,0,0,NULL,NULL,0,0,'2024-05-13 10:24:38','2024-05-13 10:24:38',160,18,121,1),(1585,0,2000,0,0,0,0,NULL,NULL,0,0,NULL,NULL,0,0,'2024-05-13 10:24:38','2024-05-13 10:24:38',160,18,122,1),(1586,0,1,0,0,0,0,NULL,NULL,0,0,NULL,NULL,0,0,'2024-05-13 10:24:38','2024-05-13 10:24:38',161,18,116,1),(1587,0,1,0,0,0,0,NULL,NULL,0,0,NULL,NULL,0,0,'2024-05-13 10:24:38','2024-05-13 10:24:38',161,18,117,1),(1588,0,18,0,0,0,0,NULL,NULL,0,0,NULL,NULL,0,0,'2024-05-13 10:24:38','2024-05-13 10:24:38',161,18,118,1),(1589,0,18,0,0,0,0,NULL,NULL,0,0,NULL,NULL,0,0,'2024-05-13 10:24:38','2024-05-13 10:24:38',161,18,119,1),(1590,0,18,0,0,0,0,NULL,NULL,0,0,NULL,NULL,0,0,'2024-05-13 10:24:38','2024-05-13 10:24:38',161,18,120,1),(1591,0,18,0,0,0,0,NULL,NULL,0,0,NULL,NULL,0,0,'2024-05-13 10:24:38','2024-05-13 10:24:38',161,18,121,1),(1592,0,2000,0,0,0,0,NULL,NULL,0,0,NULL,NULL,0,0,'2024-05-13 10:24:38','2024-05-13 10:24:38',161,18,122,1),(1593,0,1,0,0,0,0,NULL,NULL,0,0,NULL,NULL,0,0,'2024-05-13 10:24:38','2024-05-13 10:24:38',162,18,116,1),(1594,0,1,0,0,0,0,NULL,NULL,0,0,NULL,NULL,0,0,'2024-05-13 10:24:38','2024-05-13 10:24:38',162,18,117,1),(1595,0,18,0,0,0,0,NULL,NULL,0,0,NULL,NULL,0,0,'2024-05-13 10:24:38','2024-05-13 10:24:38',162,18,118,1),(1596,0,18,0,0,0,0,NULL,NULL,0,0,NULL,NULL,0,0,'2024-05-13 10:24:38','2024-05-13 10:24:38',162,18,119,1),(1597,0,18,0,0,0,0,NULL,NULL,0,0,NULL,NULL,0,0,'2024-05-13 10:24:38','2024-05-13 10:24:38',162,18,120,1),(1598,0,18,0,0,0,0,NULL,NULL,0,0,NULL,NULL,0,0,'2024-05-13 10:24:38','2024-05-13 10:24:38',162,18,121,1),(1599,0,2000,0,0,0,0,NULL,NULL,0,0,NULL,NULL,0,0,'2024-05-13 10:24:38','2024-05-13 10:24:38',162,18,122,1),(1600,0,1,0,0,0,0,NULL,NULL,0,0,NULL,NULL,0,0,'2024-05-13 10:24:38','2024-05-13 10:24:38',163,18,116,1),(1601,0,1,0,0,0,0,NULL,NULL,0,0,NULL,NULL,0,0,'2024-05-13 10:24:38','2024-05-13 10:24:38',163,18,117,1),(1602,0,18,0,0,0,0,NULL,NULL,0,0,NULL,NULL,0,0,'2024-05-13 10:24:38','2024-05-13 10:24:38',163,18,118,1),(1603,0,18,0,0,0,0,NULL,NULL,0,0,NULL,NULL,0,0,'2024-05-13 10:24:38','2024-05-13 10:24:38',163,18,119,1),(1604,0,18,0,0,0,0,NULL,NULL,0,0,NULL,NULL,0,0,'2024-05-13 10:24:38','2024-05-13 10:24:38',163,18,120,1),(1605,0,18,0,0,0,0,NULL,NULL,0,0,NULL,NULL,0,0,'2024-05-13 10:24:38','2024-05-13 10:24:38',163,18,121,1),(1606,0,2000,0,0,0,0,NULL,NULL,0,0,NULL,NULL,0,0,'2024-05-13 10:24:38','2024-05-13 10:24:38',163,18,122,1),(1607,1,1,1,0,0,1,'2024-05-13 13:30:41','2024-05-13 13:31:09',0,100,'2024-05-13 13:31:09',NULL,10,0,'2024-05-13 12:09:03','2024-05-13 13:31:09',164,18,116,1),(1608,0,1,0,0,0,1,'2024-05-14 05:59:43',NULL,0,0,NULL,NULL,0,0,'2024-05-13 12:09:03','2024-05-14 05:59:43',164,18,117,1),(1609,0,18,0,0,0,0,NULL,NULL,0,0,NULL,NULL,0,0,'2024-05-13 12:09:03','2024-05-13 12:09:03',164,18,118,1),(1610,0,18,0,0,0,0,NULL,NULL,0,0,NULL,NULL,0,0,'2024-05-13 12:09:03','2024-05-13 12:09:03',164,18,119,1),(1611,0,18,0,0,0,0,NULL,NULL,0,0,NULL,NULL,0,0,'2024-05-13 12:09:03','2024-05-13 12:09:03',164,18,120,1),(1612,0,18,0,0,0,0,NULL,NULL,0,0,NULL,NULL,0,0,'2024-05-13 12:09:03','2024-05-13 12:09:03',164,18,121,1),(1613,0,2000,0,0,0,0,NULL,NULL,0,0,NULL,NULL,0,0,'2024-05-13 12:09:03','2024-05-13 12:09:03',164,18,122,1),(1614,0,1,0,0,0,0,NULL,NULL,0,0,NULL,NULL,0,0,'2024-05-13 12:09:03','2024-05-13 12:09:03',165,18,116,1),(1615,0,1,0,0,0,0,NULL,NULL,0,0,NULL,NULL,0,0,'2024-05-13 12:09:03','2024-05-13 12:09:03',165,18,117,1),(1616,0,18,0,0,0,0,NULL,NULL,0,0,NULL,NULL,0,0,'2024-05-13 12:09:03','2024-05-13 12:09:03',165,18,118,1),(1617,0,18,0,0,0,0,NULL,NULL,0,0,NULL,NULL,0,0,'2024-05-13 12:09:03','2024-05-13 12:09:03',165,18,119,1),(1618,0,18,0,0,0,0,NULL,NULL,0,0,NULL,NULL,0,0,'2024-05-13 12:09:03','2024-05-13 12:09:03',165,18,120,1),(1619,0,18,0,0,0,0,NULL,NULL,0,0,NULL,NULL,0,0,'2024-05-13 12:09:03','2024-05-13 12:09:03',165,18,121,1),(1620,0,2000,0,0,0,0,NULL,NULL,0,0,NULL,NULL,0,0,'2024-05-13 12:09:03','2024-05-13 12:09:03',165,18,122,1),(1621,1,1,1,0,0,1,'2024-05-13 12:38:24','2024-05-13 12:39:01',0,100,'2024-05-13 12:39:01',NULL,10,0,'2024-05-13 12:32:37','2024-05-13 12:39:01',166,18,116,1),(1622,1,1,1,0,0,1,'2024-05-17 06:29:53','2024-05-17 09:03:49',0,100,'2024-05-17 09:03:49',NULL,10,0,'2024-05-13 12:32:37','2024-05-17 09:03:49',166,18,117,1),(1623,0,18,4,0,0,1,'2024-05-20 10:46:13','2024-05-30 10:44:43',0,22,NULL,NULL,40,0,'2024-05-13 12:32:37','2024-05-30 10:44:43',166,18,118,1),(1624,0,18,0,0,0,0,NULL,NULL,0,0,NULL,NULL,0,0,'2024-05-13 12:32:37','2024-05-13 12:32:37',166,18,119,1),(1625,0,18,0,0,0,0,NULL,NULL,0,0,NULL,NULL,0,0,'2024-05-13 12:32:37','2024-05-13 12:32:37',166,18,120,1),(1626,0,18,0,0,0,0,NULL,NULL,0,0,NULL,NULL,0,0,'2024-05-13 12:32:37','2024-05-13 12:32:37',166,18,121,1),(1627,0,2000,0,0,0,0,NULL,NULL,0,0,NULL,NULL,0,0,'2024-05-13 12:32:37','2024-05-13 12:32:37',166,18,122,1),(1628,0,1,0,0,0,0,NULL,NULL,0,0,NULL,NULL,0,0,'2024-05-13 12:32:37','2024-05-13 12:32:37',167,18,116,1),(1629,0,1,0,0,0,0,NULL,NULL,0,0,NULL,NULL,0,0,'2024-05-13 12:32:37','2024-05-13 12:32:37',167,18,117,1),(1630,0,18,0,0,0,0,NULL,NULL,0,0,NULL,NULL,0,0,'2024-05-13 12:32:37','2024-05-13 12:32:37',167,18,118,1),(1631,0,18,0,0,0,0,NULL,NULL,0,0,NULL,NULL,0,0,'2024-05-13 12:32:37','2024-05-13 12:32:37',167,18,119,1),(1632,0,18,0,0,0,0,NULL,NULL,0,0,NULL,NULL,0,0,'2024-05-13 12:32:37','2024-05-13 12:32:37',167,18,120,1),(1633,0,18,0,0,0,0,NULL,NULL,0,0,NULL,NULL,0,0,'2024-05-13 12:32:37','2024-05-13 12:32:37',167,18,121,1),(1634,0,2000,0,0,0,0,NULL,NULL,0,0,NULL,NULL,0,0,'2024-05-13 12:32:37','2024-05-13 12:32:37',167,18,122,1),(1635,1,1,1,0,0,1,'2024-05-13 12:40:26','2024-05-13 12:40:55',0,100,'2024-05-13 12:40:55',NULL,0,20,'2024-05-13 12:40:26','2024-05-13 12:40:55',166,25,162,3),(1636,0,18,6,0,0,1,'2024-05-17 06:29:53','2024-05-31 08:00:00',0,33,NULL,NULL,0,120,'2024-05-13 12:40:26','2024-05-31 08:00:01',166,25,163,3),(1637,0,18,0,0,0,0,NULL,NULL,0,0,NULL,NULL,0,0,'2024-05-13 12:40:26','2024-05-13 12:40:26',166,25,164,3),(1638,0,18,0,0,0,0,NULL,NULL,0,0,NULL,NULL,0,0,'2024-05-13 12:40:26','2024-05-13 12:40:26',166,25,165,3),(1639,0,18,0,0,0,0,NULL,NULL,0,0,NULL,NULL,0,0,'2024-05-13 12:40:26','2024-05-13 12:40:26',166,25,166,3),(1640,0,18,0,0,0,0,NULL,NULL,0,0,NULL,NULL,0,0,'2024-05-13 12:40:26','2024-05-13 12:40:26',166,25,167,3),(1641,0,2000,0,0,0,0,NULL,NULL,0,0,NULL,NULL,0,0,'2024-05-13 12:40:26','2024-05-13 12:40:26',166,25,168,3),(1642,1,1,1,0,0,1,'2024-05-13 13:32:59','2024-05-13 13:44:30',0,100,'2024-05-13 13:44:30',NULL,0,15,'2024-05-13 13:32:59','2024-05-13 13:44:30',164,9,53,3),(1643,0,18,0,0,0,1,'2024-05-14 05:59:43',NULL,0,0,NULL,NULL,0,0,'2024-05-13 13:32:59','2024-05-14 05:59:43',164,9,54,3),(1644,0,18,0,0,0,0,NULL,NULL,0,0,NULL,NULL,0,0,'2024-05-13 13:32:59','2024-05-13 13:32:59',164,9,55,3),(1645,0,18,0,0,0,0,NULL,NULL,0,0,NULL,NULL,0,0,'2024-05-13 13:32:59','2024-05-13 13:32:59',164,9,56,3),(1646,0,18,0,0,0,0,NULL,NULL,0,0,NULL,NULL,0,0,'2024-05-13 13:32:59','2024-05-13 13:32:59',164,9,57,3),(1647,0,18,0,0,0,0,NULL,NULL,0,0,NULL,NULL,0,0,'2024-05-13 13:32:59','2024-05-13 13:32:59',164,9,58,3),(1648,0,2000,0,0,0,0,NULL,NULL,0,0,NULL,NULL,0,0,'2024-05-13 13:32:59','2024-05-13 13:32:59',164,9,59,3),(1649,1,1,1,0,0,1,'2024-05-13 13:47:00','2024-05-13 13:50:26',0,100,'2024-05-13 13:50:26',NULL,0,15,'2024-05-13 13:47:00','2024-05-13 13:50:26',164,10,60,3),(1650,0,18,0,0,0,1,'2024-05-14 05:59:43',NULL,0,0,NULL,NULL,0,0,'2024-05-13 13:47:00','2024-05-14 05:59:43',164,10,61,3),(1651,0,18,0,0,0,0,NULL,NULL,0,0,NULL,NULL,0,0,'2024-05-13 13:47:01','2024-05-13 13:47:01',164,10,62,3),(1652,0,18,0,0,0,0,NULL,NULL,0,0,NULL,NULL,0,0,'2024-05-13 13:47:01','2024-05-13 13:47:01',164,10,63,3),(1653,0,18,0,0,0,0,NULL,NULL,0,0,NULL,NULL,0,0,'2024-05-13 13:47:01','2024-05-13 13:47:01',164,10,64,3),(1654,0,18,0,0,0,0,NULL,NULL,0,0,NULL,NULL,0,0,'2024-05-13 13:47:01','2024-05-13 13:47:01',164,10,65,3),(1655,0,2000,0,0,0,0,NULL,NULL,0,0,NULL,NULL,0,0,'2024-05-13 13:47:01','2024-05-13 13:47:01',164,10,66,3),(1656,1,1,1,0,0,1,'2024-05-13 13:47:13','2024-05-13 13:50:49',0,100,'2024-05-13 13:50:49',NULL,0,15,'2024-05-13 13:47:13','2024-05-13 13:50:49',164,11,67,3),(1657,0,18,0,0,0,1,'2024-05-14 05:59:43',NULL,0,0,NULL,NULL,0,0,'2024-05-13 13:47:13','2024-05-14 05:59:43',164,11,68,3),(1658,0,18,0,0,0,0,NULL,NULL,0,0,NULL,NULL,0,0,'2024-05-13 13:47:13','2024-05-13 13:47:13',164,11,69,3),(1659,0,18,0,0,0,0,NULL,NULL,0,0,NULL,NULL,0,0,'2024-05-13 13:47:13','2024-05-13 13:47:13',164,11,70,3),(1660,0,18,0,0,0,0,NULL,NULL,0,0,NULL,NULL,0,0,'2024-05-13 13:47:13','2024-05-13 13:47:13',164,11,71,3),(1661,0,18,0,0,0,0,NULL,NULL,0,0,NULL,NULL,0,0,'2024-05-13 13:47:13','2024-05-13 13:47:13',164,11,72,3),(1662,0,2000,0,0,0,0,NULL,NULL,0,0,NULL,NULL,0,0,'2024-05-13 13:47:13','2024-05-13 13:47:13',164,11,73,3),(1663,1,1,1,0,0,1,'2024-05-14 05:34:38','2024-05-14 05:37:12',0,100,'2024-05-14 05:37:12',NULL,10,0,'2024-05-14 05:26:22','2024-05-14 05:37:12',168,18,116,1),(1664,0,1,0,0,0,1,'2024-05-15 08:03:16',NULL,0,0,NULL,NULL,0,0,'2024-05-14 05:26:22','2024-05-15 08:03:16',168,18,117,1),(1665,0,18,0,0,0,0,NULL,NULL,0,0,NULL,NULL,0,0,'2024-05-14 05:26:22','2024-05-14 05:26:22',168,18,118,1),(1666,0,18,0,0,0,0,NULL,NULL,0,0,NULL,NULL,0,0,'2024-05-14 05:26:22','2024-05-14 05:26:22',168,18,119,1),(1667,0,18,0,0,0,0,NULL,NULL,0,0,NULL,NULL,0,0,'2024-05-14 05:26:22','2024-05-14 05:26:22',168,18,120,1),(1668,0,18,0,0,0,0,NULL,NULL,0,0,NULL,NULL,0,0,'2024-05-14 05:26:22','2024-05-14 05:26:22',168,18,121,1),(1669,0,2000,0,0,0,0,NULL,NULL,0,0,NULL,NULL,0,0,'2024-05-14 05:26:22','2024-05-14 05:26:22',168,18,122,1),(1670,0,1,0,0,0,0,NULL,NULL,0,0,NULL,NULL,0,0,'2024-05-14 05:26:22','2024-05-14 05:26:22',169,18,116,1),(1671,0,1,0,0,0,0,NULL,NULL,0,0,NULL,NULL,0,0,'2024-05-14 05:26:22','2024-05-14 05:26:22',169,18,117,1),(1672,0,18,0,0,0,0,NULL,NULL,0,0,NULL,NULL,0,0,'2024-05-14 05:26:22','2024-05-14 05:26:22',169,18,118,1),(1673,0,18,0,0,0,0,NULL,NULL,0,0,NULL,NULL,0,0,'2024-05-14 05:26:22','2024-05-14 05:26:22',169,18,119,1),(1674,0,18,0,0,0,0,NULL,NULL,0,0,NULL,NULL,0,0,'2024-05-14 05:26:22','2024-05-14 05:26:22',169,18,120,1),(1675,0,18,0,0,0,0,NULL,NULL,0,0,NULL,NULL,0,0,'2024-05-14 05:26:22','2024-05-14 05:26:22',169,18,121,1),(1676,0,2000,0,0,0,0,NULL,NULL,0,0,NULL,NULL,0,0,'2024-05-14 05:26:22','2024-05-14 05:26:22',169,18,122,1),(1677,1,1,1,0,0,1,'2024-05-14 05:35:24','2024-05-14 05:36:01',0,100,'2024-05-14 05:36:01',NULL,0,15,'2024-05-14 05:35:24','2024-05-14 05:36:01',168,13,81,3),(1678,0,18,0,0,0,1,'2024-05-15 08:03:16',NULL,0,0,NULL,NULL,0,0,'2024-05-14 05:35:24','2024-05-15 08:03:16',168,13,82,3),(1679,0,18,0,0,0,0,NULL,NULL,0,0,NULL,NULL,0,0,'2024-05-14 05:35:24','2024-05-14 05:35:24',168,13,83,3),(1680,0,18,0,0,0,0,NULL,NULL,0,0,NULL,NULL,0,0,'2024-05-14 05:35:24','2024-05-14 05:35:24',168,13,84,3),(1681,0,18,0,0,0,0,NULL,NULL,0,0,NULL,NULL,0,0,'2024-05-14 05:35:24','2024-05-14 05:35:24',168,13,85,3),(1682,0,18,0,0,0,0,NULL,NULL,0,0,NULL,NULL,0,0,'2024-05-14 05:35:24','2024-05-14 05:35:24',168,13,86,3),(1683,0,2000,0,0,0,0,NULL,NULL,0,0,NULL,NULL,0,0,'2024-05-14 05:35:24','2024-05-14 05:35:24',168,13,87,3),(1684,0,1,0,0,0,0,NULL,NULL,0,0,NULL,NULL,0,0,'2024-05-14 10:36:45','2024-05-14 10:36:45',170,18,116,1),(1685,0,1,0,0,0,0,NULL,NULL,0,0,NULL,NULL,0,0,'2024-05-14 10:36:45','2024-05-14 10:36:45',170,18,117,1),(1686,0,18,0,0,0,0,NULL,NULL,0,0,NULL,NULL,0,0,'2024-05-14 10:36:45','2024-05-14 10:36:45',170,18,118,1),(1687,0,18,0,0,0,0,NULL,NULL,0,0,NULL,NULL,0,0,'2024-05-14 10:36:45','2024-05-14 10:36:45',170,18,119,1),(1688,0,18,0,0,0,0,NULL,NULL,0,0,NULL,NULL,0,0,'2024-05-14 10:36:45','2024-05-14 10:36:45',170,18,120,1),(1689,0,18,0,0,0,0,NULL,NULL,0,0,NULL,NULL,0,0,'2024-05-14 10:36:45','2024-05-14 10:36:45',170,18,121,1),(1690,0,2000,0,0,0,0,NULL,NULL,0,0,NULL,NULL,0,0,'2024-05-14 10:36:45','2024-05-14 10:36:45',170,18,122,1),(1691,0,1,0,0,0,0,NULL,NULL,0,0,NULL,NULL,0,0,'2024-05-14 10:36:45','2024-05-14 10:36:45',171,18,116,1),(1692,0,1,0,0,0,0,NULL,NULL,0,0,NULL,NULL,0,0,'2024-05-14 10:36:45','2024-05-14 10:36:45',171,18,117,1),(1693,0,18,0,0,0,0,NULL,NULL,0,0,NULL,NULL,0,0,'2024-05-14 10:36:45','2024-05-14 10:36:45',171,18,118,1),(1694,0,18,0,0,0,0,NULL,NULL,0,0,NULL,NULL,0,0,'2024-05-14 10:36:45','2024-05-14 10:36:45',171,18,119,1),(1695,0,18,0,0,0,0,NULL,NULL,0,0,NULL,NULL,0,0,'2024-05-14 10:36:45','2024-05-14 10:36:45',171,18,120,1),(1696,0,18,0,0,0,0,NULL,NULL,0,0,NULL,NULL,0,0,'2024-05-14 10:36:45','2024-05-14 10:36:45',171,18,121,1),(1697,0,2000,0,0,0,0,NULL,NULL,0,0,NULL,NULL,0,0,'2024-05-14 10:36:45','2024-05-14 10:36:45',171,18,122,1),(1698,1,1,1,0,0,1,'2024-05-14 11:25:19','2024-05-14 11:26:25',0,100,'2024-05-14 11:26:25',NULL,10,0,'2024-05-14 11:21:26','2024-05-14 11:26:25',172,18,116,1),(1699,0,1,0,0,0,0,NULL,NULL,0,0,NULL,NULL,0,0,'2024-05-14 11:21:26','2024-05-14 11:21:26',172,18,117,1),(1700,0,18,0,0,0,0,NULL,NULL,0,0,NULL,NULL,0,0,'2024-05-14 11:21:26','2024-05-14 11:21:26',172,18,118,1),(1701,0,18,0,0,0,0,NULL,NULL,0,0,NULL,NULL,0,0,'2024-05-14 11:21:26','2024-05-14 11:21:26',172,18,119,1),(1702,0,18,0,0,0,0,NULL,NULL,0,0,NULL,NULL,0,0,'2024-05-14 11:21:26','2024-05-14 11:21:26',172,18,120,1),(1703,0,18,0,0,0,0,NULL,NULL,0,0,NULL,NULL,0,0,'2024-05-14 11:21:26','2024-05-14 11:21:26',172,18,121,1),(1704,0,2000,0,0,0,0,NULL,NULL,0,0,NULL,NULL,0,0,'2024-05-14 11:21:26','2024-05-14 11:21:26',172,18,122,1),(1705,0,1,0,0,0,0,NULL,NULL,0,0,NULL,NULL,0,0,'2024-05-14 11:21:26','2024-05-14 11:21:26',173,18,116,1),(1706,0,1,0,0,0,0,NULL,NULL,0,0,NULL,NULL,0,0,'2024-05-14 11:21:26','2024-05-14 11:21:26',173,18,117,1),(1707,0,18,0,0,0,0,NULL,NULL,0,0,NULL,NULL,0,0,'2024-05-14 11:21:26','2024-05-14 11:21:26',173,18,118,1),(1708,0,18,0,0,0,0,NULL,NULL,0,0,NULL,NULL,0,0,'2024-05-14 11:21:26','2024-05-14 11:21:26',173,18,119,1),(1709,0,18,0,0,0,0,NULL,NULL,0,0,NULL,NULL,0,0,'2024-05-14 11:21:26','2024-05-14 11:21:26',173,18,120,1),(1710,0,18,0,0,0,0,NULL,NULL,0,0,NULL,NULL,0,0,'2024-05-14 11:21:26','2024-05-14 11:21:26',173,18,121,1),(1711,0,2000,0,0,0,0,NULL,NULL,0,0,NULL,NULL,0,0,'2024-05-14 11:21:26','2024-05-14 11:21:26',173,18,122,1),(1712,1,1,1,0,0,1,'2024-05-14 11:26:47','2024-05-14 11:37:23',0,100,'2024-05-14 11:37:23',NULL,0,15,'2024-05-14 11:26:47','2024-05-14 11:37:23',172,10,60,3),(1713,0,18,0,0,0,0,NULL,NULL,0,0,NULL,NULL,0,0,'2024-05-14 11:26:47','2024-05-14 11:26:47',172,10,61,3),(1714,0,18,0,0,0,0,NULL,NULL,0,0,NULL,NULL,0,0,'2024-05-14 11:26:47','2024-05-14 11:26:47',172,10,62,3),(1715,0,18,0,0,0,0,NULL,NULL,0,0,NULL,NULL,0,0,'2024-05-14 11:26:47','2024-05-14 11:26:47',172,10,63,3),(1716,0,18,0,0,0,0,NULL,NULL,0,0,NULL,NULL,0,0,'2024-05-14 11:26:47','2024-05-14 11:26:47',172,10,64,3),(1717,0,18,0,0,0,0,NULL,NULL,0,0,NULL,NULL,0,0,'2024-05-14 11:26:47','2024-05-14 11:26:47',172,10,65,3),(1718,0,2000,0,0,0,0,NULL,NULL,0,0,NULL,NULL,0,0,'2024-05-14 11:26:47','2024-05-14 11:26:47',172,10,66,3),(1719,1,1,1,0,0,1,'2024-05-14 11:40:55','2024-05-14 11:41:46',0,100,'2024-05-14 11:41:46',NULL,0,20,'2024-05-14 11:40:55','2024-05-14 11:41:46',172,25,162,3),(1720,0,18,0,0,0,0,NULL,NULL,0,0,NULL,NULL,0,0,'2024-05-14 11:40:55','2024-05-14 11:40:55',172,25,163,3),(1721,0,18,0,0,0,0,NULL,NULL,0,0,NULL,NULL,0,0,'2024-05-14 11:40:55','2024-05-14 11:40:55',172,25,164,3),(1722,0,18,0,0,0,0,NULL,NULL,0,0,NULL,NULL,0,0,'2024-05-14 11:40:55','2024-05-14 11:40:55',172,25,165,3),(1723,0,18,0,0,0,0,NULL,NULL,0,0,NULL,NULL,0,0,'2024-05-14 11:40:55','2024-05-14 11:40:55',172,25,166,3),(1724,0,18,0,0,0,0,NULL,NULL,0,0,NULL,NULL,0,0,'2024-05-14 11:40:55','2024-05-14 11:40:55',172,25,167,3),(1725,0,2000,0,0,0,0,NULL,NULL,0,0,NULL,NULL,0,0,'2024-05-14 11:40:55','2024-05-14 11:40:55',172,25,168,3),(1726,1,1,1,0,0,1,'2024-05-14 11:41:05','2024-05-14 11:41:59',0,100,'2024-05-14 11:41:59',NULL,0,20,'2024-05-14 11:41:05','2024-05-14 11:41:59',172,19,123,3),(1727,0,18,0,0,0,0,NULL,NULL,0,0,NULL,NULL,0,0,'2024-05-14 11:41:05','2024-05-14 11:41:05',172,19,124,3),(1728,0,18,0,0,0,0,NULL,NULL,0,0,NULL,NULL,0,0,'2024-05-14 11:41:05','2024-05-14 11:41:05',172,19,125,3),(1729,0,18,0,0,0,0,NULL,NULL,0,0,NULL,NULL,0,0,'2024-05-14 11:41:05','2024-05-14 11:41:05',172,19,126,3),(1730,0,18,0,0,0,0,NULL,NULL,0,0,NULL,NULL,0,0,'2024-05-14 11:41:05','2024-05-14 11:41:05',172,19,127,3),(1731,0,2000,0,0,0,0,NULL,NULL,0,0,NULL,NULL,0,0,'2024-05-14 11:41:05','2024-05-14 11:41:05',172,19,128,3),(1732,1,1,1,0,0,1,'2024-05-14 12:23:58','2024-05-14 12:24:32',0,100,'2024-05-14 12:24:32',NULL,10,0,'2024-05-14 12:19:42','2024-05-14 12:24:32',174,18,116,1),(1733,0,1,0,0,0,1,'2024-06-02 07:00:10',NULL,0,0,NULL,NULL,0,0,'2024-05-14 12:19:42','2024-06-02 07:00:10',174,18,117,1),(1734,0,18,0,0,0,0,NULL,NULL,0,0,NULL,NULL,0,0,'2024-05-14 12:19:42','2024-05-14 12:19:42',174,18,118,1),(1735,0,18,0,0,0,0,NULL,NULL,0,0,NULL,NULL,0,0,'2024-05-14 12:19:42','2024-05-14 12:19:42',174,18,119,1),(1736,0,18,0,0,0,0,NULL,NULL,0,0,NULL,NULL,0,0,'2024-05-14 12:19:42','2024-05-14 12:19:42',174,18,120,1),(1737,0,18,0,0,0,0,NULL,NULL,0,0,NULL,NULL,0,0,'2024-05-14 12:19:42','2024-05-14 12:19:42',174,18,121,1),(1738,0,2000,0,0,0,0,NULL,NULL,0,0,NULL,NULL,0,0,'2024-05-14 12:19:42','2024-05-14 12:19:42',174,18,122,1),(1739,0,1,0,0,0,0,NULL,NULL,0,0,NULL,NULL,0,0,'2024-05-14 12:19:42','2024-05-14 12:19:42',175,18,116,1),(1740,0,1,0,0,0,0,NULL,NULL,0,0,NULL,NULL,0,0,'2024-05-14 12:19:42','2024-05-14 12:19:42',175,18,117,1),(1741,0,18,0,0,0,0,NULL,NULL,0,0,NULL,NULL,0,0,'2024-05-14 12:19:42','2024-05-14 12:19:42',175,18,118,1),(1742,0,18,0,0,0,0,NULL,NULL,0,0,NULL,NULL,0,0,'2024-05-14 12:19:42','2024-05-14 12:19:42',175,18,119,1),(1743,0,18,0,0,0,0,NULL,NULL,0,0,NULL,NULL,0,0,'2024-05-14 12:19:42','2024-05-14 12:19:42',175,18,120,1),(1744,0,18,0,0,0,0,NULL,NULL,0,0,NULL,NULL,0,0,'2024-05-14 12:19:42','2024-05-14 12:19:42',175,18,121,1),(1745,0,2000,0,0,0,0,NULL,NULL,0,0,NULL,NULL,0,0,'2024-05-14 12:19:42','2024-05-14 12:19:42',175,18,122,1),(1746,1,1,1,0,0,1,'2024-05-14 12:24:24','2024-05-14 12:24:40',0,100,'2024-05-14 12:24:40',NULL,0,15,'2024-05-14 12:24:24','2024-05-14 12:24:40',174,10,60,3),(1747,0,18,0,0,0,1,'2024-06-02 07:00:10',NULL,0,0,NULL,NULL,0,0,'2024-05-14 12:24:24','2024-06-02 07:00:10',174,10,61,3),(1748,0,18,0,0,0,0,NULL,NULL,0,0,NULL,NULL,0,0,'2024-05-14 12:24:24','2024-05-14 12:24:24',174,10,62,3),(1749,0,18,0,0,0,0,NULL,NULL,0,0,NULL,NULL,0,0,'2024-05-14 12:24:24','2024-05-14 12:24:24',174,10,63,3),(1750,0,18,0,0,0,0,NULL,NULL,0,0,NULL,NULL,0,0,'2024-05-14 12:24:24','2024-05-14 12:24:24',174,10,64,3),(1751,0,18,0,0,0,0,NULL,NULL,0,0,NULL,NULL,0,0,'2024-05-14 12:24:24','2024-05-14 12:24:24',174,10,65,3),(1752,0,2000,0,0,0,0,NULL,NULL,0,0,NULL,NULL,0,0,'2024-05-14 12:24:24','2024-05-14 12:24:24',174,10,66,3),(1753,1,1,1,0,0,1,'2024-05-14 12:41:24','2024-05-14 12:42:09',0,100,'2024-05-14 12:42:09',NULL,10,0,'2024-05-14 12:36:22','2024-05-14 12:42:09',176,18,116,1),(1754,0,1,0,0,0,1,'2024-05-16 10:05:47',NULL,0,0,NULL,NULL,0,0,'2024-05-14 12:36:22','2024-05-16 10:05:47',176,18,117,1),(1755,0,18,0,0,0,0,NULL,NULL,0,0,NULL,NULL,0,0,'2024-05-14 12:36:22','2024-05-14 12:36:22',176,18,118,1),(1756,0,18,0,0,0,0,NULL,NULL,0,0,NULL,NULL,0,0,'2024-05-14 12:36:22','2024-05-14 12:36:22',176,18,119,1),(1757,0,18,0,0,0,0,NULL,NULL,0,0,NULL,NULL,0,0,'2024-05-14 12:36:22','2024-05-14 12:36:22',176,18,120,1),(1758,0,18,0,0,0,0,NULL,NULL,0,0,NULL,NULL,0,0,'2024-05-14 12:36:22','2024-05-14 12:36:22',176,18,121,1),(1759,0,2000,0,0,0,0,NULL,NULL,0,0,NULL,NULL,0,0,'2024-05-14 12:36:22','2024-05-14 12:36:22',176,18,122,1),(1760,0,1,0,0,0,0,NULL,NULL,0,0,NULL,NULL,0,0,'2024-05-14 12:36:22','2024-05-14 12:36:22',177,18,116,1),(1761,0,1,0,0,0,0,NULL,NULL,0,0,NULL,NULL,0,0,'2024-05-14 12:36:22','2024-05-14 12:36:22',177,18,117,1),(1762,0,18,0,0,0,0,NULL,NULL,0,0,NULL,NULL,0,0,'2024-05-14 12:36:22','2024-05-14 12:36:22',177,18,118,1),(1763,0,18,0,0,0,0,NULL,NULL,0,0,NULL,NULL,0,0,'2024-05-14 12:36:22','2024-05-14 12:36:22',177,18,119,1),(1764,0,18,0,0,0,0,NULL,NULL,0,0,NULL,NULL,0,0,'2024-05-14 12:36:22','2024-05-14 12:36:22',177,18,120,1),(1765,0,18,0,0,0,0,NULL,NULL,0,0,NULL,NULL,0,0,'2024-05-14 12:36:22','2024-05-14 12:36:22',177,18,121,1),(1766,0,2000,0,0,0,0,NULL,NULL,0,0,NULL,NULL,0,0,'2024-05-14 12:36:22','2024-05-14 12:36:22',177,18,122,1),(1767,1,1,1,0,0,1,'2024-05-14 12:42:40','2024-05-14 12:45:05',0,100,'2024-05-14 12:45:05',NULL,0,15,'2024-05-14 12:42:40','2024-05-14 12:45:05',176,9,53,3),(1768,0,18,0,0,0,1,'2024-05-16 10:05:47',NULL,0,0,NULL,NULL,0,0,'2024-05-14 12:42:40','2024-05-16 10:05:47',176,9,54,3),(1769,0,18,0,0,0,0,NULL,NULL,0,0,NULL,NULL,0,0,'2024-05-14 12:42:40','2024-05-14 12:42:40',176,9,55,3),(1770,0,18,0,0,0,0,NULL,NULL,0,0,NULL,NULL,0,0,'2024-05-14 12:42:40','2024-05-14 12:42:40',176,9,56,3),(1771,0,18,0,0,0,0,NULL,NULL,0,0,NULL,NULL,0,0,'2024-05-14 12:42:40','2024-05-14 12:42:40',176,9,57,3),(1772,0,18,0,0,0,0,NULL,NULL,0,0,NULL,NULL,0,0,'2024-05-14 12:42:40','2024-05-14 12:42:40',176,9,58,3),(1773,0,2000,0,0,0,0,NULL,NULL,0,0,NULL,NULL,0,0,'2024-05-14 12:42:40','2024-05-14 12:42:40',176,9,59,3),(1774,1,1,1,0,0,1,'2024-05-14 15:16:07','2024-05-14 15:17:18',0,100,'2024-05-14 15:17:18',NULL,0,15,'2024-05-14 15:16:07','2024-05-14 15:17:18',54,13,81,1),(1775,0,18,0,0,0,1,'2024-05-15 07:12:34',NULL,0,0,NULL,NULL,0,0,'2024-05-14 15:16:07','2024-05-15 07:12:34',54,13,82,1),(1776,0,18,0,0,0,0,NULL,NULL,0,0,NULL,NULL,0,0,'2024-05-14 15:16:07','2024-05-14 15:16:07',54,13,83,1),(1777,0,18,0,0,0,0,NULL,NULL,0,0,NULL,NULL,0,0,'2024-05-14 15:16:07','2024-05-14 15:16:07',54,13,84,1),(1778,0,18,0,0,0,0,NULL,NULL,0,0,NULL,NULL,0,0,'2024-05-14 15:16:07','2024-05-14 15:16:07',54,13,85,1),(1779,0,18,0,0,0,0,NULL,NULL,0,0,NULL,NULL,0,0,'2024-05-14 15:16:07','2024-05-14 15:16:07',54,13,86,1),(1780,0,2000,0,0,0,0,NULL,NULL,0,0,NULL,NULL,0,0,'2024-05-14 15:16:07','2024-05-14 15:16:07',54,13,87,1),(1781,1,1,1,0,0,1,'2024-05-15 04:20:00','2024-05-15 07:09:10',0,100,'2024-05-15 07:09:10',NULL,10,0,'2024-05-15 04:17:05','2024-05-15 07:09:10',178,18,116,1),(1782,0,1,0,0,0,1,'2024-05-17 06:48:36',NULL,0,0,NULL,NULL,0,0,'2024-05-15 04:17:05','2024-05-17 06:48:36',178,18,117,1),(1783,0,18,0,0,0,0,NULL,NULL,0,0,NULL,NULL,0,0,'2024-05-15 04:17:05','2024-05-15 04:17:05',178,18,118,1),(1784,0,18,0,0,0,0,NULL,NULL,0,0,NULL,NULL,0,0,'2024-05-15 04:17:05','2024-05-15 04:17:05',178,18,119,1),(1785,0,18,0,0,0,0,NULL,NULL,0,0,NULL,NULL,0,0,'2024-05-15 04:17:05','2024-05-15 04:17:05',178,18,120,1),(1786,0,18,0,0,0,0,NULL,NULL,0,0,NULL,NULL,0,0,'2024-05-15 04:17:05','2024-05-15 04:17:05',178,18,121,1),(1787,0,2000,0,0,0,0,NULL,NULL,0,0,NULL,NULL,0,0,'2024-05-15 04:17:05','2024-05-15 04:17:05',178,18,122,1),(1788,0,1,0,0,0,0,NULL,NULL,0,0,NULL,NULL,0,0,'2024-05-15 04:17:05','2024-05-15 04:17:05',179,18,116,1),(1789,0,1,0,0,0,0,NULL,NULL,0,0,NULL,NULL,0,0,'2024-05-15 04:17:05','2024-05-15 04:17:05',179,18,117,1),(1790,0,18,0,0,0,0,NULL,NULL,0,0,NULL,NULL,0,0,'2024-05-15 04:17:05','2024-05-15 04:17:05',179,18,118,1),(1791,0,18,0,0,0,0,NULL,NULL,0,0,NULL,NULL,0,0,'2024-05-15 04:17:05','2024-05-15 04:17:05',179,18,119,1),(1792,0,18,0,0,0,0,NULL,NULL,0,0,NULL,NULL,0,0,'2024-05-15 04:17:05','2024-05-15 04:17:05',179,18,120,1),(1793,0,18,0,0,0,0,NULL,NULL,0,0,NULL,NULL,0,0,'2024-05-15 04:17:05','2024-05-15 04:17:05',179,18,121,1),(1794,0,2000,0,0,0,0,NULL,NULL,0,0,NULL,NULL,0,0,'2024-05-15 04:17:05','2024-05-15 04:17:05',179,18,122,1),(1795,0,1,0,0,0,0,NULL,NULL,0,0,NULL,NULL,0,0,'2024-05-16 09:52:57','2024-05-16 09:52:57',180,18,116,1),(1796,0,1,0,0,0,0,NULL,NULL,0,0,NULL,NULL,0,0,'2024-05-16 09:52:57','2024-05-16 09:52:57',180,18,117,1),(1797,0,18,0,0,0,0,NULL,NULL,0,0,NULL,NULL,0,0,'2024-05-16 09:52:57','2024-05-16 09:52:57',180,18,118,1),(1798,0,18,0,0,0,0,NULL,NULL,0,0,NULL,NULL,0,0,'2024-05-16 09:52:57','2024-05-16 09:52:57',180,18,119,1),(1799,0,18,0,0,0,0,NULL,NULL,0,0,NULL,NULL,0,0,'2024-05-16 09:52:57','2024-05-16 09:52:57',180,18,120,1),(1800,0,18,0,0,0,0,NULL,NULL,0,0,NULL,NULL,0,0,'2024-05-16 09:52:57','2024-05-16 09:52:57',180,18,121,1),(1801,0,2000,0,0,0,0,NULL,NULL,0,0,NULL,NULL,0,0,'2024-05-16 09:52:57','2024-05-16 09:52:57',180,18,122,1),(1802,0,1,0,0,0,0,NULL,NULL,0,0,NULL,NULL,0,0,'2024-05-16 09:52:57','2024-05-16 09:52:57',181,18,116,1),(1803,0,1,0,0,0,0,NULL,NULL,0,0,NULL,NULL,0,0,'2024-05-16 09:52:57','2024-05-16 09:52:57',181,18,117,1),(1804,0,18,0,0,0,0,NULL,NULL,0,0,NULL,NULL,0,0,'2024-05-16 09:52:57','2024-05-16 09:52:57',181,18,118,1),(1805,0,18,0,0,0,0,NULL,NULL,0,0,NULL,NULL,0,0,'2024-05-16 09:52:57','2024-05-16 09:52:57',181,18,119,1),(1806,0,18,0,0,0,0,NULL,NULL,0,0,NULL,NULL,0,0,'2024-05-16 09:52:57','2024-05-16 09:52:57',181,18,120,1),(1807,0,18,0,0,0,0,NULL,NULL,0,0,NULL,NULL,0,0,'2024-05-16 09:52:57','2024-05-16 09:52:57',181,18,121,1),(1808,0,2000,0,0,0,0,NULL,NULL,0,0,NULL,NULL,0,0,'2024-05-16 09:52:57','2024-05-16 09:52:57',181,18,122,1),(1809,0,1,0,0,0,0,NULL,NULL,0,0,NULL,NULL,0,0,'2024-05-16 09:52:57','2024-05-16 09:52:57',182,18,116,1),(1810,0,1,0,0,0,0,NULL,NULL,0,0,NULL,NULL,0,0,'2024-05-16 09:52:57','2024-05-16 09:52:57',182,18,117,1),(1811,0,18,0,0,0,0,NULL,NULL,0,0,NULL,NULL,0,0,'2024-05-16 09:52:57','2024-05-16 09:52:57',182,18,118,1),(1812,0,18,0,0,0,0,NULL,NULL,0,0,NULL,NULL,0,0,'2024-05-16 09:52:57','2024-05-16 09:52:57',182,18,119,1),(1813,0,18,0,0,0,0,NULL,NULL,0,0,NULL,NULL,0,0,'2024-05-16 09:52:57','2024-05-16 09:52:57',182,18,120,1),(1814,0,18,0,0,0,0,NULL,NULL,0,0,NULL,NULL,0,0,'2024-05-16 09:52:57','2024-05-16 09:52:57',182,18,121,1),(1815,0,2000,0,0,0,0,NULL,NULL,0,0,NULL,NULL,0,0,'2024-05-16 09:52:57','2024-05-16 09:52:57',182,18,122,1),(1816,0,1,0,0,0,0,NULL,NULL,0,0,NULL,NULL,0,0,'2024-05-16 09:52:57','2024-05-16 09:52:57',183,18,116,1),(1817,0,1,0,0,0,0,NULL,NULL,0,0,NULL,NULL,0,0,'2024-05-16 09:52:57','2024-05-16 09:52:57',183,18,117,1),(1818,0,18,0,0,0,0,NULL,NULL,0,0,NULL,NULL,0,0,'2024-05-16 09:52:57','2024-05-16 09:52:57',183,18,118,1),(1819,0,18,0,0,0,0,NULL,NULL,0,0,NULL,NULL,0,0,'2024-05-16 09:52:57','2024-05-16 09:52:57',183,18,119,1),(1820,0,18,0,0,0,0,NULL,NULL,0,0,NULL,NULL,0,0,'2024-05-16 09:52:57','2024-05-16 09:52:57',183,18,120,1),(1821,0,18,0,0,0,0,NULL,NULL,0,0,NULL,NULL,0,0,'2024-05-16 09:52:57','2024-05-16 09:52:57',183,18,121,1),(1822,0,2000,0,0,0,0,NULL,NULL,0,0,NULL,NULL,0,0,'2024-05-16 09:52:57','2024-05-16 09:52:57',183,18,122,1),(1823,0,1,0,0,0,0,NULL,NULL,0,0,NULL,NULL,0,0,'2024-05-16 09:52:57','2024-05-16 09:52:57',184,18,116,1),(1824,0,1,0,0,0,0,NULL,NULL,0,0,NULL,NULL,0,0,'2024-05-16 09:52:57','2024-05-16 09:52:57',184,18,117,1),(1825,0,18,0,0,0,0,NULL,NULL,0,0,NULL,NULL,0,0,'2024-05-16 09:52:57','2024-05-16 09:52:57',184,18,118,1),(1826,0,18,0,0,0,0,NULL,NULL,0,0,NULL,NULL,0,0,'2024-05-16 09:52:57','2024-05-16 09:52:57',184,18,119,1),(1827,0,18,0,0,0,0,NULL,NULL,0,0,NULL,NULL,0,0,'2024-05-16 09:52:57','2024-05-16 09:52:57',184,18,120,1),(1828,0,18,0,0,0,0,NULL,NULL,0,0,NULL,NULL,0,0,'2024-05-16 09:52:57','2024-05-16 09:52:57',184,18,121,1),(1829,0,2000,0,0,0,0,NULL,NULL,0,0,NULL,NULL,0,0,'2024-05-16 09:52:57','2024-05-16 09:52:57',184,18,122,1),(1830,0,1,0,0,0,0,NULL,NULL,0,0,NULL,NULL,0,0,'2024-05-16 09:52:57','2024-05-16 09:52:57',185,18,116,1),(1831,0,1,0,0,0,0,NULL,NULL,0,0,NULL,NULL,0,0,'2024-05-16 09:52:57','2024-05-16 09:52:57',185,18,117,1),(1832,0,18,0,0,0,0,NULL,NULL,0,0,NULL,NULL,0,0,'2024-05-16 09:52:57','2024-05-16 09:52:57',185,18,118,1),(1833,0,18,0,0,0,0,NULL,NULL,0,0,NULL,NULL,0,0,'2024-05-16 09:52:57','2024-05-16 09:52:57',185,18,119,1),(1834,0,18,0,0,0,0,NULL,NULL,0,0,NULL,NULL,0,0,'2024-05-16 09:52:57','2024-05-16 09:52:57',185,18,120,1),(1835,0,18,0,0,0,0,NULL,NULL,0,0,NULL,NULL,0,0,'2024-05-16 09:52:57','2024-05-16 09:52:57',185,18,121,1),(1836,0,2000,0,0,0,0,NULL,NULL,0,0,NULL,NULL,0,0,'2024-05-16 09:52:57','2024-05-16 09:52:57',185,18,122,1),(1837,0,1,0,0,0,0,NULL,NULL,0,0,NULL,NULL,0,0,'2024-05-16 09:52:57','2024-05-16 09:52:57',186,18,116,1),(1838,0,1,0,0,0,0,NULL,NULL,0,0,NULL,NULL,0,0,'2024-05-16 09:52:57','2024-05-16 09:52:57',186,18,117,1),(1839,0,18,0,0,0,0,NULL,NULL,0,0,NULL,NULL,0,0,'2024-05-16 09:52:57','2024-05-16 09:52:57',186,18,118,1),(1840,0,18,0,0,0,0,NULL,NULL,0,0,NULL,NULL,0,0,'2024-05-16 09:52:57','2024-05-16 09:52:57',186,18,119,1),(1841,0,18,0,0,0,0,NULL,NULL,0,0,NULL,NULL,0,0,'2024-05-16 09:52:57','2024-05-16 09:52:57',186,18,120,1),(1842,0,18,0,0,0,0,NULL,NULL,0,0,NULL,NULL,0,0,'2024-05-16 09:52:57','2024-05-16 09:52:57',186,18,121,1),(1843,0,2000,0,0,0,0,NULL,NULL,0,0,NULL,NULL,0,0,'2024-05-16 09:52:57','2024-05-16 09:52:57',186,18,122,1),(1844,0,1,0,0,0,0,NULL,NULL,0,0,NULL,NULL,0,0,'2024-05-16 09:52:57','2024-05-16 09:52:57',187,18,116,1),(1845,0,1,0,0,0,0,NULL,NULL,0,0,NULL,NULL,0,0,'2024-05-16 09:52:57','2024-05-16 09:52:57',187,18,117,1),(1846,0,18,0,0,0,0,NULL,NULL,0,0,NULL,NULL,0,0,'2024-05-16 09:52:57','2024-05-16 09:52:57',187,18,118,1),(1847,0,18,0,0,0,0,NULL,NULL,0,0,NULL,NULL,0,0,'2024-05-16 09:52:57','2024-05-16 09:52:57',187,18,119,1),(1848,0,18,0,0,0,0,NULL,NULL,0,0,NULL,NULL,0,0,'2024-05-16 09:52:57','2024-05-16 09:52:57',187,18,120,1),(1849,0,18,0,0,0,0,NULL,NULL,0,0,NULL,NULL,0,0,'2024-05-16 09:52:57','2024-05-16 09:52:57',187,18,121,1),(1850,0,2000,0,0,0,0,NULL,NULL,0,0,NULL,NULL,0,0,'2024-05-16 09:52:57','2024-05-16 09:52:57',187,18,122,1),(1851,0,1,0,0,0,0,NULL,NULL,0,0,NULL,NULL,0,0,'2024-05-16 09:52:57','2024-05-16 09:52:57',188,18,116,1),(1852,0,1,0,0,0,0,NULL,NULL,0,0,NULL,NULL,0,0,'2024-05-16 09:52:57','2024-05-16 09:52:57',188,18,117,1),(1853,0,18,0,0,0,0,NULL,NULL,0,0,NULL,NULL,0,0,'2024-05-16 09:52:57','2024-05-16 09:52:57',188,18,118,1),(1854,0,18,0,0,0,0,NULL,NULL,0,0,NULL,NULL,0,0,'2024-05-16 09:52:57','2024-05-16 09:52:57',188,18,119,1),(1855,0,18,0,0,0,0,NULL,NULL,0,0,NULL,NULL,0,0,'2024-05-16 09:52:57','2024-05-16 09:52:57',188,18,120,1),(1856,0,18,0,0,0,0,NULL,NULL,0,0,NULL,NULL,0,0,'2024-05-16 09:52:57','2024-05-16 09:52:57',188,18,121,1),(1857,0,2000,0,0,0,0,NULL,NULL,0,0,NULL,NULL,0,0,'2024-05-16 09:52:57','2024-05-16 09:52:57',188,18,122,1),(1858,0,1,0,0,0,0,NULL,NULL,0,0,NULL,NULL,0,0,'2024-05-16 09:52:57','2024-05-16 09:52:57',189,18,116,1),(1859,0,1,0,0,0,0,NULL,NULL,0,0,NULL,NULL,0,0,'2024-05-16 09:52:57','2024-05-16 09:52:57',189,18,117,1),(1860,0,18,0,0,0,0,NULL,NULL,0,0,NULL,NULL,0,0,'2024-05-16 09:52:57','2024-05-16 09:52:57',189,18,118,1),(1861,0,18,0,0,0,0,NULL,NULL,0,0,NULL,NULL,0,0,'2024-05-16 09:52:57','2024-05-16 09:52:57',189,18,119,1),(1862,0,18,0,0,0,0,NULL,NULL,0,0,NULL,NULL,0,0,'2024-05-16 09:52:57','2024-05-16 09:52:57',189,18,120,1),(1863,0,18,0,0,0,0,NULL,NULL,0,0,NULL,NULL,0,0,'2024-05-16 09:52:57','2024-05-16 09:52:57',189,18,121,1),(1864,0,2000,0,0,0,0,NULL,NULL,0,0,NULL,NULL,0,0,'2024-05-16 09:52:57','2024-05-16 09:52:57',189,18,122,1),(1865,0,1,0,0,0,0,NULL,NULL,0,0,NULL,NULL,0,0,'2024-05-16 09:52:57','2024-05-16 09:52:57',190,18,116,1),(1866,0,1,0,0,0,0,NULL,NULL,0,0,NULL,NULL,0,0,'2024-05-16 09:52:57','2024-05-16 09:52:57',190,18,117,1),(1867,0,18,0,0,0,0,NULL,NULL,0,0,NULL,NULL,0,0,'2024-05-16 09:52:57','2024-05-16 09:52:57',190,18,118,1),(1868,0,18,0,0,0,0,NULL,NULL,0,0,NULL,NULL,0,0,'2024-05-16 09:52:57','2024-05-16 09:52:57',190,18,119,1),(1869,0,18,0,0,0,0,NULL,NULL,0,0,NULL,NULL,0,0,'2024-05-16 09:52:57','2024-05-16 09:52:57',190,18,120,1),(1870,0,18,0,0,0,0,NULL,NULL,0,0,NULL,NULL,0,0,'2024-05-16 09:52:57','2024-05-16 09:52:57',190,18,121,1),(1871,0,2000,0,0,0,0,NULL,NULL,0,0,NULL,NULL,0,0,'2024-05-16 09:52:57','2024-05-16 09:52:57',190,18,122,1),(1872,0,1,0,0,0,0,NULL,NULL,0,0,NULL,NULL,0,0,'2024-05-16 09:52:57','2024-05-16 09:52:57',191,18,116,1),(1873,0,1,0,0,0,0,NULL,NULL,0,0,NULL,NULL,0,0,'2024-05-16 09:52:57','2024-05-16 09:52:57',191,18,117,1),(1874,0,18,0,0,0,0,NULL,NULL,0,0,NULL,NULL,0,0,'2024-05-16 09:52:57','2024-05-16 09:52:57',191,18,118,1),(1875,0,18,0,0,0,0,NULL,NULL,0,0,NULL,NULL,0,0,'2024-05-16 09:52:57','2024-05-16 09:52:57',191,18,119,1),(1876,0,18,0,0,0,0,NULL,NULL,0,0,NULL,NULL,0,0,'2024-05-16 09:52:57','2024-05-16 09:52:57',191,18,120,1),(1877,0,18,0,0,0,0,NULL,NULL,0,0,NULL,NULL,0,0,'2024-05-16 09:52:57','2024-05-16 09:52:57',191,18,121,1),(1878,0,2000,0,0,0,0,NULL,NULL,0,0,NULL,NULL,0,0,'2024-05-16 09:52:57','2024-05-16 09:52:57',191,18,122,1),(1879,0,1,0,0,0,0,NULL,NULL,0,0,NULL,NULL,0,0,'2024-05-16 09:52:57','2024-05-16 09:52:57',192,18,116,1),(1880,0,1,0,0,0,0,NULL,NULL,0,0,NULL,NULL,0,0,'2024-05-16 09:52:57','2024-05-16 09:52:57',192,18,117,1),(1881,0,18,0,0,0,0,NULL,NULL,0,0,NULL,NULL,0,0,'2024-05-16 09:52:57','2024-05-16 09:52:57',192,18,118,1),(1882,0,18,0,0,0,0,NULL,NULL,0,0,NULL,NULL,0,0,'2024-05-16 09:52:57','2024-05-16 09:52:57',192,18,119,1),(1883,0,18,0,0,0,0,NULL,NULL,0,0,NULL,NULL,0,0,'2024-05-16 09:52:57','2024-05-16 09:52:57',192,18,120,1),(1884,0,18,0,0,0,0,NULL,NULL,0,0,NULL,NULL,0,0,'2024-05-16 09:52:57','2024-05-16 09:52:57',192,18,121,1),(1885,0,2000,0,0,0,0,NULL,NULL,0,0,NULL,NULL,0,0,'2024-05-16 09:52:57','2024-05-16 09:52:57',192,18,122,1),(1886,0,1,0,0,0,0,NULL,NULL,0,0,NULL,NULL,0,0,'2024-05-16 09:52:57','2024-05-16 09:52:57',193,18,116,1),(1887,0,1,0,0,0,0,NULL,NULL,0,0,NULL,NULL,0,0,'2024-05-16 09:52:57','2024-05-16 09:52:57',193,18,117,1),(1888,0,18,0,0,0,0,NULL,NULL,0,0,NULL,NULL,0,0,'2024-05-16 09:52:57','2024-05-16 09:52:57',193,18,118,1),(1889,0,18,0,0,0,0,NULL,NULL,0,0,NULL,NULL,0,0,'2024-05-16 09:52:57','2024-05-16 09:52:57',193,18,119,1),(1890,0,18,0,0,0,0,NULL,NULL,0,0,NULL,NULL,0,0,'2024-05-16 09:52:57','2024-05-16 09:52:57',193,18,120,1),(1891,0,18,0,0,0,0,NULL,NULL,0,0,NULL,NULL,0,0,'2024-05-16 09:52:57','2024-05-16 09:52:57',193,18,121,1),(1892,0,2000,0,0,0,0,NULL,NULL,0,0,NULL,NULL,0,0,'2024-05-16 09:52:57','2024-05-16 09:52:57',193,18,122,1),(1893,0,1,0,0,0,0,NULL,NULL,0,0,NULL,NULL,0,0,'2024-05-16 09:52:57','2024-05-16 09:52:57',194,18,116,1),(1894,0,1,0,0,0,0,NULL,NULL,0,0,NULL,NULL,0,0,'2024-05-16 09:52:57','2024-05-16 09:52:57',194,18,117,1),(1895,0,18,0,0,0,0,NULL,NULL,0,0,NULL,NULL,0,0,'2024-05-16 09:52:57','2024-05-16 09:52:57',194,18,118,1),(1896,0,18,0,0,0,0,NULL,NULL,0,0,NULL,NULL,0,0,'2024-05-16 09:52:57','2024-05-16 09:52:57',194,18,119,1),(1897,0,18,0,0,0,0,NULL,NULL,0,0,NULL,NULL,0,0,'2024-05-16 09:52:57','2024-05-16 09:52:57',194,18,120,1),(1898,0,18,0,0,0,0,NULL,NULL,0,0,NULL,NULL,0,0,'2024-05-16 09:52:57','2024-05-16 09:52:57',194,18,121,1),(1899,0,2000,0,0,0,0,NULL,NULL,0,0,NULL,NULL,0,0,'2024-05-16 09:52:57','2024-05-16 09:52:57',194,18,122,1),(1900,0,1,0,0,0,0,NULL,NULL,0,0,NULL,NULL,0,0,'2024-05-16 09:52:57','2024-05-16 09:52:57',195,18,116,1),(1901,0,1,0,0,0,0,NULL,NULL,0,0,NULL,NULL,0,0,'2024-05-16 09:52:57','2024-05-16 09:52:57',195,18,117,1),(1902,0,18,0,0,0,0,NULL,NULL,0,0,NULL,NULL,0,0,'2024-05-16 09:52:57','2024-05-16 09:52:57',195,18,118,1),(1903,0,18,0,0,0,0,NULL,NULL,0,0,NULL,NULL,0,0,'2024-05-16 09:52:57','2024-05-16 09:52:57',195,18,119,1),(1904,0,18,0,0,0,0,NULL,NULL,0,0,NULL,NULL,0,0,'2024-05-16 09:52:57','2024-05-16 09:52:57',195,18,120,1),(1905,0,18,0,0,0,0,NULL,NULL,0,0,NULL,NULL,0,0,'2024-05-16 09:52:57','2024-05-16 09:52:57',195,18,121,1),(1906,0,2000,0,0,0,0,NULL,NULL,0,0,NULL,NULL,0,0,'2024-05-16 09:52:57','2024-05-16 09:52:57',195,18,122,1),(1907,0,1,0,0,0,0,NULL,NULL,0,0,NULL,NULL,0,0,'2024-05-16 09:52:57','2024-05-16 09:52:57',196,18,116,1),(1908,0,1,0,0,0,0,NULL,NULL,0,0,NULL,NULL,0,0,'2024-05-16 09:52:57','2024-05-16 09:52:57',196,18,117,1),(1909,0,18,0,0,0,0,NULL,NULL,0,0,NULL,NULL,0,0,'2024-05-16 09:52:57','2024-05-16 09:52:57',196,18,118,1),(1910,0,18,0,0,0,0,NULL,NULL,0,0,NULL,NULL,0,0,'2024-05-16 09:52:57','2024-05-16 09:52:57',196,18,119,1),(1911,0,18,0,0,0,0,NULL,NULL,0,0,NULL,NULL,0,0,'2024-05-16 09:52:57','2024-05-16 09:52:57',196,18,120,1),(1912,0,18,0,0,0,0,NULL,NULL,0,0,NULL,NULL,0,0,'2024-05-16 09:52:57','2024-05-16 09:52:57',196,18,121,1),(1913,0,2000,0,0,0,0,NULL,NULL,0,0,NULL,NULL,0,0,'2024-05-16 09:52:57','2024-05-16 09:52:57',196,18,122,1),(1914,1,1,1,0,0,1,'2024-05-17 04:06:39','2024-05-17 04:07:20',0,100,'2024-05-17 04:07:20',NULL,0,15,'2024-05-17 04:06:39','2024-05-17 04:07:20',70,10,60,1),(1915,0,18,1,0,0,1,'2024-05-27 17:42:31','2024-05-31 04:45:16',0,6,NULL,NULL,0,15,'2024-05-17 04:06:39','2024-05-31 04:45:16',70,10,61,1),(1916,0,18,0,0,0,0,NULL,NULL,0,0,NULL,NULL,0,0,'2024-05-17 04:06:39','2024-05-17 04:06:39',70,10,62,1),(1917,0,18,0,0,0,0,NULL,NULL,0,0,NULL,NULL,0,0,'2024-05-17 04:06:39','2024-05-17 04:06:39',70,10,63,1),(1918,0,18,0,0,0,0,NULL,NULL,0,0,NULL,NULL,0,0,'2024-05-17 04:06:39','2024-05-17 04:06:39',70,10,64,1),(1919,0,18,0,0,0,0,NULL,NULL,0,0,NULL,NULL,0,0,'2024-05-17 04:06:39','2024-05-17 04:06:39',70,10,65,1),(1920,0,2000,0,0,0,0,NULL,NULL,0,0,NULL,NULL,0,0,'2024-05-17 04:06:39','2024-05-17 04:06:39',70,10,66,1),(1921,1,1,1,0,0,1,'2024-05-17 13:47:17','2024-05-17 13:47:28',0,100,'2024-05-17 13:47:28',NULL,10,0,'2024-05-17 06:38:57','2024-05-17 13:47:28',197,18,116,1),(1922,1,1,1,0,0,1,'2024-05-30 10:43:00','2024-06-03 15:32:29',0,100,'2024-06-03 15:32:29',NULL,10,0,'2024-05-17 06:38:57','2024-06-03 15:32:29',197,18,117,1),(1923,0,18,0,0,0,0,NULL,NULL,0,0,NULL,NULL,0,0,'2024-05-17 06:38:57','2024-05-17 06:38:57',197,18,118,1),(1924,0,18,0,0,0,0,NULL,NULL,0,0,NULL,NULL,0,0,'2024-05-17 06:38:57','2024-05-17 06:38:57',197,18,119,1),(1925,0,18,0,0,0,0,NULL,NULL,0,0,NULL,NULL,0,0,'2024-05-17 06:38:57','2024-05-17 06:38:57',197,18,120,1),(1926,0,18,0,0,0,0,NULL,NULL,0,0,NULL,NULL,0,0,'2024-05-17 06:38:57','2024-05-17 06:38:57',197,18,121,1),(1927,0,2000,0,0,0,0,NULL,NULL,0,0,NULL,NULL,0,0,'2024-05-17 06:38:57','2024-05-17 06:38:57',197,18,122,1),(1928,0,1,0,0,0,0,NULL,NULL,0,0,NULL,NULL,0,0,'2024-05-17 06:38:57','2024-05-17 06:38:57',198,18,116,1),(1929,0,1,0,0,0,0,NULL,NULL,0,0,NULL,NULL,0,0,'2024-05-17 06:38:57','2024-05-17 06:38:57',198,18,117,1),(1930,0,18,0,0,0,0,NULL,NULL,0,0,NULL,NULL,0,0,'2024-05-17 06:38:57','2024-05-17 06:38:57',198,18,118,1),(1931,0,18,0,0,0,0,NULL,NULL,0,0,NULL,NULL,0,0,'2024-05-17 06:38:57','2024-05-17 06:38:57',198,18,119,1),(1932,0,18,0,0,0,0,NULL,NULL,0,0,NULL,NULL,0,0,'2024-05-17 06:38:57','2024-05-17 06:38:57',198,18,120,1),(1933,0,18,0,0,0,0,NULL,NULL,0,0,NULL,NULL,0,0,'2024-05-17 06:38:57','2024-05-17 06:38:57',198,18,121,1),(1934,0,2000,0,0,0,0,NULL,NULL,0,0,NULL,NULL,0,0,'2024-05-17 06:38:57','2024-05-17 06:38:57',198,18,122,1),(1935,0,1,0,0,0,0,NULL,NULL,0,0,NULL,NULL,0,0,'2024-05-17 08:23:16','2024-05-17 08:23:16',199,18,116,1),(1936,0,1,0,0,0,0,NULL,NULL,0,0,NULL,NULL,0,0,'2024-05-17 08:23:16','2024-05-17 08:23:16',199,18,117,1),(1937,0,18,0,0,0,0,NULL,NULL,0,0,NULL,NULL,0,0,'2024-05-17 08:23:16','2024-05-17 08:23:16',199,18,118,1),(1938,0,18,0,0,0,0,NULL,NULL,0,0,NULL,NULL,0,0,'2024-05-17 08:23:16','2024-05-17 08:23:16',199,18,119,1),(1939,0,18,0,0,0,0,NULL,NULL,0,0,NULL,NULL,0,0,'2024-05-17 08:23:16','2024-05-17 08:23:16',199,18,120,1),(1940,0,18,0,0,0,0,NULL,NULL,0,0,NULL,NULL,0,0,'2024-05-17 08:23:16','2024-05-17 08:23:16',199,18,121,1),(1941,0,2000,0,0,0,0,NULL,NULL,0,0,NULL,NULL,0,0,'2024-05-17 08:23:16','2024-05-17 08:23:16',199,18,122,1),(1942,0,1,0,0,0,0,NULL,NULL,0,0,NULL,NULL,0,0,'2024-05-17 08:23:16','2024-05-17 08:23:16',200,18,116,1),(1943,0,1,0,0,0,0,NULL,NULL,0,0,NULL,NULL,0,0,'2024-05-17 08:23:16','2024-05-17 08:23:16',200,18,117,1),(1944,0,18,0,0,0,0,NULL,NULL,0,0,NULL,NULL,0,0,'2024-05-17 08:23:16','2024-05-17 08:23:16',200,18,118,1),(1945,0,18,0,0,0,0,NULL,NULL,0,0,NULL,NULL,0,0,'2024-05-17 08:23:16','2024-05-17 08:23:16',200,18,119,1),(1946,0,18,0,0,0,0,NULL,NULL,0,0,NULL,NULL,0,0,'2024-05-17 08:23:16','2024-05-17 08:23:16',200,18,120,1),(1947,0,18,0,0,0,0,NULL,NULL,0,0,NULL,NULL,0,0,'2024-05-17 08:23:16','2024-05-17 08:23:16',200,18,121,1),(1948,0,2000,0,0,0,0,NULL,NULL,0,0,NULL,NULL,0,0,'2024-05-17 08:23:16','2024-05-17 08:23:16',200,18,122,1),(1949,0,1,0,0,0,0,NULL,NULL,0,0,NULL,NULL,0,0,'2024-05-17 09:08:33','2024-05-17 09:08:33',203,18,116,1),(1950,0,1,0,0,0,0,NULL,NULL,0,0,NULL,NULL,0,0,'2024-05-17 09:08:33','2024-05-17 09:08:33',203,18,117,1),(1951,0,18,0,0,0,0,NULL,NULL,0,0,NULL,NULL,0,0,'2024-05-17 09:08:33','2024-05-17 09:08:33',203,18,118,1),(1952,0,18,0,0,0,0,NULL,NULL,0,0,NULL,NULL,0,0,'2024-05-17 09:08:33','2024-05-17 09:08:33',203,18,119,1),(1953,0,18,0,0,0,0,NULL,NULL,0,0,NULL,NULL,0,0,'2024-05-17 09:08:33','2024-05-17 09:08:33',203,18,120,1),(1954,0,18,0,0,0,0,NULL,NULL,0,0,NULL,NULL,0,0,'2024-05-17 09:08:33','2024-05-17 09:08:33',203,18,121,1),(1955,0,2000,0,0,0,0,NULL,NULL,0,0,NULL,NULL,0,0,'2024-05-17 09:08:33','2024-05-17 09:08:33',203,18,122,1),(1956,0,1,0,0,0,0,NULL,NULL,0,0,NULL,NULL,0,0,'2024-05-17 09:08:33','2024-05-17 09:08:33',204,18,116,1),(1957,0,1,0,0,0,0,NULL,NULL,0,0,NULL,NULL,0,0,'2024-05-17 09:08:33','2024-05-17 09:08:33',204,18,117,1),(1958,0,18,0,0,0,0,NULL,NULL,0,0,NULL,NULL,0,0,'2024-05-17 09:08:33','2024-05-17 09:08:33',204,18,118,1),(1959,0,18,0,0,0,0,NULL,NULL,0,0,NULL,NULL,0,0,'2024-05-17 09:08:33','2024-05-17 09:08:33',204,18,119,1),(1960,0,18,0,0,0,0,NULL,NULL,0,0,NULL,NULL,0,0,'2024-05-17 09:08:33','2024-05-17 09:08:33',204,18,120,1),(1961,0,18,0,0,0,0,NULL,NULL,0,0,NULL,NULL,0,0,'2024-05-17 09:08:33','2024-05-17 09:08:33',204,18,121,1),(1962,0,2000,0,0,0,0,NULL,NULL,0,0,NULL,NULL,0,0,'2024-05-17 09:08:33','2024-05-17 09:08:33',204,18,122,1),(1963,0,1,0,0,0,0,NULL,NULL,0,0,NULL,NULL,0,0,'2024-05-17 09:09:43','2024-05-17 09:09:43',205,18,116,1),(1964,0,1,0,0,0,0,NULL,NULL,0,0,NULL,NULL,0,0,'2024-05-17 09:09:43','2024-05-17 09:09:43',205,18,117,1),(1965,0,18,0,0,0,0,NULL,NULL,0,0,NULL,NULL,0,0,'2024-05-17 09:09:43','2024-05-17 09:09:43',205,18,118,1),(1966,0,18,0,0,0,0,NULL,NULL,0,0,NULL,NULL,0,0,'2024-05-17 09:09:43','2024-05-17 09:09:43',205,18,119,1),(1967,0,18,0,0,0,0,NULL,NULL,0,0,NULL,NULL,0,0,'2024-05-17 09:09:43','2024-05-17 09:09:43',205,18,120,1),(1968,0,18,0,0,0,0,NULL,NULL,0,0,NULL,NULL,0,0,'2024-05-17 09:09:43','2024-05-17 09:09:43',205,18,121,1),(1969,0,2000,0,0,0,0,NULL,NULL,0,0,NULL,NULL,0,0,'2024-05-17 09:09:43','2024-05-17 09:09:43',205,18,122,1),(1970,0,1,0,0,0,0,NULL,NULL,0,0,NULL,NULL,0,0,'2024-05-17 09:09:43','2024-05-17 09:09:43',206,18,116,1),(1971,0,1,0,0,0,0,NULL,NULL,0,0,NULL,NULL,0,0,'2024-05-17 09:09:43','2024-05-17 09:09:43',206,18,117,1),(1972,0,18,0,0,0,0,NULL,NULL,0,0,NULL,NULL,0,0,'2024-05-17 09:09:43','2024-05-17 09:09:43',206,18,118,1),(1973,0,18,0,0,0,0,NULL,NULL,0,0,NULL,NULL,0,0,'2024-05-17 09:09:43','2024-05-17 09:09:43',206,18,119,1),(1974,0,18,0,0,0,0,NULL,NULL,0,0,NULL,NULL,0,0,'2024-05-17 09:09:43','2024-05-17 09:09:43',206,18,120,1),(1975,0,18,0,0,0,0,NULL,NULL,0,0,NULL,NULL,0,0,'2024-05-17 09:09:43','2024-05-17 09:09:43',206,18,121,1),(1976,0,2000,0,0,0,0,NULL,NULL,0,0,NULL,NULL,0,0,'2024-05-17 09:09:43','2024-05-17 09:09:43',206,18,122,1),(1977,0,1,0,0,0,0,NULL,NULL,0,0,NULL,NULL,0,0,'2024-05-17 09:10:49','2024-05-17 09:10:49',207,18,116,1),(1978,0,1,0,0,0,0,NULL,NULL,0,0,NULL,NULL,0,0,'2024-05-17 09:10:49','2024-05-17 09:10:49',207,18,117,1),(1979,0,18,0,0,0,0,NULL,NULL,0,0,NULL,NULL,0,0,'2024-05-17 09:10:49','2024-05-17 09:10:49',207,18,118,1),(1980,0,18,0,0,0,0,NULL,NULL,0,0,NULL,NULL,0,0,'2024-05-17 09:10:49','2024-05-17 09:10:49',207,18,119,1),(1981,0,18,0,0,0,0,NULL,NULL,0,0,NULL,NULL,0,0,'2024-05-17 09:10:49','2024-05-17 09:10:49',207,18,120,1),(1982,0,18,0,0,0,0,NULL,NULL,0,0,NULL,NULL,0,0,'2024-05-17 09:10:49','2024-05-17 09:10:49',207,18,121,1),(1983,0,2000,0,0,0,0,NULL,NULL,0,0,NULL,NULL,0,0,'2024-05-17 09:10:49','2024-05-17 09:10:49',207,18,122,1),(1984,0,1,0,0,0,0,NULL,NULL,0,0,NULL,NULL,0,0,'2024-05-17 09:10:49','2024-05-17 09:10:49',208,18,116,1),(1985,0,1,0,0,0,0,NULL,NULL,0,0,NULL,NULL,0,0,'2024-05-17 09:10:49','2024-05-17 09:10:49',208,18,117,1),(1986,0,18,0,0,0,0,NULL,NULL,0,0,NULL,NULL,0,0,'2024-05-17 09:10:49','2024-05-17 09:10:49',208,18,118,1),(1987,0,18,0,0,0,0,NULL,NULL,0,0,NULL,NULL,0,0,'2024-05-17 09:10:49','2024-05-17 09:10:49',208,18,119,1),(1988,0,18,0,0,0,0,NULL,NULL,0,0,NULL,NULL,0,0,'2024-05-17 09:10:49','2024-05-17 09:10:49',208,18,120,1),(1989,0,18,0,0,0,0,NULL,NULL,0,0,NULL,NULL,0,0,'2024-05-17 09:10:49','2024-05-17 09:10:49',208,18,121,1),(1990,0,2000,0,0,0,0,NULL,NULL,0,0,NULL,NULL,0,0,'2024-05-17 09:10:49','2024-05-17 09:10:49',208,18,122,1),(1991,0,1,0,0,0,0,NULL,NULL,0,0,NULL,NULL,0,0,'2024-05-17 09:30:55','2024-05-17 09:30:55',NULL,18,116,1),(1992,0,1,0,0,0,0,NULL,NULL,0,0,NULL,NULL,0,0,'2024-05-17 09:30:55','2024-05-17 09:30:55',NULL,18,117,1),(1993,0,18,0,0,0,0,NULL,NULL,0,0,NULL,NULL,0,0,'2024-05-17 09:30:55','2024-05-17 09:30:55',NULL,18,118,1),(1994,0,18,0,0,0,0,NULL,NULL,0,0,NULL,NULL,0,0,'2024-05-17 09:30:55','2024-05-17 09:30:55',NULL,18,119,1),(1995,0,18,0,0,0,0,NULL,NULL,0,0,NULL,NULL,0,0,'2024-05-17 09:30:55','2024-05-17 09:30:55',NULL,18,120,1),(1996,0,18,0,0,0,0,NULL,NULL,0,0,NULL,NULL,0,0,'2024-05-17 09:30:55','2024-05-17 09:30:55',NULL,18,121,1),(1997,0,2000,0,0,0,0,NULL,NULL,0,0,NULL,NULL,0,0,'2024-05-17 09:30:55','2024-05-17 09:30:55',NULL,18,122,1),(1998,0,1,0,0,0,0,NULL,NULL,0,0,NULL,NULL,0,0,'2024-05-17 09:30:55','2024-05-17 09:30:55',NULL,18,116,1),(1999,0,1,0,0,0,0,NULL,NULL,0,0,NULL,NULL,0,0,'2024-05-17 09:30:55','2024-05-17 09:30:55',NULL,18,117,1),(2000,0,18,0,0,0,0,NULL,NULL,0,0,NULL,NULL,0,0,'2024-05-17 09:30:55','2024-05-17 09:30:55',NULL,18,118,1),(2001,0,18,0,0,0,0,NULL,NULL,0,0,NULL,NULL,0,0,'2024-05-17 09:30:55','2024-05-17 09:30:55',NULL,18,119,1),(2002,0,18,0,0,0,0,NULL,NULL,0,0,NULL,NULL,0,0,'2024-05-17 09:30:55','2024-05-17 09:30:55',NULL,18,120,1),(2003,0,18,0,0,0,0,NULL,NULL,0,0,NULL,NULL,0,0,'2024-05-17 09:30:55','2024-05-17 09:30:55',NULL,18,121,1),(2004,0,2000,0,0,0,0,NULL,NULL,0,0,NULL,NULL,0,0,'2024-05-17 09:30:55','2024-05-17 09:30:55',NULL,18,122,1),(2005,0,1,0,0,0,0,NULL,NULL,0,0,NULL,NULL,0,0,'2024-05-17 09:33:11','2024-05-17 09:33:11',NULL,18,116,1),(2006,0,1,0,0,0,0,NULL,NULL,0,0,NULL,NULL,0,0,'2024-05-17 09:33:11','2024-05-17 09:33:11',NULL,18,117,1),(2007,0,18,0,0,0,0,NULL,NULL,0,0,NULL,NULL,0,0,'2024-05-17 09:33:11','2024-05-17 09:33:11',NULL,18,118,1),(2008,0,18,0,0,0,0,NULL,NULL,0,0,NULL,NULL,0,0,'2024-05-17 09:33:11','2024-05-17 09:33:11',NULL,18,119,1),(2009,0,18,0,0,0,0,NULL,NULL,0,0,NULL,NULL,0,0,'2024-05-17 09:33:11','2024-05-17 09:33:11',NULL,18,120,1),(2010,0,18,0,0,0,0,NULL,NULL,0,0,NULL,NULL,0,0,'2024-05-17 09:33:11','2024-05-17 09:33:11',NULL,18,121,1),(2011,0,2000,0,0,0,0,NULL,NULL,0,0,NULL,NULL,0,0,'2024-05-17 09:33:11','2024-05-17 09:33:11',NULL,18,122,1),(2012,0,1,0,0,0,0,NULL,NULL,0,0,NULL,NULL,0,0,'2024-05-17 09:33:11','2024-05-17 09:33:11',NULL,18,116,1),(2013,0,1,0,0,0,0,NULL,NULL,0,0,NULL,NULL,0,0,'2024-05-17 09:33:11','2024-05-17 09:33:11',NULL,18,117,1),(2014,0,18,0,0,0,0,NULL,NULL,0,0,NULL,NULL,0,0,'2024-05-17 09:33:11','2024-05-17 09:33:11',NULL,18,118,1),(2015,0,18,0,0,0,0,NULL,NULL,0,0,NULL,NULL,0,0,'2024-05-17 09:33:11','2024-05-17 09:33:11',NULL,18,119,1),(2016,0,18,0,0,0,0,NULL,NULL,0,0,NULL,NULL,0,0,'2024-05-17 09:33:11','2024-05-17 09:33:11',NULL,18,120,1),(2017,0,18,0,0,0,0,NULL,NULL,0,0,NULL,NULL,0,0,'2024-05-17 09:33:11','2024-05-17 09:33:11',NULL,18,121,1),(2018,0,2000,0,0,0,0,NULL,NULL,0,0,NULL,NULL,0,0,'2024-05-17 09:33:11','2024-05-17 09:33:11',NULL,18,122,1),(2019,0,1,0,0,0,0,NULL,NULL,0,0,NULL,NULL,0,0,'2024-05-17 09:37:21','2024-05-17 09:37:21',NULL,18,116,1),(2020,0,1,0,0,0,0,NULL,NULL,0,0,NULL,NULL,0,0,'2024-05-17 09:37:21','2024-05-17 09:37:21',NULL,18,117,1),(2021,0,18,0,0,0,0,NULL,NULL,0,0,NULL,NULL,0,0,'2024-05-17 09:37:21','2024-05-17 09:37:21',NULL,18,118,1),(2022,0,18,0,0,0,0,NULL,NULL,0,0,NULL,NULL,0,0,'2024-05-17 09:37:21','2024-05-17 09:37:21',NULL,18,119,1),(2023,0,18,0,0,0,0,NULL,NULL,0,0,NULL,NULL,0,0,'2024-05-17 09:37:21','2024-05-17 09:37:21',NULL,18,120,1),(2024,0,18,0,0,0,0,NULL,NULL,0,0,NULL,NULL,0,0,'2024-05-17 09:37:21','2024-05-17 09:37:21',NULL,18,121,1),(2025,0,2000,0,0,0,0,NULL,NULL,0,0,NULL,NULL,0,0,'2024-05-17 09:37:21','2024-05-17 09:37:21',NULL,18,122,1),(2026,0,1,0,0,0,0,NULL,NULL,0,0,NULL,NULL,0,0,'2024-05-17 09:37:21','2024-05-17 09:37:21',NULL,18,116,1),(2027,0,1,0,0,0,0,NULL,NULL,0,0,NULL,NULL,0,0,'2024-05-17 09:37:21','2024-05-17 09:37:21',NULL,18,117,1),(2028,0,18,0,0,0,0,NULL,NULL,0,0,NULL,NULL,0,0,'2024-05-17 09:37:21','2024-05-17 09:37:21',NULL,18,118,1),(2029,0,18,0,0,0,0,NULL,NULL,0,0,NULL,NULL,0,0,'2024-05-17 09:37:21','2024-05-17 09:37:21',NULL,18,119,1),(2030,0,18,0,0,0,0,NULL,NULL,0,0,NULL,NULL,0,0,'2024-05-17 09:37:21','2024-05-17 09:37:21',NULL,18,120,1),(2031,0,18,0,0,0,0,NULL,NULL,0,0,NULL,NULL,0,0,'2024-05-17 09:37:21','2024-05-17 09:37:21',NULL,18,121,1),(2032,0,2000,0,0,0,0,NULL,NULL,0,0,NULL,NULL,0,0,'2024-05-17 09:37:21','2024-05-17 09:37:21',NULL,18,122,1),(2033,0,1,0,0,0,0,NULL,NULL,0,0,NULL,NULL,0,0,'2024-05-17 09:38:06','2024-05-17 09:38:06',NULL,18,116,1),(2034,0,1,0,0,0,0,NULL,NULL,0,0,NULL,NULL,0,0,'2024-05-17 09:38:06','2024-05-17 09:38:06',NULL,18,117,1),(2035,0,18,0,0,0,0,NULL,NULL,0,0,NULL,NULL,0,0,'2024-05-17 09:38:06','2024-05-17 09:38:06',NULL,18,118,1),(2036,0,18,0,0,0,0,NULL,NULL,0,0,NULL,NULL,0,0,'2024-05-17 09:38:06','2024-05-17 09:38:06',NULL,18,119,1),(2037,0,18,0,0,0,0,NULL,NULL,0,0,NULL,NULL,0,0,'2024-05-17 09:38:06','2024-05-17 09:38:06',NULL,18,120,1),(2038,0,18,0,0,0,0,NULL,NULL,0,0,NULL,NULL,0,0,'2024-05-17 09:38:06','2024-05-17 09:38:06',NULL,18,121,1),(2039,0,2000,0,0,0,0,NULL,NULL,0,0,NULL,NULL,0,0,'2024-05-17 09:38:06','2024-05-17 09:38:06',NULL,18,122,1),(2040,0,1,0,0,0,0,NULL,NULL,0,0,NULL,NULL,0,0,'2024-05-17 09:38:06','2024-05-17 09:38:06',NULL,18,116,1),(2041,0,1,0,0,0,0,NULL,NULL,0,0,NULL,NULL,0,0,'2024-05-17 09:38:06','2024-05-17 09:38:06',NULL,18,117,1),(2042,0,18,0,0,0,0,NULL,NULL,0,0,NULL,NULL,0,0,'2024-05-17 09:38:06','2024-05-17 09:38:06',NULL,18,118,1),(2043,0,18,0,0,0,0,NULL,NULL,0,0,NULL,NULL,0,0,'2024-05-17 09:38:06','2024-05-17 09:38:06',NULL,18,119,1),(2044,0,18,0,0,0,0,NULL,NULL,0,0,NULL,NULL,0,0,'2024-05-17 09:38:06','2024-05-17 09:38:06',NULL,18,120,1),(2045,0,18,0,0,0,0,NULL,NULL,0,0,NULL,NULL,0,0,'2024-05-17 09:38:06','2024-05-17 09:38:06',NULL,18,121,1),(2046,0,2000,0,0,0,0,NULL,NULL,0,0,NULL,NULL,0,0,'2024-05-17 09:38:06','2024-05-17 09:38:06',NULL,18,122,1),(2047,0,1,0,0,0,0,NULL,NULL,0,0,NULL,NULL,0,0,'2024-05-17 11:39:39','2024-05-17 11:39:39',217,18,116,1),(2048,0,1,0,0,0,0,NULL,NULL,0,0,NULL,NULL,0,0,'2024-05-17 11:39:39','2024-05-17 11:39:39',217,18,117,1),(2049,0,18,0,0,0,0,NULL,NULL,0,0,NULL,NULL,0,0,'2024-05-17 11:39:39','2024-05-17 11:39:39',217,18,118,1),(2050,0,18,0,0,0,0,NULL,NULL,0,0,NULL,NULL,0,0,'2024-05-17 11:39:39','2024-05-17 11:39:39',217,18,119,1),(2051,0,18,0,0,0,0,NULL,NULL,0,0,NULL,NULL,0,0,'2024-05-17 11:39:39','2024-05-17 11:39:39',217,18,120,1),(2052,0,18,0,0,0,0,NULL,NULL,0,0,NULL,NULL,0,0,'2024-05-17 11:39:39','2024-05-17 11:39:39',217,18,121,1),(2053,0,2000,0,0,0,0,NULL,NULL,0,0,NULL,NULL,0,0,'2024-05-17 11:39:39','2024-05-17 11:39:39',217,18,122,1),(2054,0,1,0,0,0,0,NULL,NULL,0,0,NULL,NULL,0,0,'2024-05-17 11:39:39','2024-05-17 11:39:39',218,18,116,1),(2055,0,1,0,0,0,0,NULL,NULL,0,0,NULL,NULL,0,0,'2024-05-17 11:39:39','2024-05-17 11:39:39',218,18,117,1),(2056,0,18,0,0,0,0,NULL,NULL,0,0,NULL,NULL,0,0,'2024-05-17 11:39:39','2024-05-17 11:39:39',218,18,118,1),(2057,0,18,0,0,0,0,NULL,NULL,0,0,NULL,NULL,0,0,'2024-05-17 11:39:39','2024-05-17 11:39:39',218,18,119,1),(2058,0,18,0,0,0,0,NULL,NULL,0,0,NULL,NULL,0,0,'2024-05-17 11:39:39','2024-05-17 11:39:39',218,18,120,1),(2059,0,18,0,0,0,0,NULL,NULL,0,0,NULL,NULL,0,0,'2024-05-17 11:39:39','2024-05-17 11:39:39',218,18,121,1),(2060,0,2000,0,0,0,0,NULL,NULL,0,0,NULL,NULL,0,0,'2024-05-17 11:39:39','2024-05-17 11:39:39',218,18,122,1),(2061,1,1,1,0,0,1,'2024-05-20 12:13:30','2024-05-20 11:56:22',0,100,'2024-05-20 11:56:22',NULL,10,0,'2024-05-20 11:53:34','2024-05-20 12:13:30',219,18,116,1),(2062,0,1,0,0,0,0,NULL,NULL,0,0,NULL,NULL,0,0,'2024-05-20 11:53:34','2024-05-20 11:53:34',219,18,117,1),(2063,0,18,0,0,0,0,NULL,NULL,0,0,NULL,NULL,0,0,'2024-05-20 11:53:34','2024-05-20 11:53:34',219,18,118,1),(2064,0,18,0,0,0,0,NULL,NULL,0,0,NULL,NULL,0,0,'2024-05-20 11:53:34','2024-05-20 11:53:34',219,18,119,1),(2065,0,18,0,0,0,0,NULL,NULL,0,0,NULL,NULL,0,0,'2024-05-20 11:53:34','2024-05-20 11:53:34',219,18,120,1),(2066,0,18,0,0,0,0,NULL,NULL,0,0,NULL,NULL,0,0,'2024-05-20 11:53:34','2024-05-20 11:53:34',219,18,121,1),(2067,0,2000,0,0,0,0,NULL,NULL,0,0,NULL,NULL,0,0,'2024-05-20 11:53:34','2024-05-20 11:53:34',219,18,122,1),(2068,0,1,0,0,0,0,NULL,NULL,0,0,NULL,NULL,0,0,'2024-05-20 11:53:34','2024-05-20 11:53:34',220,18,116,1),(2069,0,1,0,0,0,0,NULL,NULL,0,0,NULL,NULL,0,0,'2024-05-20 11:53:34','2024-05-20 11:53:34',220,18,117,1),(2070,0,18,0,0,0,0,NULL,NULL,0,0,NULL,NULL,0,0,'2024-05-20 11:53:34','2024-05-20 11:53:34',220,18,118,1),(2071,0,18,0,0,0,0,NULL,NULL,0,0,NULL,NULL,0,0,'2024-05-20 11:53:34','2024-05-20 11:53:34',220,18,119,1),(2072,0,18,0,0,0,0,NULL,NULL,0,0,NULL,NULL,0,0,'2024-05-20 11:53:34','2024-05-20 11:53:34',220,18,120,1),(2073,0,18,0,0,0,0,NULL,NULL,0,0,NULL,NULL,0,0,'2024-05-20 11:53:34','2024-05-20 11:53:34',220,18,121,1),(2074,0,2000,0,0,0,0,NULL,NULL,0,0,NULL,NULL,0,0,'2024-05-20 11:53:34','2024-05-20 11:53:34',220,18,122,1),(2075,0,1,0,0,0,1,'2024-05-21 11:40:14',NULL,0,0,NULL,NULL,0,0,'2024-05-21 09:22:08','2024-05-21 11:40:14',221,18,116,1),(2076,0,1,0,0,0,0,NULL,NULL,0,0,NULL,NULL,0,0,'2024-05-21 09:22:08','2024-05-21 09:22:08',221,18,117,1),(2077,0,18,0,0,0,0,NULL,NULL,0,0,NULL,NULL,0,0,'2024-05-21 09:22:08','2024-05-21 09:22:08',221,18,118,1),(2078,0,18,0,0,0,0,NULL,NULL,0,0,NULL,NULL,0,0,'2024-05-21 09:22:08','2024-05-21 09:22:08',221,18,119,1),(2079,0,18,0,0,0,0,NULL,NULL,0,0,NULL,NULL,0,0,'2024-05-21 09:22:08','2024-05-21 09:22:08',221,18,120,1),(2080,0,18,0,0,0,0,NULL,NULL,0,0,NULL,NULL,0,0,'2024-05-21 09:22:08','2024-05-21 09:22:08',221,18,121,1),(2081,0,2000,0,0,0,0,NULL,NULL,0,0,NULL,NULL,0,0,'2024-05-21 09:22:08','2024-05-21 09:22:08',221,18,122,1),(2082,0,1,0,0,0,0,NULL,NULL,0,0,NULL,NULL,0,0,'2024-05-21 09:22:08','2024-05-21 09:22:08',222,18,116,1),(2083,0,1,0,0,0,0,NULL,NULL,0,0,NULL,NULL,0,0,'2024-05-21 09:22:08','2024-05-21 09:22:08',222,18,117,1),(2084,0,18,0,0,0,0,NULL,NULL,0,0,NULL,NULL,0,0,'2024-05-21 09:22:08','2024-05-21 09:22:08',222,18,118,1),(2085,0,18,0,0,0,0,NULL,NULL,0,0,NULL,NULL,0,0,'2024-05-21 09:22:08','2024-05-21 09:22:08',222,18,119,1),(2086,0,18,0,0,0,0,NULL,NULL,0,0,NULL,NULL,0,0,'2024-05-21 09:22:08','2024-05-21 09:22:08',222,18,120,1),(2087,0,18,0,0,0,0,NULL,NULL,0,0,NULL,NULL,0,0,'2024-05-21 09:22:08','2024-05-21 09:22:08',222,18,121,1),(2088,0,2000,0,0,0,0,NULL,NULL,0,0,NULL,NULL,0,0,'2024-05-21 09:22:08','2024-05-21 09:22:08',222,18,122,1),(2089,1,1,1,0,0,1,'2024-05-24 07:33:23','2024-05-24 09:21:06',0,100,'2024-05-24 09:21:06',NULL,10,0,'2024-05-24 05:19:19','2024-05-24 09:21:06',223,18,116,1),(2090,1,1,1,0,0,1,'2024-05-25 04:07:46','2024-05-25 11:00:46',0,100,'2024-05-25 11:00:46',NULL,10,0,'2024-05-24 05:19:19','2024-05-25 11:00:46',223,18,117,1),(2091,0,18,10,0,0,1,'2024-05-26 01:57:46','2024-06-07 09:35:21',0,56,NULL,NULL,100,0,'2024-05-24 05:19:19','2024-06-07 09:35:21',223,18,118,1),(2092,0,18,0,0,0,0,NULL,NULL,0,0,NULL,NULL,0,0,'2024-05-24 05:19:19','2024-05-24 05:19:19',223,18,119,1),(2093,0,18,0,0,0,0,NULL,NULL,0,0,NULL,NULL,0,0,'2024-05-24 05:19:19','2024-05-24 05:19:19',223,18,120,1),(2094,0,18,0,0,0,0,NULL,NULL,0,0,NULL,NULL,0,0,'2024-05-24 05:19:19','2024-05-24 05:19:19',223,18,121,1),(2095,0,2000,0,0,0,0,NULL,NULL,0,0,NULL,NULL,0,0,'2024-05-24 05:19:19','2024-05-24 05:19:19',223,18,122,1),(2096,0,1,0,0,0,0,NULL,NULL,0,0,NULL,NULL,0,0,'2024-05-24 05:19:19','2024-05-24 05:19:19',224,18,116,1),(2097,0,1,0,0,0,0,NULL,NULL,0,0,NULL,NULL,0,0,'2024-05-24 05:19:19','2024-05-24 05:19:19',224,18,117,1),(2098,0,18,0,0,0,0,NULL,NULL,0,0,NULL,NULL,0,0,'2024-05-24 05:19:19','2024-05-24 05:19:19',224,18,118,1),(2099,0,18,0,0,0,0,NULL,NULL,0,0,NULL,NULL,0,0,'2024-05-24 05:19:19','2024-05-24 05:19:19',224,18,119,1),(2100,0,18,0,0,0,0,NULL,NULL,0,0,NULL,NULL,0,0,'2024-05-24 05:19:19','2024-05-24 05:19:19',224,18,120,1),(2101,0,18,0,0,0,0,NULL,NULL,0,0,NULL,NULL,0,0,'2024-05-24 05:19:19','2024-05-24 05:19:19',224,18,121,1),(2102,0,2000,0,0,0,0,NULL,NULL,0,0,NULL,NULL,0,0,'2024-05-24 05:19:19','2024-05-24 05:19:19',224,18,122,1),(2103,0,1,0,0,0,1,'2024-05-24 09:03:39',NULL,0,0,NULL,NULL,0,0,'2024-05-24 08:55:25','2024-05-24 09:03:39',225,18,116,1),(2104,0,1,0,0,0,0,NULL,NULL,0,0,NULL,NULL,0,0,'2024-05-24 08:55:25','2024-05-24 08:55:25',225,18,117,1),(2105,0,18,0,0,0,0,NULL,NULL,0,0,NULL,NULL,0,0,'2024-05-24 08:55:25','2024-05-24 08:55:25',225,18,118,1),(2106,0,18,0,0,0,0,NULL,NULL,0,0,NULL,NULL,0,0,'2024-05-24 08:55:25','2024-05-24 08:55:25',225,18,119,1),(2107,0,18,0,0,0,0,NULL,NULL,0,0,NULL,NULL,0,0,'2024-05-24 08:55:25','2024-05-24 08:55:25',225,18,120,1),(2108,0,18,0,0,0,0,NULL,NULL,0,0,NULL,NULL,0,0,'2024-05-24 08:55:25','2024-05-24 08:55:25',225,18,121,1),(2109,0,2000,0,0,0,0,NULL,NULL,0,0,NULL,NULL,0,0,'2024-05-24 08:55:25','2024-05-24 08:55:25',225,18,122,1),(2110,0,1,0,0,0,0,NULL,NULL,0,0,NULL,NULL,0,0,'2024-05-24 08:55:25','2024-05-24 08:55:25',226,18,116,1),(2111,0,1,0,0,0,0,NULL,NULL,0,0,NULL,NULL,0,0,'2024-05-24 08:55:25','2024-05-24 08:55:25',226,18,117,1),(2112,0,18,0,0,0,0,NULL,NULL,0,0,NULL,NULL,0,0,'2024-05-24 08:55:25','2024-05-24 08:55:25',226,18,118,1),(2113,0,18,0,0,0,0,NULL,NULL,0,0,NULL,NULL,0,0,'2024-05-24 08:55:25','2024-05-24 08:55:25',226,18,119,1),(2114,0,18,0,0,0,0,NULL,NULL,0,0,NULL,NULL,0,0,'2024-05-24 08:55:25','2024-05-24 08:55:25',226,18,120,1),(2115,0,18,0,0,0,0,NULL,NULL,0,0,NULL,NULL,0,0,'2024-05-24 08:55:25','2024-05-24 08:55:25',226,18,121,1),(2116,0,2000,0,0,0,0,NULL,NULL,0,0,NULL,NULL,0,0,'2024-05-24 08:55:25','2024-05-24 08:55:25',226,18,122,1),(2117,1,1,1,0,0,1,'2024-05-26 06:17:57','2024-05-26 06:20:02',0,100,'2024-05-26 06:20:02',NULL,0,15,'2024-05-26 06:17:57','2024-05-26 06:20:02',223,12,74,4),(2118,0,18,9,0,0,1,'2024-05-27 03:35:52','2024-06-08 01:57:43',0,50,NULL,NULL,0,135,'2024-05-26 06:17:57','2024-06-08 01:57:43',223,12,75,4),(2119,0,18,0,0,0,0,NULL,NULL,0,0,NULL,NULL,0,0,'2024-05-26 06:17:57','2024-05-26 06:17:57',223,12,76,4),(2120,0,18,0,0,0,0,NULL,NULL,0,0,NULL,NULL,0,0,'2024-05-26 06:17:57','2024-05-26 06:17:57',223,12,77,4),(2121,0,18,0,0,0,0,NULL,NULL,0,0,NULL,NULL,0,0,'2024-05-26 06:17:57','2024-05-26 06:17:57',223,12,78,4),(2122,0,18,0,0,0,0,NULL,NULL,0,0,NULL,NULL,0,0,'2024-05-26 06:17:57','2024-05-26 06:17:57',223,12,79,4),(2123,0,2000,0,0,0,0,NULL,NULL,0,0,NULL,NULL,0,0,'2024-05-26 06:17:57','2024-05-26 06:17:57',223,12,80,4),(2124,0,1,0,0,0,0,NULL,NULL,0,0,NULL,NULL,0,0,'2024-05-26 12:00:14','2024-05-26 12:00:14',227,18,116,1),(2125,0,1,0,0,0,0,NULL,NULL,0,0,NULL,NULL,0,0,'2024-05-26 12:00:14','2024-05-26 12:00:14',227,18,117,1),(2126,0,18,0,0,0,0,NULL,NULL,0,0,NULL,NULL,0,0,'2024-05-26 12:00:14','2024-05-26 12:00:14',227,18,118,1),(2127,0,18,0,0,0,0,NULL,NULL,0,0,NULL,NULL,0,0,'2024-05-26 12:00:14','2024-05-26 12:00:14',227,18,119,1),(2128,0,18,0,0,0,0,NULL,NULL,0,0,NULL,NULL,0,0,'2024-05-26 12:00:14','2024-05-26 12:00:14',227,18,120,1),(2129,0,18,0,0,0,0,NULL,NULL,0,0,NULL,NULL,0,0,'2024-05-26 12:00:14','2024-05-26 12:00:14',227,18,121,1),(2130,0,2000,0,0,0,0,NULL,NULL,0,0,NULL,NULL,0,0,'2024-05-26 12:00:14','2024-05-26 12:00:14',227,18,122,1),(2131,0,1,0,0,0,0,NULL,NULL,0,0,NULL,NULL,0,0,'2024-05-26 12:00:14','2024-05-26 12:00:14',228,18,116,1),(2132,0,1,0,0,0,0,NULL,NULL,0,0,NULL,NULL,0,0,'2024-05-26 12:00:14','2024-05-26 12:00:14',228,18,117,1),(2133,0,18,0,0,0,0,NULL,NULL,0,0,NULL,NULL,0,0,'2024-05-26 12:00:14','2024-05-26 12:00:14',228,18,118,1),(2134,0,18,0,0,0,0,NULL,NULL,0,0,NULL,NULL,0,0,'2024-05-26 12:00:14','2024-05-26 12:00:14',228,18,119,1),(2135,0,18,0,0,0,0,NULL,NULL,0,0,NULL,NULL,0,0,'2024-05-26 12:00:14','2024-05-26 12:00:14',228,18,120,1),(2136,0,18,0,0,0,0,NULL,NULL,0,0,NULL,NULL,0,0,'2024-05-26 12:00:14','2024-05-26 12:00:14',228,18,121,1),(2137,0,2000,0,0,0,0,NULL,NULL,0,0,NULL,NULL,0,0,'2024-05-26 12:00:14','2024-05-26 12:00:14',228,18,122,1),(2138,1,1,1,0,0,1,'2024-05-27 06:48:26','2024-05-27 06:51:33',0,100,'2024-05-27 06:51:33',NULL,10,0,'2024-05-27 06:43:59','2024-05-27 06:51:33',223,1,1,1),(2139,0,18,9,0,0,1,'2024-05-28 06:16:12','2024-06-07 13:55:54',0,50,NULL,NULL,90,0,'2024-05-27 06:43:59','2024-06-07 13:55:54',223,1,2,1),(2140,0,18,0,0,0,0,NULL,NULL,0,0,NULL,NULL,0,0,'2024-05-27 06:43:59','2024-05-27 06:43:59',223,1,3,1),(2141,0,18,0,0,0,0,NULL,NULL,0,0,NULL,NULL,0,0,'2024-05-27 06:43:59','2024-05-27 06:43:59',223,1,4,1),(2142,0,18,0,0,0,0,NULL,NULL,0,0,NULL,NULL,0,0,'2024-05-27 06:43:59','2024-05-27 06:43:59',223,1,5,1),(2143,0,18,0,0,0,0,NULL,NULL,0,0,NULL,NULL,0,0,'2024-05-27 06:43:59','2024-05-27 06:43:59',223,1,6,1),(2144,0,2000,0,0,0,0,NULL,NULL,0,0,NULL,NULL,0,0,'2024-05-27 06:43:59','2024-05-27 06:43:59',223,1,7,1),(2145,1,1,1,0,0,1,'2024-05-27 06:45:05','2024-05-28 10:27:12',0,100,'2024-05-28 10:27:12',NULL,10,0,'2024-05-27 06:43:59','2024-05-28 10:27:12',166,1,1,1),(2146,0,18,2,0,0,1,'2024-05-30 10:43:43','2024-05-31 08:00:19',0,11,NULL,NULL,20,0,'2024-05-27 06:43:59','2024-05-31 08:00:19',166,1,2,1),(2147,0,18,0,0,0,0,NULL,NULL,0,0,NULL,NULL,0,0,'2024-05-27 06:43:59','2024-05-27 06:43:59',166,1,3,1),(2148,0,18,0,0,0,0,NULL,NULL,0,0,NULL,NULL,0,0,'2024-05-27 06:43:59','2024-05-27 06:43:59',166,1,4,1),(2149,0,18,0,0,0,0,NULL,NULL,0,0,NULL,NULL,0,0,'2024-05-27 06:43:59','2024-05-27 06:43:59',166,1,5,1),(2150,0,18,0,0,0,0,NULL,NULL,0,0,NULL,NULL,0,0,'2024-05-27 06:43:59','2024-05-27 06:43:59',166,1,6,1),(2151,0,2000,0,0,0,0,NULL,NULL,0,0,NULL,NULL,0,0,'2024-05-27 06:43:59','2024-05-27 06:43:59',166,1,7,1),(2152,1,1,1,0,0,1,'2024-05-27 06:48:43','2024-05-27 09:12:00',0,100,'2024-05-27 09:12:00',NULL,10,0,'2024-05-27 06:44:37','2024-05-27 09:12:00',223,4,22,1),(2153,0,18,9,0,0,1,'2024-05-28 06:12:11','2024-06-08 02:02:07',0,50,NULL,NULL,90,0,'2024-05-27 06:44:37','2024-06-08 02:02:07',223,4,23,1),(2154,0,18,0,0,0,0,NULL,NULL,0,0,NULL,NULL,0,0,'2024-05-27 06:44:37','2024-05-27 06:44:37',223,4,24,1),(2155,0,18,0,0,0,0,NULL,NULL,0,0,NULL,NULL,0,0,'2024-05-27 06:44:37','2024-05-27 06:44:37',223,4,25,1),(2156,0,18,0,0,0,0,NULL,NULL,0,0,NULL,NULL,0,0,'2024-05-27 06:44:37','2024-05-27 06:44:37',223,4,26,1),(2157,0,2000,0,0,0,0,NULL,NULL,0,0,NULL,NULL,0,0,'2024-05-27 06:44:37','2024-05-27 06:44:37',223,4,27,1),(2158,1,1,1,0,0,1,'2024-05-27 06:45:20','2024-05-27 06:47:18',0,100,'2024-05-27 06:47:18',NULL,10,0,'2024-05-27 06:44:37','2024-05-27 06:47:18',166,4,22,1),(2159,0,18,3,0,0,1,'2024-05-28 10:29:28','2024-05-31 07:59:11',0,17,NULL,NULL,30,0,'2024-05-27 06:44:37','2024-05-31 07:59:11',166,4,23,1),(2160,0,18,0,0,0,0,NULL,NULL,0,0,NULL,NULL,0,0,'2024-05-27 06:44:37','2024-05-27 06:44:37',166,4,24,1),(2161,0,18,0,0,0,0,NULL,NULL,0,0,NULL,NULL,0,0,'2024-05-27 06:44:37','2024-05-27 06:44:37',166,4,25,1),(2162,0,18,0,0,0,0,NULL,NULL,0,0,NULL,NULL,0,0,'2024-05-27 06:44:37','2024-05-27 06:44:37',166,4,26,1),(2163,0,2000,0,0,0,0,NULL,NULL,0,0,NULL,NULL,0,0,'2024-05-27 06:44:37','2024-05-27 06:44:37',166,4,27,1),(2164,0,1,0,0,0,0,NULL,NULL,0,0,NULL,NULL,0,0,'2024-05-28 11:45:03','2024-05-28 11:45:03',229,18,116,1),(2165,0,1,0,0,0,0,NULL,NULL,0,0,NULL,NULL,0,0,'2024-05-28 11:45:03','2024-05-28 11:45:03',229,18,117,1),(2166,0,18,0,0,0,0,NULL,NULL,0,0,NULL,NULL,0,0,'2024-05-28 11:45:03','2024-05-28 11:45:03',229,18,118,1),(2167,0,18,0,0,0,0,NULL,NULL,0,0,NULL,NULL,0,0,'2024-05-28 11:45:03','2024-05-28 11:45:03',229,18,119,1),(2168,0,18,0,0,0,0,NULL,NULL,0,0,NULL,NULL,0,0,'2024-05-28 11:45:03','2024-05-28 11:45:03',229,18,120,1),(2169,0,18,0,0,0,0,NULL,NULL,0,0,NULL,NULL,0,0,'2024-05-28 11:45:03','2024-05-28 11:45:03',229,18,121,1),(2170,0,2000,0,0,0,0,NULL,NULL,0,0,NULL,NULL,0,0,'2024-05-28 11:45:03','2024-05-28 11:45:03',229,18,122,1),(2171,0,1,0,0,0,0,NULL,NULL,0,0,NULL,NULL,0,0,'2024-05-28 11:45:03','2024-05-28 11:45:03',230,18,116,1),(2172,0,1,0,0,0,0,NULL,NULL,0,0,NULL,NULL,0,0,'2024-05-28 11:45:03','2024-05-28 11:45:03',230,18,117,1),(2173,0,18,0,0,0,0,NULL,NULL,0,0,NULL,NULL,0,0,'2024-05-28 11:45:03','2024-05-28 11:45:03',230,18,118,1),(2174,0,18,0,0,0,0,NULL,NULL,0,0,NULL,NULL,0,0,'2024-05-28 11:45:03','2024-05-28 11:45:03',230,18,119,1),(2175,0,18,0,0,0,0,NULL,NULL,0,0,NULL,NULL,0,0,'2024-05-28 11:45:03','2024-05-28 11:45:03',230,18,120,1),(2176,0,18,0,0,0,0,NULL,NULL,0,0,NULL,NULL,0,0,'2024-05-28 11:45:03','2024-05-28 11:45:03',230,18,121,1),(2177,0,2000,0,0,0,0,NULL,NULL,0,0,NULL,NULL,0,0,'2024-05-28 11:45:03','2024-05-28 11:45:03',230,18,122,1),(2178,0,1,0,0,0,1,'2024-05-30 07:19:01',NULL,0,0,NULL,NULL,0,0,'2024-05-30 06:53:28','2024-05-30 07:19:01',231,18,116,1),(2179,0,1,0,0,0,0,NULL,NULL,0,0,NULL,NULL,0,0,'2024-05-30 06:53:28','2024-05-30 06:53:28',231,18,117,1),(2180,0,18,0,0,0,0,NULL,NULL,0,0,NULL,NULL,0,0,'2024-05-30 06:53:28','2024-05-30 06:53:28',231,18,118,1),(2181,0,18,0,0,0,0,NULL,NULL,0,0,NULL,NULL,0,0,'2024-05-30 06:53:28','2024-05-30 06:53:28',231,18,119,1),(2182,0,18,0,0,0,0,NULL,NULL,0,0,NULL,NULL,0,0,'2024-05-30 06:53:28','2024-05-30 06:53:28',231,18,120,1),(2183,0,18,0,0,0,0,NULL,NULL,0,0,NULL,NULL,0,0,'2024-05-30 06:53:28','2024-05-30 06:53:28',231,18,121,1),(2184,0,2000,0,0,0,0,NULL,NULL,0,0,NULL,NULL,0,0,'2024-05-30 06:53:28','2024-05-30 06:53:28',231,18,122,1),(2185,0,1,0,0,0,0,NULL,NULL,0,0,NULL,NULL,0,0,'2024-05-30 06:53:28','2024-05-30 06:53:28',232,18,116,1),(2186,0,1,0,0,0,0,NULL,NULL,0,0,NULL,NULL,0,0,'2024-05-30 06:53:28','2024-05-30 06:53:28',232,18,117,1),(2187,0,18,0,0,0,0,NULL,NULL,0,0,NULL,NULL,0,0,'2024-05-30 06:53:28','2024-05-30 06:53:28',232,18,118,1),(2188,0,18,0,0,0,0,NULL,NULL,0,0,NULL,NULL,0,0,'2024-05-30 06:53:28','2024-05-30 06:53:28',232,18,119,1),(2189,0,18,0,0,0,0,NULL,NULL,0,0,NULL,NULL,0,0,'2024-05-30 06:53:28','2024-05-30 06:53:28',232,18,120,1),(2190,0,18,0,0,0,0,NULL,NULL,0,0,NULL,NULL,0,0,'2024-05-30 06:53:28','2024-05-30 06:53:28',232,18,121,1),(2191,0,2000,0,0,0,0,NULL,NULL,0,0,NULL,NULL,0,0,'2024-05-30 06:53:28','2024-05-30 06:53:28',232,18,122,1),(2192,1,1,1,0,0,1,'2024-05-30 08:44:54','2024-05-30 08:50:14',0,100,'2024-05-30 08:50:14',NULL,10,0,'2024-05-30 08:37:00','2024-05-30 08:50:14',233,18,116,1),(2193,0,1,0,0,0,0,NULL,NULL,0,0,NULL,NULL,0,0,'2024-05-30 08:37:00','2024-05-30 08:37:00',233,18,117,1),(2194,0,18,0,0,0,0,NULL,NULL,0,0,NULL,NULL,0,0,'2024-05-30 08:37:00','2024-05-30 08:37:00',233,18,118,1),(2195,0,18,0,0,0,0,NULL,NULL,0,0,NULL,NULL,0,0,'2024-05-30 08:37:00','2024-05-30 08:37:00',233,18,119,1),(2196,0,18,0,0,0,0,NULL,NULL,0,0,NULL,NULL,0,0,'2024-05-30 08:37:00','2024-05-30 08:37:00',233,18,120,1),(2197,0,18,0,0,0,0,NULL,NULL,0,0,NULL,NULL,0,0,'2024-05-30 08:37:00','2024-05-30 08:37:00',233,18,121,1),(2198,0,2000,0,0,0,0,NULL,NULL,0,0,NULL,NULL,0,0,'2024-05-30 08:37:00','2024-05-30 08:37:00',233,18,122,1),(2199,0,1,0,0,0,0,NULL,NULL,0,0,NULL,NULL,0,0,'2024-05-30 08:37:00','2024-05-30 08:37:00',234,18,116,1),(2200,0,1,0,0,0,0,NULL,NULL,0,0,NULL,NULL,0,0,'2024-05-30 08:37:00','2024-05-30 08:37:00',234,18,117,1),(2201,0,18,0,0,0,0,NULL,NULL,0,0,NULL,NULL,0,0,'2024-05-30 08:37:00','2024-05-30 08:37:00',234,18,118,1),(2202,0,18,0,0,0,0,NULL,NULL,0,0,NULL,NULL,0,0,'2024-05-30 08:37:00','2024-05-30 08:37:00',234,18,119,1),(2203,0,18,0,0,0,0,NULL,NULL,0,0,NULL,NULL,0,0,'2024-05-30 08:37:00','2024-05-30 08:37:00',234,18,120,1),(2204,0,18,0,0,0,0,NULL,NULL,0,0,NULL,NULL,0,0,'2024-05-30 08:37:00','2024-05-30 08:37:00',234,18,121,1),(2205,0,2000,0,0,0,0,NULL,NULL,0,0,NULL,NULL,0,0,'2024-05-30 08:37:00','2024-05-30 08:37:00',234,18,122,1),(2206,0,1,0,0,0,1,'2024-05-30 09:09:35',NULL,0,0,NULL,NULL,0,0,'2024-05-30 09:09:35','2024-05-30 09:09:35',233,9,53,4),(2207,0,18,0,0,0,0,NULL,NULL,0,0,NULL,NULL,0,0,'2024-05-30 09:09:35','2024-05-30 09:09:35',233,9,54,4),(2208,0,18,0,0,0,0,NULL,NULL,0,0,NULL,NULL,0,0,'2024-05-30 09:09:35','2024-05-30 09:09:35',233,9,55,4),(2209,0,18,0,0,0,0,NULL,NULL,0,0,NULL,NULL,0,0,'2024-05-30 09:09:35','2024-05-30 09:09:35',233,9,56,4),(2210,0,18,0,0,0,0,NULL,NULL,0,0,NULL,NULL,0,0,'2024-05-30 09:09:35','2024-05-30 09:09:35',233,9,57,4),(2211,0,18,0,0,0,0,NULL,NULL,0,0,NULL,NULL,0,0,'2024-05-30 09:09:35','2024-05-30 09:09:35',233,9,58,4),(2212,0,2000,0,0,0,0,NULL,NULL,0,0,NULL,NULL,0,0,'2024-05-30 09:09:35','2024-05-30 09:09:35',233,9,59,4),(2213,0,1,0,0,0,0,NULL,NULL,0,0,NULL,NULL,0,0,'2024-06-01 17:24:15','2024-06-01 17:24:15',235,18,116,1),(2214,0,1,0,0,0,0,NULL,NULL,0,0,NULL,NULL,0,0,'2024-06-01 17:24:15','2024-06-01 17:24:15',235,18,117,1),(2215,0,18,0,0,0,0,NULL,NULL,0,0,NULL,NULL,0,0,'2024-06-01 17:24:15','2024-06-01 17:24:15',235,18,118,1),(2216,0,18,0,0,0,0,NULL,NULL,0,0,NULL,NULL,0,0,'2024-06-01 17:24:15','2024-06-01 17:24:15',235,18,119,1),(2217,0,18,0,0,0,0,NULL,NULL,0,0,NULL,NULL,0,0,'2024-06-01 17:24:15','2024-06-01 17:24:15',235,18,120,1),(2218,0,18,0,0,0,0,NULL,NULL,0,0,NULL,NULL,0,0,'2024-06-01 17:24:15','2024-06-01 17:24:15',235,18,121,1),(2219,0,2000,0,0,0,0,NULL,NULL,0,0,NULL,NULL,0,0,'2024-06-01 17:24:15','2024-06-01 17:24:15',235,18,122,1),(2220,0,1,0,0,0,0,NULL,NULL,0,0,NULL,NULL,0,0,'2024-06-01 17:24:15','2024-06-01 17:24:15',236,18,116,1),(2221,0,1,0,0,0,0,NULL,NULL,0,0,NULL,NULL,0,0,'2024-06-01 17:24:15','2024-06-01 17:24:15',236,18,117,1),(2222,0,18,0,0,0,0,NULL,NULL,0,0,NULL,NULL,0,0,'2024-06-01 17:24:15','2024-06-01 17:24:15',236,18,118,1),(2223,0,18,0,0,0,0,NULL,NULL,0,0,NULL,NULL,0,0,'2024-06-01 17:24:15','2024-06-01 17:24:15',236,18,119,1),(2224,0,18,0,0,0,0,NULL,NULL,0,0,NULL,NULL,0,0,'2024-06-01 17:24:15','2024-06-01 17:24:15',236,18,120,1),(2225,0,18,0,0,0,0,NULL,NULL,0,0,NULL,NULL,0,0,'2024-06-01 17:24:15','2024-06-01 17:24:15',236,18,121,1),(2226,0,2000,0,0,0,0,NULL,NULL,0,0,NULL,NULL,0,0,'2024-06-01 17:24:15','2024-06-01 17:24:15',236,18,122,1),(2227,0,1,0,0,0,1,'2024-06-03 15:40:50',NULL,0,0,NULL,NULL,0,0,'2024-06-03 15:40:50','2024-06-03 15:40:50',197,9,53,3),(2228,0,18,0,0,0,0,NULL,NULL,0,0,NULL,NULL,0,0,'2024-06-03 15:40:50','2024-06-03 15:40:50',197,9,54,3),(2229,0,18,0,0,0,0,NULL,NULL,0,0,NULL,NULL,0,0,'2024-06-03 15:40:50','2024-06-03 15:40:50',197,9,55,3),(2230,0,18,0,0,0,0,NULL,NULL,0,0,NULL,NULL,0,0,'2024-06-03 15:40:50','2024-06-03 15:40:50',197,9,56,3),(2231,0,18,0,0,0,0,NULL,NULL,0,0,NULL,NULL,0,0,'2024-06-03 15:40:50','2024-06-03 15:40:50',197,9,57,3),(2232,0,18,0,0,0,0,NULL,NULL,0,0,NULL,NULL,0,0,'2024-06-03 15:40:50','2024-06-03 15:40:50',197,9,58,3),(2233,0,2000,0,0,0,0,NULL,NULL,0,0,NULL,NULL,0,0,'2024-06-03 15:40:50','2024-06-03 15:40:50',197,9,59,3),(2234,0,1,0,0,0,0,NULL,NULL,0,0,NULL,NULL,0,0,'2024-06-07 09:53:57','2024-06-07 09:53:57',242,18,116,1),(2235,0,1,0,0,0,0,NULL,NULL,0,0,NULL,NULL,0,0,'2024-06-07 09:53:57','2024-06-07 09:53:57',242,18,117,1),(2236,0,18,0,0,0,0,NULL,NULL,0,0,NULL,NULL,0,0,'2024-06-07 09:53:57','2024-06-07 09:53:57',242,18,118,1),(2237,0,18,0,0,0,0,NULL,NULL,0,0,NULL,NULL,0,0,'2024-06-07 09:53:57','2024-06-07 09:53:57',242,18,119,1),(2238,0,18,0,0,0,0,NULL,NULL,0,0,NULL,NULL,0,0,'2024-06-07 09:53:57','2024-06-07 09:53:57',242,18,120,1),(2239,0,18,0,0,0,0,NULL,NULL,0,0,NULL,NULL,0,0,'2024-06-07 09:53:57','2024-06-07 09:53:57',242,18,121,1),(2240,0,2000,0,0,0,0,NULL,NULL,0,0,NULL,NULL,0,0,'2024-06-07 09:53:57','2024-06-07 09:53:57',242,18,122,1),(2241,0,1,0,0,0,0,NULL,NULL,0,0,NULL,NULL,0,0,'2024-06-07 09:53:57','2024-06-07 09:53:57',243,18,116,1),(2242,0,1,0,0,0,0,NULL,NULL,0,0,NULL,NULL,0,0,'2024-06-07 09:53:57','2024-06-07 09:53:57',243,18,117,1),(2243,0,18,0,0,0,0,NULL,NULL,0,0,NULL,NULL,0,0,'2024-06-07 09:53:57','2024-06-07 09:53:57',243,18,118,1),(2244,0,18,0,0,0,0,NULL,NULL,0,0,NULL,NULL,0,0,'2024-06-07 09:53:57','2024-06-07 09:53:57',243,18,119,1),(2245,0,18,0,0,0,0,NULL,NULL,0,0,NULL,NULL,0,0,'2024-06-07 09:53:57','2024-06-07 09:53:57',243,18,120,1),(2246,0,18,0,0,0,0,NULL,NULL,0,0,NULL,NULL,0,0,'2024-06-07 09:53:57','2024-06-07 09:53:57',243,18,121,1),(2247,0,2000,0,0,0,0,NULL,NULL,0,0,NULL,NULL,0,0,'2024-06-07 09:53:57','2024-06-07 09:53:57',243,18,122,1);
/*!40000 ALTER TABLE `userTasks` ENABLE KEYS */;
UNLOCK TABLES;

--
-- Table structure for table `userTeams`
--

DROP TABLE IF EXISTS `userTeams`;
/*!40101 SET @saved_cs_client     = @@character_set_client */;
/*!50503 SET character_set_client = utf8mb4 */;
CREATE TABLE `userTeams` (
  `id` int NOT NULL AUTO_INCREMENT,
  `createdAt` datetime NOT NULL,
  `updatedAt` datetime NOT NULL,
  `userId` int DEFAULT NULL,
  `programId` int DEFAULT NULL,
  `teamId` int DEFAULT NULL,
  PRIMARY KEY (`id`),
  KEY `userId` (`userId`),
  KEY `programId` (`programId`),
  KEY `teamId` (`teamId`),
  CONSTRAINT `userTeams_ibfk_1` FOREIGN KEY (`userId`) REFERENCES `users` (`id`) ON DELETE SET NULL ON UPDATE CASCADE,
  CONSTRAINT `userTeams_ibfk_2` FOREIGN KEY (`programId`) REFERENCES `programs` (`id`) ON DELETE SET NULL ON UPDATE CASCADE,
  CONSTRAINT `userTeams_ibfk_3` FOREIGN KEY (`teamId`) REFERENCES `teams` (`id`) ON DELETE SET NULL ON UPDATE CASCADE
) ENGINE=InnoDB AUTO_INCREMENT=239 DEFAULT CHARSET=utf8mb4 COLLATE=utf8mb4_0900_ai_ci;
/*!40101 SET character_set_client = @saved_cs_client */;

--
-- Dumping data for table `userTeams`
--

LOCK TABLES `userTeams` WRITE;
/*!40000 ALTER TABLE `userTeams` DISABLE KEYS */;
INSERT INTO `userTeams` VALUES (1,'2024-04-24 06:36:20','2024-04-24 06:36:20',5,2,1),(2,'2024-04-24 06:36:20','2024-04-24 06:36:20',6,2,1),(3,'2024-04-24 06:36:20','2024-04-24 06:36:20',7,2,1),(4,'2024-04-24 06:36:20','2024-04-24 06:36:20',8,2,1),(5,'2024-04-24 06:36:20','2024-04-24 06:36:20',9,2,1),(6,'2024-04-24 06:36:20','2024-04-24 06:36:20',10,2,1),(7,'2024-04-24 06:36:20','2024-04-24 06:36:20',11,2,1),(8,'2024-04-24 08:00:05','2024-04-24 08:00:05',4,2,2),(9,'2024-04-24 08:00:05','2024-04-24 08:00:05',12,2,2),(10,'2024-04-24 11:04:26','2024-04-24 11:04:26',13,2,3),(11,'2024-04-24 11:04:26','2024-04-24 11:04:26',14,2,3),(12,'2024-04-25 06:08:09','2024-04-25 06:08:09',15,5,4),(13,'2024-04-25 06:08:09','2024-04-25 06:08:09',16,5,4),(14,'2024-04-25 14:14:22','2024-04-25 14:14:22',19,2,5),(15,'2024-04-25 14:14:22','2024-04-25 14:14:22',20,2,5),(16,'2024-04-25 14:18:22','2024-04-25 14:18:22',17,2,6),(17,'2024-04-25 14:18:22','2024-04-25 14:18:22',18,2,6),(19,'2024-04-26 02:07:48','2024-04-26 02:07:48',22,2,7),(20,'2024-04-26 10:27:04','2024-04-26 10:27:04',23,2,8),(21,'2024-04-26 10:27:04','2024-04-26 10:27:04',24,2,8),(22,'2024-04-26 11:26:10','2024-04-26 11:26:10',25,1,9),(23,'2024-04-26 11:26:10','2024-04-26 11:26:10',10,1,9),(26,'2024-04-27 06:28:07','2024-04-27 06:28:07',26,2,8),(27,'2024-04-27 09:22:42','2024-04-27 09:22:42',35,3,11),(28,'2024-04-27 09:22:42','2024-04-27 09:22:42',36,1,9),(29,'2024-04-26 10:27:04','2024-04-26 10:27:04',37,2,8),(30,'2024-04-29 07:16:30','2024-04-29 07:16:30',38,3,12),(31,'2024-04-29 07:16:30','2024-04-29 07:16:30',39,3,12),(32,'2024-04-29 14:34:07','2024-04-29 14:34:07',37,3,13),(33,'2024-04-29 14:34:07','2024-04-29 14:34:07',40,3,13),(34,'2024-04-29 14:34:07','2024-04-29 14:34:07',41,3,13),(35,'2024-04-29 14:34:07','2024-04-29 14:34:07',42,3,13),(36,'2024-04-29 14:47:25','2024-04-29 14:47:25',43,2,14),(37,'2024-04-29 14:47:25','2024-04-29 14:47:25',44,2,14),(38,'2024-04-30 07:02:29','2024-04-30 07:02:29',45,2,15),(39,'2024-04-30 07:02:29','2024-04-30 07:02:29',46,2,15),(40,'2024-04-30 07:02:29','2024-04-30 07:02:29',47,2,15),(41,'2024-05-01 13:56:10','2024-05-01 13:56:10',48,15,16),(42,'2024-05-01 13:56:10','2024-05-01 13:56:10',49,15,16),(43,'2024-05-01 13:56:10','2024-05-01 13:56:10',50,15,16),(44,'2024-05-02 14:02:07','2024-05-02 14:02:07',7,17,17),(45,'2024-05-02 14:02:07','2024-05-02 14:02:07',40,17,17),(46,'2024-05-03 12:05:12','2024-05-03 12:05:12',47,3,18),(47,'2024-05-03 12:05:12','2024-05-03 12:05:12',51,3,18),(48,'2024-05-06 12:28:36','2024-05-06 12:28:36',52,3,19),(49,'2024-05-06 12:28:36','2024-05-06 12:28:36',53,3,19),(50,'2024-05-06 12:57:13','2024-05-06 12:57:13',54,3,20),(51,'2024-05-06 12:57:13','2024-05-06 12:57:13',10,3,20),(52,'2024-05-08 06:46:44','2024-05-08 06:46:44',55,2,21),(53,'2024-05-08 06:46:44','2024-05-08 06:46:44',56,2,21),(54,'2024-05-08 09:25:30','2024-05-08 09:25:30',57,2,22),(55,'2024-05-08 09:25:30','2024-05-08 09:25:30',58,2,22),(56,'2024-05-09 07:24:28','2024-05-09 07:24:28',59,2,23),(57,'2024-05-09 07:24:28','2024-05-09 07:24:28',60,2,23),(58,'2024-05-09 14:36:29','2024-05-09 14:36:29',60,3,24),(59,'2024-05-09 14:36:29','2024-05-09 14:36:29',61,3,24),(60,'2024-05-09 16:39:06','2024-05-09 16:39:06',62,2,25),(61,'2024-05-09 16:39:06','2024-05-09 16:39:06',63,2,25),(62,'2024-05-10 07:30:30','2024-05-10 07:30:30',64,2,26),(63,'2024-05-10 07:30:30','2024-05-10 07:30:30',65,2,26),(64,'2024-05-10 07:30:30','2024-05-10 07:30:30',66,2,26),(65,'2024-05-11 05:09:11','2024-05-11 05:09:11',67,2,27),(66,'2024-05-11 05:09:12','2024-05-11 05:09:12',68,2,27),(67,'2024-05-11 05:09:12','2024-05-11 05:09:12',69,2,27),(68,'2024-05-11 08:40:18','2024-05-11 08:40:18',70,2,28),(69,'2024-05-11 08:40:18','2024-05-11 08:40:18',71,2,28),(70,'2024-05-11 09:06:22','2024-05-11 09:06:22',69,1,29),(71,'2024-05-11 09:06:22','2024-05-11 09:06:22',47,1,29),(72,'2024-05-11 12:52:39','2024-05-11 12:52:39',80,18,30),(73,'2024-05-11 12:52:39','2024-05-11 12:52:39',81,18,30),(74,'2024-05-11 12:58:58','2024-05-11 12:58:58',82,18,31),(75,'2024-05-11 12:58:58','2024-05-11 12:58:58',83,18,31),(76,'2024-05-11 13:21:46','2024-05-11 13:21:46',84,18,32),(77,'2024-05-11 13:21:46','2024-05-11 13:21:46',79,18,32),(78,'2024-05-11 14:13:45','2024-05-11 14:13:45',68,18,33),(79,'2024-05-11 14:13:45','2024-05-11 14:13:45',85,18,33),(80,'2024-05-11 14:39:44','2024-05-11 14:39:44',86,18,34),(81,'2024-05-11 14:39:44','2024-05-11 14:39:44',10,18,34),(82,'2024-05-12 10:34:14','2024-05-12 10:34:14',87,2,35),(83,'2024-05-12 10:34:14','2024-05-12 10:34:14',88,2,35),(84,'2024-05-12 11:09:21','2024-05-12 11:09:21',89,2,36),(85,'2024-05-12 11:09:21','2024-05-12 11:09:21',90,2,36),(86,'2024-05-13 05:28:28','2024-05-13 05:28:28',91,18,37),(87,'2024-05-13 05:28:28','2024-05-13 05:28:28',59,18,37),(88,'2024-05-13 06:58:43','2024-05-13 06:58:43',92,18,38),(89,'2024-05-13 06:58:43','2024-05-13 06:58:43',93,18,38),(90,'2024-05-13 07:38:31','2024-05-13 07:38:31',94,18,39),(91,'2024-05-13 07:38:31','2024-05-13 07:38:31',10,18,39),(92,'2024-05-13 08:06:52','2024-05-13 08:06:52',95,18,40),(93,'2024-05-13 08:06:52','2024-05-13 08:06:52',19,18,40),(94,'2024-05-13 08:26:43','2024-05-13 08:26:43',95,17,41),(95,'2024-05-13 08:26:43','2024-05-13 08:26:43',96,17,41),(96,'2024-05-13 08:32:24','2024-05-13 08:32:24',96,18,42),(97,'2024-05-13 08:32:24','2024-05-13 08:32:24',97,18,42),(98,'2024-05-13 09:10:18','2024-05-13 09:10:18',99,18,43),(99,'2024-05-13 09:10:18','2024-05-13 09:10:18',100,18,43),(100,'2024-05-13 09:39:48','2024-05-13 09:39:48',101,18,44),(101,'2024-05-13 09:39:48','2024-05-13 09:39:48',102,18,44),(102,'2024-05-13 10:24:52','2024-05-13 10:24:52',103,18,45),(103,'2024-05-13 10:24:52','2024-05-13 10:24:52',104,18,45),(104,'2024-05-13 10:24:52','2024-05-13 10:24:52',105,18,45),(105,'2024-05-13 10:24:52','2024-05-13 10:24:52',106,18,45),(106,'2024-05-13 10:24:52','2024-05-13 10:24:52',107,18,45),(107,'2024-05-13 10:24:52','2024-05-13 10:24:52',108,18,45),(108,'2024-05-13 10:24:52','2024-05-13 10:24:52',109,18,45),(109,'2024-05-13 10:24:52','2024-05-13 10:24:52',110,18,45),(110,'2024-05-13 10:24:52','2024-05-13 10:24:52',111,18,46),(111,'2024-05-13 10:24:52','2024-05-13 10:24:52',112,18,46),(112,'2024-05-13 10:24:52','2024-05-13 10:24:52',113,18,46),(113,'2024-05-13 10:24:52','2024-05-13 10:24:52',114,18,46),(114,'2024-05-13 10:24:52','2024-05-13 10:24:52',115,18,46),(115,'2024-05-13 10:24:52','2024-05-13 10:24:52',116,18,46),(116,'2024-05-13 10:24:52','2024-05-13 10:24:52',117,18,46),(117,'2024-05-13 10:24:52','2024-05-13 10:24:52',118,18,46),(118,'2024-05-13 10:24:52','2024-05-13 10:24:52',119,18,47),(119,'2024-05-13 10:24:52','2024-05-13 10:24:52',120,18,47),(120,'2024-05-13 10:24:52','2024-05-13 10:24:52',121,18,47),(121,'2024-05-13 10:24:52','2024-05-13 10:24:52',122,18,47),(122,'2024-05-13 10:24:52','2024-05-13 10:24:52',123,18,47),(123,'2024-05-13 10:24:52','2024-05-13 10:24:52',124,18,47),(124,'2024-05-13 10:24:52','2024-05-13 10:24:52',125,18,47),(125,'2024-05-13 10:24:52','2024-05-13 10:24:52',126,18,47),(126,'2024-05-13 10:24:52','2024-05-13 10:24:52',127,18,48),(127,'2024-05-13 10:24:52','2024-05-13 10:24:52',128,18,48),(128,'2024-05-13 10:24:52','2024-05-13 10:24:52',129,18,48),(129,'2024-05-13 10:24:52','2024-05-13 10:24:52',130,18,48),(130,'2024-05-13 10:24:52','2024-05-13 10:24:52',131,18,48),(131,'2024-05-13 10:24:52','2024-05-13 10:24:52',132,18,48),(132,'2024-05-13 10:24:52','2024-05-13 10:24:52',133,18,48),(133,'2024-05-13 10:24:52','2024-05-13 10:24:52',134,18,48),(134,'2024-05-13 10:24:52','2024-05-13 10:24:52',135,18,49),(135,'2024-05-13 10:24:52','2024-05-13 10:24:52',136,18,49),(136,'2024-05-13 10:24:52','2024-05-13 10:24:52',137,18,49),(137,'2024-05-13 10:24:52','2024-05-13 10:24:52',138,18,49),(138,'2024-05-13 10:24:52','2024-05-13 10:24:52',139,18,49),(139,'2024-05-13 10:24:53','2024-05-13 10:24:53',140,18,49),(140,'2024-05-13 10:24:53','2024-05-13 10:24:53',141,18,49),(141,'2024-05-13 10:24:53','2024-05-13 10:24:53',142,18,49),(142,'2024-05-13 10:24:53','2024-05-13 10:24:53',143,18,50),(143,'2024-05-13 10:24:53','2024-05-13 10:24:53',144,18,50),(144,'2024-05-13 10:24:53','2024-05-13 10:24:53',145,18,50),(145,'2024-05-13 10:24:53','2024-05-13 10:24:53',146,18,50),(146,'2024-05-13 10:24:53','2024-05-13 10:24:53',147,18,50),(147,'2024-05-13 10:24:53','2024-05-13 10:24:53',148,18,50),(148,'2024-05-13 10:24:53','2024-05-13 10:24:53',149,18,50),(149,'2024-05-13 10:24:53','2024-05-13 10:24:53',150,18,50),(150,'2024-05-13 10:24:53','2024-05-13 10:24:53',151,18,51),(151,'2024-05-13 10:24:53','2024-05-13 10:24:53',152,18,51),(152,'2024-05-13 10:24:53','2024-05-13 10:24:53',153,18,51),(153,'2024-05-13 10:24:53','2024-05-13 10:24:53',154,18,51),(154,'2024-05-13 10:24:53','2024-05-13 10:24:53',155,18,51),(155,'2024-05-13 10:24:53','2024-05-13 10:24:53',156,18,51),(156,'2024-05-13 10:24:53','2024-05-13 10:24:53',157,18,51),(157,'2024-05-13 10:24:53','2024-05-13 10:24:53',158,18,51),(158,'2024-05-13 10:24:53','2024-05-13 10:24:53',159,18,52),(159,'2024-05-13 10:24:53','2024-05-13 10:24:53',160,18,52),(160,'2024-05-13 10:24:53','2024-05-13 10:24:53',161,18,52),(161,'2024-05-13 10:24:53','2024-05-13 10:24:53',162,18,52),(162,'2024-05-13 10:24:53','2024-05-13 10:24:53',163,18,52),(163,'2024-05-13 12:09:03','2024-05-13 12:09:03',164,18,53),(164,'2024-05-13 12:09:03','2024-05-13 12:09:03',165,18,53),(165,'2024-05-13 12:32:37','2024-05-13 12:32:37',166,18,54),(166,'2024-05-13 12:32:37','2024-05-13 12:32:37',167,18,54),(167,'2024-05-14 05:26:22','2024-05-14 05:26:22',168,18,55),(168,'2024-05-14 05:26:22','2024-05-14 05:26:22',169,18,55),(169,'2024-05-14 10:36:45','2024-05-14 10:36:45',170,18,56),(170,'2024-05-14 10:36:45','2024-05-14 10:36:45',171,18,56),(171,'2024-05-14 11:21:26','2024-05-14 11:21:26',172,18,57),(172,'2024-05-14 11:21:26','2024-05-14 11:21:26',173,18,57),(173,'2024-05-14 12:19:42','2024-05-14 12:19:42',174,18,58),(174,'2024-05-14 12:19:42','2024-05-14 12:19:42',175,18,58),(175,'2024-05-14 12:36:22','2024-05-14 12:36:22',176,18,59),(176,'2024-05-14 12:36:22','2024-05-14 12:36:22',177,18,59),(177,'2024-05-15 04:17:05','2024-05-15 04:17:05',178,18,60),(178,'2024-05-15 04:17:05','2024-05-15 04:17:05',179,18,60),(179,'2024-05-16 09:53:35','2024-05-16 09:53:35',180,18,61),(180,'2024-05-16 09:53:35','2024-05-16 09:53:35',181,18,61),(181,'2024-05-16 09:53:35','2024-05-16 09:53:35',182,18,61),(182,'2024-05-16 09:53:35','2024-05-16 09:53:35',183,18,61),(183,'2024-05-16 09:53:35','2024-05-16 09:53:35',184,18,61),(184,'2024-05-16 09:53:35','2024-05-16 09:53:35',185,18,61),(185,'2024-05-16 09:53:35','2024-05-16 09:53:35',186,18,61),(186,'2024-05-16 09:53:35','2024-05-16 09:53:35',187,18,61),(187,'2024-05-16 09:53:35','2024-05-16 09:53:35',188,18,62),(188,'2024-05-16 09:53:35','2024-05-16 09:53:35',189,18,62),(189,'2024-05-16 09:53:35','2024-05-16 09:53:35',190,18,62),(190,'2024-05-16 09:53:35','2024-05-16 09:53:35',191,18,62),(191,'2024-05-16 09:53:35','2024-05-16 09:53:35',192,18,62),(192,'2024-05-16 09:53:35','2024-05-16 09:53:35',193,18,62),(193,'2024-05-16 09:53:35','2024-05-16 09:53:35',194,18,62),(194,'2024-05-16 09:53:35','2024-05-16 09:53:35',195,18,62),(195,'2024-05-17 06:38:57','2024-05-17 06:38:57',197,18,63),(196,'2024-05-17 06:38:57','2024-05-17 06:38:57',198,18,63),(197,'2024-05-17 08:23:16','2024-05-17 08:23:16',199,18,64),(198,'2024-05-17 08:23:16','2024-05-17 08:23:16',200,18,64),(199,'2024-05-17 09:08:33','2024-05-17 09:08:33',203,18,65),(200,'2024-05-17 09:08:33','2024-05-17 09:08:33',204,18,65),(201,'2024-05-17 09:09:43','2024-05-17 09:09:43',205,18,66),(202,'2024-05-17 09:09:43','2024-05-17 09:09:43',206,18,66),(203,'2024-05-17 09:10:49','2024-05-17 09:10:49',207,18,67),(204,'2024-05-17 09:10:49','2024-05-17 09:10:49',208,18,67),(205,'2024-05-17 09:30:55','2024-05-17 09:30:55',NULL,18,68),(206,'2024-05-17 09:30:55','2024-05-17 09:30:55',NULL,18,68),(207,'2024-05-17 09:33:11','2024-05-17 09:33:11',NULL,18,69),(208,'2024-05-17 09:33:11','2024-05-17 09:33:11',NULL,18,69),(209,'2024-05-17 09:37:21','2024-05-17 09:37:21',NULL,18,70),(210,'2024-05-17 09:37:21','2024-05-17 09:37:21',NULL,18,70),(211,'2024-05-17 09:38:06','2024-05-17 09:38:06',NULL,18,71),(212,'2024-05-17 09:38:06','2024-05-17 09:38:06',NULL,18,71),(213,'2024-05-17 11:39:39','2024-05-17 11:39:39',217,18,72),(214,'2024-05-17 11:39:39','2024-05-17 11:39:39',218,18,72),(215,'2024-05-20 11:53:34','2024-05-20 11:53:34',219,18,73),(216,'2024-05-20 11:53:34','2024-05-20 11:53:34',220,18,73),(217,'2024-05-21 09:22:08','2024-05-21 09:22:08',221,18,74),(218,'2024-05-21 09:22:08','2024-05-21 09:22:08',222,18,74),(219,'2024-05-24 05:19:19','2024-05-24 05:19:19',223,18,75),(220,'2024-05-24 05:19:19','2024-05-24 05:19:19',224,18,75),(221,'2024-05-24 08:55:25','2024-05-24 08:55:25',225,18,76),(222,'2024-05-24 08:55:25','2024-05-24 08:55:25',226,18,76),(223,'2024-05-26 12:00:14','2024-05-26 12:00:14',227,18,77),(224,'2024-05-26 12:00:14','2024-05-26 12:00:14',228,18,77),(225,'2024-05-27 06:44:19','2024-05-27 06:44:19',223,1,78),(226,'2024-05-27 06:44:19','2024-05-27 06:44:19',166,1,78),(227,'2024-05-27 06:44:44','2024-05-27 06:44:44',223,4,79),(228,'2024-05-27 06:44:44','2024-05-27 06:44:44',166,4,79),(229,'2024-05-28 11:45:03','2024-05-28 11:45:03',229,18,80),(230,'2024-05-28 11:45:03','2024-05-28 11:45:03',230,18,80),(231,'2024-05-30 06:53:28','2024-05-30 06:53:28',231,18,81),(232,'2024-05-30 06:53:28','2024-05-30 06:53:28',232,18,81),(233,'2024-05-30 08:37:00','2024-05-30 08:37:00',233,18,82),(234,'2024-05-30 08:37:00','2024-05-30 08:37:00',234,18,82),(235,'2024-06-01 17:24:15','2024-06-01 17:24:15',235,18,83),(236,'2024-06-01 17:24:15','2024-06-01 17:24:15',236,18,83),(237,'2024-06-07 09:53:57','2024-06-07 09:53:57',242,18,84),(238,'2024-06-07 09:53:57','2024-06-07 09:53:57',243,18,84);
/*!40000 ALTER TABLE `userTeams` ENABLE KEYS */;
UNLOCK TABLES;

--
-- Table structure for table `users`
--

DROP TABLE IF EXISTS `users`;
/*!40101 SET @saved_cs_client     = @@character_set_client */;
/*!50503 SET character_set_client = utf8mb4 */;
CREATE TABLE `users` (
  `id` int NOT NULL AUTO_INCREMENT,
  `name` varchar(255) NOT NULL,
  `email` varchar(255) NOT NULL,
  `mobile` bigint DEFAULT NULL,
  `password` varchar(255) DEFAULT NULL,
  `department` varchar(255) NOT NULL,
  `designation` varchar(255) NOT NULL,
  `companyName` varchar(255) DEFAULT NULL,
  `joiningDate` datetime DEFAULT NULL,
  `isEmailVerified` tinyint(1) DEFAULT '0',
  `isPasswordChanged` tinyint(1) DEFAULT '0',
  `isFirstTimeLogin` tinyint(1) DEFAULT '1',
  `totalPoints` int DEFAULT '0',
  `redeemedPoints` int DEFAULT '0',
  `balancePoints` int DEFAULT '0',
  `totalCoins` int DEFAULT '0',
  `redeemedCoins` int DEFAULT '0',
  `balanceCoins` int DEFAULT '0',
  `towerHeight` int DEFAULT '0',
  `streak` int DEFAULT '0',
  `allowNotifications` tinyint(1) DEFAULT '0',
  `activeProfPrograms` int DEFAULT '0',
  `activePersnlPrograms` int DEFAULT '0',
  `programCategory` varchar(255) DEFAULT NULL,
  `profilePicture` varchar(255) DEFAULT NULL,
  `isPersonalProgramPublic` tinyint(1) DEFAULT NULL,
  `nudgeTime` time DEFAULT NULL,
  `aspireId` varchar(255) NOT NULL,
  `towerRank` int DEFAULT NULL,
  `empId` int DEFAULT NULL,
  `deviceToken` varchar(255) DEFAULT NULL,
  `deviceModel` varchar(255) DEFAULT NULL,
  `deviceOs` varchar(255) DEFAULT NULL,
  `language` varchar(255) DEFAULT NULL,
  `timeZone` varchar(255) DEFAULT NULL,
  `jwtToken` varchar(255) DEFAULT NULL,
  `isFirstTimeProgram` tinyint(1) DEFAULT '1',
  `firstTimeProgramDate` datetime DEFAULT NULL,
  `firstTimeProfesionalProgramId` int DEFAULT NULL,
  `firstTimePersonalProgramId` int DEFAULT NULL,
  `isApptourFinished` tinyint(1) DEFAULT '0',
  `isHomeTourFinished` tinyint(1) DEFAULT '0',
  `isChallengeTourFinsihed` tinyint(1) DEFAULT '0',
  `isExtensionTourFinished` tinyint(1) DEFAULT '0',
  `taskUpdationTourFinished` tinyint(1) DEFAULT '0',
  `isLifeHabitTourFinished` tinyint(1) DEFAULT '0',
  `isGrowthTourFinished` tinyint(1) DEFAULT '0',
  `createdAt` datetime NOT NULL,
  `updatedAt` datetime NOT NULL,
  `customerId` int DEFAULT NULL,
  PRIMARY KEY (`id`),
  KEY `customerId` (`customerId`),
  CONSTRAINT `users_ibfk_1` FOREIGN KEY (`customerId`) REFERENCES `customers` (`id`) ON DELETE SET NULL ON UPDATE CASCADE
) ENGINE=InnoDB AUTO_INCREMENT=244 DEFAULT CHARSET=utf8mb4 COLLATE=utf8mb4_0900_ai_ci;
/*!40101 SET character_set_client = @saved_cs_client */;

--
-- Dumping data for table `users`
--

LOCK TABLES `users` WRITE;
/*!40000 ALTER TABLE `users` DISABLE KEYS */;
INSERT INTO `users` VALUES (4,'Datta','dattuideass@gmail.com',99520883322,'$2a$05$mJIW7O0VvFnsf9k3qr6j8ePI/1yQL..GeZxLIQbh4l4eYRQlNxz5O','Sales','Founder',NULL,'2022-01-01 00:00:00',1,1,0,0,0,0,1000,0,1000,0,0,1,0,0,NULL,'https://postactionsbucket.s3.ap-south-1.amazonaws.com/uploads/profile-picture1713900153490_1713900134257_IMG.png',0,NULL,'asp-7428-15',38,NULL,'cmIuY3W8S7emVsWgAB8lbF:APA91bGa1e1o108fKbATzxAKvlS8_qXUucs-0qAQAJq7zL0zl2dkYJ_81ophllV-OgPu53Kpd_d-RG7eoLrwgOtETkD9ZjyAiXwxPhzmmII3fbJcSsYK1yVCUZUhXiSKjtvJ2aaFVFuB','OnePlus  HD1901','Android','en','Asia/Kolkata',NULL,1,NULL,NULL,NULL,0,1,0,0,0,0,0,'2024-04-22 17:10:21','2024-06-08 11:46:47',1),(5,'Stay Live Grow','staylivegrow@aspirenow.in',7358066709,'$2a$05$bND7ZfiNoNRWHcr9CGtNX.5uOJhK4a9N1H0/DI2ihUhfsdWC61P4e','Sales','Project Manager',NULL,'2024-02-01 00:00:00',1,1,0,0,0,0,1015,400,615,1,0,1,1,1,NULL,'https://postactionsbucket.s3.ap-south-1.amazonaws.com/uploads/profile-picture1714393208519_IMG-20240422-WA0016.jpg',NULL,NULL,'asp-4738-44',37,NULL,'cCTZ494Aq0yHuMBfQdVygM:APA91bFpQWiqfMOyEwds0K-CZjuyRsAY9rABWWpWPLinK_Bk5BC26VekMWAAi6Sz3-VEXw_SB7Eif3ld_Fffl0JTl_uvzf9Icya1ohkyuyy7S42JGl3vIbahSgYYZvnoOlcZU68KL3Ra','iPad Air (5th generation)','iOS','en','America/Los_Angeles',NULL,0,'2024-04-29 12:21:33',2,11,0,1,1,0,1,0,0,'2024-04-23 18:58:21','2024-06-10 11:03:08',1),(6,'Ozaira Bee Asha. I','asha.i@spigroup.in',7448507867,NULL,'Sales','Project Manager',NULL,'2022-04-01 00:00:00',0,0,1,0,0,0,1000,0,1000,0,0,0,0,0,NULL,NULL,NULL,NULL,'asp-1207-34',39,NULL,NULL,NULL,NULL,NULL,NULL,NULL,1,NULL,NULL,NULL,0,0,0,0,0,0,0,'2024-04-23 18:58:21','2024-06-08 11:46:47',1),(7,'Krishna Prasaad R','krishnaprasaad@spigroup.in',9445895581,'$2a$05$7J2HrFaQOfeTih2KgeZ9LuhlJbOF0meGIOIpc5TS52TKqefqM0X9.','Sales','Business owner',NULL,'2019-05-09 00:00:00',1,1,0,200,0,200,1075,0,60,25,0,1,2,1,NULL,'https://postactionsbucket.s3.ap-south-1.amazonaws.com/uploads/profile-picture1713944611490_IMG_20240107_212915_015.jpg',0,NULL,'asp-7646-03',3,NULL,'dWGLvISfRQKCcNRTv8vky2:APA91bGJd-18iuMs2vAfM88nU3h3GTpG3UDuNEYnr03Xk2HLy4_QoG1Kwu4ORgBONfZEk9psmdRuLq3l3trhhml6NKu3EVGZxlNQpOPkpgM8ULscFwEhbx8RpNvudzB_rVt1nvNeOC7W','OnePlus  MT2111','Android','en','Asia/Tokyo',NULL,0,'2024-04-24 07:40:18',2,9,0,1,1,0,1,0,0,'2024-04-23 18:58:21','2024-06-08 11:46:47',1),(8,'Reuben Richard G','reen.g@spigroup.in',9791087016,'$2a$05$E5t9ZSpyLjJ0HlZU03szj.88U81VSNJs07cmemtU.0eHLR91QKrdy','Sales','Project Manager',NULL,'2023-01-04 00:00:00',1,1,0,80,0,80,1135,800,335,17,1,0,1,2,NULL,'https://postactionsbucket.s3.ap-south-1.amazonaws.com/uploads/profile-picture1713942971379_1713942932900_IMG.png',NULL,NULL,'asp-3883-88',5,NULL,'eDpH7IhSQ76eO8g3xlqmeZ:APA91bElq9NszeMHS41s_tKHV-EZS72Oo3ZcfYWvkcJOlFf-ESJDrw1A-U7NrrN-d0S1Env3sJxtV5Jj0RDf97Mwy54CZfMZlt6_qrRN9jcS-z-WH5LA-aq4rBPWeRRViJnC6BJir1BB','OnePlus  CPH2585','Android','en','Asia/Kolkata',NULL,0,'2024-04-23 18:55:29',2,9,0,1,1,0,1,0,0,'2024-04-23 18:58:21','2024-06-08 11:46:47',1),(9,'Subramaniam VK','subram.v@spigroup.in',73066708,'$2a$05$7PAzFuTLeXVsoFcrXcC4c.rXUQnctKADNOq7Dl2FtKwbBnrDZRkU2','Sales','Product Manager',NULL,'2019-11-11 00:00:00',1,1,0,10,0,10,1015,400,1000,0,0,1,1,1,NULL,'https://postactionsbucket.s3.ap-south-1.amazonaws.com/uploads/profile-picture1713940347598_IMG-20240422-WA0011.jpg',NULL,NULL,'asp-3868-91',40,NULL,'cCNJjaQpTHCBRw0WGsWzob:APA91bGtzAuhCeXMq5JL4RwHS-A1uaPuVnXPFmb8TMDvCq3FCX5mO1SVXFl9u_T9ivJ8dRH3QEJ_mDkWDoPJYeXc3VTy9oXAHxZEmcIIwICKfZlgT0H1yn66elvpVit7NPRP_pkIxdfQ','vivo  V2050','Android','en','Asia/Kolkata',NULL,0,'2024-04-23 18:55:29',2,9,0,1,0,0,0,0,0,'2024-04-23 19:00:10','2024-06-08 11:46:47',1),(10,'Dhattatreya','dattathreya.v@spigroup.in',8618120361,'$2a$05$jOzcaSuCP5fIO1nkLIqnOuw6Y7k2UbvpB79jo/i4I.44aLki5p2xW','Sales','Job Trainee',NULL,'2024-01-01 00:00:00',1,1,0,5700,0,5700,5615,1200,5425,112,7,1,4,3,NULL,'https://postactionsbucket.s3.ap-south-1.amazonaws.com/uploads/profile-picture1715878263871_IMG_20240506_221035.jpg',1,'14:10:00','asp-9445-77',1,NULL,'cmASQTBdSLiekaFRovl5Fo:APA91bEKneyaCkXi0YzBM6k-RBqns13yn2M_P9ot031hQTYP4RJ2F6KqK_n85YGtmuvLdkcR4ikpbImLd69AjI0zLOB5I0nRGtXNfXqHxaJe8zCDErSkRwZnADEyBYz-Df8IxOSsece8','OnePlus  HD1901','Android','en','Pacific/Auckland',NULL,0,'2024-04-24 07:22:40',2,9,0,1,1,0,1,0,0,'2024-04-23 19:00:10','2024-06-10 10:39:13',1),(11,'Nithishkumar S','nithisjjjjjjjjh.s@spigroup.in',786792157,'$2a$05$tJVZRMsQd.XECLVgoRLsDOrlTdDs6eZX8WC0oib1MLFxX8n2rUE5C','Sales','Job Trainee',NULL,'2024-01-01 00:00:00',1,1,0,10,0,10,1015,400,615,3,1,1,1,1,NULL,'https://postactionsbucket.s3.ap-south-1.amazonaws.com/uploads/profile-picture1713944294215_1713944265678_IMG.png',NULL,NULL,'asp-1017-23',13,NULL,'cC3m63p5TCaID8cyBIDP6K:APA91bFye3NABhPs1GF5r-cVVCSUbFXemGA-EbxaZSMg_ZRt1Mub3wq6fDeze_NJ0hqG2N2MEQQ2OneE_wV52MRCRe6eDvCvixYgjcQjtPpnoi5c0albhS7O3bPETvYHdE0Sqvg69hF8','POCO  22127PC95I','Android','en','Asia/Calcutta',NULL,0,'2024-04-24 07:40:18',2,11,0,1,0,0,1,0,0,'2024-04-23 19:00:10','2024-06-08 11:46:47',1),(12,'Subramaniam VK','subramaniam.v@spigroup.in',1,'$2a$05$ibXGFve1yQgIUIb4TNmSJeogvTQymPTw7T5N32zoY2KHV5mk.VzeO','Sales','Product Manager',NULL,'2019-11-11 00:00:00',1,1,0,140,0,140,3215,1400,1815,101,2,1,1,7,NULL,'https://postactionsbucket.s3.ap-south-1.amazonaws.com/uploads/profile-picture1714659946944_1714659932823_IMG.png',0,'11:00:00','asp-2806-06',1,NULL,'edvp0Na4RNiBFXN__gohXe:APA91bE5Xi7PdYrHeHG1NR1o8_sFKxI6sIDxELnTM8OTJF0vBI9k0s7wC2451Qg6XljepSJtcSWUAihqUyfO6H1B2KPgFIRMxt6uc6R2cfRRiUXXojiZq9uqEcKpNjlfecVahpyRkOlY','OnePlus  CPH2467','Android','en','Asia/Kolkata',NULL,0,'2024-04-24 07:56:49',2,9,0,1,1,0,1,0,0,'2024-04-24 07:59:38','2024-06-10 12:52:39',2),(13,'Nithishkumar S','nitsh.s@spigroup.in',7867972161,'$2a$05$LtQLYaRVCUjBrLi2RN9JTOMWboJ.TYBnVeucXSl/YzJRnVQlABEUi','Sales','Job Trainee',NULL,'2024-01-01 00:00:00',1,1,0,0,0,0,1000,400,600,0,0,1,1,1,NULL,'https://postactionsbucket.s3.ap-south-1.amazonaws.com/uploads/profile-picture1713961609915_IMG-20240422-WA0011.jpg',NULL,NULL,'asp-6429-75',41,NULL,'crQEUX0lS72dnXY85jXwTW:APA91bE7vtUYEjl3uSrZuRgZzaMxcX3R1zUsf6CZT4dX7r3oXB-a3za1DwRxZ28Z5tA9GsG6twi_aCipekfxLekQYBK7gNoKZOc-1WD673egUVtbdF6CN9_f_F8BTL6C1uPq6wN9Hk78','POCO  22127PC95I','Android','en','Asia/Kolkata',NULL,0,'2024-04-24 12:13:18',2,10,0,1,0,0,0,0,0,'2024-04-24 10:54:57','2024-06-08 11:46:47',1),(14,'Aspire Admin','aspire@spigroup.in',1234567,'$2a$05$n6lQPZ8LchFot0j5gy/RYu34n4SrUSXJNEvvBPxJIcj3xN.avoic6','Sales','Project Manager',NULL,'2019-06-03 00:00:00',1,1,0,10,0,10,1015,400,615,3,1,1,1,1,NULL,'https://postactionsbucket.s3.ap-south-1.amazonaws.com/uploads/profile-picture1713958560205_1713958547149_IMG.png',NULL,NULL,'asp-1582-21',14,0,'cyW-ovPVRr-xeCt-Kgnyix:APA91bELlInfG7PcEPWuJmwSdyGiA51n2GHSRuRx2Xcd31V01nMCSMLF487nZN56AeOzKtWI9_8kdDImUGRCgd9wsWTC-0A_aWZEASrWWYub2tuerklMTLJDNwR1mMB6lEm-wu_RZ-w0','vivo  V2050','Android','en','Asia/Kolkata',NULL,0,'2024-04-24 11:38:33',2,10,0,1,0,0,1,0,0,'2024-04-24 11:02:21','2024-06-08 11:46:47',1),(15,'Nithish S','nhish.s@spigroup.in',7867971167,'$2a$05$eegCFHnipMU1ZiBliFm5wOpX.tBBa86WMmXO0YEkEdVGoH.d3Yc0S','Sales','Sales',NULL,'2023-04-01 00:00:00',1,1,0,10,0,10,1015,400,615,3,1,1,1,1,NULL,'https://postactionsbucket.s3.ap-south-1.amazonaws.com/uploads/profile-picture1714029584100_1714029573656_IMG.png',NULL,NULL,'asp-4846-04',15,NULL,'fxCpxiz8QtGOOrTNcvYG8y:APA91bHMc3cIl4c5THiQig3XoIqGgyW4rovAAOXW8itMZwml3UqiR8Qxg91PO35t_Ah3_KgYg0WybnDGM-xn0-JCNS1GEZpirdqLYAMzNk1EqgfthO30GwdQteK5wovMpfQM0X4MH6MW','POCO  22127PC95I','Android','en','Asia/Calcutta',NULL,0,'2024-04-25 06:15:43',5,9,0,1,0,0,1,0,0,'2024-04-25 05:58:34','2024-06-08 11:46:47',1),(16,'Akash S','akthi2212@gmail.com',7867921167,'$2a$05$u0S4JzHFW4S00ZetSGzzuOiM1WqjSwkmzGfa486whFwiwsFw.gaWO','Sales','Sales',NULL,'2023-04-01 00:00:00',1,1,0,0,0,0,1000,400,600,0,0,1,1,1,NULL,'https://postactionsbucket.s3.ap-south-1.amazonaws.com/uploads/profile-picture1714052734690_imagefile.jpg',NULL,NULL,'asp-1338-91',42,NULL,NULL,'iPhone SE (2nd generation)','iOS','en','Asia/Kolkata',NULL,0,'2024-04-25 06:15:43',5,9,0,1,1,0,1,0,0,'2024-04-25 05:59:41','2024-06-08 11:46:47',1),(17,'Abhiram TVS','abhiram.tvs@spigroup.in',9962207197,NULL,'Sales','Busines Owner',NULL,'2023-04-01 00:00:00',0,0,1,0,0,0,0,0,0,0,0,0,0,0,NULL,NULL,NULL,NULL,'asp-1477-80',43,NULL,NULL,NULL,NULL,NULL,NULL,NULL,1,NULL,NULL,NULL,0,0,0,0,0,0,0,'2024-04-25 11:49:24','2024-06-08 11:46:47',1),(18,'Nithish S','hish.s@spigroup.in',99622127197,'$2a$05$qUV0bCZk.iux9DnaPgyuYOjVrYOA.V3OYTZcUKWdPmdQ8Il8ER4ZW','Sales','Busines Owner',NULL,'2023-04-01 00:00:00',1,1,0,10,0,10,1030,400,630,4,1,1,1,1,NULL,NULL,NULL,NULL,'asp-9817-84',10,NULL,NULL,'iPhone 13','iOS','en','Asia/Kolkata',NULL,0,'2024-04-25 06:15:43',2,9,0,1,1,0,1,0,0,'2024-04-25 11:50:54','2024-06-08 11:46:47',1),(19,'Madhan','madhan1372002@gmail.com',9025439428,'$2a$05$.o8Z0b.j6NVQphvDhvoCd.NRmwymKotnV3BIbKbuia1V2bi9I0qo.','Sales','Project Manager',NULL,'2022-01-01 00:00:00',1,1,0,10,0,10,1015,400,615,3,1,1,1,1,NULL,'https://postactionsbucket.s3.ap-south-1.amazonaws.com/uploads/profile-picture1714051827289_IMG_20240316_175719742.jpg',NULL,NULL,'asp-0264-91',16,0,'czrLfLcRRq6IFeudy0eHbp:APA91bGxnbgLegflwYaGQmBtIyh84KVipT8f3hpaqURVTc35c6urbfnyapp-E21LTMgEQ1izNMQqWCw5dy_Gdh7FQpj-xVgar5r2xkrx6hfvZoE1y2TscztRfiGSiNRtHjDpuSW2GNKO','Nothing  A142','Android','en','Asia/Kolkata',NULL,0,'2024-04-25 06:15:43',2,11,0,1,1,0,1,0,0,'2024-04-25 13:04:50','2024-06-08 11:46:47',1),(20,'Karthik','karthi106k@gmail.com',9600313041,'$2a$05$ZzSFpBmiLv1lIPAMDVjC4eY7eEhXt/zRk1OA6swXNXH9zmuGwkcFS','Sales','Project Manager',NULL,'2022-01-01 00:00:00',1,1,0,10,0,10,3060,2000,1060,9,4,1,1,5,NULL,'https://postactionsbucket.s3.ap-south-1.amazonaws.com/uploads/profile-picture1714060510722_imagefile.jpg',0,NULL,'asp-3191-53',7,0,NULL,'iPhone 14','iOS','en','Asia/Kolkata',NULL,0,'2024-04-25 06:15:43',2,9,0,1,1,0,1,0,0,'2024-04-25 13:06:58','2024-06-08 11:46:47',1),(21,'Jaikanth','jaikanth@infiniteengineers.in',9841998820,'$2a$05$BOiKfPWdV5EloPtnJFMwEe7gWHW8.gQaI6qN8sEdTodb54Rs//gtO','Sales','Founder',NULL,'2024-04-30 10:05:39',1,1,0,0,0,0,1015,400,615,2,1,0,0,1,NULL,'https://postactionsbucket.s3.ap-south-1.amazonaws.com/uploads/profile-picture1714384865903_1714384855263_IMG.png',NULL,NULL,'asp-3453-16',33,0,'d-Nfi4sGSgurI5svWAI-yT:APA91bG04lNcD97uuJQ-DT-e3OjZDAbl_4GfzbJL2g9TSn3DQp9ESxByx2Fwa_ck9vcgemHuNIUkN-faz_gq_XMqOzrh59LpcR4h-xLI-dA_VEMPrsGB4hVXcBwP20WvnZAVYhFE20jc','vivo  V2050','Android','en','Asia/Kolkata',NULL,0,'2024-04-30 10:05:39',2,9,0,1,0,0,1,0,0,'2024-04-30 10:05:39','2024-06-08 11:46:47',1),(22,'Hari','r.hari.krishnan@outlook.com',8939328230,NULL,'Sales','Consultant',NULL,'2022-01-01 00:00:00',0,0,1,0,0,0,0,0,0,0,0,0,0,0,NULL,NULL,NULL,NULL,'asp-7715-32',44,0,NULL,NULL,NULL,NULL,NULL,NULL,1,NULL,NULL,NULL,0,0,0,0,0,0,0,'2024-04-26 02:06:33','2024-06-08 11:46:47',1),(23,'Fayaz','fmfayaz24@gmail.com',7550178343,'$2a$05$39UktAyxOH3LoBTEpEsJue9mU8geIiKWA/dYwJ7xlZ31J7UktlTCm','Sales','Project Manager',NULL,'2022-01-01 00:00:00',1,1,0,10,0,10,1015,400,615,3,1,0,1,1,NULL,'https://postactionsbucket.s3.ap-south-1.amazonaws.com/uploads/profile-picture1714134532449_1714134514774_IMG.png',NULL,NULL,'asp-5116-60',17,0,'eEJPN-11Q666OBRUGCrCcA:APA91bEc3oGzpWKdgDA2STCQSPhYajfZ07kYfDNSgcJEWgVxd5jKxQdiwoG_pqHsuSqPoJfTHTJxKp1jZeMPMzUQgyMZP7xLzt8pRcR46KImGVXaJhgVsUqmhA5M6NoHFke0aocDic96','google  Pixel 7a','Android','en','Asia/Kolkata',NULL,0,'2024-04-26 10:38:51',2,9,0,1,1,0,1,0,0,'2024-04-26 10:25:59','2024-06-08 11:46:47',1),(24,'Anam','rodinjack9@gmail.com',8428226000,'$2a$05$/37z6PWyDMagQLImta/0E..9OlA4H5Hdyeimj2DO5KyzW2Z4ROgbG','Sales','Project Manager',NULL,'2022-01-01 00:00:00',1,1,0,10,0,10,1015,400,615,3,1,0,1,1,NULL,NULL,NULL,NULL,'asp-3809-74',18,0,'cGmAUdDRQiCRNcqCs41By_:APA91bFRkuGcn9i-7QDWUgbisLHnvnmMJtYGHn3o2mmqrApHiCupTsY02m_FIoBDJE4KGlJYUBxSbJcRtD0O_eBuwBb_5PCAkJx3HMfd6fKj1l5Tz5vG6tUTczqgbOEyYqrByQaWmtPA','OnePlus  AC2001','Android','en','Asia/Kolkata',NULL,0,'2024-04-26 10:38:51',2,11,0,1,1,0,1,0,0,'2024-04-26 10:25:59','2024-06-08 11:46:47',1),(25,'Nandhu','nkumaran17@gmail.com',8220336683,NULL,'Sales','Project Manager',NULL,'2022-01-01 00:00:00',0,0,1,0,0,0,0,0,0,0,0,0,0,0,NULL,NULL,NULL,NULL,'asp-6464-74',45,0,NULL,NULL,NULL,NULL,NULL,NULL,1,NULL,NULL,NULL,0,0,0,0,0,0,0,'2024-04-26 11:25:02','2024-06-08 11:46:47',1),(26,'Deniston Antony','deniston2k@gmail.com',8825854579,'$2a$05$GYf/Tv/pm3w9FO3w4Xpp7ujNYhQG6D0uUDCBW5gsu5lJYyU7OKq2G','Sales','Project Manager',NULL,'2022-01-01 00:00:00',1,1,0,10,0,10,1015,400,615,3,1,0,1,1,NULL,'https://postactionsbucket.s3.ap-south-1.amazonaws.com/uploads/profile-picture1714205149079_Screenshot_20240427_083459_Instagram.png',NULL,NULL,'asp-2071-61',19,0,'fbl6ASWxR_yiGy7R1p7C2m:APA91bGSSu8GKmK7l5lq0CA1xIK5YACJhbZpcjFD6GsN9U3V_iZCwlDKLR08hYwy-e4JB3iXPQaiE4ZICL6-ZGwGkikOcf2QFrS5pFX3kucseqcg96v4IqiJYPzLG55_jJecw-vXOPUr','samsung  SM-A236E','Android','en','Asia/Kolkata',NULL,0,'2024-04-27 05:01:59',2,11,0,1,1,0,1,0,0,'2024-04-27 04:35:50','2024-06-08 11:46:47',1),(31,'Vignesh Shankar','vigneshshankar26@gmail.com',9840655591,NULL,'Sales','Founder',NULL,'2022-01-01 00:00:00',0,0,1,0,0,0,0,0,0,0,0,0,0,0,NULL,NULL,NULL,NULL,'asp-3183-36',2,0,NULL,NULL,NULL,NULL,NULL,NULL,1,NULL,NULL,NULL,0,0,0,0,0,0,0,'2024-04-27 06:33:15','2024-06-03 14:02:16',2),(32,'Naga Arjunan','nagaarjunan.k@gmail.com',8903309515,NULL,'Sales','Founder',NULL,'2022-01-01 00:00:00',0,0,1,0,0,0,0,0,0,0,0,0,0,0,NULL,NULL,NULL,NULL,'asp-1319-13',3,0,NULL,NULL,NULL,NULL,NULL,NULL,1,NULL,NULL,NULL,0,0,0,0,0,0,0,'2024-04-27 06:35:07','2024-06-03 14:02:16',2),(33,'Anand','canand251995@gmail.com',8220368101,NULL,'Sales','Founder',NULL,'2022-01-01 00:00:00',0,0,1,0,0,0,0,0,0,0,0,0,0,0,NULL,NULL,NULL,NULL,'asp-3551-30',4,0,NULL,NULL,NULL,NULL,NULL,NULL,1,NULL,NULL,NULL,0,0,0,0,0,0,0,'2024-04-27 06:35:58','2024-06-03 14:02:16',2),(34,'Lokesh','lokesh0814@gmail.com',9789050459,NULL,'Sales','Founder',NULL,'2022-01-01 00:00:00',0,0,1,0,0,0,0,0,0,0,0,0,0,0,NULL,NULL,NULL,NULL,'asp-2005-53',5,0,'fR3agWriQEq60eBBTN94TT:APA91bHeimNKesXxrODxSElKAEZ0ZIq3V5E20i21uCBoNK-lGcyJq4eitwC0R2EsF3jeE1viZG8U1qa8RK7cez_S4ev4WZ0depvauBn-H5UAZGlDD69n3HDk28Bn0FVVnIE0T-4ndvvK',NULL,NULL,NULL,NULL,NULL,1,NULL,NULL,NULL,0,0,0,0,0,0,0,'2024-04-27 06:37:11','2024-06-03 14:02:16',2),(35,'Nithish S','athi2212@gmail.com',9782050459,'$2a$05$/rRpRAUhInxX550DfE7UMuJisxdlpMnjGBLbgZi/fCSta.WStiOgC','Sales','Founder',NULL,'2022-01-01 00:00:00',1,1,0,20,0,20,9030,800,8230,5,2,1,1,2,NULL,'https://postactionsbucket.s3.ap-south-1.amazonaws.com/uploads/profile-picture1714209642110_1714209618629_IMG.png',NULL,NULL,'asp-4314-36',9,0,'eTNpSBr9TnuVqs4-0JtdHl:APA91bEx_B5wWmyCqNcPnDx1MRoLHlwtDbNF3AdgL1KR-h2N1_6hTSR-0nmgmqHj21gQq7AgSuSaNGyFv70Jrwjrc6U5Vld2v2SMUGr_GeEdrxE6dKqZFdmSVkYlO2iv7mzsg6-2Nhxl','vivo  V2050','Android','en','Asia/Kolkata',NULL,0,'2024-04-27 05:01:59',3,11,0,1,0,0,1,0,0,'2024-04-27 09:16:14','2024-06-08 11:46:47',1),(36,'Nithish S','nish.s@spigroup.in',9781050459,'$2a$05$tK4fwU9CA9SfY0fQVmpgnuWTi5aC/1cNg3rCQ1nCYUgAaplUV/uM6','Sales','Founder',NULL,'2022-01-01 00:00:00',1,1,0,10,0,10,3015,400,2615,3,1,0,1,1,NULL,NULL,NULL,NULL,'asp-9477-65',20,0,NULL,'iPhone 13','iOS','en','Asia/Kolkata',NULL,0,'2024-04-27 05:01:59',1,11,0,1,1,0,1,0,0,'2024-04-27 09:22:07','2024-06-08 11:46:47',1),(37,'Siddharth','siddhu1704@gmail.com',9791097432,'$2a$05$qZ2sCA4WFQzqVlavfrm3MuF7Ue.Ilh6SeJibwqaPJKOmYcxVKJSnW','Sales','Project Manager',NULL,'2022-01-01 00:00:00',1,1,0,10,0,10,2015,400,1615,3,1,0,1,1,NULL,'https://postactionsbucket.s3.ap-south-1.amazonaws.com/uploads/profile-picture1714300261731_imagefile.jpg',NULL,NULL,'asp-4312-18',21,0,NULL,'iPhone 15','iOS','en','Asia/Kolkata',NULL,0,'2024-04-28 07:55:55',2,9,0,1,1,0,1,0,0,'2024-04-27 14:32:04','2024-06-08 11:46:47',1),(38,'Joel R','jl.r@spigroup.in',9791097122,'$2a$05$xpAugtS7eXAzAGL1zkQLDuh7aB.Fj503yvlyUDdbW1yvcoblDAnZm','Sales','Project Manager',NULL,'2022-01-01 00:00:00',1,1,0,0,0,0,1000,0,1000,0,0,0,1,0,NULL,NULL,NULL,NULL,'asp-9401-61',46,0,'d1I5goDpT6qTt3g3_jStVX:APA91bH3X5CmIDWQhvuvmQ1oObK0KIjqbWbe5aI_gss8G4w0EnBbwUwInYL_I22YXWHUM-t5z-q3Tg_rPtr50EaueK2aJ3KMDoyVGmrQ7YctNrehoVo9Jr4CEt0YayAh0HhokB4uLIoC','Redmi  M2101K6I','Android','en','Asia/Kolkata',NULL,0,NULL,3,NULL,0,1,0,0,0,0,0,'2024-04-29 07:15:08','2024-06-08 11:46:47',1),(39,'Nithish S','nithish@spigroup.in',9231097122,'$2a$05$DsETyvUmT3O/IUhC.V4Xhe.D1RItmtIUeA77Q18oiPPXdxbZOZrgy','Sales','Project Manager',NULL,'2022-01-01 00:00:00',1,1,0,0,0,0,0,0,0,0,0,0,1,0,NULL,NULL,NULL,NULL,'asp-1740-26',47,0,'ezLXQMKeQ8CPzY-cgjBUH9:APA91bFn1ZH7iKI8PdU0S0AZ_9qpRPITr89nygxPZesnwYoGfhSkZ1kHxENOTXnpqYcEBV0mqwqy7O3fRv1ISi0kevMx4o_Bg8rfgVunhnY9M8XzlKKY9aO4AvKC-3qcTHvH6k9TAFJk','Realme  RMX1833','Android','en','Asia/Kolkata',NULL,1,NULL,3,NULL,0,0,0,0,0,0,0,'2024-04-29 07:15:57','2024-06-08 11:46:47',1),(40,'Rats','ratheesh.nd@spigroup.in',9884717148,NULL,'Sales','Director',NULL,'2022-01-01 00:00:00',0,0,1,0,0,0,0,0,0,0,0,0,0,0,NULL,NULL,NULL,NULL,'asp-7321-78',48,0,NULL,NULL,NULL,NULL,NULL,NULL,1,NULL,NULL,NULL,0,0,0,0,0,0,0,'2024-04-29 14:24:57','2024-06-08 11:46:47',1),(41,'Aravind','aravind@infiniteengineers.in',9150770480,'$2a$05$P1f7SWHIdm4havOg8W0YBu2gJJY1es8yVIiPGSqDgc1i9meZu5LYG','Sales','Founder',NULL,'2022-01-01 00:00:00',1,1,0,20,0,20,1015,400,615,3,1,1,1,1,NULL,'https://postactionsbucket.s3.ap-south-1.amazonaws.com/uploads/profile-picture1714450587814_%2B91%2091507%2070480%2020240429_174943.jpg',0,'08:01:00','asp-9293-45',22,0,'dSI76IuZTh-521l0r8Mjx-:APA91bFlZQRAT6JIlX6hxZet2wgGTUpOs3afG4bEtPXxSth-FvZ1xiS2bkKWfRdIeyn8Y2CPB5pmIU_aIoJ3cGG8JneLHJyBUEPJpkJy2ebK4IskcQxmBmbM0Olcnmf85ASeCx5oxkyl','google  Pixel 5','Android','en','Asia/Kolkata',NULL,0,'2024-04-30 04:25:34',3,10,0,1,1,0,1,0,0,'2024-04-29 14:28:26','2024-06-08 11:46:47',1),(42,'Yashna','yashnasinghvi@gmail.com',7207642301,'$2a$05$wh/JYUvUtjvaytrxReNcG..mobxnjzgxPPeHxNOQGTTiOrjPurrCm','Sales','Project Manager',NULL,'2022-01-01 00:00:00',1,1,0,20,0,20,1015,400,615,3,1,1,1,1,NULL,'https://postactionsbucket.s3.ap-south-1.amazonaws.com/uploads/profile-picture1714459713067_1714459688332_IMG.png',NULL,NULL,'asp-3137-62',23,0,'eVoZziZERWmZayINjBPf2L:APA91bFGqMx2eKVv32MwYFFpneRzHCelY4cbT9KXK0hn1YQom9hOyimrG5lQTR-HOuVhNMzBvsx06BXhIZqA9FELvHKV45mO2oLFwb1N8g-t41Ey4BB_NNvmpDC1PjWmM3d7wb5tDdR9','samsung  SM-A920F','Android','en','Asia/Kolkata',NULL,0,'2024-04-30 07:02:25',3,11,0,1,0,0,1,0,0,'2024-04-29 14:29:19','2024-06-08 11:46:47',1),(43,'Vidhunan','vidhunnan@gmail.com',7339246866,'$2a$05$L9KfW1CDWUZ1YZFp0LscgulTnCN3SVoLzgJvjFyZ9a2aQUf9Go8.e','Sales','Product designer',NULL,'2022-01-01 00:00:00',1,1,1,0,0,0,0,0,0,0,0,0,0,0,NULL,NULL,NULL,NULL,'asp-4775-03',49,0,NULL,'google  Pixel 6','Android','en','Asia/Kolkata',NULL,1,NULL,NULL,NULL,0,0,0,0,0,0,0,'2024-04-29 14:45:10','2024-06-08 11:46:47',1),(44,'Nithish','ahh2212@gmail.com',7339242366,NULL,'Sales','Product designer',NULL,'2022-01-01 00:00:00',0,0,1,0,0,0,0,0,0,0,0,0,0,0,NULL,NULL,NULL,NULL,'asp-9401-45',50,0,NULL,NULL,NULL,NULL,NULL,NULL,1,NULL,NULL,NULL,0,0,0,0,0,0,0,'2024-04-29 14:46:01','2024-06-08 11:46:47',1),(45,'Gujju','rhv4748@gmail.com',9150302455,'$2a$05$ACOhW9OdrHgvEy0iMcguj.yZ/z5vXSWLuKmemmg2yKisHxtXBdPTK','Sales','Project Manager',NULL,'2022-01-01 00:00:00',1,1,0,10,0,10,1015,400,615,3,1,1,1,1,NULL,'https://postactionsbucket.s3.ap-south-1.amazonaws.com/uploads/profile-picture1714468427360_images%20%289%29.jpeg',NULL,NULL,'asp-7453-57',24,0,'er8C9ZDKQOmP7emHKUKPLJ:APA91bHPdolZ4OsRrAh43GoereHSpQ_RHngd8zp3SPs-C_F0dPwLKe92xUAj7Icb_DcRmDzsrS7wwmrTn4OAZV0oaqf2CcjMzXAqYlF-FiuKibhEQbom-67fsjHjBaWbhJhWcVTY-vtH','OnePlus  CPH2423','Android','en','Asia/Kolkata',NULL,0,'2024-04-30 09:19:54',2,9,0,1,1,0,1,0,0,'2024-04-30 07:01:01','2024-06-08 11:46:47',1),(46,'Nithish','aknith212@gmail.com',9150122455,'$2a$05$.COKTlWorj3XpdGQt2iSMexPksGTne28utBFDza4X9bil.F8uJ/UO','Sales','Project Manager',NULL,'2022-01-01 00:00:00',1,1,0,30,0,30,1045,1200,445,8,1,1,1,3,NULL,'https://postactionsbucket.s3.ap-south-1.amazonaws.com/uploads/profile-picture1715083434684_imagefile.jpg',NULL,NULL,'asp-0339-72',8,0,'dImj_LNVQWiLAHwfdxhOv-:APA91bER9eLzXDlndZ8MuEcK_13KJlUANL462N0v--d4CBKxOlQptMnW5t3tGATU8cnqebb6dYz6aOzz-CdwJPxua-NVMZ-fYn9D5PO6uROnRfFlW8-VJpEoBDzZ4m5XW4VmEZTpi6xW','OnePlus  CPH2467','Android','en','Asia/Kolkata',NULL,0,'2024-04-30 09:21:22',2,9,0,1,1,0,1,0,0,'2024-04-30 07:01:27','2024-06-08 11:46:47',1),(47,'Nithish','nithsjl@spigroup.in',9150121255,'$2a$05$cSpx9zX9amYMvHZSU7sQwefUm1MnURAt5Yfw6d9QKDm.kEwmgcwxS','Sales','Project Manager',NULL,'2022-01-01 00:00:00',1,1,0,120,0,120,2680,2000,680,27,5,1,3,5,NULL,'https://postactionsbucket.s3.ap-south-1.amazonaws.com/uploads/profile-picture1715173785457_imagefile.jpg',1,'04:17:46','asp-5925-49',2,0,'enk5w20rSEK4Fa2dkhwzgH:APA91bFeZegmHxwuYfUEIVqMz0Md_hun1MZtbBBilhXJ9fQPeWCrEiroHQkLGCwK0gdNk_HFHyre4cFieDuk5rNu43JMszCcFV5GF7aGjuoE3ekEbMSeb4esRW0RJtpftSdjtakWSODY','OnePlus  CPH2467','Android','en','Asia/Kolkata',NULL,0,'2024-04-30 08:54:28',2,10,0,1,1,0,1,0,0,'2024-04-30 07:01:47','2024-06-08 11:46:47',1),(48,'Ranjith','ranjith.v@spigroup.in',9500393150,'$2a$05$2lTLMUFyU2XzW1gf6yxhUexAIwZb4xwQ/xcbKjmo6Eq2eEhSD0KjC','Sales','Project Manager',NULL,'2022-01-01 00:00:00',1,1,0,10,0,10,1030,400,630,4,1,0,1,1,NULL,'https://postactionsbucket.s3.ap-south-1.amazonaws.com/uploads/profile-picture1714670110035_imagefile.jpg',0,NULL,'asp-2690-03',11,0,NULL,'iPhone 12','iOS','en','Asia/Kolkata',NULL,0,'2024-05-02 17:59:36',15,10,0,1,1,0,1,0,0,'2024-05-01 13:49:54','2024-06-08 11:46:47',1),(49,'Madhumitha','madhumitha.mk@spigroup.in',7806965043,'$2a$05$PUXpMrXLmhx2Kol96KDVTOetmCnNYk5bXxqYdpPscfTEomRm/Ry.C','Sales','Project Associate',NULL,'2022-01-01 00:00:00',1,1,0,0,0,0,0,0,0,0,0,1,1,0,NULL,'https://postactionsbucket.s3.ap-south-1.amazonaws.com/uploads/profile-picture1714628882019_IMG_3065.jpg',NULL,NULL,'asp-1993-26',51,0,'d3goq2PZTv2cUDVJNBTZ_L:APA91bHpGvrrlcoQ1ohnmLLQLL9LlgxzwdTkVDqVfvNZRYmhMHCR8-AikWwBDf27NsNk8_Fv33Ev8NlHONOxsIY9aH2Dez178uA4tWyEK5PwzYf1fDlJ0G7YNUqVCA3Z5Xw3AXPkYij8','Redmi  M2101K6P','Android','en','Asia/Kolkata',NULL,1,NULL,15,NULL,0,1,1,0,0,0,0,'2024-05-01 13:50:43','2024-06-08 11:46:47',1),(50,'Nithin AK','nithin.ak@spigroup.in',9597672309,'$2a$05$IS6lGxLzIKuQw.eeGImZ9OpBpiJ0YFibZcwNj8/KFdU41y9duoNY6','Sales','Project Associate',NULL,'2022-01-01 00:00:00',1,1,0,10,0,10,1015,400,615,3,1,0,1,1,NULL,'https://postactionsbucket.s3.ap-south-1.amazonaws.com/uploads/profile-picture1714670115194_imagefile.jpg',NULL,NULL,'asp-3581-90',25,0,NULL,'iPhone 15','iOS','en','Asia/Kolkata',NULL,0,'2024-05-02 17:35:44',15,9,0,1,1,0,1,0,0,'2024-05-01 13:51:31','2024-06-08 11:46:47',1),(51,'Hari Beyond','beyondsustainability2040@gmail.com',8489446638,'$2a$05$QqEHpp0i5HwkFgHQ0mhClOp97lfMhpAQlC2iq9oJSZmo9apmxdWvq','Sales','Founder',NULL,'2022-01-01 00:00:00',1,1,0,20,0,20,1015,400,615,3,1,1,1,1,NULL,'https://postactionsbucket.s3.ap-south-1.amazonaws.com/uploads/profile-picture1714739546760_d9c016a5-8b05-4669-a140-3ac3500cd973.jpeg',NULL,NULL,'asp-9752-35',26,0,'fKKEQeGnQ9e7UmvPL4VuVk:APA91bFySpMQyL7ptyc4sWPgNd-dtHDV5E4VmbazHmRPL429bqB0K8QyuxMXMs47GJbKC97ed8MsVIm5dODDs6_vj7TewAAnsT-h7HrnybxvlKVi23pS2KBhG_i0Lnnx9lACLJJECW13','OnePlus  CPH2467','Android','en','Asia/Kolkata',NULL,0,'2024-05-03 12:38:37',3,9,0,1,0,0,1,0,0,'2024-05-03 12:01:40','2024-06-08 11:46:47',1),(52,'Sriganesh',' gsri3110@gmail.com  ',8668110872,NULL,'Sales','Found',NULL,'2022-01-01 00:00:00',0,0,1,0,0,0,0,0,0,0,0,0,0,0,NULL,NULL,NULL,NULL,'asp-8028-30',52,0,NULL,NULL,NULL,NULL,NULL,NULL,1,NULL,NULL,NULL,0,0,0,0,0,0,0,'2024-05-06 06:23:35','2024-06-08 11:46:47',1),(53,'Terin Casmir Raj','terincasmirraj14@gmail.com',9500046485,'$2a$05$e4Kn/wAzBJTABxLfE3eVueClzOI7PdlZSA.8wvpKXjtsa4gKEGCK6','Analyst','Founder',NULL,'2022-04-01 00:00:00',1,1,0,20,0,20,1015,400,615,3,1,1,1,1,NULL,'https://postactionsbucket.s3.ap-south-1.amazonaws.com/uploads/profile-picture1715001317492_1715001304164_IMG.png',NULL,NULL,'asp-3609-45',27,0,'dE8OOaXIQKaK0Kc9egCZHe:APA91bFDsbbrWvvUiIOQ5aee2H56XyFZhTfA--64Rxa0SdwNlkp2BsMfs48chrBk85YX4TBmn-y9sEW6eMLzOnH89Qbra--kFrkx22r0ZaM80y4r7du9ZIs9O73JejURBqZRYAM3LLAf','OnePlus  AC2001','Android','en','Asia/Kolkata',NULL,0,'2024-05-06 13:20:10',3,9,0,1,0,0,1,0,0,'2024-05-06 12:26:22','2024-06-08 11:46:47',1),(54,'Prathiba','prathibavenkatraman@gmail.com',9962000952,'$2a$05$iXG7jF/2q8rudpOVzmw2iOnTIJaAtOtYj/8dSqaUbGrb9GiUgMfdG','Sales','Manager',NULL,'2022-04-01 00:00:00',1,1,0,20,0,20,1015,400,615,3,0,1,1,1,NULL,'https://postactionsbucket.s3.ap-south-1.amazonaws.com/uploads/profile-picture1715694405714_imagefile.jpg',NULL,NULL,'asp-9397-27',28,0,NULL,'iPhone 11','iOS','en','Asia/Kolkata',NULL,0,'2024-05-14 15:11:27',3,NULL,0,1,1,0,1,0,0,'2024-05-06 12:56:22','2024-06-08 11:46:47',1),(55,'Ganesh','ganesh1052@gmail.com',9840051964,NULL,'Sales','Senior Manager',NULL,'2022-01-01 00:00:00',0,0,1,0,0,0,0,0,0,0,0,0,0,0,NULL,NULL,NULL,NULL,'asp-4624-57',53,0,NULL,NULL,NULL,NULL,NULL,NULL,1,NULL,NULL,NULL,0,0,0,0,0,0,0,'2024-05-08 06:44:55','2024-06-08 11:46:47',1),(56,'Suresh','Krishnamurthy.suresh@edenem.in',9940686086,'$2a$05$aFt2T8PXMjB3fue0hW43CuzN1Ddte1DtwVLO9JaMlHeKWpmoD5Rty','Sales','Founder',NULL,'2022-01-01 00:00:00',1,1,0,0,0,0,500,0,500,0,0,0,1,0,NULL,NULL,NULL,NULL,'asp-5245-61',54,0,'f-gj2O06Oktwgfecm7MrmX:APA91bFNnJKhRkrcSo7msXMCu22VKqfOtQrr-blo5Xc_JMvAZuT6ZXHjFbrSAbA7trQ_2CVoIblZQHSiPrIUJux6VmVum3LF88EgUdsAa8h5MXs4j2-Nxd1KSWlwAigDEEf0Bdx2BfK7','iPhone 13','iOS','en','Asia/Kolkata',NULL,0,'2024-05-17 09:28:48',2,NULL,0,1,1,0,1,0,0,'2024-05-08 06:45:59','2024-06-08 11:46:47',1),(57,'Mayur Anand','meelfoundation@gmail.com',9443472088,'$2a$05$ZcDU1gfsTbpCc3GH1IqUBu.EkD/PjWVFhjYCauHqnZ1UgBzYhtYm2','Sales','Manager',NULL,'2022-01-01 00:00:00',1,1,0,10,0,10,500,0,500,2,0,1,1,0,NULL,'https://postactionsbucket.s3.ap-south-1.amazonaws.com/uploads/profile-picture1715268806695_IMG-20240509-WA0112.jpg',NULL,NULL,'asp-0361-21',34,0,'dNz_-XAYQqqr4mG-seGMFz:APA91bG_mX9wE3emYUmGniMt6oEhaqm1ZuEPWyluhEkBi0umQNcbPfqG8RlJ7Ye_OA4aM6Bgu-Rd6QiULwd-TOhVNFqNEVsn0YoVUvE_ihQx_X1P8hpnpqH8zSoah1vPK33-nCDyq6gL','samsung  SM-A146B','Android','en','Asia/Kolkata',NULL,0,'2024-05-09 15:40:44',2,NULL,0,1,0,0,1,0,0,'2024-05-08 09:23:34','2024-06-08 11:46:47',1),(58,'Vijay Nathan','vijay.v@positiveintegers.com',9843306868,NULL,'Sales','Founder',NULL,'2022-01-01 00:00:00',0,0,1,0,0,0,0,0,0,0,0,0,0,0,NULL,NULL,NULL,NULL,'asp-0384-59',55,0,NULL,NULL,NULL,NULL,NULL,NULL,1,NULL,NULL,NULL,0,0,0,0,0,0,0,'2024-05-08 09:24:45','2024-06-08 11:46:47',1),(59,'Komal','komalgopalan@gmail.com',9843126868,NULL,'Sales','Founder',NULL,'2022-01-01 00:00:00',0,0,1,0,0,0,0,0,0,0,0,0,0,0,NULL,NULL,NULL,NULL,'asp-3166-65',56,0,NULL,NULL,NULL,NULL,NULL,NULL,1,NULL,NULL,NULL,0,0,0,0,0,0,0,'2024-05-09 07:21:56','2024-06-08 11:46:47',1),(60,'User1','athi2212@gmail.com',9103126868,'$2a$05$nGfHmTApcWXSvAFxo1wbo.x0IUnTZSZeQX4M.IrkuxWqyUbK0RwxO','Sales','Project Associate',NULL,'2022-01-01 00:00:00',1,1,0,10,0,10,15,400,115,3,0,1,1,1,NULL,'https://postactionsbucket.s3.ap-south-1.amazonaws.com/uploads/profile-picture1715244978114_imagefile.jpg',NULL,NULL,'asp-1719-45',29,0,NULL,'iPhone 13','iOS','en','Asia/Kolkata',NULL,0,'2024-05-09 13:59:10',2,NULL,0,1,1,0,1,0,0,'2024-05-09 07:22:45','2024-06-08 11:46:47',1),(61,'Akash','s.nithismar2212@gmail.com',9103126898,'$2a$05$50DvoKD6bixeR7mIjh/iGe5Myhl.buJ1UG72kHPpd6fyXTexC44zO','Sales','Project Associate',NULL,'2022-01-01 00:00:00',1,1,0,20,0,20,515,400,115,3,0,1,1,1,NULL,'https://postactionsbucket.s3.ap-south-1.amazonaws.com/uploads/profile-picture1715266265451_1715266256016_IMG.png',0,'21:58:00','asp-8734-80',30,0,'fCOoBtn8ScarD0VKSU0PH5:APA91bGkP6hWEBLnL_dvRGvOHQRCNnltE20HmXvckpthGLNHR-rekMsCghA42oAvE6FA3y8PXJLAH5SffLz531-wgkg4ZNjlQfEGON1aMcjzLCcwKk1km5lScl_llPcCWKRd_LzNfRY0','OnePlus  CPH2467','Android','en','Asia/Kolkata',NULL,0,'2024-05-09 14:58:07',3,NULL,0,1,1,0,1,0,0,'2024-05-09 12:39:44','2024-06-08 11:46:47',1),(62,'Sanath','sanath@mysmitch.com',7358722388,'$2a$05$JVdjyCC.IaYQXxzioUeMk.m2NmKTZ2UfLWKKo7AItx4Qz6gN.mVJK','Sales','Founder',NULL,'2022-01-01 00:00:00',1,1,0,0,0,0,500,400,100,0,0,0,1,1,NULL,NULL,NULL,NULL,'asp-7325-53',57,0,NULL,'iPhone 12 Pro','iOS','en','Asia/Kolkata',NULL,1,'2024-05-09 16:52:31',2,NULL,0,1,1,0,1,0,0,'2024-05-09 16:36:23','2024-06-08 11:46:47',1),(63,'Nithish','ahh2212@gmail.com',7356722388,NULL,'Sales','Founder',NULL,'2022-01-01 00:00:00',0,0,1,0,0,0,0,0,0,0,0,0,0,0,NULL,NULL,NULL,NULL,'asp-4234-61',58,0,NULL,NULL,NULL,NULL,NULL,NULL,1,NULL,NULL,NULL,0,0,0,0,0,0,0,'2024-05-09 16:38:27','2024-06-08 11:46:47',1),(64,'Joel','joel.r@spigroup.in',7359022388,'$2a$05$K2WEXY0F6BkVP.cNkPiyi.hl22OO.D/hQZkkTh/llkgRtey7pAECq','Sales','Founder',NULL,'2022-01-01 00:00:00',1,1,0,50,0,50,10230,1200,9030,22,0,1,1,3,NULL,'https://postactionsbucket.s3.ap-south-1.amazonaws.com/uploads/profile-picture1715423518442_1715423498971_IMG.png',1,NULL,'asp-2505-17',4,0,'exsJfHfeQrm-Svx7KhjZuM:APA91bGvQn3-cLDHGWHIKedrV5pWj9V_Q82YxhhSLc0qvtw7HjyniL1_p2I8g3TChQIO_FhL8nLENbVsCfv3fQYa6LeKfbgVkIM2hJkoUyRDvrpoXh2uGGY-2KBeEnYwS_Lau64aFYpD','Redmi  M2101K6I','Android','en','Asia/Kolkata',NULL,0,'2024-05-11 10:33:38',2,NULL,0,1,1,0,1,0,0,'2024-05-10 07:28:57','2024-06-08 11:46:47',1),(65,'Nithish','aknith212@gmail.com',7867972147,'$2a$05$djazHblogzSplh97v.jMmeZ0w3gWCGeMd0qKmLRgr.eaISpJmZ6si','Sales','Founder',NULL,'2022-01-01 00:00:00',1,1,0,10,0,10,515,400,115,3,0,1,1,1,NULL,'https://postactionsbucket.s3.ap-south-1.amazonaws.com/uploads/profile-picture1715327754324_1715327729362_IMG.png',0,NULL,'asp-2917-88',31,0,'csLANPrBQLiVHtLQBiKqZ-:APA91bELWjXkUyAMT93zEL2HL8FDl3B1IdeLZttbwbDfwNRGJbZ1JnfPyg-9m-h_E3-mVNIxot83INY1tc3Mux8-5NJXam0NHOjOdCxPLMycNS7mwiAF3pNcqIJfbgI7Scmiu3SFI3iW','OnePlus  CPH2467','Android','en','Asia/Kolkata',NULL,0,'2024-05-10 08:02:29',2,NULL,0,1,1,0,1,0,0,'2024-05-10 07:29:19','2024-06-08 11:46:47',1),(66,'Subu','s.nithisumar2212@gmail.com',7789892388,'$2a$05$SUxkr/WYRXcrk4oGE9M9lOthy9KmMhWAeHX3MBB5smtyD9j/YiSZO','Sales','Founder',NULL,'2022-01-01 00:00:00',1,1,0,10,0,10,1015,400,615,3,0,1,1,1,NULL,'https://postactionsbucket.s3.ap-south-1.amazonaws.com/uploads/profile-picture1715329797899_imagefile.jpg',NULL,'01:51:13','asp-7624-33',32,0,'e833YjedI0MXuvxQvDn4Xq:APA91bGVv9ZG58fA_Xd5txBY-oUxWYbNEY6mwgk2gi9MZfRBPr8RlSCWaFqkIgys48UV9fU2B6X4ty8PUZg2m_72kYNWgh4XIJcdTyxINiQdVaSriek-7PO9RKaQB4kJBflxSlVd6j_4','iPhone 12','iOS','en','Asia/Kolkata',NULL,0,'2024-05-10 08:02:50',2,NULL,0,1,1,0,1,0,0,'2024-05-10 07:29:51','2024-06-08 11:46:47',1),(67,'Tomoko','tmk.hanabusa.1117@gmail.com',7358721288,'$2a$05$apbW.aQHGYstCfD3Ki1ORuNMSfs7MQy.MgvJYFsymTjE89blAQLlm','Sales','Founder',NULL,'2022-01-01 00:00:00',1,1,0,0,0,0,0,0,0,0,0,0,0,0,NULL,NULL,NULL,NULL,'asp-4307-24',59,0,NULL,'iPhone SE (2nd generation)','iOS','en','Asia/Kolkata',NULL,1,NULL,NULL,NULL,0,1,1,0,1,0,0,'2024-05-11 04:37:45','2024-06-08 11:46:47',1),(68,'Nithish','th212@gmail.com',7128721288,'$2a$05$LcwCRsrHEaDll.nVdvXE3.vCnbQR17d8Ni/cEE8swiBAhWsFP.4WO','Sales','Founder',NULL,'2022-01-01 00:00:00',1,1,0,10,0,10,1430,1200,230,4,0,1,1,3,NULL,'https://postactionsbucket.s3.ap-south-1.amazonaws.com/uploads/profile-picture1715415477162_imagefile.jpg',NULL,NULL,'asp-4556-01',12,0,'eAA4qljHRJ2O5KOlD4jnuW:APA91bHrb_1kTXI-3R62ApoTG4Xdf02xVBwed4L9nQBTWHyGPH8rt2xGCRGu4cfoe1_L0QAb3mWx05vEkXaNqe_GclXL-3FO-duM7WCIpRZEqWXoPWsKoFsiDmQAdOuEWdxIspTBQ6cu','OnePlus  CPH2467','Android','en','Asia/Kolkata',NULL,0,'2024-05-11 06:56:11',2,NULL,0,1,1,0,1,0,0,'2024-05-11 04:47:52','2024-06-08 11:46:47',1),(69,'Nithish','s.nithishkumar2212@gmail.com',7128721788,'$2a$05$/TDKiJGf0H2K7/IHqP0k/.el.kirZjdSjy0SN9DwGLDNIadsI1mBW','Sales','Founder',NULL,'2022-01-01 00:00:00',1,1,0,10,0,10,1000,400,600,2,0,0,2,1,NULL,'https://postactionsbucket.s3.ap-south-1.amazonaws.com/uploads/profile-picture1715417034003_imagefile.jpg',NULL,NULL,'asp-2124-45',35,0,NULL,'iPhone 13','iOS','en','Asia/Kolkata',NULL,0,'2024-05-11 08:28:12',2,NULL,0,1,1,0,1,0,0,'2024-05-11 05:08:39','2024-06-08 11:46:47',1),(70,'Reuben','reuben.g@spigroup.in',7128712788,'$2a$05$VYWMwJaaMM8OgPFZxOnZYOncjuNW8jYuPRacKOnzmcEKeuIhT0Ila','Sales','Founder',NULL,'2022-01-01 00:00:00',1,1,0,60,0,60,530,400,130,12,0,1,1,1,NULL,'https://postactionsbucket.s3.ap-south-1.amazonaws.com/uploads/profile-picture1715741828768_1715741817391_IMG.png',0,NULL,'asp-0117-07',6,0,'egHxl2UrTnyvjXHols0n5J:APA91bGa6iytkhtF3_pFQuDClWtjC7qA6g-alZkLLssFHu0qcJo2spkjQYP7aSal61TfUjBbR7aY3_4qvVTsVZMkFcfChqQ2aFa6thC3R9MQyYZ-M92SQhyYoma2L1Q3BUjam5bZAZoF','OnePlus  CPH2585','Android','en','Asia/Kolkata',NULL,0,'2024-05-15 02:57:30',2,NULL,0,1,1,0,0,0,0,'2024-05-11 08:34:00','2024-06-08 11:46:47',1),(71,'Nithish','akni2212@gmail.com',7238712788,NULL,'Sales','Founder',NULL,'2022-01-01 00:00:00',1,0,1,0,0,0,0,0,0,0,0,0,0,0,NULL,NULL,NULL,NULL,'asp-7996-95',60,0,NULL,NULL,NULL,NULL,NULL,NULL,1,NULL,NULL,NULL,0,0,0,0,0,0,0,'2024-05-11 08:38:49','2024-06-08 11:46:47',1),(73,'Prathiba','prathienkatraman@gmail.com',NULL,NULL,'sales','junior sales person',NULL,NULL,0,0,0,0,0,0,0,0,0,0,0,0,0,0,NULL,NULL,NULL,NULL,'asp-123-1',14,NULL,NULL,NULL,NULL,NULL,NULL,NULL,1,NULL,NULL,NULL,0,0,0,0,0,0,0,'2024-05-11 09:07:17','2024-06-03 15:32:30',3),(75,'datta','daa361@gmail.com',NULL,NULL,'sales','junior sales person',NULL,NULL,0,0,0,0,0,0,0,0,0,0,0,0,0,0,NULL,NULL,NULL,NULL,'asp-123-1',15,NULL,NULL,NULL,NULL,NULL,NULL,NULL,1,NULL,NULL,NULL,0,0,0,0,0,0,0,'2024-05-11 09:30:21','2024-06-03 15:32:30',3),(76,'dattarerer','dadesa361@gmail.com',NULL,NULL,'sales','junior sales person',NULL,NULL,0,0,0,0,0,0,0,0,0,0,0,0,0,0,NULL,NULL,NULL,NULL,'asp-123-1',16,NULL,NULL,NULL,NULL,NULL,NULL,NULL,1,NULL,NULL,NULL,0,0,0,0,0,0,0,'2024-05-11 09:53:14','2024-06-03 15:32:30',3),(77,'Subu personal','suu091@gmail.com',NULL,'$2a$05$b8kh7V9027ES46ry0UKv3e9keooNyrPFfUQEqcceEPVZ.i6agC50u','sales','junior sales person',NULL,NULL,0,1,0,0,0,0,0,0,0,0,0,0,0,0,NULL,NULL,NULL,NULL,'asp-123-1',17,NULL,'eiyO0R2fRTWwJRidpBV7M6:APA91bHKP3FhObizgFVT1yGoo3S2klcsgUNjMc7fQnxtW8sP5PmSpusqfgkuUfH7bPuQluX0WvsRi29JEeQagPV6iwI9V4SzkkMQt7L5mP5ac_Ae4SAMxMjWeklLLP5y0QjB0pAXo9a6','vivo  V2050','Android','en','Asia/Kolkata',NULL,1,NULL,NULL,NULL,0,0,0,0,0,0,0,'2024-05-11 09:55:59','2024-06-03 15:32:30',3),(78,'datta','dattatreya361@gmail.com',NULL,NULL,'sales','junior sales person',NULL,NULL,0,0,0,0,0,0,0,0,0,0,0,0,0,0,NULL,NULL,NULL,NULL,'asp-123-1',18,NULL,NULL,NULL,NULL,NULL,NULL,NULL,1,NULL,NULL,NULL,0,0,0,0,0,0,0,'2024-05-11 10:00:16','2024-06-03 15:32:30',3),(79,'Edge','ee@spigroup.in',NULL,'$2a$05$89ONdNAF62xCRfGZA8iFleioG09u992Dkr48EYS9q43NiWuOVVBA.','sales','junior sales person',NULL,NULL,1,1,0,0,0,0,0,0,0,0,0,0,0,0,NULL,NULL,NULL,NULL,'asp-123-1',19,NULL,NULL,'iPhone 13','iOS','en','Asia/Kolkata',NULL,1,NULL,NULL,NULL,0,1,1,0,1,0,0,'2024-05-11 10:49:57','2024-06-03 15:32:30',3),(80,'Subu','s91@gmail.com',NULL,'$2a$05$mGd3N.r.avZQ6QCcgk4ES.un9yrtdB/X30lQH1t0vvQvoJugsBn3a','sales','junior sales person',NULL,NULL,1,1,0,0,0,0,0,0,0,0,0,0,0,0,NULL,NULL,NULL,NULL,'asp-123-1',20,NULL,'eiyO0R2fRTWwJRidpBV7M6:APA91bHKP3FhObizgFVT1yGoo3S2klcsgUNjMc7fQnxtW8sP5PmSpusqfgkuUfH7bPuQluX0WvsRi29JEeQagPV6iwI9V4SzkkMQt7L5mP5ac_Ae4SAMxMjWeklLLP5y0QjB0pAXo9a6','vivo  V2050','Android','en','Asia/Kolkata',NULL,1,NULL,NULL,NULL,0,0,0,0,0,0,0,'2024-05-11 11:56:17','2024-06-03 15:32:30',3),(81,'Subu','subr91@gmail.com',NULL,'$2a$05$dxVIAEgA8pNEdFZAm1gptu9QF0OBZMHBNAyf56iwL/NGv.kwr4Swu','sales','junior sales person',NULL,NULL,1,1,0,0,0,0,0,0,0,0,0,0,0,0,NULL,NULL,NULL,NULL,'asp-123-1',21,NULL,'eiyO0R2fRTWwJRidpBV7M6:APA91bHKP3FhObizgFVT1yGoo3S2klcsgUNjMc7fQnxtW8sP5PmSpusqfgkuUfH7bPuQluX0WvsRi29JEeQagPV6iwI9V4SzkkMQt7L5mP5ac_Ae4SAMxMjWeklLLP5y0QjB0pAXo9a6','vivo  V2050','Android','en','Asia/Kolkata',NULL,1,NULL,NULL,NULL,0,0,0,0,0,0,0,'2024-05-11 12:50:49','2024-06-03 15:32:30',3),(82,'Nithish','akaobo2@gmail.com',NULL,'$2a$05$JDsTIdfaJIGqnDzxj3LwveyX3/LTlqyVs9JfoTH6BIIzB4ZCbiRYq','sales','junior sales person',NULL,NULL,1,1,0,0,0,0,0,0,0,0,0,0,1,0,NULL,NULL,NULL,NULL,'asp-123-1',22,NULL,'eAA4qljHRJ2O5KOlD4jnuW:APA91bHrb_1kTXI-3R62ApoTG4Xdf02xVBwed4L9nQBTWHyGPH8rt2xGCRGu4cfoe1_L0QAb3mWx05vEkXaNqe_GclXL-3FO-duM7WCIpRZEqWXoPWsKoFsiDmQAdOuEWdxIspTBQ6cu','OnePlus  CPH2467','Android','en','Asia/Kolkata',NULL,1,'2024-05-11 13:04:33',18,NULL,0,0,0,0,0,0,0,'2024-05-11 12:56:46','2024-06-03 15:32:30',3),(83,'Subu','sub91@gmail.com',NULL,'$2a$05$R0b.TegHP0HtIRd7Hmnl9ufeVFEYcvkYeQcvBLzk2cdEL7fVrvJSu','sales','junior sales person',NULL,NULL,1,1,0,0,0,0,0,0,0,0,0,0,1,0,NULL,NULL,NULL,NULL,'asp-123-1',23,NULL,'cvM_qtV_RG2m7MUPpv3r2o:APA91bFmt_FEzoeUuat9JO-XP0clwIskptE-izeGLxSjYHnUNCF4bRdFnRYEQY1aYN2iwm4KWpWLhdk-pm4OeqkUeXSuRuZAr6MZic-edzdkHBFTAvKTyhddsmNvJFx4n89IWkAgzvfe','vivo  V2050','Android','en','Asia/Kolkata',NULL,1,'2024-05-11 13:00:21',18,NULL,0,0,0,0,0,0,0,'2024-05-11 12:58:18','2024-06-03 15:32:30',3),(84,'edge','edge@spigroup.in',996202189379212,'$2a$05$5tKfNG8vAxt5VD58RyG2Q..yVyo/YFBs5MuO8aHN26B0adnRpcGRa','Sales','Manager',NULL,'2022-04-01 00:00:00',1,1,0,10,0,10,500,0,500,2,0,0,1,0,NULL,'https://postactionsbucket.s3.ap-south-1.amazonaws.com/uploads/profile-picture1715433811990_1715433805050_IMG.png',NULL,NULL,'asp-1340-54',11,0,'fSjbrSoaqUjTmM-g4PHpag:APA91bHVpKq617u9F1qbjGkVsdsUDuIkkGiK1d3Yju95d67T0FjTuxMEJbzExJhgX-3BC7apB2kJzHSIvOETMvYwSKlbMRnix1mgp43BFvtz0auZMm1WZaH_DCvrwX1dL_njtwnwiIit','vivo  V2050','Android','en','Asia/Kolkata',NULL,0,'2024-05-11 14:29:29',18,NULL,0,1,0,0,1,0,0,'2024-05-11 13:20:50','2024-06-04 13:29:38',3),(85,'Nithin','aknithin6@gmail.com',NULL,'$2a$05$ELpXgWOC2moM8ptIc.89j.Vvx42QPDPxA3Rcl0sAogNO0I1QrF0yy','sales','junior sales person',NULL,NULL,1,1,0,10,0,10,1015,400,615,3,0,0,1,1,NULL,NULL,NULL,NULL,'asp-123-1',4,NULL,NULL,'iPhone 15','iOS','en','Asia/Kolkata',NULL,0,'2024-05-11 14:16:10',18,NULL,0,1,1,0,1,0,0,'2024-05-11 14:12:40','2024-06-03 15:32:30',3),(86,'edge','sub@gmail.com',9902189379212,'$2a$05$w52QhGrqa28.nESnFnR29.R5vGHxPkq03n0C1sC9fpgHoHW7hzJXu','Sales','Manager',NULL,'2022-04-01 00:00:00',1,1,1,0,0,0,0,0,0,0,0,0,1,0,NULL,NULL,NULL,NULL,'asp-2277-85',61,0,'cvM_qtV_RG2m7MUPpv3r2o:APA91bFmt_FEzoeUuat9JO-XP0clwIskptE-izeGLxSjYHnUNCF4bRdFnRYEQY1aYN2iwm4KWpWLhdk-pm4OeqkUeXSuRuZAr6MZic-edzdkHBFTAvKTyhddsmNvJFx4n89IWkAgzvfe','vivo  V2050','Android','en','Asia/Kolkata',NULL,1,'2024-05-11 14:44:00',18,NULL,0,0,0,0,0,0,0,'2024-05-11 14:38:16','2024-06-08 11:46:47',1),(87,'Subadhra Devi','vsubadhradevi1982@gmail.com',7867972135,'$2a$05$qail.fmkFtCtkB7dMmqfsufrBDcxNZJ.qmb9t5cshxmS.sTvr5DZe','Sales','Founder',NULL,'2022-01-01 00:00:00',1,1,0,0,0,0,0,0,0,0,0,1,0,0,NULL,'https://postactionsbucket.s3.ap-south-1.amazonaws.com/uploads/profile-picture1715525204877_1715525176763_IMG.png',NULL,NULL,'asp-0246-05',62,0,'dTCB8LkUS1Cd3dYNsr-WXe:APA91bFumGfUhsT7FfKTsvykBoUyhYpyi0FD3IrCbi0h7-rdobMRiT9_TM1RYCTQdU3CIoSxfNq2ML3nybSe94K-kmgSOCG9K6cQmu_sh8rs3UTa-5iffuDgtfvoBUqATWWIiayem3yq','samsung  SM-M317F','Android','en','Asia/Kolkata',NULL,1,NULL,NULL,NULL,0,1,0,0,0,0,0,'2024-05-12 10:32:01','2024-06-08 11:46:47',1),(88,'Akash','aknithi221@gmail.com',7889972135,'$2a$05$jIpzOp8lJGSOr7OrPLKkQOn229mLq7xb1aioT/L0tiDtuHDsR.blO','Sales','Founder',NULL,'2022-01-01 00:00:00',1,1,0,0,0,0,0,0,0,0,0,0,0,0,NULL,NULL,NULL,NULL,'asp-8310-26',63,0,NULL,'Simulator iPhone 15','iOS','en','Asia/Kolkata',NULL,1,NULL,NULL,NULL,0,0,1,0,1,0,0,'2024-05-12 10:33:35','2024-06-08 11:46:47',1),(89,'Lavanya','lavsmd@gmail.com',7812972135,'$2a$05$b6TmfDi2Yg6ezTHgM3qbhu5wqQy1sKYXnBklA/ViTgEjmFAl9MEry','Sales','Founder',NULL,'2022-01-01 00:00:00',1,1,0,0,0,0,0,0,0,0,0,1,0,0,NULL,'https://postactionsbucket.s3.ap-south-1.amazonaws.com/uploads/profile-picture1715525230310_IMG-20240512-WA0059.jpg',NULL,NULL,'asp-0424-08',64,0,'fvmUrYZZSweN6otSq2FrAA:APA91bH27yhS3syYEBleu4IjalyUFSm01BouwGTpu4JGfLKNBXjQd4jdxWCDMaopKm_GDYR91YhjRfPmSS19z_4ZOSiNXaz3kz0r41V5Op7xcD2Tdg5LOp_VdqfOsanbvnFRj9LNcHQz','vivo  V2239','Android','en','Asia/Calcutta',NULL,1,NULL,NULL,NULL,0,1,0,0,0,0,0,'2024-05-12 11:08:25','2024-06-08 11:46:47',1),(90,'Aspire','ahrobo2@gmail.com',7816772135,'$2a$05$NSSWJLCEznP7bD26BGfYFO1lpHTWXQjrsdxt9Aw8jpNrg4OysJcfa','Sales','Founder',NULL,'2022-01-01 00:00:00',1,1,0,0,0,0,0,0,0,0,0,1,0,0,NULL,'https://postactionsbucket.s3.ap-south-1.amazonaws.com/uploads/profile-picture1715581485136_imagefile.jpg',NULL,NULL,'asp-0892-37',65,0,NULL,'iPhone 15','iOS','en','Asia/Kolkata',NULL,1,NULL,NULL,NULL,0,1,1,0,1,0,0,'2024-05-12 11:08:55','2024-06-08 11:46:47',1),(91,'Miral Golakiya','miral.golakiya@grewon.com',NULL,'$2a$05$OrO7CzCu6A1h9DOK6865Be9XE0n/NMeHXnRXKwrJS93eWlUJUjUla','sales','junior sales person',NULL,NULL,1,1,0,0,0,0,0,0,0,0,0,0,0,0,NULL,NULL,NULL,NULL,'asp-123-1',24,NULL,'cSicWtNaTiqXp4iRmAdUAZ:APA91bHxrj41fg1hQc0uGM_DJJ-ouNZcg0hOCPK-paiRCHYzQkIO6EcWr6yIXe0nMTlR4ooNdzuqyngzKc9geKKhvrPHRLx9yGT0JfZ8--iduH7kMgn63-03VvJ43Bf-wNbamBsJ245y','google  sdk_gphone64_arm64','Android','en','Asia/Kolkata',NULL,1,NULL,NULL,NULL,0,1,0,0,0,0,0,'2024-05-13 05:21:06','2024-06-03 15:32:30',3),(92,'Nithish','akaobo2@gmail.com',NULL,'$2a$05$.es1ScwlzH27Wd0sRVSR3Orbey.fPAP6f.JFJ735l34II3YZ1JlyW','sales','junior sales person',NULL,NULL,1,1,0,0,0,0,0,0,0,0,0,0,0,0,NULL,NULL,NULL,NULL,'asp-123-1',25,NULL,'euQkbHE1RsmlZp0g5Jg_8A:APA91bGn6WQ21eHrFUyTpQ0-51Pb8sc1SIaZW4e3TrBeJcjHlCzIvdqITChjIS7F0JC2nO_RAihLiLmxD3nmF8xkcaC8j8if6Bt02BY3ogYviu01ITCgzN3yMaE7A9eR2CEX9kzTzVhr','OnePlus  CPH2467','Android','en','Asia/Kolkata',NULL,1,NULL,NULL,NULL,0,1,0,0,0,0,0,'2024-05-13 06:52:08','2024-06-03 15:32:30',3),(93,'Nithish','akashro2@gmail.com',NULL,'$2a$05$ZPc/YlMfgb5npAOvgaB4ruFwxwddQLS3Se5GN0l0rN7/xq5D569Py','sales','junior sales person',NULL,NULL,1,1,0,0,0,0,500,0,500,0,0,0,1,0,NULL,NULL,NULL,NULL,'asp-123-1',26,NULL,'elroZVnyQKahTjIxltihg6:APA91bGCHkbFq1twMSMd2W701NMwmphldSP2taTBAFI_l29-5s5GMTu89aMYfDWqGj72C2AKm8JJzFvWz3Xyl6zXpFUUbuwirX-4wmVDYjHfMiM-kTNGnMIdwP4avQjRFOd__j3zxr8o','OnePlus  CPH2467','Android','en','Asia/Kolkata',NULL,0,'2024-05-13 07:00:18',18,NULL,0,1,0,0,0,0,0,'2024-05-13 06:57:11','2024-06-03 15:32:30',3),(94,'Nithish','abo2@gmail.com',NULL,'$2a$05$gKlqtncTM3NrTfEzeMFU0Ok5G6/BpTpPbi4BT00iXHZE6.oqtxBUy','sales','junior sales person',NULL,NULL,1,1,0,10,0,10,500,0,500,2,0,0,1,0,NULL,NULL,NULL,NULL,'asp-123-1',12,NULL,'feGjjOLYQu-x5iezTpXh1X:APA91bGKTbaSqIXq_nUg9RYTWCSpQEJvRYVsMgmE7zWK3tgiS4lcy-PB-d4_B5uixla2Zu4NjbZZ3LYsXT93EDdtcMkgI-BxbmcpaBrmsdIXnspv-SmYJaaqAnMHIcxXiEBr1YXHBUxK','OnePlus  CPH2467','Android','en','Asia/Kolkata',NULL,0,'2024-05-13 07:40:12',18,NULL,0,1,0,0,1,0,0,'2024-05-13 07:33:04','2024-06-03 15:32:30',3),(95,'Subu','091@gmail.com',NULL,'$2a$05$rEHbNHVEa4GN6i6iERtHyu1k3SN7BldS/uDcdXw3NPcLpibhMq8lK','sales','junior sales person',NULL,NULL,1,1,0,10,0,10,520,400,120,3,0,0,1,1,NULL,NULL,NULL,NULL,'asp-123-1',5,NULL,'ef8uQOnFQTekWkdhBd0UUo:APA91bHqNe729nB71SMGFj9dnNN4d2xIKZtN4apHeyijzi0qkua3oF3cShoT2kcuA9PARn2_7DnOsTazJj_AD9KtQ-Dz6Y0x1Z0bcvzAVRrbK2N-gacVP6v_hMkIiRRiuZkZ6XkPNgHD','vivo  V2050','Android','en','Asia/Kolkata',NULL,0,'2024-05-13 08:10:09',18,NULL,0,1,1,0,1,0,0,'2024-05-13 08:06:14','2024-06-03 15:32:30',3),(96,'edge','1@gmail.com',9909212,'$2a$05$1DkDk6l8KYRKqjJnEWdF6e06NH.XfZZK8oMuK5PxrJ1pDTHQSJ92q','Sales','Manager',NULL,'2022-04-01 00:00:00',1,1,1,0,0,0,0,0,0,0,0,0,0,0,NULL,NULL,NULL,NULL,'asp-5674-14',66,0,NULL,'vivo  V2050','Android','en','Asia/Kolkata',NULL,1,NULL,NULL,NULL,0,0,0,0,0,0,0,'2024-05-13 08:24:57','2024-06-08 11:46:47',1),(97,'edge','su91@gmail.com',9902379212,'$2a$05$pTv3ncAMDrK8Hw5X5QdcP.Ah1qD/hGLbF3Iw8oQmRQ.FtuhpcoMg.','Sales','Manager',NULL,'2022-04-01 00:00:00',1,1,0,10,0,10,500,0,500,2,0,0,1,0,NULL,NULL,NULL,NULL,'asp-8847-37',36,0,'dL8fdeT-Sma1UPUdRVmHLw:APA91bEq5fLMlRObvVGoyrxEyo709OFaWvYPgBbWrW-aZ0n-jYE6vtoi9dLebUaJnsfhnp1oq1RHPhlRLIsAs1Yp7s1XPnJIzjo1Lhfu_4OQ2a5F72-BoJUKGwl_oiF8JVVtEXbeYwhv','vivo  V2050','Android','en','Asia/Kolkata',NULL,0,'2024-05-13 08:33:52',18,NULL,0,1,0,0,1,0,0,'2024-05-13 08:31:12','2024-06-08 11:46:47',1),(98,'Subu','su1@gmail.com',NULL,'$2a$05$GhUBE4hPlPzxpqD8bXWHlOgyVhfchzR67JIceSjfdSqSGDPYdTHL.','sales','junior sales person',NULL,NULL,1,1,0,0,0,0,0,0,0,0,0,0,0,0,NULL,NULL,NULL,NULL,'asp-123-1',27,NULL,'dL8fdeT-Sma1UPUdRVmHLw:APA91bEq5fLMlRObvVGoyrxEyo709OFaWvYPgBbWrW-aZ0n-jYE6vtoi9dLebUaJnsfhnp1oq1RHPhlRLIsAs1Yp7s1XPnJIzjo1Lhfu_4OQ2a5F72-BoJUKGwl_oiF8JVVtEXbeYwhv','vivo  V2050','Android','en','Asia/Kolkata',NULL,1,NULL,NULL,NULL,0,1,0,0,0,0,0,'2024-05-13 09:05:46','2024-06-03 15:32:30',3),(99,'Subu','gygjgjh@gmail.com',NULL,'$2a$05$0pcywtDNEmIQcokn5JvzI.HwLljFhf.7Ei2lUEBWvk0vdhvXG/NRy','sales','junior sales person',NULL,NULL,1,1,0,10,0,10,520,400,120,3,0,1,1,1,NULL,NULL,NULL,NULL,'asp-123-1',6,NULL,'ee2ckiozReCDFVJjigeY4A:APA91bFfDBTIVk4hmHM-AzpOT3Q-0S5Gratlb2WwFLr3qBWVLzKy3skGdfRUYF9CGDjCDukLyts2j6V9PPrgJ3dky7FoEMG0bZvzX9DbYH3qlV_6LCS7KJkI-9-XLIHbn1qU8IvnsnkX','vivo  V2050','Android','en','Asia/Kolkata',NULL,0,'2024-05-13 09:11:38',18,NULL,0,1,1,0,1,0,0,'2024-05-13 09:10:17','2024-06-03 15:32:30',3),(100,'Subu','Subu99subru091@gmail.com',NULL,NULL,'sales','junior sales person',NULL,NULL,0,0,0,0,0,0,0,0,0,0,0,0,0,0,NULL,NULL,NULL,NULL,'asp-123-99',28,NULL,NULL,NULL,NULL,NULL,NULL,NULL,1,NULL,NULL,NULL,0,0,0,0,0,0,0,'2024-05-13 09:10:17','2024-06-03 15:32:30',3),(101,'suburamanium','letspartner@spigroup.in',NULL,'$2a$05$KVckz5Gf92tr7VevoWSQB.zQK2k3VoTrn1jdrN210VpUcx/TCKya6','sales','junior sales person',NULL,NULL,1,1,0,10,0,10,515,400,115,3,0,0,1,1,NULL,NULL,NULL,NULL,'asp-123-1',7,NULL,'ezW7KhbzT3eBA2BdHYM8HH:APA91bG_NyyT9rI8nRvdGWAVwftSWXHhtPAYdSNWQcI40Z-e3szkx1gEBrjUwTLCehaoA4NLgDK5KwOXd1E0O7mEaS1WcSmfXJhx1Nz8H0kkNizN91rVl4kbglFzf7JLRjPBIDfh1jM7','vivo  V2050','Android','en','Asia/Kolkata',NULL,0,'2024-05-13 09:41:15',18,NULL,0,1,1,0,0,0,0,'2024-05-13 09:38:53','2024-06-03 15:32:30',3),(102,'suburamanium','letner@spigroup.in',NULL,NULL,'sales','junior sales person',NULL,NULL,0,0,0,0,0,0,0,0,0,0,0,0,0,0,NULL,NULL,NULL,NULL,'asp-123-1',29,NULL,NULL,NULL,NULL,NULL,NULL,NULL,1,NULL,NULL,NULL,0,0,0,0,0,0,0,'2024-05-13 09:38:53','2024-06-03 15:32:30',3),(103,'Ajay Narula','ajayn@akiraconsulting.jp',NULL,'$2a$05$YWubyy9WuFslI8SewCMMjuIOxRLb8t5CFHXZeyrXj/.5w0S5Ai6zu','sales','junior sales person',NULL,NULL,1,1,0,0,0,0,0,0,0,0,0,0,0,0,NULL,NULL,NULL,NULL,'asp-123-1',5,NULL,NULL,'iPhone 14 Pro Max','iOS','en','Asia/Tokyo',NULL,1,NULL,NULL,NULL,0,1,1,0,1,0,0,'2024-05-13 10:17:58','2024-06-08 02:02:07',4),(104,'Amit Ranjan','amit@elevandi.io',NULL,NULL,'sales','junior sales person',NULL,NULL,0,0,0,0,0,0,0,0,0,0,0,0,0,0,NULL,NULL,NULL,NULL,'asp-123-1',6,NULL,NULL,NULL,NULL,NULL,NULL,NULL,1,NULL,NULL,NULL,0,0,0,0,0,0,0,'2024-05-13 10:17:58','2024-06-08 02:02:07',4),(105,'Anmol','anmolsahu.5855@gmail.com',NULL,NULL,'sales','junior sales person',NULL,NULL,0,0,0,0,0,0,0,0,0,0,0,0,0,0,NULL,NULL,NULL,NULL,'asp-123-1',7,NULL,NULL,NULL,NULL,NULL,NULL,NULL,1,NULL,NULL,NULL,0,0,0,0,0,0,0,'2024-05-13 10:17:58','2024-06-08 02:02:07',4),(106,'Anna','anna.lo@gmail.com',NULL,NULL,'sales','junior sales person',NULL,NULL,0,0,0,0,0,0,0,0,0,0,0,0,0,0,NULL,NULL,NULL,NULL,'asp-123-1',8,NULL,NULL,NULL,NULL,NULL,NULL,NULL,1,NULL,NULL,NULL,0,0,0,0,0,0,0,'2024-05-13 10:17:58','2024-06-08 02:02:07',4),(107,'Bhavishya','bhavishya@paneliq.com',NULL,NULL,'sales','junior sales person',NULL,NULL,0,0,0,0,0,0,0,0,0,0,0,0,0,0,NULL,NULL,NULL,NULL,'asp-123-1',9,NULL,NULL,NULL,NULL,NULL,NULL,NULL,1,NULL,NULL,NULL,0,0,0,0,0,0,0,'2024-05-13 10:17:58','2024-06-08 02:02:07',4),(108,'Che Wang','che_wang@ip.mufg.jp',NULL,NULL,'sales','junior sales person',NULL,NULL,0,0,0,0,0,0,0,0,0,0,0,0,0,0,NULL,NULL,NULL,NULL,'asp-123-1',10,NULL,NULL,NULL,NULL,NULL,NULL,NULL,1,NULL,NULL,NULL,0,0,0,0,0,0,0,'2024-05-13 10:17:58','2024-06-08 02:02:07',4),(109,'Daipayan Das','daipayand@gmail.com',NULL,NULL,'sales','junior sales person',NULL,NULL,0,0,0,0,0,0,0,0,0,0,0,0,0,0,NULL,NULL,NULL,NULL,'asp-123-1',11,NULL,NULL,NULL,NULL,NULL,NULL,NULL,1,NULL,NULL,NULL,0,0,0,0,0,0,0,'2024-05-13 10:17:58','2024-06-08 02:02:07',4),(110,'Daisuke Tkakuwa','daisuke.takakuwa@tohmatsu.co.jp',NULL,NULL,'sales','junior sales person',NULL,NULL,0,0,0,0,0,0,0,0,0,0,0,0,0,0,NULL,NULL,NULL,NULL,'asp-123-1',12,NULL,NULL,NULL,NULL,NULL,NULL,NULL,1,NULL,NULL,NULL,0,0,0,0,0,0,0,'2024-05-13 10:17:58','2024-06-08 02:02:07',4),(111,'Toska','dtkimanh21@gmail.com',NULL,NULL,'sales','junior sales person',NULL,NULL,0,0,0,0,0,0,0,0,0,0,0,0,0,0,NULL,NULL,NULL,NULL,'asp-123-1',13,NULL,NULL,NULL,NULL,NULL,NULL,NULL,1,NULL,NULL,NULL,0,0,0,0,0,0,0,'2024-05-13 10:17:58','2024-06-08 02:02:07',4),(112,'Tatsuya Fukushige','fukushige@scsk.jp',NULL,NULL,'sales','junior sales person',NULL,NULL,0,0,0,0,0,0,0,0,0,0,0,0,0,0,NULL,NULL,NULL,NULL,'asp-123-1',14,NULL,NULL,NULL,NULL,NULL,NULL,NULL,1,NULL,NULL,NULL,0,0,0,0,0,0,0,'2024-05-13 10:17:58','2024-06-08 02:02:07',4),(113,'Gijo Sivan','gijoms@innovaturetech.com',NULL,NULL,'sales','junior sales person',NULL,NULL,0,0,0,0,0,0,0,0,0,0,0,0,0,0,NULL,NULL,NULL,NULL,'asp-123-1',15,NULL,NULL,NULL,NULL,NULL,NULL,NULL,1,NULL,NULL,NULL,0,0,0,0,0,0,0,'2024-05-13 10:17:58','2024-06-08 02:02:07',4),(114,'Shintaro Hari','hari@conec-tando.com',NULL,NULL,'sales','junior sales person',NULL,NULL,0,0,0,0,0,0,0,0,0,0,0,0,0,0,NULL,NULL,NULL,NULL,'asp-123-1',16,NULL,NULL,NULL,NULL,NULL,NULL,NULL,1,NULL,NULL,NULL,0,0,0,0,0,0,0,'2024-05-13 10:17:58','2024-06-08 02:02:07',4),(115,'Isao Nishimuta','hikarui@yahoo.co.jp',NULL,NULL,'sales','junior sales person',NULL,NULL,0,0,0,0,0,0,0,0,0,0,0,0,0,0,NULL,NULL,NULL,NULL,'asp-123-1',17,NULL,NULL,NULL,NULL,NULL,NULL,NULL,1,NULL,NULL,NULL,0,0,0,0,0,0,0,'2024-05-13 10:17:58','2024-06-08 02:02:07',4),(116,'Hiroaki Ishibashi','hiroaki.ishibashi@sega.com',NULL,NULL,'sales','junior sales person',NULL,NULL,0,0,0,0,0,0,0,0,0,0,0,0,0,0,NULL,NULL,NULL,NULL,'asp-123-1',18,NULL,NULL,NULL,NULL,NULL,NULL,NULL,1,NULL,NULL,NULL,0,0,0,0,0,0,0,'2024-05-13 10:17:58','2024-06-08 02:02:07',4),(117,'Hirofumi Yamamoto','hirofumi.yamamoto@kyndryl.com',NULL,NULL,'sales','junior sales person',NULL,NULL,0,0,0,0,0,0,0,0,0,0,0,0,0,0,NULL,NULL,NULL,NULL,'asp-123-1',19,NULL,NULL,NULL,NULL,NULL,NULL,NULL,1,NULL,NULL,NULL,0,0,0,0,0,0,0,'2024-05-13 10:17:58','2024-06-08 02:02:07',4),(118,'尾崎　尋和','h.ozaki@jsri.co.jp',NULL,NULL,'sales','junior sales person',NULL,NULL,0,0,0,0,0,0,0,0,0,0,0,0,0,0,NULL,NULL,NULL,NULL,'asp-123-1',20,NULL,NULL,NULL,NULL,NULL,NULL,NULL,1,NULL,NULL,NULL,0,0,0,0,0,0,0,'2024-05-13 10:17:58','2024-06-08 02:02:07',4),(119,'Hanh Do','info@buyoplastic.com',NULL,NULL,'sales','junior sales person',NULL,NULL,0,0,0,0,0,0,0,0,0,0,0,0,0,0,NULL,NULL,NULL,NULL,'asp-123-1',21,NULL,NULL,NULL,NULL,NULL,NULL,NULL,1,NULL,NULL,NULL,0,0,0,0,0,0,0,'2024-05-13 10:17:58','2024-06-08 02:02:07',4),(120,'James','james.soback@17lifeworks.com',NULL,NULL,'sales','junior sales person',NULL,NULL,0,0,0,0,0,0,0,0,0,0,0,0,0,0,NULL,NULL,NULL,NULL,'asp-123-1',22,NULL,NULL,NULL,NULL,NULL,NULL,NULL,1,NULL,NULL,NULL,0,0,0,0,0,0,0,'2024-05-13 10:17:58','2024-06-08 02:02:07',4),(121,'Junk','j.kawai0908@gmail.com',NULL,NULL,'sales','junior sales person',NULL,NULL,0,0,0,0,0,0,0,0,0,0,0,0,0,0,NULL,NULL,NULL,NULL,'asp-123-1',23,NULL,NULL,NULL,NULL,NULL,NULL,NULL,1,NULL,NULL,NULL,0,0,0,0,0,0,0,'2024-05-13 10:17:58','2024-06-08 02:02:07',4),(122,'Julien Mialaret','jmialaret@eurazeo.com',NULL,NULL,'sales','junior sales person',NULL,NULL,0,0,0,0,0,0,0,0,0,0,0,0,0,0,NULL,NULL,NULL,NULL,'asp-123-1',24,NULL,NULL,NULL,NULL,NULL,NULL,NULL,1,NULL,NULL,NULL,0,0,0,0,0,0,0,'2024-05-13 10:17:58','2024-06-08 02:02:07',4),(123,'John Whatley','john@staydreamhouse.com',NULL,NULL,'sales','junior sales person',NULL,NULL,0,0,0,0,0,0,0,0,0,0,0,0,0,0,NULL,NULL,NULL,NULL,'asp-123-1',25,NULL,NULL,NULL,NULL,NULL,NULL,NULL,1,NULL,NULL,NULL,0,0,0,0,0,0,0,'2024-05-13 10:17:58','2024-06-08 02:02:07',4),(124,'温井　江','jwen_iejapan@yahoo.co.jp',NULL,NULL,'sales','junior sales person',NULL,NULL,0,0,0,0,0,0,0,0,0,0,0,0,0,0,NULL,NULL,NULL,NULL,'asp-123-1',26,NULL,NULL,NULL,NULL,NULL,NULL,NULL,1,NULL,NULL,NULL,0,0,0,0,0,0,0,'2024-05-13 10:17:58','2024-06-08 02:02:07',4),(125,'Kazuki Kawabe','ka-kawabe@usen-next.jp',NULL,'$2a$05$qo6QrglwaeF7Re1EwqwYTun0uFugTeW.bgLkEjcEqh06VdNPTxmgy','sales','junior sales person',NULL,NULL,1,1,0,0,0,0,0,0,0,0,0,0,0,0,NULL,NULL,NULL,NULL,'asp-123-1',27,NULL,NULL,'iPhone SE (2nd generation)','iOS','en','Asia/Tokyo',NULL,1,NULL,NULL,NULL,0,1,1,0,1,0,0,'2024-05-13 10:17:58','2024-06-08 02:02:07',4),(126,'Yasemin Karatas','karatas.yasemin@forstartups.com',NULL,NULL,'sales','junior sales person',NULL,NULL,0,0,0,0,0,0,0,0,0,0,0,0,0,0,NULL,NULL,NULL,NULL,'asp-123-1',28,NULL,NULL,NULL,NULL,NULL,NULL,NULL,1,NULL,NULL,NULL,0,0,0,0,0,0,0,'2024-05-13 10:17:58','2024-06-08 02:02:07',4),(127,'孫　克争 Michael Sun','kesun@sbigroup.co.jp',NULL,NULL,'sales','junior sales person',NULL,NULL,0,0,0,0,0,0,0,0,0,0,0,0,0,0,NULL,NULL,NULL,NULL,'asp-123-1',29,NULL,NULL,NULL,NULL,NULL,NULL,NULL,1,NULL,NULL,NULL,0,0,0,0,0,0,0,'2024-05-13 10:17:58','2024-06-08 02:02:07',4),(128,'木本貴啓','kiyoshi.kimoto@woodenrooster.onmicrosoft.com',NULL,NULL,'sales','junior sales person',NULL,NULL,0,0,0,0,0,0,0,0,0,0,0,0,0,0,NULL,NULL,NULL,NULL,'asp-123-1',30,NULL,NULL,NULL,NULL,NULL,NULL,NULL,1,NULL,NULL,NULL,0,0,0,0,0,0,0,'2024-05-13 10:17:58','2024-06-08 02:02:07',4),(129,'Koichiro Kimoto ','koichiro.k@nihontechnology.com',NULL,NULL,'sales','junior sales person',NULL,NULL,0,0,0,0,0,0,0,0,0,0,0,0,0,0,NULL,NULL,NULL,NULL,'asp-123-1',31,NULL,NULL,NULL,NULL,NULL,NULL,NULL,1,NULL,NULL,NULL,0,0,0,0,0,0,0,'2024-05-13 10:17:58','2024-06-08 02:02:07',4),(130,'Youngsang Lee','leeys@kolon.com',NULL,NULL,'sales','junior sales person',NULL,NULL,0,0,0,0,0,0,0,0,0,0,0,0,0,0,NULL,NULL,NULL,NULL,'asp-123-1',32,NULL,NULL,NULL,NULL,NULL,NULL,NULL,1,NULL,NULL,NULL,0,0,0,0,0,0,0,'2024-05-13 10:17:58','2024-06-08 02:02:07',4),(131,'Leslie Chin','lynntorochin@hotmail.com',NULL,'$2a$05$dl3BMi.ewzWvDJFkr0B/X.okFvDiUib49Ylj/JIrJ0i6B6ge5teAO','sales','junior sales person',NULL,NULL,1,1,0,0,0,0,0,0,0,0,0,0,0,0,NULL,NULL,NULL,NULL,'asp-123-1',33,NULL,NULL,'iPhone XS','iOS','en','Asia/Tokyo',NULL,1,NULL,NULL,NULL,0,1,1,0,1,0,0,'2024-05-13 10:17:58','2024-06-08 02:02:07',4),(132,'Michael Feldman','m.feldman@visionasia.com.hk',NULL,NULL,'sales','junior sales person',NULL,NULL,0,0,0,0,0,0,0,0,0,0,0,0,0,0,NULL,NULL,NULL,NULL,'asp-123-1',34,NULL,NULL,NULL,NULL,NULL,NULL,NULL,1,NULL,NULL,NULL,0,0,0,0,0,0,0,'2024-05-13 10:17:58','2024-06-08 02:02:07',4),(133,'Michael Duncan','michael@gotrewired.com',NULL,NULL,'sales','junior sales person',NULL,NULL,0,0,0,0,0,0,0,0,0,0,0,0,0,0,NULL,NULL,NULL,NULL,'asp-123-1',35,NULL,NULL,NULL,NULL,NULL,NULL,NULL,1,NULL,NULL,NULL,0,0,0,0,0,0,0,'2024-05-13 10:17:58','2024-06-08 02:02:07',4),(134,'Munenori Yamada','munenori.a.yamada@rakuten.com',NULL,NULL,'sales','junior sales person',NULL,NULL,0,0,0,0,0,0,0,0,0,0,0,0,0,0,NULL,NULL,NULL,NULL,'asp-123-1',36,NULL,NULL,NULL,NULL,NULL,NULL,NULL,1,NULL,NULL,NULL,0,0,0,0,0,0,0,'2024-05-13 10:17:58','2024-06-08 02:02:07',4),(135,'Muthuvelan T','muthuvelant@nihontechnology.com',NULL,NULL,'sales','junior sales person',NULL,NULL,0,0,0,0,0,0,0,0,0,0,0,0,0,0,NULL,NULL,NULL,NULL,'asp-123-1',37,NULL,NULL,NULL,NULL,NULL,NULL,NULL,1,NULL,NULL,NULL,0,0,0,0,0,0,0,'2024-05-13 10:17:58','2024-06-08 02:02:07',4),(136,'Nak','nakano_y@zoho.com',NULL,NULL,'sales','junior sales person',NULL,NULL,0,0,0,0,0,0,0,0,0,0,0,0,0,0,NULL,NULL,NULL,NULL,'asp-123-1',38,NULL,NULL,NULL,NULL,NULL,NULL,NULL,1,NULL,NULL,NULL,0,0,0,0,0,0,0,'2024-05-13 10:17:58','2024-06-08 02:02:07',4),(137,'Mihoe Sano','ne5livedoor+met@gmail.com',NULL,NULL,'sales','junior sales person',NULL,NULL,0,0,0,0,0,0,0,0,0,0,0,0,0,0,NULL,NULL,NULL,NULL,'asp-123-1',39,NULL,NULL,NULL,NULL,NULL,NULL,NULL,1,NULL,NULL,NULL,0,0,0,0,0,0,0,'2024-05-13 10:17:58','2024-06-08 02:02:07',4),(138,'Nhat Lieu','nhatlieu2004@gmail.com',NULL,NULL,'sales','junior sales person',NULL,NULL,0,0,0,0,0,0,0,0,0,0,0,0,0,0,NULL,NULL,NULL,NULL,'asp-123-1',40,NULL,NULL,NULL,NULL,NULL,NULL,NULL,1,NULL,NULL,NULL,0,0,0,0,0,0,0,'2024-05-13 10:17:58','2024-06-08 02:02:07',4),(139,'尾暮　健','ogure-k@fideltech.com',NULL,NULL,'sales','junior sales person',NULL,NULL,0,0,0,0,0,0,0,0,0,0,0,0,0,0,NULL,NULL,NULL,NULL,'asp-123-1',41,NULL,NULL,NULL,NULL,NULL,NULL,NULL,1,NULL,NULL,NULL,0,0,0,0,0,0,0,'2024-05-13 10:17:58','2024-06-08 02:02:07',4),(140,'Yohei Onigata','onigatay@arkray.co.jp',NULL,NULL,'sales','junior sales person',NULL,NULL,0,0,0,0,0,0,0,0,0,0,0,0,0,0,NULL,NULL,NULL,NULL,'asp-123-1',42,NULL,NULL,NULL,NULL,NULL,NULL,NULL,1,NULL,NULL,NULL,0,0,0,0,0,0,0,'2024-05-13 10:17:58','2024-06-08 02:02:07',4),(141,'Roomer Tarajev','roomer.tarajev@tartu.ee',NULL,NULL,'sales','junior sales person',NULL,NULL,0,0,0,0,0,0,0,0,0,0,0,0,0,0,NULL,NULL,NULL,NULL,'asp-123-1',43,NULL,NULL,NULL,NULL,NULL,NULL,NULL,1,NULL,NULL,NULL,0,0,0,0,0,0,0,'2024-05-13 10:17:59','2024-06-08 02:02:07',4),(142,'Khanh Hoang','sales@buyoplastic.com',NULL,NULL,'sales','junior sales person',NULL,NULL,0,0,0,0,0,0,0,0,0,0,0,0,0,0,NULL,NULL,NULL,NULL,'asp-123-1',44,NULL,NULL,NULL,NULL,NULL,NULL,NULL,1,NULL,NULL,NULL,0,0,0,0,0,0,0,'2024-05-13 10:17:59','2024-06-08 02:02:07',4),(143,'石津　清一郎','seiichiro.ishizu.pa@hitachi.com',NULL,NULL,'sales','junior sales person',NULL,NULL,0,0,0,0,0,0,0,0,0,0,0,0,0,0,NULL,NULL,NULL,NULL,'asp-123-1',45,NULL,NULL,NULL,NULL,NULL,NULL,NULL,1,NULL,NULL,NULL,0,0,0,0,0,0,0,'2024-05-13 10:17:59','2024-06-08 02:02:07',4),(144,'Shekhar Upadhaya','shekharupadhaya121@gmail.com',NULL,NULL,'sales','junior sales person',NULL,NULL,0,0,0,0,0,0,0,0,0,0,0,0,0,0,NULL,NULL,NULL,NULL,'asp-123-1',46,NULL,NULL,NULL,NULL,NULL,NULL,NULL,1,NULL,NULL,NULL,0,0,0,0,0,0,0,'2024-05-13 10:17:59','2024-06-08 02:02:07',4),(145,'Sumina K','smn1436@gmail.com',NULL,NULL,'sales','junior sales person',NULL,NULL,0,0,0,0,0,0,0,0,0,0,0,0,0,0,NULL,NULL,NULL,NULL,'asp-123-1',47,NULL,NULL,NULL,NULL,NULL,NULL,NULL,1,NULL,NULL,NULL,0,0,0,0,0,0,0,'2024-05-13 10:17:59','2024-06-08 02:02:07',4),(146,'賀野壮一朗','soichiro_kano@suntory.co.jp',NULL,NULL,'sales','junior sales person',NULL,NULL,0,0,0,0,0,0,0,0,0,0,0,0,0,0,NULL,NULL,NULL,NULL,'asp-123-1',48,NULL,NULL,NULL,NULL,NULL,NULL,NULL,1,NULL,NULL,NULL,0,0,0,0,0,0,0,'2024-05-13 10:17:59','2024-06-08 02:02:07',4),(147,'スージャン サンク','sujan@99infosystems.com',NULL,NULL,'sales','junior sales person',NULL,NULL,0,0,0,0,0,0,0,0,0,0,0,0,0,0,NULL,NULL,NULL,NULL,'asp-123-1',49,NULL,NULL,NULL,NULL,NULL,NULL,NULL,1,NULL,NULL,NULL,0,0,0,0,0,0,0,'2024-05-13 10:17:59','2024-06-08 02:02:07',4),(148,'Takayuki Sekine','taka0315.sakunaindia@gmail.com',NULL,NULL,'sales','junior sales person',NULL,NULL,0,0,0,0,0,0,0,0,0,0,0,0,0,0,NULL,NULL,NULL,NULL,'asp-123-1',50,NULL,NULL,NULL,NULL,NULL,NULL,NULL,1,NULL,NULL,NULL,0,0,0,0,0,0,0,'2024-05-13 10:17:59','2024-06-08 02:02:07',4),(149,'Takashi Kato','takashi.kato@tee-es.com',NULL,NULL,'sales','junior sales person',NULL,NULL,0,0,0,0,0,0,0,0,0,0,0,0,0,0,NULL,NULL,NULL,NULL,'asp-123-1',51,NULL,NULL,NULL,NULL,NULL,NULL,NULL,1,NULL,NULL,NULL,0,0,0,0,0,0,0,'2024-05-13 10:17:59','2024-06-08 02:02:07',4),(150,'Takashi Ueda','takashi.ueda@nex.nikkei.com',NULL,NULL,'sales','junior sales person',NULL,NULL,0,0,0,0,0,0,0,0,0,0,0,0,0,0,NULL,NULL,NULL,NULL,'asp-123-1',52,NULL,NULL,NULL,NULL,NULL,NULL,NULL,1,NULL,NULL,NULL,0,0,0,0,0,0,0,'2024-05-13 10:17:59','2024-06-08 02:02:07',4),(151,'田中聖之','tanaka.m9@shinmaywa.co.jp',NULL,NULL,'sales','junior sales person',NULL,NULL,0,0,0,0,0,0,0,0,0,0,0,0,0,0,NULL,NULL,NULL,NULL,'asp-123-1',53,NULL,NULL,NULL,NULL,NULL,NULL,NULL,1,NULL,NULL,NULL,0,0,0,0,0,0,0,'2024-05-13 10:17:59','2024-06-08 02:02:07',4),(152,'谷哲也','tetsuya.tani@onedot-inc.com',NULL,NULL,'sales','junior sales person',NULL,NULL,0,0,0,0,0,0,0,0,0,0,0,0,0,0,NULL,NULL,NULL,NULL,'asp-123-1',54,NULL,NULL,NULL,NULL,NULL,NULL,NULL,1,NULL,NULL,NULL,0,0,0,0,0,0,0,'2024-05-13 10:17:59','2024-06-08 02:02:07',4),(153,'Tsuyoshi Minami','tl-minami@nri.co.jp',NULL,NULL,'sales','junior sales person',NULL,NULL,0,0,0,0,0,0,0,0,0,0,0,0,0,0,NULL,NULL,NULL,NULL,'asp-123-1',55,NULL,NULL,NULL,NULL,NULL,NULL,NULL,1,NULL,NULL,NULL,0,0,0,0,0,0,0,'2024-05-13 10:17:59','2024-06-08 02:02:07',4),(154,'田端　俊也','toshiya-tabata@garage.co.jp',NULL,NULL,'sales','junior sales person',NULL,NULL,0,0,0,0,0,0,0,0,0,0,0,0,0,0,NULL,NULL,NULL,NULL,'asp-123-1',56,NULL,NULL,NULL,NULL,NULL,NULL,NULL,1,NULL,NULL,NULL,0,0,0,0,0,0,0,'2024-05-13 10:17:59','2024-06-08 02:02:07',4),(155,'Toshiyuki Saito','toshiyuki.saito@sygna.io',NULL,NULL,'sales','junior sales person',NULL,NULL,0,0,0,0,0,0,0,0,0,0,0,0,0,0,NULL,NULL,NULL,NULL,'asp-123-1',57,NULL,NULL,NULL,NULL,NULL,NULL,NULL,1,NULL,NULL,NULL,0,0,0,0,0,0,0,'2024-05-13 10:17:59','2024-06-08 02:02:07',4),(156,'Todd Mihara','tsuyoshi.mihara@tel.com',NULL,NULL,'sales','junior sales person',NULL,NULL,0,0,0,0,0,0,0,0,0,0,0,0,0,0,NULL,NULL,NULL,NULL,'asp-123-1',58,NULL,NULL,NULL,NULL,NULL,NULL,NULL,1,NULL,NULL,NULL,0,0,0,0,0,0,0,'2024-05-13 10:17:59','2024-06-08 02:02:07',4),(157,'Vedant Agrawal','vedant.agrawal@silkasia.in',NULL,'$2a$05$Z/BCak0De.yx1ZsfAsr5eubh97ZNqKs3nYhYDKm6SKImRYnJPqKzi','sales','junior sales person',NULL,NULL,1,1,0,0,0,0,500,0,500,0,0,0,1,0,NULL,NULL,NULL,NULL,'asp-123-1',59,NULL,NULL,'iPhone 12 Pro','iOS','en','Asia/Tokyo',NULL,0,'2024-05-17 09:08:04',18,NULL,0,1,1,0,1,0,0,'2024-05-13 10:17:59','2024-06-08 02:02:07',4),(158,'Masahiko Yamanaka','yamanaka@vanguard-industries.com',NULL,NULL,'sales','junior sales person',NULL,NULL,0,0,0,0,0,0,0,0,0,0,0,0,0,0,NULL,NULL,NULL,NULL,'asp-123-1',60,NULL,NULL,NULL,NULL,NULL,NULL,NULL,1,NULL,NULL,NULL,0,0,0,0,0,0,0,'2024-05-13 10:17:59','2024-06-08 02:02:07',4),(159,'盧 怡瑾 / Lu, Yijin','yijin.lu@tohmatsu.co.jp',NULL,NULL,'sales','junior sales person',NULL,NULL,0,0,0,0,0,0,0,0,0,0,0,0,0,0,NULL,NULL,NULL,NULL,'asp-123-1',61,NULL,NULL,NULL,NULL,NULL,NULL,NULL,1,NULL,NULL,NULL,0,0,0,0,0,0,0,'2024-05-13 10:17:59','2024-06-08 02:02:07',4),(160,'横山良雄','yokoyama@sitecatcher.net',NULL,NULL,'sales','junior sales person',NULL,NULL,0,0,0,0,0,0,0,0,0,0,0,0,0,0,NULL,NULL,NULL,NULL,'asp-123-1',62,NULL,NULL,NULL,NULL,NULL,NULL,NULL,1,NULL,NULL,NULL,0,0,0,0,0,0,0,'2024-05-13 10:17:59','2024-06-08 02:02:07',4),(161,'Sota Yoshida','yoshida@rayout-inc.com',NULL,NULL,'sales','junior sales person',NULL,NULL,0,0,0,0,0,0,0,0,0,0,0,0,0,0,NULL,NULL,NULL,NULL,'asp-123-1',63,NULL,NULL,NULL,NULL,NULL,NULL,NULL,1,NULL,NULL,NULL,0,0,0,0,0,0,0,'2024-05-13 10:17:59','2024-06-08 02:02:07',4),(162,'Dg_千々和佳樹','yoshiki-chijiwa@garage.co.jp',NULL,NULL,'sales','junior sales person',NULL,NULL,0,0,0,0,0,0,0,0,0,0,0,0,0,0,NULL,NULL,NULL,NULL,'asp-123-1',64,NULL,NULL,NULL,NULL,NULL,NULL,NULL,1,NULL,NULL,NULL,0,0,0,0,0,0,0,'2024-05-13 10:17:59','2024-06-08 02:02:07',4),(163,'Yukio Kimura','yukio.kimura@cc.utsunomiya-u.ac.jp',NULL,NULL,'sales','junior sales person',NULL,NULL,0,0,0,0,0,0,0,0,0,0,0,0,0,0,NULL,NULL,NULL,NULL,'asp-123-1',65,NULL,NULL,NULL,NULL,NULL,NULL,NULL,1,NULL,NULL,NULL,0,0,0,0,0,0,0,'2024-05-13 10:17:59','2024-06-08 02:02:07',4),(164,'Nithish','knithi2212@gmail.com',NULL,'$2a$05$CYQBXVTG1OBjyVcpUdFUCu9ZoUm1Lqbhg40.R.rdFlxzAhNaCnrDm','sales','junior sales person',NULL,NULL,1,1,0,10,0,10,1445,1200,245,5,0,0,1,3,NULL,NULL,NULL,NULL,'asp-123-1',1,NULL,'fV5idaOrQBCGiyEVqtN7bS:APA91bFb8WzfcVXwrQKqxxuY4OFF5USqXeK-_rpUXqGg8jTeZpdr2cKMD365QseGRHAlnZXgB5nA_o90PN3ITnksGn5wJJmDC7ASXjL2dw0TfnPijE4VDMrwXJsqdhAOrjYkwahkAJaH','OnePlus  CPH2467','Android','en','Asia/Kolkata',NULL,0,'2024-05-13 13:30:21',18,NULL,0,1,1,0,1,0,0,'2024-05-13 12:09:03','2024-06-03 15:32:30',3),(165,'Krishna Prasaad','Nithish164aknithi2212@gmail.com',NULL,NULL,'sales','junior sales person',NULL,NULL,0,0,0,0,0,0,0,0,0,0,0,0,0,0,NULL,NULL,NULL,NULL,'asp-123-164',66,NULL,NULL,NULL,NULL,NULL,NULL,NULL,1,NULL,NULL,NULL,0,0,0,0,0,0,0,'2024-05-13 12:09:03','2024-06-08 02:02:07',4),(166,'Subu','subru091@gmail.com',NULL,'$2a$05$08Z7iQMzcpqzgrR5ZDXVAuQ2z.x7o8NBBKLMnbUM8S3CIqhY/ne4m','sales','junior sales person',NULL,NULL,1,1,0,130,0,130,1140,400,740,25,0,1,3,1,NULL,'https://postactionsbucket.s3.ap-south-1.amazonaws.com/uploads/profile-picture1716202082097_1716202070478_IMG.png',NULL,NULL,'asp-123-1',2,NULL,'ee2ckiozReCDFVJjigeY4A:APA91bFfDBTIVk4hmHM-AzpOT3Q-0S5Gratlb2WwFLr3qBWVLzKy3skGdfRUYF9CGDjCDukLyts2j6V9PPrgJ3dky7FoEMG0bZvzX9DbYH3qlV_6LCS7KJkI-9-XLIHbn1qU8IvnsnkX','vivo  V2050','Android','en','Asia/Kolkata',NULL,0,'2024-05-13 12:36:28',18,NULL,0,1,1,0,1,0,0,'2024-05-13 12:32:37','2024-06-08 02:02:07',4),(167,'Krishna Prasaad','Subu166subru091@gmail.com',NULL,NULL,'sales','junior sales person',NULL,NULL,0,0,0,0,0,0,0,0,0,0,0,0,0,0,NULL,NULL,NULL,NULL,'asp-123-166',30,NULL,NULL,NULL,NULL,NULL,NULL,NULL,1,NULL,NULL,NULL,0,0,0,0,0,0,0,'2024-05-13 12:32:37','2024-06-03 15:32:30',3),(168,'Nithish','akoithi2212@gmail.com',NULL,'$2a$05$R1n/YlUg567zfUHAbfVFUux2DxC0z62c8QR9UuLe5rMPVodYgMFDy','sales','junior sales person',NULL,NULL,1,1,0,10,0,10,515,400,115,3,0,0,1,1,NULL,NULL,NULL,'11:43:04','asp-123-1',8,NULL,'cjEMvIYhTUbtomIzd4NRsH:APA91bGaSAz4ema6ZV8jWhiY2q6-PZj-UpdX9fpRXdw7M-4EglinvT-gRfD2pv1NnUwBgHalHMgRlnusERox7cVZZ8jFBJotV_CiSwLeI1Dr8kjdAcnKSwuTsXG4ovuUinA-Z4UaQIjG','iPhone 13','iOS','en','Asia/Kolkata',NULL,0,'2024-05-14 05:34:19',18,NULL,0,1,1,0,1,0,0,'2024-05-14 05:26:22','2024-06-03 15:32:30',3),(169,'Krishna Prasaad','Nithish168aknithi2212@gmail.com',NULL,NULL,'sales','junior sales person',NULL,NULL,0,0,0,0,0,0,0,0,0,0,0,0,0,0,NULL,NULL,NULL,NULL,'asp-123-168',31,NULL,NULL,NULL,NULL,NULL,NULL,NULL,1,NULL,NULL,NULL,0,0,0,0,0,0,0,'2024-05-14 05:26:22','2024-06-03 15:32:30',3),(170,'Maaz','maaz.s@thecircle.work',NULL,NULL,'sales','junior sales person',NULL,NULL,0,0,0,0,0,0,0,0,0,0,0,0,0,0,NULL,NULL,NULL,NULL,'asp-123-1',67,NULL,NULL,NULL,NULL,NULL,NULL,NULL,1,NULL,NULL,NULL,0,0,0,0,0,0,0,'2024-05-14 10:36:45','2024-06-08 02:02:07',4),(171,'Krishna Prasaad','Maaz170maaz.s@thecircle.work',NULL,NULL,'sales','junior sales person',NULL,NULL,0,0,0,0,0,0,0,0,0,0,0,0,0,0,NULL,NULL,NULL,NULL,'asp-123-170',68,NULL,NULL,NULL,NULL,NULL,NULL,NULL,1,NULL,NULL,NULL,0,0,0,0,0,0,0,'2024-05-14 10:36:45','2024-06-08 02:02:07',4),(172,'Nithish','akniohi2212@gmail.com',NULL,'$2a$05$8Z5oKfHcsKHZEKiB5jYnTe5vpHI277fhed.h9d5WpFE9H6Twa/GRa','sales','junior sales person',NULL,NULL,1,1,0,10,0,10,1455,1200,255,5,0,0,1,3,NULL,NULL,NULL,NULL,'asp-123-1',2,NULL,NULL,'iPhone 13','iOS','en','Asia/Kolkata',NULL,0,'2024-05-14 11:24:34',18,NULL,0,1,1,0,1,0,0,'2024-05-14 11:21:26','2024-06-03 15:32:30',3),(173,'Krishna Prasaad','Nithish172aknithi2212@gmail.com',NULL,NULL,'sales','junior sales person',NULL,NULL,0,0,0,0,0,0,0,0,0,0,0,0,0,0,NULL,NULL,NULL,NULL,'asp-123-172',32,NULL,NULL,NULL,NULL,NULL,NULL,NULL,1,NULL,NULL,NULL,0,0,0,0,0,0,0,'2024-05-14 11:21:26','2024-06-03 15:32:30',3),(174,'Nithish','aknithi28972@gmail.com',NULL,'$2a$05$DkFbap7dWh3rM20gZoiOdOt4kc1GjOm.J3ifOwjprLMnvd3hCVQmu','sales','junior sales person',NULL,NULL,1,1,0,10,0,10,515,400,115,3,0,0,1,1,NULL,NULL,NULL,NULL,'asp-123-1',9,NULL,'dQZrgozPmE0Sm92WU1LqO1:APA91bGioYrBTFahnFMvGfWy3DiurCAaJYEAxwflN8CqKJ5d8GyX5c708o69yxMQUODjjyT2I6bGW4V5fe7KvLkmhH3LZOYbXMpfZLsmyI0t3ujNAhcw_jLMoKKwqq5qOx2skwClVull','iPhone 13','iOS','en','Asia/Kolkata',NULL,0,'2024-05-14 12:23:45',18,NULL,0,1,1,0,1,0,0,'2024-05-14 12:19:42','2024-06-03 15:32:30',3),(175,'Krishna Prasaad','Nithish174aknithi2212@gmail.com',NULL,NULL,'sales','junior sales person',NULL,NULL,0,0,0,0,0,0,0,0,0,0,0,0,0,0,NULL,NULL,NULL,NULL,'asp-123-174',33,NULL,NULL,NULL,NULL,NULL,NULL,NULL,1,NULL,NULL,NULL,0,0,0,0,0,0,0,'2024-05-14 12:19:42','2024-06-03 15:32:30',3),(176,'Nithish','aknith12@gmail.com',NULL,'$2a$05$NbYLyN3ygFuUcuWZj17Fl.vqeNKNwE0ASYiWaFU0imK5BXms3RXVS','sales','junior sales person',NULL,NULL,1,1,0,10,0,10,515,400,115,3,0,0,1,1,NULL,NULL,NULL,NULL,'asp-123-1',10,NULL,'fAdF5FeXQFilIWm0SCmw7Z:APA91bH1oBkb5rybvc5rw7ucs2DD5uEf4c_E6OTJ_ZhKsoKbrMp7vtyWlHbEqgV2jIkyQbmnAkLnLFTWSr8yEtG9A0VTpY7m_Q0v3144CCY2_vmfiuWzFdiiqWhp07CHMsaNl30RXKrK','OnePlus  CPH2467','Android','en','Asia/Kolkata',NULL,0,'2024-05-14 12:40:52',18,NULL,0,1,1,0,1,0,0,'2024-05-14 12:36:22','2024-06-03 15:32:30',3),(177,'Krishna Prasaad','Nithish176aknithi2212@gmail.com',NULL,NULL,'sales','junior sales person',NULL,NULL,0,0,0,0,0,0,0,0,0,0,0,0,0,0,NULL,NULL,NULL,NULL,'asp-123-176',34,NULL,NULL,NULL,NULL,NULL,NULL,NULL,1,NULL,NULL,NULL,0,0,0,0,0,0,0,'2024-05-14 12:36:22','2024-06-03 15:32:30',3),(178,'Reub Rich','reubenrichardg3@gmail.com',NULL,'$2a$05$OrQHAeKqXWb6u/xH26BRhuZDgPYUNFnfDDbkgSHYXCYrsV40zeLtW','sales','junior sales person',NULL,NULL,1,1,0,10,0,10,500,0,500,2,0,0,1,0,NULL,NULL,NULL,NULL,'asp-123-1',13,NULL,'egHxl2UrTnyvjXHols0n5J:APA91bGa6iytkhtF3_pFQuDClWtjC7qA6g-alZkLLssFHu0qcJo2spkjQYP7aSal61TfUjBbR7aY3_4qvVTsVZMkFcfChqQ2aFa6thC3R9MQyYZ-M92SQhyYoma2L1Q3BUjam5bZAZoF','OnePlus  CPH2585','Android','en','Asia/Tokyo',NULL,0,'2024-05-15 04:19:26',18,NULL,0,1,1,0,0,0,0,'2024-05-15 04:17:05','2024-06-03 15:32:30',3),(179,'Krishna Prasaad','Reub Rich178reubenrichardg3@gmail.com',NULL,NULL,'sales','junior sales person',NULL,NULL,0,0,0,0,0,0,0,0,0,0,0,0,0,0,NULL,NULL,NULL,NULL,'asp-123-178',35,NULL,NULL,NULL,NULL,NULL,NULL,NULL,1,NULL,NULL,NULL,0,0,0,0,0,0,0,'2024-05-15 04:17:05','2024-06-03 15:32:30',3),(180,'Chris','chrisvice315@gmail.com',NULL,NULL,'sales','junior sales person',NULL,NULL,0,0,0,0,0,0,0,0,0,0,0,0,0,0,NULL,NULL,NULL,NULL,'asp-123-1',69,NULL,NULL,NULL,NULL,NULL,NULL,NULL,1,NULL,NULL,NULL,0,0,0,0,0,0,0,'2024-05-16 09:49:10','2024-06-08 02:02:07',4),(181,'Dash P','dash@g.ecc.u-tokyo.ac.jp',NULL,NULL,'sales','junior sales person',NULL,NULL,0,0,0,0,0,0,0,0,0,0,0,0,0,0,NULL,NULL,NULL,NULL,'asp-123-1',70,NULL,NULL,NULL,NULL,NULL,NULL,NULL,1,NULL,NULL,NULL,0,0,0,0,0,0,0,'2024-05-16 09:49:10','2024-06-08 02:02:07',4),(182,'David Vaccaro','davidvaccaro@gmail.com',NULL,NULL,'sales','junior sales person',NULL,NULL,0,0,0,0,0,0,0,0,0,0,0,0,0,0,NULL,NULL,NULL,NULL,'asp-123-1',71,NULL,NULL,NULL,NULL,NULL,NULL,NULL,1,NULL,NULL,NULL,0,0,0,0,0,0,0,'2024-05-16 09:49:10','2024-06-08 02:02:07',4),(183,'美貴恵三子','emiko@universalplanner.com',NULL,NULL,'sales','junior sales person',NULL,NULL,0,0,0,0,0,0,0,0,0,0,0,0,0,0,NULL,NULL,NULL,NULL,'asp-123-1',72,NULL,NULL,NULL,NULL,NULL,NULL,NULL,1,NULL,NULL,NULL,0,0,0,0,0,0,0,'2024-05-16 09:49:10','2024-06-08 02:02:07',4),(184,'Haruna Ota','japonica.0to1@gmail.com',NULL,NULL,'sales','junior sales person',NULL,NULL,0,0,0,0,0,0,0,0,0,0,0,0,0,0,NULL,NULL,NULL,NULL,'asp-123-1',73,NULL,NULL,NULL,NULL,NULL,NULL,NULL,1,NULL,NULL,NULL,0,0,0,0,0,0,0,'2024-05-16 09:49:10','2024-06-08 02:02:07',4),(185,'Ryunosuke Tanaka','r.tanaka@regacy-innovation.com',NULL,NULL,'sales','junior sales person',NULL,NULL,0,0,0,0,0,0,0,0,0,0,0,0,0,0,NULL,NULL,NULL,NULL,'asp-123-1',74,NULL,NULL,NULL,NULL,NULL,NULL,NULL,1,NULL,NULL,NULL,0,0,0,0,0,0,0,'2024-05-16 09:49:10','2024-06-08 02:02:07',4),(186,'斉藤寿幸','saito707@theia.ocn.ne.jp',NULL,NULL,'sales','junior sales person',NULL,NULL,0,0,0,0,0,0,0,0,0,0,0,0,0,0,NULL,NULL,NULL,NULL,'asp-123-1',75,NULL,NULL,NULL,NULL,NULL,NULL,NULL,1,NULL,NULL,NULL,0,0,0,0,0,0,0,'2024-05-16 09:49:10','2024-06-08 02:02:07',4),(187,'Satoshi Tobinaga','satoshi_tobinaga@mri.co.jp',NULL,NULL,'sales','junior sales person',NULL,NULL,0,0,0,0,0,0,0,0,0,0,0,0,0,0,NULL,NULL,NULL,NULL,'asp-123-1',76,NULL,NULL,NULL,NULL,NULL,NULL,NULL,1,NULL,NULL,NULL,0,0,0,0,0,0,0,'2024-05-16 09:49:10','2024-06-08 02:02:07',4),(188,'綿貫 聡','satoshi.watanuki@mitsubishicorp.com',NULL,NULL,'sales','junior sales person',NULL,NULL,0,0,0,0,0,0,0,0,0,0,0,0,0,0,NULL,NULL,NULL,NULL,'asp-123-1',77,NULL,NULL,NULL,NULL,NULL,NULL,NULL,1,NULL,NULL,NULL,0,0,0,0,0,0,0,'2024-05-16 09:49:10','2024-06-08 02:02:07',4),(189,'Toshimichi Sato','sato.toshimichi.hp@mynavi.jp',NULL,NULL,'sales','junior sales person',NULL,NULL,0,0,0,0,0,0,0,0,0,0,0,0,0,0,NULL,NULL,NULL,NULL,'asp-123-1',78,NULL,NULL,NULL,NULL,NULL,NULL,NULL,1,NULL,NULL,NULL,0,0,0,0,0,0,0,'2024-05-16 09:49:10','2024-06-08 02:02:07',4),(190,'Shivaji Yerra','shivaji@plugxr.com',NULL,NULL,'sales','junior sales person',NULL,NULL,0,0,0,0,0,0,0,0,0,0,0,0,0,0,NULL,NULL,NULL,NULL,'asp-123-1',79,NULL,NULL,NULL,NULL,NULL,NULL,NULL,1,NULL,NULL,NULL,0,0,0,0,0,0,0,'2024-05-16 09:49:10','2024-06-08 02:02:07',4),(191,'The Circle Founders Club','shivam.u@thecircle.work',NULL,NULL,'sales','junior sales person',NULL,NULL,0,0,0,0,0,0,0,0,0,0,0,0,0,0,NULL,NULL,NULL,NULL,'asp-123-1',80,NULL,NULL,NULL,NULL,NULL,NULL,NULL,1,NULL,NULL,NULL,0,0,0,0,0,0,0,'2024-05-16 09:49:10','2024-06-08 02:02:07',4),(192,'Suraj','suraj_bhandari@tsumos.com',NULL,NULL,'sales','junior sales person',NULL,NULL,0,0,0,0,0,0,0,0,0,0,0,0,0,0,NULL,NULL,NULL,NULL,'asp-123-1',81,NULL,NULL,NULL,NULL,NULL,NULL,NULL,1,NULL,NULL,NULL,0,0,0,0,0,0,0,'2024-05-16 09:49:10','2024-06-08 02:02:07',4),(193,'Vinod Vasudevan','vinod1.vasudevan@tohmatsu.co.jp',NULL,NULL,'sales','junior sales person',NULL,NULL,0,0,0,0,0,0,0,0,0,0,0,0,0,0,NULL,NULL,NULL,NULL,'asp-123-1',82,NULL,NULL,NULL,NULL,NULL,NULL,NULL,1,NULL,NULL,NULL,0,0,0,0,0,0,0,'2024-05-16 09:49:10','2024-06-08 02:02:07',4),(194,'ワタナベ　マサヤ','vwasene221@gmail.com',NULL,NULL,'sales','junior sales person',NULL,NULL,0,0,0,0,0,0,0,0,0,0,0,0,0,0,NULL,NULL,NULL,NULL,'asp-123-1',83,NULL,NULL,NULL,NULL,NULL,NULL,NULL,1,NULL,NULL,NULL,0,0,0,0,0,0,0,'2024-05-16 09:49:10','2024-06-08 02:02:07',4),(195,'Hundredthsハンドレッス','x155cf@gmail.com',NULL,NULL,'sales','junior sales person',NULL,NULL,0,0,0,0,0,0,0,0,0,0,0,0,0,0,NULL,NULL,NULL,NULL,'asp-123-1',84,NULL,NULL,NULL,NULL,NULL,NULL,NULL,1,NULL,NULL,NULL,0,0,0,0,0,0,0,'2024-05-16 09:49:11','2024-06-08 02:02:07',4),(196,'Yujin Nakajima','y8-nakajima@nri.co.jp',NULL,NULL,'sales','junior sales person',NULL,NULL,0,0,0,0,0,0,0,0,0,0,0,0,0,0,NULL,NULL,NULL,NULL,'asp-123-1',85,NULL,NULL,NULL,NULL,NULL,NULL,NULL,1,NULL,NULL,NULL,0,0,0,0,0,0,0,'2024-05-16 09:49:11','2024-06-08 02:02:07',4),(197,'Nithish','akn567ithi2212@gmail.com',NULL,'$2a$05$oYL.jIHPd/u4rBjVKLjcM.HAqne3LUQ7M5Ds98aQ7zHm6jDofEZW6','sales','junior sales person',NULL,NULL,1,1,0,20,0,20,500,400,100,4,0,0,1,1,NULL,'https://postactionsbucket.s3.ap-south-1.amazonaws.com/uploads/profile-picture1717065804379_1717065794131_IMG.png',1,NULL,'asp-123-1',3,NULL,'enk5w20rSEK4Fa2dkhwzgH:APA91bFeZegmHxwuYfUEIVqMz0Md_hun1MZtbBBilhXJ9fQPeWCrEiroHQkLGCwK0gdNk_HFHyre4cFieDuk5rNu43JMszCcFV5GF7aGjuoE3ekEbMSeb4esRW0RJtpftSdjtakWSODY','OnePlus  CPH2467','Android','en','Asia/Kolkata',NULL,0,'2024-05-17 13:47:00',18,NULL,0,1,1,0,1,0,0,'2024-05-17 06:38:57','2024-06-03 15:44:45',3),(198,'Krishna Prasaad','Nithish197aknithi2212@gmail.com',NULL,NULL,'sales','junior sales person',NULL,NULL,0,0,0,0,0,0,0,0,0,0,0,0,0,0,NULL,NULL,NULL,NULL,'asp-123-197',86,NULL,NULL,NULL,NULL,NULL,NULL,NULL,1,NULL,NULL,NULL,0,0,0,0,0,0,0,'2024-05-17 06:38:57','2024-06-08 02:02:07',4),(199,'Reuben Richard','reubenrichardg4@gmail.com',NULL,'$2a$05$94nwbqtl0Wx9Gntp0TXeeOfWnrQk8PLHXHfbO920rT0hxOTt5ridS','sales','junior sales person',NULL,NULL,1,1,0,0,0,0,500,0,500,0,0,0,1,0,NULL,NULL,NULL,NULL,'asp-123-1',36,NULL,'egHxl2UrTnyvjXHols0n5J:APA91bGa6iytkhtF3_pFQuDClWtjC7qA6g-alZkLLssFHu0qcJo2spkjQYP7aSal61TfUjBbR7aY3_4qvVTsVZMkFcfChqQ2aFa6thC3R9MQyYZ-M92SQhyYoma2L1Q3BUjam5bZAZoF','OnePlus  CPH2585','Android','en','Asia/Tokyo',NULL,1,'2024-05-17 08:29:12',18,NULL,0,1,1,0,0,0,0,'2024-05-17 08:23:16','2024-06-03 15:32:30',3),(200,'Krishna Prasaad','Reuben Richard199reubenrichardg4@gmail.com',NULL,NULL,'sales','junior sales person',NULL,NULL,0,0,0,0,0,0,0,0,0,0,0,0,0,0,NULL,NULL,NULL,NULL,'asp-123-199',87,NULL,NULL,NULL,NULL,NULL,NULL,NULL,1,NULL,NULL,NULL,0,0,0,0,0,0,0,'2024-05-17 08:23:16','2024-06-08 02:02:07',4),(203,'Devyani Ghosh Shrestha','ghosh.devjani@gmail.com',NULL,NULL,'sales','junior sales person',NULL,NULL,0,0,0,0,0,0,0,0,0,0,0,0,0,0,NULL,NULL,NULL,NULL,'asp-123-1',88,NULL,NULL,NULL,NULL,NULL,NULL,NULL,1,NULL,NULL,NULL,0,0,0,0,0,0,0,'2024-05-17 09:08:33','2024-06-08 02:02:07',4),(204,'Krishna Prasaad','Devyani Ghosh Shrestha203ghosh.devjani@gmail.com',NULL,NULL,'sales','junior sales person',NULL,NULL,0,0,0,0,0,0,0,0,0,0,0,0,0,0,NULL,NULL,NULL,NULL,'asp-123-203',89,NULL,NULL,NULL,NULL,NULL,NULL,NULL,1,NULL,NULL,NULL,0,0,0,0,0,0,0,'2024-05-17 09:08:33','2024-06-08 02:02:07',4),(205,'Abhinay Kumar Singh','abhinay@adcraft.com',NULL,NULL,'sales','junior sales person',NULL,NULL,0,0,0,0,0,0,0,0,0,0,0,0,0,0,NULL,NULL,NULL,NULL,'asp-123-1',90,NULL,NULL,NULL,NULL,NULL,NULL,NULL,1,NULL,NULL,NULL,0,0,0,0,0,0,0,'2024-05-17 09:09:43','2024-06-08 02:02:07',4),(206,'Krishna Prasaad','Abhinay Kumar Singh205abhinay@adcraft.com',NULL,NULL,'sales','junior sales person',NULL,NULL,0,0,0,0,0,0,0,0,0,0,0,0,0,0,NULL,NULL,NULL,NULL,'asp-123-205',91,NULL,NULL,NULL,NULL,NULL,NULL,NULL,1,NULL,NULL,NULL,0,0,0,0,0,0,0,'2024-05-17 09:09:43','2024-06-08 02:02:07',4),(207,'Rajesh','rajesh@palmtreeinfotech.com',NULL,NULL,'sales','junior sales person',NULL,NULL,0,0,0,0,0,0,0,0,0,0,0,0,0,0,NULL,NULL,NULL,NULL,'asp-123-1',92,NULL,NULL,NULL,NULL,NULL,NULL,NULL,1,NULL,NULL,NULL,0,0,0,0,0,0,0,'2024-05-17 09:10:49','2024-06-08 02:02:07',4),(208,'Krishna Prasaad','Rajesh207rajesh@palmtreeinfotech.com',NULL,NULL,'sales','junior sales person',NULL,NULL,0,0,0,0,0,0,0,0,0,0,0,0,0,0,NULL,NULL,NULL,NULL,'asp-123-207',93,NULL,NULL,NULL,NULL,NULL,NULL,NULL,1,NULL,NULL,NULL,0,0,0,0,0,0,0,'2024-05-17 09:10:49','2024-06-08 02:02:07',4),(217,'Rajesh Koilpillai','rajesh.koilpillai@gmail.com',NULL,'$2a$05$MUTRGrzIjXcu8LszZ4hTyOws1O7PLuIXoV8NIjFZdu63VXgd32GyG','sales','junior sales person',NULL,NULL,1,1,0,0,0,0,0,0,0,0,0,0,0,0,NULL,NULL,NULL,NULL,'asp-123-1',94,NULL,NULL,'iPhone 15 Pro','iOS','en','Asia/Tokyo',NULL,1,NULL,NULL,NULL,0,0,1,0,1,0,0,'2024-05-17 11:39:39','2024-06-08 02:02:07',4),(218,'Krishna Prasaad','Rajesh Koilpillai217rajesh.koilpillai@gmail.com',NULL,NULL,'sales','junior sales person',NULL,NULL,0,0,0,0,0,0,0,0,0,0,0,0,0,0,NULL,NULL,NULL,NULL,'asp-123-217',95,NULL,NULL,NULL,NULL,NULL,NULL,NULL,1,NULL,NULL,NULL,0,0,0,0,0,0,0,'2024-05-17 11:39:39','2024-06-08 02:02:07',4),(219,'Dattathreya v','dattatreya367@gmail.com',NULL,'$2a$05$KLqSQcBgWWFKpBaAnkfb7.25LVOYIOsJYdEAYikCk23P17bMxVRv6','sales','junior sales person',NULL,NULL,1,1,0,10,0,10,500,0,500,2,0,0,1,0,NULL,NULL,NULL,NULL,'asp-123-1',3,NULL,'duliQswPQuGMv5I9EV0MpL:APA91bHR7qQ9xq_sTug-y2VBxY-u_WuOMZiS_c-LR5CKPFj-FrF3Co4XmIAcEy7Z1pVJY__yKl7KMfiGkM9SMuYGqf0QcPZsHfcEffno2E2x9mmtywsO5rJLiHjanzAjWpIpIXIM_Ruh','OnePlus  HD1901','Android','en','Asia/Kolkata',NULL,0,'2024-05-20 11:55:29',18,NULL,0,1,1,0,1,0,0,'2024-05-20 11:53:34','2024-06-08 02:02:07',4),(220,'Krishna Prasaad','Dattathreya v219dattatreya367@gmail.com',NULL,NULL,'sales','junior sales person',NULL,NULL,0,0,0,0,0,0,0,0,0,0,0,0,0,0,NULL,NULL,NULL,NULL,'asp-123-219',37,NULL,NULL,NULL,NULL,NULL,NULL,NULL,1,NULL,NULL,NULL,0,0,0,0,0,0,0,'2024-05-20 11:53:34','2024-06-03 15:32:30',3),(221,'Avinash GB','avinash.gb@spigroup.in',NULL,'$2a$05$mYqBdR8NsnQiSpxVP6hezOcZ/V6Hdc/70Nt4uIkB8Mt0K1m1vkH.O','sales','junior sales person',NULL,NULL,1,1,0,0,0,0,500,0,500,0,0,0,1,0,NULL,NULL,NULL,NULL,'asp-123-1',96,NULL,NULL,'iPhone 13','iOS','en','Asia/Kolkata',NULL,0,'2024-05-21 09:55:45',18,NULL,0,1,1,0,1,0,0,'2024-05-21 09:22:08','2024-06-08 02:02:07',4),(222,'Krishna Prasaad','Avinash GB221avinash.gb@spigroup.in',NULL,NULL,'sales','junior sales person',NULL,NULL,0,0,0,0,0,0,0,0,0,0,0,0,0,0,NULL,NULL,NULL,NULL,'asp-123-221',38,NULL,NULL,NULL,NULL,NULL,NULL,NULL,1,NULL,NULL,NULL,0,0,0,0,0,0,0,'2024-05-21 09:22:08','2024-06-03 15:32:30',3),(223,'Lynne Masaki','lynnemasaki@koolkage.com',NULL,'$2a$05$gzBHg3l0Un5oNqdMt9SfzOYjf/dXW9saSQzhk0FXZt/NHi4rMP9dq','sales','junior sales person',NULL,NULL,1,1,0,320,0,320,650,400,250,60,0,0,3,1,NULL,'https://postactionsbucket.s3.ap-south-1.amazonaws.com/uploads/profile-picture1717812033229_imagefile.jpg',NULL,NULL,'asp-123-1',1,NULL,NULL,'iPhone 14','iOS','en','Asia/Tokyo',NULL,0,'2024-05-24 07:30:40',18,NULL,0,1,1,0,1,0,0,'2024-05-24 05:19:19','2024-06-08 02:02:07',4),(224,'Krishna Prasaad','Lynne Masaki223lynnemasaki@koolkage.com',NULL,NULL,'sales','junior sales person',NULL,NULL,0,0,0,0,0,0,0,0,0,0,0,0,0,0,NULL,NULL,NULL,NULL,'asp-123-223',39,NULL,NULL,NULL,NULL,NULL,NULL,NULL,1,NULL,NULL,NULL,0,0,0,0,0,0,0,'2024-05-24 05:19:19','2024-06-03 15:32:30',3),(225,'Akshay Gera','akshay@upthrust.io',NULL,'$2a$05$psEeAmdRnQJoF.m.wCN4UejMpRZKFmHX3meSEJA1RfHjcmc3ytt2S','sales','junior sales person',NULL,NULL,1,1,0,0,0,0,500,0,500,0,0,0,1,0,NULL,NULL,NULL,NULL,'asp-123-1',97,NULL,NULL,'iPhone 15 Pro','iOS','en','Asia/Kolkata',NULL,0,'2024-05-24 08:58:37',18,NULL,0,1,1,0,1,0,0,'2024-05-24 08:55:25','2024-06-08 02:02:07',4),(226,'Krishna Prasaad','Akshay Gera225akshay@upthrust.io',NULL,NULL,'sales','junior sales person',NULL,NULL,0,0,0,0,0,0,0,0,0,0,0,0,0,0,NULL,NULL,NULL,NULL,'asp-123-225',40,NULL,NULL,NULL,NULL,NULL,NULL,NULL,1,NULL,NULL,NULL,0,0,0,0,0,0,0,'2024-05-24 08:55:25','2024-06-03 15:32:30',3),(227,'Archana','archana@myharvestfarms.com',NULL,NULL,'sales','junior sales person',NULL,NULL,0,0,0,0,0,0,0,0,0,0,0,0,0,0,NULL,NULL,NULL,NULL,'asp-123-1',98,NULL,NULL,NULL,NULL,NULL,NULL,NULL,1,NULL,NULL,NULL,0,0,0,0,0,0,0,'2024-05-26 12:00:14','2024-06-08 02:02:07',4),(228,'Krishna Prasaad','Archana227archana@myharvestfarms.com',NULL,NULL,'sales','junior sales person',NULL,NULL,0,0,0,0,0,0,0,0,0,0,0,0,0,0,NULL,NULL,NULL,NULL,'asp-123-227',41,NULL,NULL,NULL,NULL,NULL,NULL,NULL,1,NULL,NULL,NULL,0,0,0,0,0,0,0,'2024-05-26 12:00:14','2024-06-03 15:32:30',3),(229,'Rushabh Mota','rushabh.1312@gmail.com',NULL,NULL,'sales','junior sales person',NULL,NULL,0,0,0,0,0,0,0,0,0,0,0,0,0,0,NULL,NULL,NULL,NULL,'asp-123-1',99,NULL,NULL,NULL,NULL,NULL,NULL,NULL,1,NULL,NULL,NULL,0,0,0,0,0,0,0,'2024-05-28 11:45:03','2024-06-08 02:02:07',4),(230,'Krishna Prasaad','Rushabh Mota229rushabh.1312@gmail.com',NULL,NULL,'sales','junior sales person',NULL,NULL,0,0,0,0,0,0,0,0,0,0,0,0,0,0,NULL,NULL,NULL,NULL,'asp-123-229',42,NULL,NULL,NULL,NULL,NULL,NULL,NULL,1,NULL,NULL,NULL,0,0,0,0,0,0,0,'2024-05-28 11:45:03','2024-06-03 15:32:30',3),(231,'Shabana','shabana.i@spigroup.in',NULL,'$2a$05$j1mLwYY0FCAwQ7YVPkKFVuYg6Sd8B2aPCzARYy3gfPyE0YYfR2v8m','sales','junior sales person',NULL,NULL,1,1,0,0,0,0,500,0,500,0,0,0,1,0,NULL,NULL,NULL,NULL,'asp-123-1',100,NULL,'cjEMvIYhTUbtomIzd4NRsH:APA91bGaSAz4ema6ZV8jWhiY2q6-PZj-UpdX9fpRXdw7M-4EglinvT-gRfD2pv1NnUwBgHalHMgRlnusERox7cVZZ8jFBJotV_CiSwLeI1Dr8kjdAcnKSwuTsXG4ovuUinA-Z4UaQIjG','iPhone XR','iOS','en','Asia/Kolkata',NULL,0,'2024-05-30 07:17:25',18,NULL,0,1,1,0,1,0,0,'2024-05-30 06:53:28','2024-06-08 02:02:07',4),(232,'Krishna Prasaad','Shabana231shabana.i@spigroup.in',NULL,NULL,'sales','junior sales person',NULL,NULL,0,0,0,0,0,0,0,0,0,0,0,0,0,0,NULL,NULL,NULL,NULL,'asp-123-231',43,NULL,NULL,NULL,NULL,NULL,NULL,NULL,1,NULL,NULL,NULL,0,0,0,0,0,0,0,'2024-05-30 06:53:28','2024-06-03 15:32:30',3),(233,'Vasanth','s.vicky.vasanth@gmail.com',NULL,'$2a$05$H9BQGvWGvxx/Vjqijg5gHufAJTKejvWW4DypB6PUXneqbP2MnuYhC','sales','junior sales person',NULL,NULL,1,1,0,10,0,10,500,400,100,2,0,0,1,1,NULL,NULL,NULL,NULL,'asp-123-1',4,NULL,NULL,'samsung  SM-M325F','Android','en','Asia/Kolkata',NULL,0,'2024-05-30 08:43:02',18,NULL,0,1,1,0,0,0,0,'2024-05-30 08:37:00','2024-06-08 02:02:07',4),(234,'Krishna Prasaad','Vasanth233s.vicky.vasanth@gmail.com',NULL,NULL,'sales','junior sales person',NULL,NULL,0,0,0,0,0,0,0,0,0,0,0,0,0,0,NULL,NULL,NULL,NULL,'asp-123-233',44,NULL,NULL,NULL,NULL,NULL,NULL,NULL,1,NULL,NULL,NULL,0,0,0,0,0,0,0,'2024-05-30 08:37:00','2024-06-03 15:32:30',3),(235,'Madhur','madhur@printrove.com',NULL,NULL,'sales','junior sales person',NULL,NULL,0,0,0,0,0,0,0,0,0,0,0,0,0,0,NULL,NULL,NULL,NULL,'asp-123-1',101,NULL,NULL,NULL,NULL,NULL,NULL,NULL,1,NULL,NULL,NULL,0,0,0,0,0,0,0,'2024-06-01 17:24:15','2024-06-08 02:02:07',4),(236,'Krishna Prasaad','Madhur235madhur@printrove.com',NULL,NULL,'sales','junior sales person',NULL,NULL,0,0,0,0,0,0,0,0,0,0,0,0,0,0,NULL,NULL,NULL,NULL,'asp-123-235',45,NULL,NULL,NULL,NULL,NULL,NULL,NULL,1,NULL,NULL,NULL,0,0,0,0,0,0,0,'2024-06-01 17:24:15','2024-06-03 15:32:30',3),(237,'Aspire','nithish.s@spigroup.in',7867972157,NULL,'Sales','Founder',NULL,'2022-01-01 00:00:00',0,0,1,0,0,0,0,0,0,0,0,0,0,0,NULL,NULL,NULL,NULL,'asp-9539-61',67,0,NULL,NULL,NULL,NULL,NULL,NULL,1,NULL,NULL,NULL,0,0,0,0,0,0,0,'2024-06-04 14:03:19','2024-06-08 11:46:47',1),(238,'Aspire','aknithi2212@gmail.com',0,NULL,'Sales','Founder',NULL,'2022-01-01 00:00:00',0,0,1,0,0,0,0,0,0,0,0,0,0,0,NULL,NULL,NULL,NULL,'asp-6056-37',68,0,NULL,NULL,NULL,NULL,NULL,NULL,1,NULL,NULL,NULL,0,0,0,0,0,0,0,'2024-06-04 14:07:07','2024-06-08 11:46:47',1),(239,'Nithish','aknithi22120@gmail.com',2,NULL,'Sales','Founder',NULL,'2022-01-01 00:00:00',0,0,1,0,0,0,0,0,0,0,0,0,0,0,NULL,NULL,NULL,NULL,'asp-0720-74',69,0,NULL,NULL,NULL,NULL,NULL,NULL,1,NULL,NULL,NULL,0,0,0,0,0,0,0,'2024-06-04 14:27:06','2024-06-08 11:46:47',1),(240,'Nithish','aknithi221202@gmail.com',3,NULL,'Sales','Founder',NULL,'2022-01-01 00:00:00',0,0,1,0,0,0,0,0,0,0,0,0,0,0,NULL,NULL,NULL,NULL,'asp-5171-27',70,0,NULL,NULL,NULL,NULL,NULL,NULL,1,NULL,NULL,NULL,0,0,0,0,0,0,0,'2024-06-04 14:28:14','2024-06-08 11:46:47',1),(241,'Datta2212','aknithi22120122@gmail.com',7358066708,NULL,'Sales','Founder',NULL,'2022-01-01 00:00:00',0,0,1,0,0,0,0,0,0,0,0,0,0,0,NULL,NULL,NULL,NULL,'asp-5978-28',71,0,NULL,NULL,NULL,NULL,NULL,NULL,1,NULL,NULL,NULL,0,0,0,0,0,0,0,'2024-06-04 14:29:23','2024-06-08 11:46:47',1),(242,'Arul','arulinigo001@gmail.com',NULL,'$2a$05$z85uWeE4.0rrdg.f3L.tBOYyBUaYmnyQYgIov/vfz7DT3J33IWXPS','sales','junior sales person',NULL,NULL,1,1,0,0,0,0,0,0,0,0,0,0,0,0,NULL,NULL,NULL,NULL,'asp-123-1',102,NULL,'cPZPIpzMRx6yRf1CV98x5p:APA91bGZQh3h3z_3k8x4uSmZNTas8Y-s2hCaXyTCVZJ7qsJCcmcJ2zRPUL4og6wJ0CaSvHnl8N6dMOmJM_pQgzdKocnt9IWrKii9Pg_8a3nUiMMBwtWQkZ_IfNE_SrZNv2kj9YJrYLpH','Redmi  M2003J15SC','Android','en','Asia/Kolkata',NULL,1,NULL,NULL,NULL,0,1,0,0,0,0,0,'2024-06-07 09:53:57','2024-06-08 02:02:07',4),(243,'Krishna Prasaad','Arul242arulinigo001@gmail.com',NULL,NULL,'sales','junior sales person',NULL,NULL,0,0,0,0,0,0,0,0,0,0,0,0,0,0,NULL,NULL,NULL,NULL,'asp-123-242',NULL,NULL,NULL,NULL,NULL,NULL,NULL,NULL,1,NULL,NULL,NULL,0,0,0,0,0,0,0,'2024-06-07 09:53:57','2024-06-07 09:53:57',3);
/*!40000 ALTER TABLE `users` ENABLE KEYS */;
UNLOCK TABLES;

--
-- Table structure for table `verifyEmailOtps`
--

DROP TABLE IF EXISTS `verifyEmailOtps`;
/*!40101 SET @saved_cs_client     = @@character_set_client */;
/*!50503 SET character_set_client = utf8mb4 */;
CREATE TABLE `verifyEmailOtps` (
  `id` int NOT NULL AUTO_INCREMENT,
  `uniqueToken` varchar(2555) DEFAULT NULL,
  `customerId` int DEFAULT NULL,
  `expiresAt` datetime DEFAULT NULL,
  `used` tinyint(1) DEFAULT NULL,
  `otp` int DEFAULT NULL,
  `createdAt` timestamp NULL DEFAULT CURRENT_TIMESTAMP,
  `updatedAt` timestamp NULL DEFAULT CURRENT_TIMESTAMP ON UPDATE CURRENT_TIMESTAMP,
  `adminModelId` int DEFAULT NULL,
  PRIMARY KEY (`id`),
  KEY `customerId` (`customerId`),
  KEY `adminModelId` (`adminModelId`),
  CONSTRAINT `verifyEmailOtps_ibfk_1` FOREIGN KEY (`customerId`) REFERENCES `customers` (`id`),
  CONSTRAINT `verifyEmailOtps_ibfk_2` FOREIGN KEY (`adminModelId`) REFERENCES `adminModels` (`id`)
) ENGINE=InnoDB DEFAULT CHARSET=utf8mb4 COLLATE=utf8mb4_0900_ai_ci;
/*!40101 SET character_set_client = @saved_cs_client */;

--
-- Dumping data for table `verifyEmailOtps`
--

LOCK TABLES `verifyEmailOtps` WRITE;
/*!40000 ALTER TABLE `verifyEmailOtps` DISABLE KEYS */;
/*!40000 ALTER TABLE `verifyEmailOtps` ENABLE KEYS */;
UNLOCK TABLES;

--
-- Table structure for table `weeklyRatings`
--

DROP TABLE IF EXISTS `weeklyRatings`;
/*!40101 SET @saved_cs_client     = @@character_set_client */;
/*!50503 SET character_set_client = utf8mb4 */;
CREATE TABLE `weeklyRatings` (
  `id` int NOT NULL AUTO_INCREMENT,
  `rating` int DEFAULT NULL,
  `createdAt` datetime NOT NULL,
  `updatedAt` datetime NOT NULL,
  `userId` int DEFAULT NULL,
  `programId` int DEFAULT NULL,
  PRIMARY KEY (`id`),
  KEY `userId` (`userId`),
  KEY `programId` (`programId`),
  CONSTRAINT `weeklyRatings_ibfk_1` FOREIGN KEY (`userId`) REFERENCES `users` (`id`) ON DELETE SET NULL ON UPDATE CASCADE,
  CONSTRAINT `weeklyRatings_ibfk_2` FOREIGN KEY (`programId`) REFERENCES `programs` (`id`) ON DELETE SET NULL ON UPDATE CASCADE
) ENGINE=InnoDB AUTO_INCREMENT=102 DEFAULT CHARSET=utf8mb4 COLLATE=utf8mb4_0900_ai_ci;
/*!40101 SET character_set_client = @saved_cs_client */;

--
-- Dumping data for table `weeklyRatings`
--

LOCK TABLES `weeklyRatings` WRITE;
/*!40000 ALTER TABLE `weeklyRatings` DISABLE KEYS */;
INSERT INTO `weeklyRatings` VALUES (1,5,'2024-05-01 05:35:40','2024-05-01 05:35:40',10,2),(2,5,'2024-05-01 05:35:40','2024-05-01 05:35:40',10,9),(3,5,'2024-05-01 05:35:40','2024-05-01 05:35:40',10,10),(4,5,'2024-05-01 05:35:40','2024-05-01 05:35:40',10,1),(5,4,'2024-05-01 05:36:59','2024-05-01 05:36:59',10,2),(6,5,'2024-05-01 05:36:59','2024-05-01 05:36:59',10,9),(7,4,'2024-05-01 05:36:59','2024-05-01 05:36:59',10,10),(8,3,'2024-05-01 05:36:59','2024-05-01 05:36:59',10,1),(9,2,'2024-05-06 05:00:36','2024-05-06 05:00:36',10,2),(10,2,'2024-05-06 05:00:36','2024-05-06 05:00:36',10,9),(11,2,'2024-05-06 05:00:36','2024-05-06 05:00:36',10,10),(12,1,'2024-05-06 05:00:36','2024-05-06 05:00:36',10,1),(13,4,'2024-05-06 05:01:24','2024-05-06 05:01:24',8,2),(14,3,'2024-05-06 05:01:24','2024-05-06 05:01:24',8,9),(15,5,'2024-05-06 05:01:25','2024-05-06 05:01:25',8,9),(16,5,'2024-05-06 05:10:10','2024-05-06 05:10:10',12,2),(17,5,'2024-05-06 05:10:10','2024-05-06 05:10:10',12,9),(18,5,'2024-05-06 05:10:10','2024-05-06 05:10:10',12,9),(19,5,'2024-05-06 05:10:10','2024-05-06 05:10:10',12,10),(20,5,'2024-05-06 05:10:10','2024-05-06 05:10:10',12,11),(21,3,'2024-05-06 05:10:10','2024-05-06 05:10:10',12,13),(22,3,'2024-05-06 05:10:10','2024-05-06 05:10:10',12,14),(23,4,'2024-05-06 05:10:10','2024-05-06 05:10:10',12,12),(24,5,'2024-05-06 07:39:07','2024-05-06 07:39:07',5,2),(25,3,'2024-05-06 07:39:07','2024-05-06 07:39:07',5,11),(26,1,'2024-05-06 12:13:49','2024-05-06 12:13:49',47,2),(27,1,'2024-05-06 12:13:49','2024-05-06 12:13:49',47,10),(28,1,'2024-05-06 12:13:49','2024-05-06 12:13:49',47,9),(29,1,'2024-05-06 12:13:49','2024-05-06 12:13:49',47,3),(30,5,'2024-05-06 13:16:07','2024-05-06 13:16:07',53,3),(31,4,'2024-05-13 03:19:11','2024-05-13 03:19:11',10,2),(32,4,'2024-05-13 03:19:11','2024-05-13 03:19:11',10,9),(33,4,'2024-05-13 03:19:11','2024-05-13 03:19:11',10,10),(34,4,'2024-05-13 03:19:11','2024-05-13 03:19:11',10,1),(35,4,'2024-05-13 03:19:11','2024-05-13 03:19:11',10,3),(36,4,'2024-05-13 03:19:11','2024-05-13 03:19:11',10,12),(37,4,'2024-05-13 03:19:11','2024-05-13 03:19:11',10,18),(38,4,'2024-05-13 07:00:03','2024-05-13 07:00:03',93,18),(39,4,'2024-05-13 07:39:51','2024-05-13 07:39:51',94,18),(40,5,'2024-05-13 07:52:13','2024-05-13 07:52:13',12,2),(41,4,'2024-05-13 07:52:13','2024-05-13 07:52:13',12,9),(42,3,'2024-05-13 07:52:13','2024-05-13 07:52:13',12,9),(43,2,'2024-05-13 07:52:13','2024-05-13 07:52:13',12,10),(44,1,'2024-05-13 07:52:13','2024-05-13 07:52:13',12,11),(45,2,'2024-05-13 07:52:13','2024-05-13 07:52:13',12,13),(46,3,'2024-05-13 07:52:13','2024-05-13 07:52:13',12,14),(47,5,'2024-05-13 07:52:13','2024-05-13 07:52:13',12,12),(48,5,'2024-05-13 08:13:23','2024-05-13 08:13:23',95,18),(49,5,'2024-05-13 08:34:40','2024-05-13 08:34:40',97,18),(50,5,'2024-05-13 09:12:18','2024-05-13 09:12:18',99,18),(51,5,'2024-05-13 09:42:57','2024-05-13 09:42:57',101,18),(52,1,'2024-05-13 13:30:04','2024-05-13 13:30:04',164,18),(53,5,'2024-05-20 10:30:15','2024-05-20 10:30:15',12,2),(54,3,'2024-05-20 10:30:15','2024-05-20 10:30:15',12,9),(55,5,'2024-05-20 10:30:15','2024-05-20 10:30:15',12,9),(56,3,'2024-05-20 10:30:15','2024-05-20 10:30:15',12,10),(57,3,'2024-05-20 10:30:15','2024-05-20 10:30:15',12,11),(58,5,'2024-05-20 10:30:15','2024-05-20 10:30:15',12,13),(59,5,'2024-05-20 10:30:15','2024-05-20 10:30:15',12,14),(60,4,'2024-05-20 10:30:15','2024-05-20 10:30:15',12,12),(61,5,'2024-05-20 10:46:59','2024-05-20 10:46:59',166,18),(62,4,'2024-05-20 10:46:59','2024-05-20 10:46:59',166,25),(63,5,'2024-05-20 11:55:02','2024-05-20 11:55:02',219,18),(64,4,'2024-05-20 18:29:03','2024-05-20 18:29:03',10,2),(65,4,'2024-05-20 18:29:03','2024-05-20 18:29:03',10,9),(66,4,'2024-05-20 18:29:03','2024-05-20 18:29:03',10,10),(67,4,'2024-05-20 18:29:03','2024-05-20 18:29:03',10,1),(68,4,'2024-05-20 18:29:03','2024-05-20 18:29:03',10,3),(69,4,'2024-05-20 18:29:03','2024-05-20 18:29:03',10,12),(70,4,'2024-05-20 18:29:03','2024-05-20 18:29:03',10,18),(71,4,'2024-05-20 18:29:03','2024-05-20 18:29:03',10,18),(72,5,'2024-05-27 06:45:44','2024-05-27 06:45:44',166,18),(73,4,'2024-05-27 06:45:44','2024-05-27 06:45:44',166,25),(74,3,'2024-05-27 06:45:44','2024-05-27 06:45:44',166,1),(75,2,'2024-05-27 06:45:44','2024-05-27 06:45:44',166,4),(76,5,'2024-05-27 13:17:43','2024-05-27 13:17:43',7,2),(77,3,'2024-05-27 13:17:43','2024-05-27 13:17:43',7,9),(78,4,'2024-05-27 13:17:43','2024-05-27 13:17:43',7,17),(79,5,'2024-05-27 17:45:12','2024-05-27 17:45:12',70,2),(80,4,'2024-05-27 17:45:12','2024-05-27 17:45:12',70,10),(81,3,'2024-06-03 00:50:39','2024-06-03 00:50:39',223,18),(82,5,'2024-06-03 00:50:39','2024-06-03 00:50:39',223,12),(83,5,'2024-06-03 00:50:39','2024-06-03 00:50:39',223,1),(84,5,'2024-06-03 00:50:39','2024-06-03 00:50:39',223,4),(85,4,'2024-06-03 03:05:13','2024-06-03 03:05:13',10,2),(86,4,'2024-06-03 03:05:13','2024-06-03 03:05:13',10,9),(87,4,'2024-06-03 03:05:13','2024-06-03 03:05:13',10,10),(88,4,'2024-06-03 03:05:13','2024-06-03 03:05:13',10,1),(89,4,'2024-06-03 03:05:13','2024-06-03 03:05:13',10,3),(90,4,'2024-06-03 03:05:13','2024-06-03 03:05:13',10,12),(91,4,'2024-06-03 03:05:13','2024-06-03 03:05:13',10,18),(92,4,'2024-06-03 03:05:13','2024-06-03 03:05:13',10,18),(93,4,'2024-06-03 15:37:50','2024-06-03 15:37:50',197,18),(94,4,'2024-06-10 03:31:06','2024-06-10 03:31:06',10,2),(95,4,'2024-06-10 03:31:06','2024-06-10 03:31:06',10,9),(96,4,'2024-06-10 03:31:06','2024-06-10 03:31:06',10,10),(97,4,'2024-06-10 03:31:06','2024-06-10 03:31:06',10,1),(98,4,'2024-06-10 03:31:06','2024-06-10 03:31:06',10,3),(99,4,'2024-06-10 03:31:06','2024-06-10 03:31:06',10,12),(100,4,'2024-06-10 03:31:06','2024-06-10 03:31:06',10,18),(101,4,'2024-06-10 03:31:06','2024-06-10 03:31:06',10,18);
/*!40000 ALTER TABLE `weeklyRatings` ENABLE KEYS */;
UNLOCK TABLES;
/*!40103 SET TIME_ZONE=@OLD_TIME_ZONE */;

/*!40101 SET SQL_MODE=@OLD_SQL_MODE */;
/*!40014 SET FOREIGN_KEY_CHECKS=@OLD_FOREIGN_KEY_CHECKS */;
/*!40014 SET UNIQUE_CHECKS=@OLD_UNIQUE_CHECKS */;
/*!40101 SET CHARACTER_SET_CLIENT=@OLD_CHARACTER_SET_CLIENT */;
/*!40101 SET CHARACTER_SET_RESULTS=@OLD_CHARACTER_SET_RESULTS */;
/*!40101 SET COLLATION_CONNECTION=@OLD_COLLATION_CONNECTION */;
/*!40111 SET SQL_NOTES=@OLD_SQL_NOTES */;

-- Dump completed on 2024-06-10 18:52:06
